# Blender 4.0.2
# www.blender.org
mtllib M249_part_01.mtl
o M249_part_01
v -0.023295 0.126664 0.048050
v -0.013863 0.126664 0.048050
v -0.023295 0.126664 0.023058
v -0.023295 0.139738 0.048050
v -0.023295 0.139738 0.023058
v -0.013863 0.139738 0.048050
v -0.013863 0.139738 0.023058
v -0.004432 0.139738 0.048050
v -0.013863 0.156693 0.048050
v -0.013863 0.141029 0.047291
v -0.013863 0.141029 0.024958
v -0.013863 0.156180 0.047291
v -0.013863 0.157810 0.046854
v -0.013863 0.159003 0.045661
v -0.013863 0.158517 0.047561
v -0.004432 0.158517 0.047561
v -0.013863 0.159852 0.046226
v -0.004432 0.159852 0.046226
v -0.013863 0.160341 0.044402
v -0.004432 0.160341 0.044402
v -0.013863 0.159552 0.029132
v -0.013863 0.159440 0.044031
v -0.013863 0.158651 0.030470
v -0.013863 0.156986 0.027894
v -0.013863 0.153715 0.025747
v -0.013863 0.157887 0.025994
v -0.013863 0.154029 0.023847
v -0.004432 0.157887 0.025994
v -0.004432 0.154029 0.023847
v -0.004432 0.156955 0.028346
v -0.004432 0.159552 0.029132
v -0.004432 0.158620 0.030753
v -0.004432 0.159409 0.043801
v -0.004432 0.158987 0.045373
v -0.004432 0.157837 0.046523
v -0.004432 0.156266 0.046944
v -0.004432 0.141657 0.046944
v -0.004432 0.156693 0.048050
v -0.004432 0.141657 0.025411
v -0.004432 0.153861 0.026199
v -0.004432 0.139738 0.023058
v -0.004432 0.139738 0.000893
v 0.004999 0.139738 0.023058
v 0.004999 0.139738 0.000893
v 0.014431 0.139738 0.023058
v 0.004999 0.139738 0.048050
v 0.004999 0.141233 0.025098
v 0.004999 0.154643 0.023847
v 0.014431 0.154643 0.023847
v 0.004999 0.157887 0.025994
v 0.004999 0.154360 0.025886
v 0.004999 0.157048 0.028033
v 0.004999 0.158713 0.030571
v 0.004999 0.159552 0.029131
v 0.004999 0.159501 0.044023
v 0.004999 0.159068 0.045640
v 0.004999 0.160341 0.044402
v 0.014431 0.160341 0.044402
v 0.004999 0.159852 0.046226
v 0.014431 0.159852 0.046226
v 0.004999 0.158517 0.047561
v 0.014431 0.158517 0.047561
v 0.004999 0.156693 0.048050
v 0.004999 0.157884 0.046824
v 0.004999 0.156267 0.047258
v 0.004999 0.148750 0.047258
v 0.004999 0.141233 0.047258
v 0.004999 0.148216 0.048050
v 0.014431 0.148216 0.048050
v 0.014431 0.156693 0.048050
v 0.014431 0.139738 0.048050
v 0.014431 0.148498 0.047499
v 0.014431 0.156239 0.047499
v 0.014431 0.140757 0.047499
v 0.014431 0.140757 0.024678
v 0.014431 0.154299 0.025467
v 0.014431 0.157116 0.027614
v 0.014431 0.158781 0.030291
v 0.014431 0.157887 0.025994
v 0.014431 0.159552 0.029131
v 0.014431 0.159570 0.044168
v 0.014431 0.159124 0.045833
v 0.014431 0.157904 0.047053
v 0.014431 0.126664 0.048050
v 0.023862 0.139738 0.048050
v 0.023862 0.139738 0.023058
v 0.023862 0.126664 0.048050
v 0.023862 0.126664 0.023058
v 0.014431 0.126664 0.023058
v 0.023862 0.126664 0.000893
v 0.023862 0.139738 0.000893
v 0.014431 0.126664 0.000893
v 0.014431 0.139738 0.000893
v 0.004999 0.126664 0.000893
v -0.004432 0.126664 0.000893
v 0.004999 0.126664 0.023058
v -0.004432 0.126664 0.023058
v 0.004999 0.126664 0.048050
v -0.004432 0.126664 0.048050
v -0.013863 0.126664 0.023058
v -0.013863 0.126664 0.000893
v -0.013863 0.139738 0.000893
v -0.023295 0.126664 0.000893
v -0.023295 0.139738 0.000893
v -0.016360 0.154327 0.040328
v -0.016360 0.154327 0.036879
v -0.016360 0.152602 0.037341
v -0.016360 0.151340 0.038604
v -0.016360 0.150878 0.040328
v -0.016360 0.151340 0.042053
v -0.016360 0.152602 0.043316
v -0.016360 0.154327 0.043778
v -0.016360 0.156052 0.043316
v -0.016360 0.157315 0.042053
v -0.016360 0.157777 0.040328
v -0.016360 0.157315 0.038604
v -0.016360 0.156052 0.037341
v 0.016927 0.156052 0.037341
v 0.016927 0.154327 0.040328
v 0.016927 0.157315 0.038604
v 0.016927 0.154327 0.036879
v 0.016927 0.152602 0.037341
v 0.016927 0.151340 0.038604
v 0.016927 0.150878 0.040328
v 0.016927 0.151340 0.042053
v 0.016927 0.152602 0.043316
v 0.016927 0.154327 0.043778
v 0.016927 0.156052 0.043316
v 0.016927 0.157315 0.042053
v 0.016927 0.157777 0.040328
v 0.000000 0.134043 0.071634
v 0.000000 0.117085 0.071634
v 0.008479 0.119357 0.071634
v 0.014686 0.125564 0.071634
v 0.016958 0.134043 0.071634
v 0.014686 0.142522 0.071634
v 0.008479 0.148729 0.071634
v 0.000000 0.151001 0.071634
v -0.008479 0.148729 0.071634
v -0.014686 0.142522 0.071634
v -0.016958 0.134043 0.071634
v -0.014686 0.125564 0.071634
v -0.008479 0.119357 0.071634
v -0.008479 0.119357 0.066239
v -0.008479 0.119357 0.060845
v -0.014686 0.125564 0.066239
v 0.000000 0.117085 0.066239
v 0.008479 0.119357 0.066239
v 0.000000 0.117085 0.060845
v 0.008479 0.119357 0.060845
v 0.000000 0.134043 0.060845
v 0.014686 0.125564 0.060845
v 0.016958 0.134043 0.060845
v 0.014686 0.142522 0.060845
v 0.008479 0.148729 0.060845
v 0.000000 0.151001 0.060845
v -0.008479 0.148729 0.060845
v -0.014686 0.142522 0.060845
v -0.016958 0.134043 0.060845
v -0.014686 0.125564 0.060845
v -0.016958 0.134043 0.066239
v -0.014686 0.142522 0.066239
v -0.008479 0.148729 0.066239
v 0.000000 0.151001 0.066239
v 0.008479 0.148729 0.066239
v 0.030523 0.159010 0.066187
v 0.014686 0.142522 0.066239
v 0.029108 0.153732 0.066187
v 0.016958 0.134043 0.066239
v 0.030523 0.148453 0.066187
v 0.014686 0.125564 0.066239
v 0.030523 0.148453 0.085170
v 0.034387 0.144589 0.066187
v 0.030523 0.148453 0.059374
v 0.029108 0.153732 0.059374
v 0.034387 0.144589 0.059374
v 0.039665 0.153732 0.059374
v 0.050223 0.153732 0.059374
v 0.048808 0.159010 0.059374
v 0.039665 0.143174 0.059374
v 0.044944 0.144589 0.059374
v 0.048808 0.148453 0.059374
v 0.030523 0.159010 0.059374
v 0.034387 0.162874 0.059374
v 0.039665 0.164289 0.059374
v 0.044944 0.162874 0.059374
v 0.044944 0.162874 0.066187
v 0.044944 0.162874 0.085170
v 0.039665 0.164289 0.066187
v 0.048808 0.159010 0.066187
v 0.048808 0.159010 0.085170
v 0.050223 0.153732 0.066187
v 0.050223 0.153732 0.085170
v 0.048808 0.148453 0.066187
v 0.048808 0.148453 0.085170
v 0.044944 0.144589 0.066187
v 0.044944 0.144589 0.085170
v 0.039665 0.143174 0.066187
v 0.039665 0.143174 0.085170
v 0.034387 0.144589 0.085170
v 0.039665 0.146352 0.088003
v 0.043355 0.147340 0.088003
v 0.039665 0.146352 0.089207
v 0.035975 0.147340 0.088003
v 0.033274 0.150042 0.088003
v 0.035975 0.147340 0.089207
v 0.033274 0.150042 0.089207
v 0.035627 0.146737 0.089420
v 0.032670 0.149693 0.089420
v 0.039665 0.145654 0.089420
v 0.035627 0.146737 0.090411
v 0.039665 0.153732 0.090695
v 0.039665 0.145654 0.090411
v 0.032670 0.149693 0.090411
v 0.031588 0.153732 0.090411
v 0.032670 0.157770 0.090411
v 0.031588 0.153732 0.089420
v 0.032285 0.153732 0.089207
v 0.032670 0.157770 0.089420
v 0.033274 0.157422 0.089207
v 0.035627 0.160727 0.089420
v 0.035975 0.160123 0.089207
v 0.039665 0.161809 0.089420
v 0.035627 0.160727 0.090411
v 0.039665 0.161809 0.090411
v 0.043704 0.160727 0.090411
v 0.046660 0.157770 0.090411
v 0.043704 0.160727 0.089420
v 0.043355 0.160123 0.089207
v 0.046660 0.157770 0.089420
v 0.046057 0.157422 0.089207
v 0.047743 0.153732 0.089420
v 0.047045 0.153732 0.089207
v 0.046660 0.149693 0.089420
v 0.047743 0.153732 0.090411
v 0.046660 0.149693 0.090411
v 0.043704 0.146737 0.090411
v 0.043704 0.146737 0.089420
v 0.043355 0.147340 0.089207
v 0.046057 0.150042 0.089207
v 0.046057 0.150042 0.088003
v 0.047045 0.153732 0.088003
v 0.046057 0.157422 0.088003
v 0.043355 0.160123 0.088003
v 0.039665 0.161112 0.088003
v 0.035975 0.160123 0.088003
v 0.039665 0.164289 0.085170
v 0.039665 0.161112 0.089207
v 0.034387 0.162874 0.085170
v 0.030523 0.159010 0.085170
v 0.034387 0.162874 0.066187
v 0.029108 0.153732 0.085170
v 0.033274 0.157422 0.088003
v 0.032285 0.153732 0.088003
v 0.039665 0.150184 0.062013
v 0.039665 0.150184 0.054622
v 0.041439 0.150660 0.062013
v 0.037892 0.150660 0.062013
v 0.037892 0.150660 0.054622
v 0.036593 0.151958 0.062013
v 0.036593 0.151958 0.054622
v 0.036118 0.153732 0.062013
v 0.036118 0.153732 0.054622
v 0.036593 0.155505 0.062013
v 0.036593 0.155505 0.054622
v 0.037892 0.156803 0.062013
v 0.037892 0.156803 0.054622
v 0.039665 0.157279 0.062013
v 0.039665 0.157279 0.054622
v 0.041439 0.156803 0.062013
v 0.041439 0.156803 0.054622
v 0.042737 0.155505 0.062013
v 0.042737 0.155505 0.054622
v 0.043212 0.153732 0.062013
v 0.043212 0.153732 0.054622
v 0.042737 0.151958 0.062013
v 0.042737 0.151958 0.054622
v 0.041439 0.150660 0.054622
v 0.039665 0.143174 0.058631
v 0.039665 0.143174 0.051239
v 0.044944 0.144589 0.058631
v 0.034387 0.144589 0.058631
v 0.034387 0.144589 0.051239
v 0.030523 0.148453 0.058631
v 0.030523 0.148453 0.051239
v 0.029108 0.153732 0.058631
v 0.029108 0.153732 0.051239
v 0.030523 0.159010 0.058631
v 0.030523 0.159010 0.051239
v 0.034387 0.162874 0.058631
v 0.034387 0.162874 0.051239
v 0.039665 0.164289 0.058631
v 0.039665 0.164289 0.051239
v 0.044944 0.162874 0.058631
v 0.044944 0.162874 0.051239
v 0.048808 0.159010 0.058631
v 0.048808 0.159010 0.051239
v 0.050223 0.153732 0.058631
v 0.050223 0.153732 0.051239
v 0.048808 0.148453 0.058631
v 0.048808 0.148453 0.051239
v 0.044944 0.144589 0.051239
v 0.046170 0.149976 0.049681
v 0.047177 0.153732 0.049681
v 0.043421 0.147227 0.049681
v 0.039665 0.153732 0.049681
v 0.039665 0.146220 0.049681
v 0.035910 0.160236 0.049681
v 0.033161 0.157487 0.049681
v 0.046170 0.157487 0.049681
v 0.043421 0.160236 0.049681
v 0.035910 0.147227 0.049681
v 0.032154 0.153732 0.049681
v 0.039665 0.161243 0.049681
v 0.033161 0.149976 0.049681
v 0.000000 0.140134 0.060459
v 0.000000 0.127526 0.060459
v 0.006304 0.129215 0.060459
v 0.010918 0.133830 0.060459
v 0.012607 0.140134 0.060459
v 0.010918 0.146437 0.060459
v 0.006304 0.151052 0.060459
v 0.000000 0.152741 0.060459
v -0.006304 0.151052 0.060459
v -0.010918 0.146437 0.060459
v -0.012607 0.140134 0.060459
v -0.010918 0.133830 0.060459
v -0.006304 0.129215 0.060459
v -0.010543 0.121873 0.048412
v 0.000000 0.140134 0.048412
v -0.018261 0.129591 0.048412
v 0.000000 0.119048 0.048412
v 0.010543 0.121873 0.048412
v 0.018261 0.129591 0.048412
v 0.021086 0.140134 0.048412
v 0.018261 0.150676 0.048412
v 0.010543 0.158394 0.048412
v 0.000000 0.161219 0.048412
v -0.010543 0.158394 0.048412
v -0.018261 0.150676 0.048412
v -0.021086 0.140134 0.048412
v -0.004189 0.149854 0.047228
v -0.004189 0.162928 0.047228
v 0.004757 0.149854 0.047228
v -0.004189 0.149854 0.037897
v -0.004189 0.149854 0.033429
v -0.004189 0.162928 0.037897
v -0.004189 0.162928 0.033429
v 0.004757 0.162928 0.037897
v -0.022291 0.162928 0.037897
v -0.004189 0.167056 0.037897
v -0.004189 0.167056 0.047228
v -0.022291 0.167056 0.037897
v 0.004757 0.167056 0.037897
v 0.004757 0.167056 0.047228
v 0.004757 0.162928 0.047228
v -0.022291 0.167056 0.047228
v -0.027925 0.167056 0.037897
v -0.027925 0.167056 0.047228
v -0.027925 0.162928 0.037897
v -0.027925 0.162928 0.047228
v -0.027925 0.124713 0.047947
v -0.027925 0.124713 0.057278
v -0.022291 0.124713 0.047947
v -0.022291 0.124713 0.057278
v -0.022291 0.162928 0.047228
v 0.004757 0.162928 0.033429
v 0.004757 0.149854 0.037897
v 0.004757 0.149854 0.033429
v -0.026331 0.144378 -0.291899
v -0.026331 0.144378 -0.285062
v -0.026331 0.149213 -0.287065
v -0.026331 0.151216 -0.291899
v -0.026331 0.149213 -0.296734
v -0.026331 0.144378 -0.298737
v 0.026331 0.144378 -0.291899
v 0.026331 0.144378 -0.298737
v 0.026331 0.144378 -0.285062
v 0.026331 0.144754 -0.291899
v 0.026331 0.149213 -0.287065
v 0.026331 0.151216 -0.291899
v 0.026331 0.149213 -0.296734
v 0.005223 0.173278 -0.235723
v 0.005223 0.173278 -0.242531
v 0.005223 0.169874 -0.241619
v 0.005223 0.167382 -0.239127
v 0.005223 0.166470 -0.235723
v 0.005223 0.167382 -0.232318
v 0.005223 0.169874 -0.229826
v 0.005223 0.173278 -0.228914
v 0.005223 0.176682 -0.229826
v 0.005223 0.179175 -0.232318
v 0.005223 0.180087 -0.235723
v 0.005223 0.179175 -0.239127
v 0.005223 0.176682 -0.241619
v 0.005223 0.175372 -0.242737
v 0.005223 0.177107 -0.242823
v 0.005223 0.173001 -0.242706
v 0.005223 0.174007 -0.249036
v 0.005223 0.175713 -0.248707
v 0.005223 0.171697 -0.249569
v -0.000093 0.174007 -0.249036
v -0.000093 0.175713 -0.248707
v -0.000093 0.171697 -0.249569
v -0.005408 0.174007 -0.249036
v -0.005408 0.175372 -0.242737
v -0.005408 0.175713 -0.248707
v -0.005408 0.171697 -0.249569
v -0.005408 0.169402 -0.250162
v -0.005408 0.173001 -0.242706
v -0.005408 0.173278 -0.242531
v -0.005408 0.170631 -0.242737
v -0.016508 0.170631 -0.242737
v -0.005408 0.169874 -0.241619
v -0.005408 0.173278 -0.235723
v -0.005408 0.167382 -0.239127
v -0.016508 0.169874 -0.241619
v -0.016508 0.173278 -0.242531
v -0.016508 0.173278 -0.235723
v -0.016508 0.167382 -0.239127
v -0.016508 0.166470 -0.235723
v -0.005408 0.166470 -0.235723
v -0.016508 0.167382 -0.232318
v -0.005408 0.167382 -0.232318
v -0.016508 0.169874 -0.229826
v -0.005408 0.169874 -0.229826
v -0.016508 0.173278 -0.228914
v -0.005408 0.173278 -0.228914
v -0.016508 0.176682 -0.229826
v -0.005408 0.176682 -0.229826
v -0.016508 0.179175 -0.232318
v -0.005408 0.179175 -0.232318
v -0.016508 0.180087 -0.235723
v -0.005408 0.180087 -0.235723
v -0.016508 0.179175 -0.239127
v -0.005408 0.179175 -0.239127
v -0.016508 0.176682 -0.241619
v -0.016508 0.177107 -0.242823
v -0.016508 0.175372 -0.242737
v -0.005408 0.177107 -0.242823
v -0.016508 0.175713 -0.248707
v -0.016508 0.180659 -0.272684
v -0.016508 0.174007 -0.249036
v -0.016508 0.171697 -0.249569
v -0.016508 0.178953 -0.273012
v -0.016508 0.176643 -0.273545
v -0.003954 0.178953 -0.273012
v -0.003954 0.180659 -0.272684
v -0.003954 0.176643 -0.273545
v -0.003954 0.180189 -0.278456
v -0.003954 0.181895 -0.278127
v -0.003954 0.184245 -0.296311
v -0.003954 0.177879 -0.278988
v -0.003954 0.181935 -0.296843
v -0.003954 0.175584 -0.279582
v -0.003954 0.179640 -0.297437
v -0.000093 0.175584 -0.279582
v -0.003954 0.174348 -0.274139
v -0.016508 0.174348 -0.274139
v -0.000093 0.174348 -0.274139
v -0.000093 0.169402 -0.250162
v 0.003768 0.174348 -0.274139
v 0.016322 0.174348 -0.274139
v 0.003768 0.176643 -0.273545
v 0.005223 0.169402 -0.250162
v 0.003768 0.175584 -0.279582
v 0.003768 0.179640 -0.297437
v 0.003768 0.177879 -0.278988
v 0.003768 0.181935 -0.296843
v 0.003768 0.180189 -0.278456
v 0.003768 0.184245 -0.296311
v 0.003768 0.181895 -0.278127
v 0.003768 0.178953 -0.273012
v 0.016322 0.178953 -0.273012
v 0.003768 0.180659 -0.272684
v 0.016322 0.180659 -0.272684
v -0.000093 0.180659 -0.272684
v 0.003768 0.200412 -0.268940
v -0.000093 0.202800 -0.268488
v 0.003768 0.201648 -0.273948
v -0.000093 0.204037 -0.273469
v -0.003954 0.201648 -0.273948
v -0.000093 0.181895 -0.278127
v -0.000093 0.185951 -0.295982
v 0.003768 0.185951 -0.295982
v -0.000093 0.184245 -0.296311
v -0.003954 0.185951 -0.295982
v -0.000093 0.181935 -0.296843
v -0.000093 0.179640 -0.297437
v -0.003954 0.200412 -0.268940
v 0.016322 0.175713 -0.248707
v 0.016322 0.174007 -0.249036
v 0.016322 0.177107 -0.242823
v 0.016322 0.175372 -0.242737
v 0.016322 0.179175 -0.239127
v 0.016322 0.173278 -0.235723
v 0.016322 0.180087 -0.235723
v 0.016322 0.176682 -0.241619
v 0.016322 0.173278 -0.242531
v 0.016322 0.169874 -0.241619
v 0.016322 0.173001 -0.242706
v 0.016322 0.171697 -0.249569
v 0.016322 0.170631 -0.242737
v 0.005223 0.170631 -0.242737
v 0.016322 0.169402 -0.250162
v 0.016322 0.176643 -0.273545
v 0.016322 0.167382 -0.239127
v 0.016322 0.166470 -0.235723
v 0.016322 0.167382 -0.232318
v 0.016322 0.169874 -0.229826
v 0.016322 0.173278 -0.228914
v 0.016322 0.176682 -0.229826
v 0.016322 0.179175 -0.232318
v -0.016508 0.169402 -0.250162
v -0.016508 0.173001 -0.242706
v -0.005408 0.176682 -0.241619
v -0.025063 0.171934 -0.235729
v -0.025063 0.171934 -0.240612
v -0.025063 0.169493 -0.239958
v -0.025063 0.167705 -0.238170
v -0.025063 0.167051 -0.235729
v -0.025063 0.167705 -0.233288
v -0.025063 0.169493 -0.231500
v -0.025063 0.171934 -0.230846
v -0.025063 0.174375 -0.231500
v -0.025063 0.176163 -0.233288
v -0.025063 0.176817 -0.235729
v -0.025063 0.176163 -0.238171
v -0.025063 0.174375 -0.239958
v 0.025063 0.174375 -0.239958
v 0.025063 0.171934 -0.235729
v 0.025063 0.176163 -0.238171
v 0.025063 0.171934 -0.240612
v 0.025063 0.169493 -0.239958
v 0.025063 0.167705 -0.238170
v 0.025063 0.167051 -0.235729
v 0.025063 0.167705 -0.233288
v 0.025063 0.169493 -0.231500
v 0.025063 0.171934 -0.230846
v 0.025063 0.174375 -0.231500
v 0.025063 0.176163 -0.233288
v 0.025063 0.176817 -0.235729
v -0.032567 0.173278 -0.235723
v -0.032567 0.173278 -0.242371
v -0.032567 0.169954 -0.241480
v -0.032567 0.167521 -0.239047
v -0.032567 0.166630 -0.235723
v -0.032567 0.167521 -0.232399
v -0.032567 0.169954 -0.229965
v -0.032567 0.173278 -0.229075
v -0.032567 0.176602 -0.229965
v -0.032567 0.179036 -0.232399
v -0.032567 0.179926 -0.235723
v -0.032567 0.179036 -0.239047
v -0.032567 0.176602 -0.241480
v -0.021315 0.176602 -0.241480
v -0.021315 0.173278 -0.235723
v -0.021315 0.179036 -0.239047
v -0.021315 0.173278 -0.242371
v -0.021315 0.169954 -0.241480
v -0.021315 0.167521 -0.239047
v -0.021315 0.166630 -0.235723
v -0.021315 0.167521 -0.232399
v -0.021315 0.169954 -0.229965
v -0.021315 0.173278 -0.229075
v -0.021315 0.176602 -0.229965
v -0.021315 0.179036 -0.232399
v -0.021315 0.179926 -0.235723
v -0.025063 0.173851 -0.284342
v -0.025063 0.173851 -0.287491
v -0.025063 0.172276 -0.287069
v -0.025063 0.171124 -0.285917
v -0.025063 0.170702 -0.284342
v -0.025063 0.171124 -0.282768
v -0.025063 0.172276 -0.281615
v -0.025063 0.173851 -0.281194
v -0.025063 0.175425 -0.281615
v -0.025063 0.176578 -0.282768
v -0.025063 0.177000 -0.284342
v -0.025063 0.176578 -0.285917
v -0.025063 0.175425 -0.287069
v 0.025063 0.175425 -0.287069
v 0.025063 0.173851 -0.284342
v 0.025063 0.176578 -0.285917
v 0.025063 0.173851 -0.287491
v 0.025063 0.172276 -0.287069
v 0.025063 0.171124 -0.285917
v 0.025063 0.170702 -0.284342
v 0.025063 0.171124 -0.282768
v 0.025063 0.172276 -0.281615
v 0.025063 0.173851 -0.281194
v 0.025063 0.175425 -0.281615
v 0.025063 0.176578 -0.282768
v 0.025063 0.177000 -0.284342
v -0.020536 0.173917 -0.284592
v -0.020536 0.173917 -0.291241
v -0.020536 0.170593 -0.290350
v -0.020536 0.168159 -0.287916
v -0.020536 0.167269 -0.284592
v -0.020536 0.168159 -0.281268
v -0.020536 0.170593 -0.278835
v -0.020536 0.173917 -0.277944
v -0.020536 0.177241 -0.278835
v -0.020536 0.179674 -0.281268
v -0.020536 0.180565 -0.284592
v -0.020536 0.179674 -0.287916
v -0.020536 0.177241 -0.290350
v -0.012270 0.177241 -0.290350
v -0.012270 0.173917 -0.284592
v -0.012270 0.179674 -0.287916
v -0.012270 0.173917 -0.291241
v -0.012270 0.170593 -0.290350
v -0.012270 0.168159 -0.287916
v -0.012270 0.167269 -0.284592
v -0.012270 0.168159 -0.281268
v -0.012270 0.170593 -0.278835
v -0.012270 0.173917 -0.277944
v -0.012270 0.177241 -0.278835
v -0.012270 0.179674 -0.281268
v -0.012270 0.180565 -0.284592
v -0.032567 0.173917 -0.284592
v -0.032567 0.173917 -0.291241
v -0.032567 0.170593 -0.290350
v -0.032567 0.168159 -0.287916
v -0.032567 0.167269 -0.284592
v -0.032567 0.168159 -0.281268
v -0.032567 0.170593 -0.278835
v -0.032567 0.173917 -0.277944
v -0.032567 0.177241 -0.278835
v -0.032567 0.179674 -0.281268
v -0.032567 0.180565 -0.284592
v -0.032567 0.179674 -0.287916
v -0.032567 0.177241 -0.290350
v -0.021315 0.177241 -0.290350
v -0.021315 0.173917 -0.284592
v -0.021315 0.179674 -0.287916
v -0.021315 0.173917 -0.291241
v -0.021315 0.170593 -0.290350
v -0.021315 0.168159 -0.287916
v -0.021315 0.167269 -0.284592
v -0.021315 0.168159 -0.281268
v -0.021315 0.170593 -0.278835
v -0.021315 0.173917 -0.277944
v -0.021315 0.177241 -0.278835
v -0.021315 0.179674 -0.281268
v -0.021315 0.180565 -0.284592
v -0.022492 0.162714 -0.221564
v 0.022492 0.162714 -0.221564
v -0.022492 0.162714 -0.239241
v -0.022492 0.178882 -0.223219
v -0.020406 0.166689 -0.221564
v -0.020333 0.166589 -0.239241
v 0.020406 0.166689 -0.221564
v -0.020333 0.178882 -0.223219
v -0.020333 0.187958 -0.238387
v -0.020333 0.196276 -0.276960
v -0.022492 0.187958 -0.238387
v -0.022492 0.196276 -0.276960
v -0.022492 0.162714 -0.268890
v -0.022492 0.188593 -0.291147
v -0.022492 0.162714 -0.298540
v -0.020333 0.188593 -0.291147
v -0.020517 0.166906 -0.298540
v -0.020333 0.166589 -0.268890
v 0.020517 0.166906 -0.298540
v 0.020333 0.166589 -0.268890
v 0.020333 0.188593 -0.291147
v 0.022492 0.162714 -0.298540
v 0.022492 0.188593 -0.291147
v 0.022492 0.162714 -0.268890
v 0.022492 0.162714 -0.239241
v 0.022492 0.196276 -0.276960
v 0.022492 0.187958 -0.238387
v 0.020333 0.196276 -0.276960
v 0.020333 0.187958 -0.238387
v 0.020333 0.178882 -0.223219
v 0.020333 0.166589 -0.239241
v 0.022492 0.178882 -0.223219
v -0.019262 0.175335 -0.005213
v 0.019262 0.175335 -0.005213
v -0.019262 0.175335 -0.010487
v -0.014710 0.180719 -0.005213
v -0.014710 0.180719 -0.010487
v 0.014710 0.180719 -0.005213
v 0.014710 0.180719 -0.010487
v 0.019262 0.175335 -0.010487
v -0.019262 0.175335 -0.016289
v 0.019262 0.175335 -0.016289
v -0.019262 0.175335 -0.021563
v -0.014710 0.180719 -0.016289
v -0.014710 0.180719 -0.021563
v 0.014710 0.180719 -0.016289
v 0.014710 0.180719 -0.021563
v 0.019262 0.175335 -0.021563
v -0.019262 0.175335 -0.027365
v 0.019262 0.175335 -0.027365
v -0.019262 0.175335 -0.032639
v -0.014710 0.180719 -0.027365
v -0.014710 0.180719 -0.032639
v 0.014710 0.180719 -0.027365
v 0.014710 0.180719 -0.032639
v 0.019262 0.175335 -0.032639
v -0.019262 0.175335 -0.038441
v 0.019262 0.175335 -0.038441
v -0.019262 0.175335 -0.043715
v -0.014710 0.180719 -0.038441
v -0.014710 0.180719 -0.043715
v 0.014710 0.180719 -0.038441
v 0.014710 0.180719 -0.043715
v 0.019262 0.175335 -0.043715
v -0.019262 0.175335 -0.049516
v 0.019262 0.175335 -0.049516
v -0.019262 0.175335 -0.054791
v -0.014710 0.180719 -0.049516
v -0.014710 0.180719 -0.054791
v 0.014710 0.180719 -0.049516
v 0.014710 0.180719 -0.054791
v 0.019262 0.175335 -0.054791
v -0.019262 0.175335 -0.060592
v 0.019262 0.175335 -0.060592
v -0.019262 0.175335 -0.065866
v -0.014710 0.180719 -0.060592
v -0.014710 0.180719 -0.065866
v 0.014710 0.180719 -0.060592
v 0.014710 0.180719 -0.065866
v 0.019262 0.175335 -0.065866
v -0.019262 0.175335 -0.071668
v 0.019262 0.175335 -0.071668
v -0.019262 0.175335 -0.076942
v -0.014710 0.180719 -0.071668
v -0.014710 0.180719 -0.076942
v 0.014710 0.180719 -0.071668
v 0.014710 0.180719 -0.076942
v 0.019262 0.175335 -0.076942
v -0.019262 0.175335 -0.082744
v 0.019262 0.175335 -0.082744
v -0.019262 0.175335 -0.088018
v -0.014710 0.180719 -0.082744
v -0.014710 0.180719 -0.088018
v 0.014710 0.180719 -0.082744
v 0.014710 0.180719 -0.088018
v 0.019262 0.175335 -0.088018
v -0.019262 0.175335 -0.093820
v 0.019262 0.175335 -0.093820
v -0.019262 0.175335 -0.099094
v -0.014710 0.180719 -0.093820
v -0.014710 0.180719 -0.099094
v 0.014710 0.180719 -0.093820
v 0.014710 0.180719 -0.099094
v 0.019262 0.175335 -0.099094
v -0.019262 0.175335 -0.104895
v 0.019262 0.175335 -0.104895
v -0.019262 0.175335 -0.110170
v -0.014710 0.180719 -0.104895
v -0.014710 0.180719 -0.110170
v 0.014710 0.180719 -0.104895
v 0.014710 0.180719 -0.110170
v 0.019262 0.175335 -0.110170
v -0.019262 0.175335 -0.115971
v 0.019262 0.175335 -0.115971
v -0.019262 0.175335 -0.121245
v -0.014710 0.180719 -0.115971
v -0.014710 0.180719 -0.121245
v 0.014710 0.180719 -0.115971
v 0.014710 0.180719 -0.121245
v 0.019262 0.175335 -0.121245
v -0.019262 0.175335 -0.127047
v 0.019262 0.175335 -0.127047
v -0.019262 0.175335 -0.132321
v -0.014710 0.180719 -0.127047
v -0.014710 0.180719 -0.132321
v 0.014710 0.180719 -0.127047
v 0.014710 0.180719 -0.132321
v 0.019262 0.175335 -0.132321
v -0.019262 0.175335 -0.138123
v 0.019262 0.175335 -0.138123
v -0.019262 0.175335 -0.143397
v -0.014710 0.180719 -0.138123
v -0.014710 0.180719 -0.143397
v 0.014710 0.180719 -0.138123
v 0.014710 0.180719 -0.143397
v 0.019262 0.175335 -0.143397
v -0.019262 0.175335 -0.149199
v 0.019262 0.175335 -0.149199
v -0.019262 0.175335 -0.154473
v -0.014710 0.180719 -0.149199
v -0.014710 0.180719 -0.154473
v 0.014710 0.180719 -0.149199
v 0.014710 0.180719 -0.154473
v 0.019262 0.175335 -0.154473
v -0.019262 0.175335 -0.160275
v 0.019262 0.175335 -0.160275
v -0.019262 0.175335 -0.165549
v -0.014710 0.180719 -0.160275
v -0.014710 0.180719 -0.165549
v 0.014710 0.180719 -0.160275
v 0.014710 0.180719 -0.165549
v 0.019262 0.175335 -0.165549
v -0.019262 0.175335 -0.171350
v 0.019262 0.175335 -0.171350
v -0.019262 0.175335 -0.176625
v -0.014710 0.180719 -0.171350
v -0.014710 0.180719 -0.176625
v 0.014710 0.180719 -0.171350
v 0.014710 0.180719 -0.176625
v 0.019262 0.175335 -0.176625
v -0.019262 0.175335 -0.182426
v 0.019262 0.175335 -0.182426
v -0.019262 0.175335 -0.187700
v -0.014710 0.180719 -0.182426
v -0.014710 0.180719 -0.187700
v 0.014710 0.180719 -0.182426
v 0.014710 0.180719 -0.187700
v 0.019262 0.175335 -0.187700
v -0.019262 0.175335 -0.193502
v 0.019262 0.175335 -0.193502
v -0.019262 0.175335 -0.198776
v -0.014710 0.180719 -0.193502
v -0.014710 0.180719 -0.198776
v 0.014710 0.180719 -0.193502
v 0.014710 0.180719 -0.198776
v 0.019262 0.175335 -0.198776
v -0.019262 0.175335 -0.204578
v 0.019262 0.175335 -0.204578
v -0.019262 0.175335 -0.209852
v -0.014710 0.180719 -0.204578
v -0.014710 0.180719 -0.209852
v 0.014710 0.180719 -0.204578
v 0.014710 0.180719 -0.209852
v 0.019262 0.175335 -0.209852
v -0.019262 0.175335 -0.215654
v 0.019262 0.175335 -0.215654
v -0.019262 0.175335 -0.220928
v -0.014710 0.180719 -0.215654
v -0.014710 0.180719 -0.220928
v 0.014710 0.180719 -0.215654
v 0.014710 0.180719 -0.220928
v 0.019262 0.175335 -0.220928
v -0.040455 0.152201 0.011073
v 0.041022 0.152201 0.011073
v -0.040455 0.154167 0.011600
v -0.040455 0.152201 0.015005
v -0.040455 0.150235 0.011600
v -0.040455 0.148796 0.013039
v 0.041022 0.150235 0.011600
v 0.041022 0.152201 0.015005
v 0.041022 0.148796 0.013039
v 0.041022 0.148269 0.015005
v 0.041022 0.148796 0.016971
v -0.040455 0.148269 0.015005
v -0.040455 0.148796 0.016971
v -0.040455 0.150235 0.018410
v -0.040455 0.152201 0.018936
v 0.041022 0.150235 0.018410
v 0.041022 0.152201 0.018936
v 0.041022 0.154167 0.018410
v 0.041022 0.155606 0.016971
v -0.040455 0.154166 0.018410
v -0.040455 0.155606 0.016971
v -0.040455 0.156132 0.015005
v -0.040455 0.155606 0.013039
v 0.041022 0.156132 0.015005
v 0.041022 0.155606 0.013039
v 0.041022 0.154167 0.011600
v -0.014169 0.152201 0.015005
v -0.014169 0.154354 0.008117
v -0.014169 0.147312 0.009696
v -0.014169 0.145159 0.016584
v -0.014169 0.150048 0.021892
v -0.014169 0.157089 0.020313
v -0.014169 0.159242 0.013425
v 0.024562 0.159242 0.013425
v 0.024562 0.152201 0.015005
v 0.024562 0.157089 0.020313
v 0.024562 0.154354 0.008117
v 0.024562 0.147312 0.009696
v 0.024562 0.145159 0.016584
v 0.024562 0.150048 0.021892
v -0.024890 0.152201 0.015005
v -0.024890 0.152499 0.007795
v -0.024890 0.146106 0.011141
v -0.024890 0.145807 0.018351
v -0.024890 0.151902 0.022215
v -0.024890 0.158295 0.019489
v -0.024890 0.158594 0.009191
v -0.023821 0.173288 0.008762
v -0.016679 0.158594 0.009191
v -0.016679 0.152201 0.015005
v -0.016679 0.158295 0.019489
v -0.016679 0.152499 0.007795
v -0.017748 0.173288 0.008762
v -0.017748 0.176022 0.012567
v -0.023821 0.176022 0.012567
v -0.016679 0.146106 0.011141
v -0.016679 0.145807 0.018351
v -0.016679 0.151902 0.022215
v -0.023058 0.126033 -0.002118
v -0.023058 0.132756 0.001684
v 0.023058 0.126033 -0.002118
v -0.023058 0.126033 -0.014548
v -0.023058 0.133750 -0.014548
v -0.023058 0.126033 -0.075007
v 0.023058 0.126033 -0.014548
v 0.023058 0.133750 -0.014548
v 0.023058 0.126033 -0.075007
v 0.023058 0.133750 -0.075007
v -0.023058 0.133750 -0.075007
v 0.023058 0.133632 -0.014548
v 0.023058 0.132756 0.001684
v 0.023058 0.135381 -0.014548
v 0.023058 0.135381 0.001676
v -0.023058 0.135381 0.001676
v -0.023058 0.135381 -0.014548
v -0.023058 0.133632 -0.014548
v -0.003969 0.125142 -0.041420
v 0.003969 0.125142 -0.041420
v -0.003969 0.125142 -0.269011
v -0.003969 0.131032 -0.041420
v -0.003969 0.135954 -0.041420
v -0.003969 0.131032 -0.269011
v 0.003969 0.131032 -0.041420
v 0.003969 0.135954 -0.041420
v 0.003969 0.131032 -0.269011
v 0.003969 0.135954 -0.269011
v 0.003969 0.125142 -0.269011
v 0.003969 0.131032 -0.280577
v 0.003969 0.125142 -0.280577
v -0.003969 0.131032 -0.280577
v -0.003969 0.125142 -0.280577
v -0.003969 0.135954 -0.269011
v 0.024023 0.152890 -0.113646
v 0.024023 0.140361 -0.110548
v 0.024023 0.139922 -0.093904
v 0.021594 0.152890 -0.113646
v 0.024023 0.154043 -0.125448
v 0.024023 0.147708 -0.137878
v 0.021594 0.154043 -0.125448
v 0.024023 0.141297 -0.126889
v 0.024023 0.128552 -0.128330
v 0.024023 0.138730 -0.143143
v 0.024023 0.129753 -0.148407
v 0.024023 0.139495 -0.171089
v 0.024023 0.130953 -0.168485
v 0.024023 0.144342 -0.188418
v 0.024023 0.148036 -0.173693
v 0.024023 0.156781 -0.188274
v 0.021594 0.148036 -0.173693
v 0.021594 0.156781 -0.188274
v 0.021594 0.147708 -0.137878
v 0.021594 0.157281 -0.200205
v 0.024023 0.157281 -0.200205
v 0.021594 0.149943 -0.273838
v 0.024023 0.149943 -0.273838
v 0.021594 0.143258 -0.273815
v 0.021594 0.136574 -0.273793
v 0.024023 0.143258 -0.273815
v 0.024023 0.136574 -0.273793
v 0.024023 0.144926 -0.199849
v 0.024023 0.132571 -0.199493
v 0.024023 0.131904 -0.188562
v 0.021594 0.132571 -0.199493
v 0.021594 0.131904 -0.188562
v 0.021594 0.130953 -0.168485
v 0.021594 0.129753 -0.148407
v 0.021594 0.128552 -0.128330
v 0.021594 0.127831 -0.107450
v 0.024023 0.127831 -0.107450
v 0.021594 0.134460 -0.093616
v 0.024023 0.134460 -0.093616
v 0.021594 0.137191 -0.093760
v 0.021594 0.139922 -0.093904
v 0.024023 0.137191 -0.093760
v -0.017134 0.163181 -0.005062
v 0.017134 0.163181 -0.005062
v -0.017134 0.163181 -0.221407
v -0.017134 0.169022 -0.005062
v -0.020800 0.163181 -0.005062
v -0.020800 0.167548 -0.005062
v -0.020800 0.163181 -0.221407
v -0.020800 0.167548 -0.221407
v -0.017134 0.169022 -0.221407
v -0.017134 0.175668 -0.221407
v 0.017134 0.169022 -0.221407
v 0.017134 0.175668 -0.221407
v 0.017134 0.169022 -0.005062
v 0.017134 0.163181 -0.221407
v 0.020800 0.167548 -0.221407
v 0.020800 0.163181 -0.221407
v 0.020800 0.167548 -0.005062
v 0.020800 0.163181 -0.005062
v 0.017134 0.175668 -0.005062
v -0.017134 0.175668 -0.005062
v -0.024313 0.132806 0.002278
v 0.024313 0.132806 0.002278
v -0.024313 0.132806 -0.026693
v -0.033040 0.132806 0.002278
v -0.024313 0.142299 0.002278
v -0.033040 0.142299 0.002278
v 0.024313 0.142299 0.002278
v -0.024313 0.142299 0.018729
v -0.024313 0.152232 0.002278
v -0.024313 0.162646 0.002278
v 0.024313 0.152232 0.002278
v -0.024313 0.152232 0.023172
v -0.024313 0.162646 0.018729
v -0.033040 0.152232 0.023172
v -0.033040 0.142299 0.018729
v -0.033040 0.152232 0.002278
v -0.033040 0.162646 0.018729
v -0.033040 0.162646 0.002278
v -0.033040 0.162646 -0.026693
v -0.033040 0.152232 -0.026693
v -0.024313 0.162646 -0.026693
v -0.033040 0.162646 -0.039228
v -0.039437 0.162646 -0.026693
v -0.039437 0.152232 -0.026693
v -0.045835 0.162646 -0.026693
v -0.039437 0.162646 -0.039228
v -0.045835 0.162646 -0.039228
v -0.039437 0.162646 -0.070973
v -0.039437 0.166497 -0.039228
v -0.033040 0.166497 -0.039228
v -0.039437 0.166497 -0.070973
v -0.033040 0.166497 -0.070973
v -0.024313 0.166497 -0.070973
v -0.033040 0.162646 -0.070973
v -0.033040 0.162646 -0.082643
v -0.024313 0.162646 -0.070973
v -0.021687 0.162646 -0.082643
v 0.024313 0.162646 -0.070973
v 0.021687 0.162646 -0.082643
v 0.033040 0.162646 -0.070973
v 0.024313 0.166497 -0.070973
v 0.024313 0.166497 -0.039228
v 0.033040 0.166497 -0.070973
v 0.039437 0.166497 -0.070973
v 0.033040 0.166497 -0.039228
v 0.039437 0.166497 -0.039228
v 0.033040 0.162646 -0.039228
v 0.033040 0.162646 -0.026693
v 0.024313 0.162646 -0.039228
v 0.039437 0.162646 -0.039228
v 0.039437 0.162646 -0.026693
v 0.045835 0.162646 -0.039228
v 0.039437 0.162646 -0.070973
v 0.039437 0.162646 -0.082643
v 0.045835 0.162646 -0.070973
v 0.045835 0.162646 -0.082643
v 0.045835 0.152232 -0.070973
v 0.045835 0.152232 -0.082643
v 0.045835 0.142299 -0.070973
v 0.045835 0.152232 -0.039228
v 0.045835 0.152232 -0.026693
v 0.045835 0.142299 -0.039228
v 0.045835 0.132806 -0.039228
v 0.045835 0.142299 -0.026693
v 0.045835 0.132806 -0.026693
v 0.039437 0.142299 -0.026693
v 0.039437 0.132806 -0.026693
v 0.039437 0.152232 -0.026693
v 0.033040 0.142299 -0.026693
v 0.033040 0.132806 -0.026693
v 0.033040 0.142299 0.002278
v 0.033040 0.152232 -0.026693
v 0.033040 0.152232 0.002278
v 0.033040 0.162646 0.002278
v 0.033040 0.152232 0.023172
v 0.033040 0.142299 0.018729
v 0.024313 0.152232 0.023172
v 0.033040 0.162646 0.018729
v 0.024313 0.162646 0.018729
v 0.024313 0.162646 0.002278
v 0.024313 0.162646 -0.026693
v 0.024313 0.142299 0.018729
v 0.033040 0.132806 0.002278
v 0.024313 0.132806 -0.026693
v 0.033040 0.132806 -0.039228
v 0.024313 0.132806 -0.039228
v 0.033040 0.132806 -0.070973
v 0.039437 0.132806 -0.039228
v 0.039437 0.132806 -0.070973
v 0.039437 0.132806 -0.082643
v 0.045835 0.132806 -0.070973
v 0.045835 0.132806 -0.082643
v 0.045835 0.142299 -0.082643
v 0.039437 0.142299 -0.082643
v 0.039437 0.152232 -0.082643
v 0.033040 0.142299 -0.082643
v 0.021687 0.142299 -0.082643
v 0.033040 0.132806 -0.082643
v 0.033040 0.152232 -0.082643
v 0.033040 0.162646 -0.082643
v 0.021687 0.152232 -0.082643
v 0.021687 0.152232 -0.304191
v 0.021687 0.162646 -0.304191
v -0.021687 0.152232 -0.304191
v 0.021687 0.142299 -0.304191
v 0.021687 0.132806 -0.304191
v -0.021687 0.142299 -0.304191
v -0.021687 0.132806 -0.304191
v -0.021687 0.142299 -0.082643
v -0.021687 0.132806 -0.082643
v -0.033040 0.142299 -0.082643
v -0.021687 0.152232 -0.082643
v -0.033040 0.152232 -0.082643
v -0.039437 0.152232 -0.082643
v -0.039437 0.142299 -0.082643
v -0.045835 0.152232 -0.082643
v -0.039437 0.162646 -0.082643
v -0.045835 0.162646 -0.082643
v -0.045835 0.162646 -0.070973
v -0.045835 0.152232 -0.070973
v -0.045835 0.142299 -0.070973
v -0.045835 0.152232 -0.039228
v -0.045835 0.152232 -0.026693
v -0.045835 0.142299 -0.039228
v -0.045835 0.142299 -0.026693
v -0.045835 0.132806 -0.039228
v -0.045835 0.132806 -0.026693
v -0.039437 0.132806 -0.039228
v -0.045835 0.132806 -0.070973
v -0.045835 0.132806 -0.082643
v -0.039437 0.132806 -0.070973
v -0.039437 0.132806 -0.082643
v -0.033040 0.132806 -0.070973
v -0.024313 0.132806 -0.070973
v -0.033040 0.132806 -0.082643
v -0.033040 0.132806 -0.039228
v -0.033040 0.132806 -0.026693
v -0.024313 0.132806 -0.039228
v -0.033040 0.142299 -0.026693
v -0.039437 0.132806 -0.026693
v -0.039437 0.142299 -0.026693
v 0.024313 0.132806 -0.070973
v 0.021687 0.132806 -0.082643
v -0.045835 0.142299 -0.082643
v -0.021687 0.162646 -0.304191
v 0.045835 0.162646 -0.026693
v -0.024313 0.162646 -0.039228
v -0.024313 0.166497 -0.039228
v -0.019147 0.051454 -0.284521
v -0.019147 0.051454 -0.289138
v -0.019147 0.049145 -0.288519
v -0.019147 0.047456 -0.286829
v -0.019147 0.046837 -0.284521
v -0.019147 0.047456 -0.282213
v -0.019147 0.049145 -0.280524
v -0.019147 0.051454 -0.279905
v -0.019147 0.053762 -0.280524
v -0.019147 0.055451 -0.282213
v -0.019147 0.056070 -0.284521
v -0.019147 0.055451 -0.286829
v -0.019147 0.053762 -0.288519
v 0.019147 0.053762 -0.288519
v 0.019147 0.051454 -0.284521
v 0.019147 0.055451 -0.286829
v 0.019147 0.051454 -0.289138
v 0.019147 0.049145 -0.288519
v 0.019147 0.047456 -0.286829
v 0.019147 0.046837 -0.284521
v 0.019147 0.047456 -0.282213
v 0.019147 0.049145 -0.280524
v 0.019147 0.051454 -0.279905
v 0.019147 0.053762 -0.280524
v 0.019147 0.055451 -0.282213
v 0.019147 0.056070 -0.284521
v -0.021826 0.112525 -0.307086
v -0.021826 0.112525 -0.310396
v -0.021826 0.110870 -0.309953
v -0.021826 0.109658 -0.308741
v -0.021826 0.109214 -0.307086
v -0.021826 0.109658 -0.305431
v -0.021826 0.110870 -0.304219
v -0.021826 0.112525 -0.303775
v -0.021826 0.114180 -0.304219
v -0.021826 0.115392 -0.305431
v -0.021826 0.115835 -0.307086
v -0.021826 0.115392 -0.308741
v -0.021826 0.114180 -0.309953
v -0.021328 0.114896 -0.311193
v -0.020385 0.114896 -0.311193
v -0.021328 0.116632 -0.309457
v -0.021328 0.112525 -0.311828
v -0.021328 0.110154 -0.311193
v -0.020385 0.112525 -0.311828
v -0.020385 0.110154 -0.311193
v 0.020385 0.112525 -0.311828
v 0.020385 0.110154 -0.311193
v 0.020385 0.114896 -0.311193
v 0.021328 0.112525 -0.311828
v 0.021328 0.114896 -0.311193
v 0.021328 0.110154 -0.311193
v 0.021826 0.112525 -0.310396
v 0.021826 0.110870 -0.309953
v 0.021826 0.114180 -0.309953
v 0.021826 0.112525 -0.307086
v 0.021826 0.109658 -0.308741
v 0.021826 0.109214 -0.307086
v 0.021826 0.109658 -0.305431
v 0.021826 0.110870 -0.304219
v 0.021826 0.112525 -0.303775
v 0.021826 0.114180 -0.304219
v 0.021826 0.115392 -0.305431
v 0.021826 0.115835 -0.307086
v 0.021826 0.115392 -0.308741
v 0.021328 0.116632 -0.309457
v 0.021328 0.117267 -0.307086
v 0.020385 0.116632 -0.309457
v 0.020385 0.117267 -0.307086
v -0.020385 0.116632 -0.309457
v -0.020385 0.117267 -0.307086
v -0.020385 0.116632 -0.304715
v -0.021328 0.117267 -0.307086
v -0.021328 0.116632 -0.304715
v -0.021328 0.114896 -0.302979
v -0.020385 0.114896 -0.302979
v -0.021328 0.112525 -0.302343
v -0.020385 0.112525 -0.302343
v -0.021328 0.110154 -0.302979
v -0.020385 0.110154 -0.302979
v -0.021328 0.108418 -0.304715
v -0.020385 0.108418 -0.304715
v -0.021328 0.107782 -0.307086
v -0.020385 0.107782 -0.307086
v -0.021328 0.108418 -0.309457
v -0.020385 0.108418 -0.309457
v 0.020385 0.108418 -0.309457
v 0.020385 0.107782 -0.307086
v 0.021328 0.108418 -0.309457
v 0.021328 0.107782 -0.307086
v 0.021328 0.108418 -0.304715
v 0.020385 0.108418 -0.304715
v 0.021328 0.110154 -0.302979
v 0.020385 0.110154 -0.302979
v 0.021328 0.112525 -0.302343
v 0.020385 0.112525 -0.302343
v 0.021328 0.114896 -0.302979
v 0.020385 0.114896 -0.302979
v 0.021328 0.116632 -0.304715
v 0.020385 0.116632 -0.304715
v 0.015000 0.087967 0.032094
v 0.015000 0.082653 0.034422
v 0.015000 0.088622 0.007228
v 0.012769 0.087967 0.032094
v 0.012769 0.088622 0.007228
v 0.012769 0.082653 0.034422
v 0.012769 0.085917 0.007228
v 0.012769 0.075376 0.034422
v 0.012769 0.079905 0.007228
v 0.012769 0.069270 0.032094
v 0.015000 0.075376 0.034422
v 0.015000 0.079905 0.007228
v 0.015000 0.069270 0.032094
v 0.015000 0.068428 0.007228
v 0.015000 0.068428 0.001053
v 0.012769 0.068428 0.007228
v 0.012769 0.068428 0.001053
v 0.012769 0.079905 0.001053
v 0.012769 0.068428 -0.068069
v 0.012769 0.069023 -0.077832
v 0.012769 0.079905 -0.068069
v 0.015000 0.068428 -0.068069
v 0.015000 0.079905 -0.068069
v 0.015000 0.069023 -0.077832
v 0.015000 0.078203 -0.080203
v 0.015000 0.082713 -0.080203
v 0.012769 0.078203 -0.080203
v 0.012769 0.082713 -0.080203
v 0.012769 0.088080 -0.078688
v 0.012769 0.085917 -0.068069
v 0.012769 0.088121 -0.068069
v 0.012769 0.085917 0.001053
v 0.015000 0.084652 0.001053
v 0.012769 0.088622 0.001053
v 0.015000 0.088622 0.001053
v 0.012769 0.094428 0.001053
v 0.012769 0.094428 -0.068069
v 0.015000 0.094428 0.001053
v 0.015000 0.094428 -0.068069
v 0.015000 0.088121 -0.068069
v 0.015000 0.084652 -0.068069
v 0.015000 0.088080 -0.078688
v 0.015000 0.079905 0.001053
v 0.015000 0.085917 0.007228
v -0.015000 0.087967 0.032094
v -0.015000 0.088622 0.007228
v -0.015000 0.082653 0.034422
v -0.012769 0.087967 0.032094
v -0.012769 0.082653 0.034422
v -0.012769 0.088622 0.007228
v -0.012769 0.085917 0.007228
v -0.012769 0.079905 0.007228
v -0.012769 0.085917 0.001053
v -0.015000 0.085917 0.007228
v -0.015000 0.079905 0.007228
v -0.015000 0.084652 0.001053
v -0.015000 0.079905 0.001053
v -0.015000 0.088622 0.001053
v -0.015000 0.084652 -0.068069
v -0.015000 0.082713 -0.080203
v -0.015000 0.088121 -0.068069
v -0.015000 0.079905 -0.068069
v -0.015000 0.078203 -0.080203
v -0.015000 0.068428 -0.068069
v -0.015000 0.069023 -0.077832
v -0.015000 0.068428 0.001053
v -0.012769 0.068428 -0.068069
v -0.012769 0.079905 -0.068069
v -0.012769 0.069023 -0.077832
v -0.012769 0.068428 0.001053
v -0.012769 0.068428 0.007228
v -0.012769 0.079905 0.001053
v -0.012769 0.069270 0.032094
v -0.015000 0.068428 0.007228
v -0.015000 0.069270 0.032094
v -0.015000 0.075376 0.034422
v -0.012769 0.075376 0.034422
v -0.012769 0.078203 -0.080203
v -0.012769 0.082713 -0.080203
v -0.012769 0.085917 -0.068069
v -0.012769 0.088080 -0.078688
v -0.012769 0.088121 -0.068069
v -0.015000 0.088080 -0.078688
v -0.012769 0.094428 -0.068069
v -0.012769 0.088622 0.001053
v -0.012769 0.094428 0.001053
v -0.015000 0.094428 0.001053
v -0.015000 0.094428 -0.068069
v 0.021523 0.096164 -0.022227
v 0.021523 0.104622 -0.022227
v 0.022396 0.096164 -0.021994
v 0.020651 0.096164 -0.021994
v 0.021523 0.096164 -0.022020
v 0.022292 0.096164 -0.021814
v 0.020754 0.096164 -0.021814
v 0.020191 0.096164 -0.021251
v 0.019985 0.096164 -0.020482
v 0.020012 0.096164 -0.021355
v 0.020012 0.104622 -0.021355
v 0.019778 0.096164 -0.020482
v 0.019778 0.104622 -0.020482
v 0.020012 0.096164 -0.019610
v 0.020012 0.104622 -0.019610
v 0.020651 0.096164 -0.018971
v 0.020191 0.096164 -0.019714
v 0.020754 0.096164 -0.019151
v 0.021523 0.096164 -0.018945
v 0.022292 0.096164 -0.019151
v 0.021523 0.096164 -0.018738
v 0.021523 0.104622 -0.018738
v 0.022396 0.096164 -0.018971
v 0.022396 0.104622 -0.018971
v 0.023034 0.096164 -0.019610
v 0.023034 0.104622 -0.019610
v 0.023268 0.096164 -0.020482
v 0.022855 0.096164 -0.019714
v 0.023061 0.096164 -0.020482
v 0.022855 0.096164 -0.021251
v 0.023034 0.096164 -0.021355
v 0.023034 0.104622 -0.021355
v 0.022396 0.104622 -0.021994
v 0.023268 0.104622 -0.020482
v 0.020651 0.104622 -0.018971
v 0.020651 0.104622 -0.021994
v 0.021523 0.096164 -0.007841
v 0.021523 0.104622 -0.007841
v 0.020651 0.096164 -0.007607
v 0.022396 0.096164 -0.007607
v 0.021523 0.096164 -0.007593
v 0.022272 0.096164 -0.007393
v 0.020774 0.096164 -0.007393
v 0.020226 0.096164 -0.006845
v 0.020026 0.096164 -0.006096
v 0.020012 0.096164 -0.006968
v 0.020012 0.104622 -0.006968
v 0.019778 0.096164 -0.006096
v 0.019778 0.104622 -0.006096
v 0.020012 0.096164 -0.005223
v 0.020012 0.104622 -0.005223
v 0.020651 0.096164 -0.004585
v 0.020226 0.096164 -0.005347
v 0.020774 0.096164 -0.004799
v 0.021523 0.096164 -0.004598
v 0.022272 0.096164 -0.004799
v 0.021523 0.096164 -0.004351
v 0.021523 0.104622 -0.004351
v 0.022396 0.096164 -0.004585
v 0.022396 0.104622 -0.004585
v 0.023034 0.096164 -0.005223
v 0.023034 0.104622 -0.005223
v 0.023268 0.096164 -0.006096
v 0.022820 0.096164 -0.005347
v 0.023021 0.096164 -0.006096
v 0.022820 0.096164 -0.006845
v 0.023034 0.096164 -0.006968
v 0.023034 0.104622 -0.006968
v 0.022396 0.104622 -0.007607
v 0.023268 0.104622 -0.006096
v 0.020651 0.104622 -0.004585
v 0.020651 0.104622 -0.007607
v 0.019944 0.105545 -0.001187
v 0.021872 0.105545 -0.001187
v 0.019944 0.102880 -0.001187
v 0.019944 0.105545 -0.011670
v 0.019944 0.114220 -0.001187
v 0.021872 0.114220 -0.001187
v 0.019944 0.116885 -0.001187
v 0.019944 0.114220 -0.011670
v 0.021872 0.114220 -0.011670
v 0.019944 0.116885 -0.011670
v 0.021872 0.116885 -0.011670
v 0.021872 0.116885 -0.001187
v 0.026903 0.114220 -0.011670
v 0.021872 0.105545 -0.011670
v 0.021872 0.102880 -0.011670
v 0.026903 0.105545 -0.011670
v 0.026903 0.105545 -0.001187
v 0.026903 0.114220 -0.001187
v 0.019944 0.102880 -0.011670
v 0.021872 0.102880 -0.001187
v 0.019944 0.105545 -0.015299
v 0.021872 0.105545 -0.015299
v 0.019944 0.102880 -0.015299
v 0.019944 0.105545 -0.025782
v 0.019944 0.114220 -0.015299
v 0.021872 0.114220 -0.015299
v 0.019944 0.116885 -0.015299
v 0.019944 0.114220 -0.025782
v 0.021872 0.114220 -0.025782
v 0.019944 0.116885 -0.025782
v 0.021872 0.116885 -0.025782
v 0.021872 0.116885 -0.015299
v 0.026903 0.114220 -0.025782
v 0.021872 0.105545 -0.025782
v 0.021872 0.102880 -0.025782
v 0.026903 0.105545 -0.025782
v 0.026903 0.105545 -0.015299
v 0.026903 0.114220 -0.015299
v 0.019944 0.102880 -0.025782
v 0.021872 0.102880 -0.015299
v 0.017316 0.098813 0.003660
v 0.019744 0.098813 0.003660
v 0.017316 0.098813 -0.271248
v 0.017316 0.101698 0.003660
v 0.019744 0.101698 0.003660
v 0.017316 0.118055 0.003660
v 0.019744 0.118055 0.003660
v 0.017316 0.120939 0.003660
v 0.017316 0.120939 -0.271248
v 0.019744 0.120939 0.003660
v 0.022545 0.120939 0.003660
v 0.019744 0.120939 -0.272950
v 0.022545 0.120939 -0.272950
v 0.017316 0.120939 -0.272950
v 0.019744 0.118055 -0.272950
v 0.022545 0.118055 -0.272950
v 0.019744 0.101698 -0.272950
v 0.017316 0.118055 -0.272950
v 0.017316 0.118055 -0.271248
v 0.017316 0.101698 -0.272950
v 0.017316 0.098813 -0.272950
v 0.017316 0.101698 -0.271248
v 0.019744 0.098813 -0.272950
v 0.022545 0.098813 -0.272950
v 0.022545 0.098813 0.003660
v 0.022545 0.101698 -0.272950
v 0.025347 0.098813 -0.272950
v 0.025347 0.098813 0.003660
v 0.025347 0.101698 -0.272950
v 0.025347 0.105488 -0.272950
v 0.025347 0.101698 0.003660
v 0.022545 0.101698 0.003660
v 0.025347 0.105489 0.003660
v 0.022545 0.105489 0.003660
v 0.022545 0.105488 -0.272950
v 0.022545 0.114264 -0.272950
v 0.025347 0.118055 -0.272950
v 0.022545 0.118055 0.003660
v 0.022545 0.114264 0.003660
v 0.025347 0.118055 0.003660
v 0.025347 0.120939 0.003660
v 0.025347 0.114264 0.003660
v 0.025347 0.114264 -0.272950
v 0.025347 0.120939 -0.272950
v -0.021523 0.096164 -0.022227
v -0.022396 0.096164 -0.021994
v -0.021523 0.104622 -0.022227
v -0.021523 0.096164 -0.022020
v -0.020651 0.096164 -0.021994
v -0.020012 0.096164 -0.021355
v -0.020651 0.104622 -0.021994
v -0.020754 0.096164 -0.021814
v -0.020191 0.096164 -0.021251
v -0.019985 0.096164 -0.020482
v -0.020191 0.096164 -0.019714
v -0.019778 0.096164 -0.020482
v -0.020012 0.096164 -0.019610
v -0.019778 0.104622 -0.020482
v -0.020012 0.104622 -0.019610
v -0.020012 0.104622 -0.021355
v -0.020651 0.104622 -0.018971
v -0.020651 0.096164 -0.018971
v -0.021523 0.104622 -0.018738
v -0.021523 0.096164 -0.018738
v -0.022396 0.104622 -0.018971
v -0.022396 0.096164 -0.018971
v -0.023034 0.104622 -0.019610
v -0.023034 0.096164 -0.019610
v -0.023268 0.104622 -0.020482
v -0.023268 0.096164 -0.020482
v -0.023034 0.104622 -0.021355
v -0.023034 0.096164 -0.021355
v -0.022396 0.104622 -0.021994
v -0.022855 0.096164 -0.021251
v -0.023061 0.096164 -0.020482
v -0.022292 0.096164 -0.021814
v -0.022855 0.096164 -0.019714
v -0.022292 0.096164 -0.019151
v -0.021523 0.096164 -0.018945
v -0.020754 0.096164 -0.019151
v -0.021523 0.096164 -0.007841
v -0.020651 0.096164 -0.007607
v -0.021523 0.104622 -0.007841
v -0.022396 0.096164 -0.007607
v -0.021523 0.096164 -0.007593
v -0.020774 0.096164 -0.007393
v -0.022272 0.096164 -0.007393
v -0.022820 0.096164 -0.006845
v -0.023021 0.096164 -0.006096
v -0.023034 0.096164 -0.006968
v -0.023034 0.104622 -0.006968
v -0.023268 0.096164 -0.006096
v -0.023268 0.104622 -0.006096
v -0.023034 0.096164 -0.005223
v -0.023034 0.104622 -0.005223
v -0.022396 0.096164 -0.004585
v -0.022820 0.096164 -0.005347
v -0.022272 0.096164 -0.004799
v -0.021523 0.096164 -0.004598
v -0.020774 0.096164 -0.004799
v -0.021523 0.096164 -0.004351
v -0.021523 0.104622 -0.004351
v -0.020651 0.096164 -0.004585
v -0.020651 0.104622 -0.004585
v -0.020012 0.096164 -0.005223
v -0.020012 0.104622 -0.005223
v -0.019778 0.096164 -0.006096
v -0.020226 0.096164 -0.005347
v -0.020026 0.096164 -0.006096
v -0.020226 0.096164 -0.006845
v -0.020012 0.096164 -0.006968
v -0.020012 0.104622 -0.006968
v -0.019778 0.104622 -0.006096
v -0.020651 0.104622 -0.007607
v -0.022396 0.104622 -0.004585
v -0.022396 0.104622 -0.007607
v -0.019944 0.105545 -0.001187
v -0.019944 0.102880 -0.001187
v -0.021872 0.105545 -0.001187
v -0.019944 0.105545 -0.011670
v -0.019944 0.114220 -0.001187
v -0.019944 0.116885 -0.001187
v -0.021872 0.114220 -0.001187
v -0.019944 0.114220 -0.011670
v -0.019944 0.116885 -0.011670
v -0.021872 0.114220 -0.011670
v -0.021872 0.116885 -0.011670
v -0.026903 0.114220 -0.011670
v -0.021872 0.105545 -0.011670
v -0.021872 0.102880 -0.011670
v -0.026903 0.105545 -0.011670
v -0.026903 0.105545 -0.001187
v -0.026903 0.114220 -0.001187
v -0.019944 0.102880 -0.011670
v -0.021872 0.102880 -0.001187
v -0.021872 0.116885 -0.001187
v -0.019944 0.105545 -0.015299
v -0.019944 0.102880 -0.015299
v -0.021872 0.105545 -0.015299
v -0.019944 0.105545 -0.025782
v -0.019944 0.114220 -0.015299
v -0.019944 0.116885 -0.015299
v -0.021872 0.114220 -0.015299
v -0.019944 0.114220 -0.025782
v -0.019944 0.116885 -0.025782
v -0.021872 0.114220 -0.025782
v -0.021872 0.116885 -0.025782
v -0.026903 0.114220 -0.025782
v -0.021872 0.105545 -0.025782
v -0.021872 0.102880 -0.025782
v -0.026903 0.105545 -0.025782
v -0.026903 0.105545 -0.015299
v -0.026903 0.114220 -0.015299
v -0.019944 0.102880 -0.025782
v -0.021872 0.102880 -0.015299
v -0.021872 0.116885 -0.015299
v -0.017316 0.098813 0.003660
v -0.017316 0.098813 -0.271248
v -0.019744 0.098813 0.003660
v -0.017316 0.101698 0.003660
v -0.019744 0.101698 0.003660
v -0.017316 0.118055 0.003660
v -0.019744 0.118055 0.003660
v -0.017316 0.120939 0.003660
v -0.019744 0.120939 0.003660
v -0.017316 0.120939 -0.271248
v -0.017316 0.120939 -0.272950
v -0.017316 0.118055 -0.271248
v -0.017316 0.118055 -0.272950
v -0.019744 0.118055 -0.272950
v -0.017316 0.101698 -0.272950
v -0.019744 0.101698 -0.272950
v -0.017316 0.098813 -0.272950
v -0.017316 0.101698 -0.271248
v -0.019744 0.098813 -0.272950
v -0.022545 0.098813 -0.272950
v -0.022545 0.098813 0.003660
v -0.022545 0.101698 -0.272950
v -0.025347 0.098813 -0.272950
v -0.025347 0.098813 0.003660
v -0.025347 0.101698 -0.272950
v -0.025347 0.101698 0.003660
v -0.025347 0.105488 -0.272950
v -0.022545 0.105488 -0.272950
v -0.025347 0.105489 0.003660
v -0.022545 0.105489 0.003660
v -0.022545 0.101698 0.003660
v -0.022545 0.118055 -0.272950
v -0.019744 0.120939 -0.272950
v -0.022545 0.120939 -0.272950
v -0.022545 0.120939 0.003660
v -0.025347 0.120939 -0.272950
v -0.025347 0.120939 0.003660
v -0.025347 0.118055 -0.272950
v -0.025347 0.114264 -0.272950
v -0.025347 0.118055 0.003660
v -0.022545 0.118055 0.003660
v -0.025347 0.114264 0.003660
v -0.022545 0.114264 0.003660
v -0.022545 0.114264 -0.272950
v 0.048727 0.109968 -0.124578
v 0.048727 0.112573 -0.123499
v 0.051197 0.109968 -0.124578
v 0.048727 0.107362 -0.123499
v 0.048534 0.109968 -0.124578
v 0.048534 0.107362 -0.123499
v 0.048534 0.112573 -0.123499
v 0.048534 0.109968 -0.123771
v 0.048534 0.107933 -0.122928
v 0.048534 0.112002 -0.122928
v 0.048534 0.109968 -0.120894
v 0.048534 0.107091 -0.120894
v 0.048534 0.107933 -0.118860
v 0.048534 0.109968 -0.118017
v 0.048534 0.112002 -0.118860
v 0.048534 0.112845 -0.120894
v 0.048534 0.113930 -0.120894
v 0.048534 0.112573 -0.118289
v 0.048727 0.113930 -0.120894
v 0.048727 0.112573 -0.118289
v 0.051197 0.113652 -0.120894
v 0.051197 0.112573 -0.118289
v 0.051309 0.113652 -0.120894
v 0.051197 0.112573 -0.123499
v 0.051309 0.112573 -0.123499
v 0.051309 0.109968 -0.124578
v 0.051324 0.113817 -0.125321
v 0.051324 0.113817 -0.127587
v 0.051324 0.109968 -0.125321
v 0.051324 0.114255 -0.125321
v 0.051324 0.113817 -0.120894
v 0.051324 0.114582 -0.120894
v 0.051324 0.113817 -0.116467
v 0.051324 0.114255 -0.116467
v 0.051324 0.113817 -0.114201
v 0.051324 0.109968 -0.116467
v 0.051309 0.112573 -0.118289
v 0.051309 0.109968 -0.117210
v 0.051309 0.107362 -0.118289
v 0.051197 0.109968 -0.117210
v 0.051197 0.107362 -0.118289
v 0.048727 0.109968 -0.117210
v 0.048727 0.107362 -0.118289
v 0.048534 0.109968 -0.117210
v 0.048534 0.107362 -0.118289
v 0.048534 0.106283 -0.120894
v 0.048727 0.106283 -0.120894
v 0.051197 0.106283 -0.120894
v 0.051197 0.107362 -0.123499
v 0.051309 0.106283 -0.120894
v 0.051309 0.107362 -0.123499
v 0.051324 0.106119 -0.120894
v 0.051324 0.105144 -0.120894
v 0.051324 0.106119 -0.116467
v 0.051324 0.106119 -0.125321
v 0.051324 0.106119 -0.127587
v 0.051324 0.105541 -0.125321
v 0.051324 0.105541 -0.127587
v 0.032762 0.105541 -0.125321
v 0.032762 0.105541 -0.127587
v 0.028846 0.105541 -0.126386
v 0.032762 0.105144 -0.120894
v 0.028846 0.105144 -0.120894
v 0.032762 0.105541 -0.116467
v 0.032762 0.105541 -0.114201
v 0.051324 0.105541 -0.116467
v 0.028846 0.105541 -0.115402
v 0.024930 0.105541 -0.112681
v 0.028846 0.105541 -0.112591
v 0.028846 0.106119 -0.112591
v 0.024930 0.105541 -0.108477
v 0.024930 0.105828 -0.094187
v 0.025634 0.105828 -0.108477
v 0.024930 0.106119 -0.108477
v 0.020123 0.105828 -0.108477
v 0.020123 0.105828 -0.112681
v 0.020123 0.106367 -0.108477
v 0.020123 0.105828 -0.094187
v 0.020123 0.106367 -0.094187
v 0.024930 0.106367 -0.094187
v 0.020123 0.109963 -0.094187
v 0.020123 0.113559 -0.094187
v 0.024930 0.109963 -0.094187
v 0.020123 0.109963 -0.108476
v 0.020123 0.109963 -0.112681
v 0.020123 0.113559 -0.108476
v 0.020123 0.113559 -0.112681
v 0.020123 0.113968 -0.108476
v 0.020123 0.113968 -0.112681
v 0.024930 0.114255 -0.108476
v 0.020123 0.113968 -0.094187
v 0.024930 0.113968 -0.094187
v 0.024930 0.113559 -0.094187
v 0.025634 0.113968 -0.094187
v 0.025634 0.113559 -0.094187
v 0.025634 0.113968 -0.108476
v 0.025634 0.116000 -0.094187
v 0.031514 0.113968 -0.094918
v 0.029719 0.113968 -0.106010
v 0.031514 0.113559 -0.094918
v 0.031514 0.116000 -0.094918
v 0.029719 0.116000 -0.106010
v 0.025634 0.116000 -0.108476
v 0.031514 0.109963 -0.094918
v 0.029719 0.113559 -0.106010
v 0.025634 0.113559 -0.108476
v 0.029719 0.109963 -0.106010
v 0.025634 0.109963 -0.108476
v 0.029719 0.106367 -0.106010
v 0.025634 0.106367 -0.108477
v 0.029719 0.105828 -0.106010
v 0.031514 0.106367 -0.094918
v 0.031514 0.105828 -0.094918
v 0.025634 0.106367 -0.094187
v 0.025634 0.105828 -0.094187
v 0.025634 0.109963 -0.094187
v 0.025634 0.103796 -0.094187
v 0.031514 0.103796 -0.094918
v 0.025634 0.103796 -0.108477
v 0.029719 0.103796 -0.106010
v 0.024930 0.109968 -0.108476
v 0.028846 0.109968 -0.112591
v 0.024930 0.113817 -0.108476
v 0.028846 0.113817 -0.112591
v 0.028846 0.114255 -0.112591
v 0.032762 0.113817 -0.114201
v 0.032762 0.114255 -0.114201
v 0.032762 0.109968 -0.114201
v 0.032762 0.106119 -0.114201
v 0.051324 0.109968 -0.114201
v 0.051324 0.106119 -0.114201
v 0.051324 0.105541 -0.114201
v 0.032762 0.114255 -0.116467
v 0.051324 0.114255 -0.114201
v 0.028846 0.114255 -0.115402
v 0.032762 0.114582 -0.120894
v 0.028846 0.114582 -0.120894
v 0.032762 0.114255 -0.125321
v 0.032762 0.114255 -0.127587
v 0.028846 0.114255 -0.126386
v 0.024930 0.114255 -0.129108
v 0.028846 0.114255 -0.129197
v 0.028846 0.113817 -0.129197
v 0.024930 0.114255 -0.133312
v 0.024930 0.113968 -0.184957
v 0.024930 0.113817 -0.133312
v 0.020123 0.113968 -0.133312
v 0.020123 0.113559 -0.133312
v 0.020123 0.113968 -0.184957
v 0.020123 0.113968 -0.129108
v 0.020123 0.113559 -0.129108
v 0.020123 0.114272 -0.120894
v 0.020123 0.113559 -0.120894
v 0.024930 0.114582 -0.120894
v 0.024930 0.114255 -0.112681
v 0.020123 0.109963 -0.120894
v 0.020123 0.106367 -0.120894
v 0.020123 0.109963 -0.129108
v 0.020123 0.106367 -0.129108
v 0.020123 0.109963 -0.133312
v 0.020123 0.109963 -0.184957
v 0.020123 0.106367 -0.133312
v 0.020123 0.105828 -0.133312
v 0.020123 0.106367 -0.184957
v 0.020123 0.105828 -0.184957
v 0.020123 0.106367 -0.208895
v 0.020123 0.105828 -0.208895
v 0.024930 0.106367 -0.208895
v 0.020123 0.109963 -0.208895
v 0.020123 0.113559 -0.208895
v 0.024930 0.109963 -0.208895
v 0.026056 0.109963 -0.208895
v 0.024930 0.113559 -0.208895
v 0.026056 0.113559 -0.208895
v 0.024930 0.113968 -0.208895
v 0.026056 0.113968 -0.208895
v 0.020123 0.113968 -0.208895
v 0.026056 0.113968 -0.184957
v 0.026056 0.120559 -0.208895
v 0.028036 0.113968 -0.208895
v 0.028036 0.120559 -0.208895
v 0.028036 0.113559 -0.208895
v 0.028036 0.113968 -0.184957
v 0.028036 0.120559 -0.195360
v 0.028036 0.113559 -0.184957
v 0.026056 0.113559 -0.184957
v 0.028036 0.109963 -0.184957
v 0.028036 0.106367 -0.184957
v 0.026056 0.109963 -0.184957
v 0.028036 0.109963 -0.208895
v 0.028036 0.106367 -0.208895
v 0.026056 0.106367 -0.208895
v 0.028036 0.105828 -0.208895
v 0.026056 0.105828 -0.208895
v 0.028036 0.105828 -0.184957
v 0.026056 0.105828 -0.184957
v 0.026056 0.106367 -0.184957
v 0.024930 0.105828 -0.184957
v 0.024930 0.105541 -0.133312
v 0.024930 0.106367 -0.184957
v 0.024930 0.105828 -0.208895
v 0.024930 0.106119 -0.133312
v 0.024930 0.109963 -0.184957
v 0.024930 0.113559 -0.184957
v 0.024930 0.109968 -0.133312
v 0.028846 0.109968 -0.129197
v 0.032762 0.109968 -0.127587
v 0.028846 0.106119 -0.129197
v 0.028846 0.105541 -0.129197
v 0.032762 0.106119 -0.127587
v 0.032762 0.113817 -0.127587
v 0.051324 0.109968 -0.127587
v 0.024930 0.105541 -0.129108
v 0.020123 0.105828 -0.129108
v 0.024930 0.105144 -0.120894
v 0.020123 0.105454 -0.120894
v 0.026056 0.120559 -0.195360
v 0.027746 0.126879 -0.196308
v 0.026346 0.125479 -0.196308
v 0.025317 0.130421 -0.196308
v 0.027746 0.126879 -0.208895
v 0.026346 0.125479 -0.208895
v 0.025317 0.130421 -0.208895
v 0.025317 0.128441 -0.208895
v 0.000000 0.130421 -0.208895
v 0.000000 0.128441 -0.208895
v 0.000000 0.130421 -0.196308
v -0.025317 0.130421 -0.208895
v -0.027746 0.126879 -0.208895
v -0.025317 0.128441 -0.208895
v -0.025317 0.130421 -0.196308
v -0.025317 0.128441 -0.196308
v -0.027746 0.126879 -0.196308
v -0.026346 0.125479 -0.196308
v -0.028036 0.120559 -0.195360
v -0.026056 0.120559 -0.195360
v -0.028036 0.113968 -0.184957
v -0.028036 0.120559 -0.208895
v -0.028036 0.113968 -0.208895
v -0.026056 0.120559 -0.208895
v -0.026346 0.125479 -0.208895
v -0.026056 0.113968 -0.208895
v -0.026056 0.113968 -0.184957
v -0.024930 0.113968 -0.208895
v -0.026056 0.113559 -0.208895
v -0.026056 0.109963 -0.208895
v -0.024930 0.113559 -0.208895
v -0.028036 0.113559 -0.208895
v -0.028036 0.109963 -0.208895
v -0.028036 0.113559 -0.184957
v -0.026056 0.113559 -0.184957
v -0.028036 0.109963 -0.184957
v -0.026056 0.109963 -0.184957
v -0.028036 0.106367 -0.184957
v -0.026056 0.106367 -0.184957
v -0.028036 0.105828 -0.184957
v -0.028036 0.106367 -0.208895
v -0.028036 0.105828 -0.208895
v -0.026056 0.106367 -0.208895
v -0.024930 0.106367 -0.208895
v -0.026056 0.105828 -0.208895
v -0.024930 0.105828 -0.208895
v -0.026056 0.105828 -0.184957
v -0.024930 0.105828 -0.184957
v -0.024930 0.105541 -0.133312
v -0.020123 0.105828 -0.184957
v -0.024930 0.106367 -0.184957
v -0.024930 0.106119 -0.133312
v -0.024930 0.109963 -0.184957
v -0.024930 0.109968 -0.133312
v -0.024930 0.113559 -0.184957
v -0.024930 0.113817 -0.133312
v -0.024930 0.113968 -0.184957
v -0.024930 0.114255 -0.133312
v -0.020123 0.113968 -0.184957
v -0.020123 0.113559 -0.184957
v -0.020123 0.113968 -0.133312
v -0.020123 0.113968 -0.208895
v -0.020123 0.113559 -0.208895
v -0.020123 0.109963 -0.208895
v -0.024930 0.109963 -0.208895
v -0.020123 0.106367 -0.208895
v -0.020123 0.109963 -0.184957
v -0.020123 0.109963 -0.133312
v -0.020123 0.106367 -0.184957
v -0.020123 0.106367 -0.133312
v -0.020123 0.105828 -0.133312
v -0.020123 0.106367 -0.129108
v -0.020123 0.109963 -0.129108
v -0.020123 0.105828 -0.129108
v -0.020123 0.106367 -0.120894
v -0.020123 0.106367 -0.112681
v -0.020123 0.109963 -0.120894
v -0.020123 0.105454 -0.120894
v -0.020123 0.105828 -0.112681
v -0.024930 0.105144 -0.120894
v -0.028846 0.105144 -0.120894
v -0.024930 0.105541 -0.129108
v -0.024930 0.105541 -0.112681
v -0.024930 0.105541 -0.108477
v -0.028846 0.105541 -0.115402
v -0.028846 0.105541 -0.112591
v -0.032762 0.105541 -0.116467
v -0.051324 0.105541 -0.116467
v -0.032762 0.105541 -0.114201
v -0.032762 0.105144 -0.120894
v -0.051324 0.105144 -0.120894
v -0.032762 0.105541 -0.125321
v -0.028846 0.105541 -0.126386
v -0.032762 0.105541 -0.127587
v -0.051324 0.105541 -0.125321
v -0.051324 0.105541 -0.127587
v -0.051324 0.106119 -0.125321
v -0.051324 0.106119 -0.127587
v -0.051324 0.106119 -0.120894
v -0.051324 0.109968 -0.125321
v -0.051309 0.107362 -0.123499
v -0.051197 0.107362 -0.123499
v -0.051309 0.109968 -0.124578
v -0.051309 0.106283 -0.120894
v -0.051197 0.106283 -0.120894
v -0.051309 0.107362 -0.118289
v -0.051197 0.107362 -0.118289
v -0.051309 0.109968 -0.117210
v -0.051324 0.106119 -0.116467
v -0.051324 0.106119 -0.114201
v -0.051324 0.109968 -0.116467
v -0.051324 0.109968 -0.114201
v -0.051324 0.113817 -0.116467
v -0.051324 0.113817 -0.114201
v -0.051324 0.114255 -0.116467
v -0.051324 0.113817 -0.120894
v -0.051309 0.112573 -0.118289
v -0.051197 0.112573 -0.118289
v -0.051309 0.113652 -0.120894
v -0.051197 0.113652 -0.120894
v -0.051309 0.112573 -0.123499
v -0.051197 0.112573 -0.123499
v -0.051324 0.113817 -0.125321
v -0.051324 0.113817 -0.127587
v -0.051324 0.114255 -0.125321
v -0.051324 0.114255 -0.127587
v -0.032762 0.114255 -0.125321
v -0.051324 0.114582 -0.120894
v -0.032762 0.114582 -0.120894
v -0.032762 0.114255 -0.116467
v -0.028846 0.114582 -0.120894
v -0.024930 0.114582 -0.120894
v -0.028846 0.114255 -0.115402
v -0.028846 0.114255 -0.126386
v -0.028846 0.114255 -0.129197
v -0.024930 0.114255 -0.129108
v -0.020123 0.113968 -0.129108
v -0.020123 0.113559 -0.129108
v -0.020123 0.114272 -0.120894
v -0.020123 0.113968 -0.112681
v -0.020123 0.113559 -0.120894
v -0.020123 0.113559 -0.112681
v -0.020123 0.113559 -0.108476
v -0.020123 0.109963 -0.112681
v -0.020123 0.109963 -0.108476
v -0.020123 0.106367 -0.108477
v -0.020123 0.109963 -0.094187
v -0.024930 0.109963 -0.094187
v -0.020123 0.113559 -0.094187
v -0.020123 0.106367 -0.094187
v -0.020123 0.105828 -0.094187
v -0.024930 0.106367 -0.094187
v -0.025634 0.106367 -0.094187
v -0.024930 0.105828 -0.094187
v -0.025634 0.105828 -0.094187
v -0.031514 0.105828 -0.094918
v -0.025634 0.105828 -0.108477
v -0.025634 0.103796 -0.094187
v -0.025634 0.103796 -0.108477
v -0.031514 0.103796 -0.094918
v -0.029719 0.103796 -0.106010
v -0.029719 0.105828 -0.106010
v -0.029719 0.106367 -0.106010
v -0.025634 0.106367 -0.108477
v -0.029719 0.109963 -0.106010
v -0.031514 0.106367 -0.094918
v -0.031514 0.109963 -0.094918
v -0.031514 0.113559 -0.094918
v -0.025634 0.109963 -0.094187
v -0.025634 0.113559 -0.094187
v -0.025634 0.113968 -0.094187
v -0.024930 0.113559 -0.094187
v -0.024930 0.113968 -0.094187
v -0.020123 0.113968 -0.094187
v -0.024930 0.114255 -0.108476
v -0.025634 0.113968 -0.108476
v -0.024930 0.113817 -0.108476
v -0.028846 0.114255 -0.112591
v -0.024930 0.114255 -0.112681
v -0.020123 0.113968 -0.108476
v -0.032762 0.114255 -0.114201
v -0.028846 0.113817 -0.112591
v -0.032762 0.113817 -0.114201
v -0.028846 0.109968 -0.112591
v -0.024930 0.109968 -0.108476
v -0.028846 0.106119 -0.112591
v -0.032762 0.109968 -0.114201
v -0.032762 0.106119 -0.114201
v -0.024930 0.106119 -0.108477
v -0.025634 0.109963 -0.108476
v -0.025634 0.113559 -0.108476
v -0.029719 0.113559 -0.106010
v -0.029719 0.113968 -0.106010
v -0.029719 0.116000 -0.106010
v -0.031514 0.113968 -0.094918
v -0.031514 0.116000 -0.094918
v -0.025634 0.116000 -0.094187
v -0.025634 0.116000 -0.108476
v -0.051324 0.114255 -0.114201
v -0.020123 0.105828 -0.108477
v -0.020123 0.113559 -0.133312
v -0.032762 0.114255 -0.127587
v -0.028846 0.113817 -0.129197
v -0.032762 0.113817 -0.127587
v -0.028846 0.109968 -0.129197
v -0.032762 0.109968 -0.127587
v -0.028846 0.106119 -0.129197
v -0.028846 0.105541 -0.129197
v -0.032762 0.106119 -0.127587
v -0.051324 0.109968 -0.127587
v -0.051197 0.109968 -0.124578
v -0.048727 0.112573 -0.123499
v -0.048727 0.109968 -0.124578
v -0.048727 0.113930 -0.120894
v -0.048534 0.112573 -0.123499
v -0.048534 0.113930 -0.120894
v -0.048534 0.109968 -0.124578
v -0.048534 0.112002 -0.122928
v -0.048534 0.109968 -0.123771
v -0.048534 0.112845 -0.120894
v -0.048534 0.109968 -0.120894
v -0.048534 0.107933 -0.122928
v -0.048534 0.107091 -0.120894
v -0.048534 0.107933 -0.118860
v -0.048534 0.109968 -0.118017
v -0.048534 0.112002 -0.118860
v -0.048534 0.112573 -0.118289
v -0.048727 0.112573 -0.118289
v -0.048534 0.109968 -0.117210
v -0.048727 0.109968 -0.117210
v -0.048534 0.107362 -0.118289
v -0.048727 0.107362 -0.118289
v -0.048534 0.106283 -0.120894
v -0.048727 0.106283 -0.120894
v -0.048534 0.107362 -0.123499
v -0.048727 0.107362 -0.123499
v -0.051197 0.109968 -0.117210
v -0.051324 0.105541 -0.114201
v -0.020123 0.105828 -0.208895
v 0.000000 0.128441 -0.196308
v 0.025317 0.128441 -0.196308
v 0.020123 0.113559 -0.184957
v 0.020123 0.106367 -0.112681
v 0.051324 0.114255 -0.127587
v 0.019311 0.125682 -0.277842
v 0.019311 0.125682 -0.300818
v 0.019311 0.098521 -0.277335
v 0.019311 0.127381 -0.277842
v 0.015390 0.125682 -0.277842
v 0.015390 0.099928 -0.277335
v 0.015390 0.125682 -0.300818
v 0.015390 0.125475 -0.277842
v 0.015390 0.125475 -0.300818
v 0.012896 0.126216 -0.277842
v 0.012896 0.126216 -0.300818
v 0.012896 0.131594 -0.277842
v 0.015452 0.128123 -0.277842
v 0.015452 0.128123 -0.300818
v 0.015452 0.129538 -0.277842
v 0.015452 0.129538 -0.301490
v 0.021569 0.130882 -0.277842
v 0.021569 0.130882 -0.303564
v 0.023674 0.131344 -0.277842
v 0.021021 0.133378 -0.277842
v 0.020898 0.133290 -0.302571
v 0.021103 0.133397 -0.277815
v 0.021170 0.133193 -0.302371
v 0.021119 0.144752 -0.277771
v 0.020451 0.143903 -0.302401
v 0.023674 0.144770 -0.277842
v 0.022874 0.144095 -0.305323
v 0.023674 0.131344 -0.304818
v 0.010289 0.143972 -0.307688
v 0.020764 0.150429 -0.305480
v 0.009549 0.150543 -0.305665
v 0.020493 0.150259 -0.302944
v 0.007739 0.148065 -0.303186
v 0.007800 0.143662 -0.304793
v 0.007356 0.144056 -0.330153
v 0.000000 0.148019 -0.304715
v 0.000000 0.144059 -0.330132
v 0.000000 0.150543 -0.305117
v 0.000000 0.146583 -0.330534
v 0.009549 0.146583 -0.330534
v 0.010289 0.143520 -0.328986
v 0.011266 0.128935 -0.324731
v 0.007750 0.143212 -0.328962
v 0.008856 0.127187 -0.324473
v 0.008708 0.130585 -0.303034
v 0.011062 0.126365 -0.324210
v 0.008988 0.130374 -0.302287
v 0.012572 0.126000 -0.323654
v 0.012041 0.128706 -0.324516
v 0.012704 0.130882 -0.306273
v 0.014293 0.128040 -0.323891
v 0.015452 0.127703 -0.323984
v 0.015452 0.129538 -0.306273
v 0.015452 0.128123 -0.305478
v 0.019311 0.127381 -0.305478
v 0.019311 0.127082 -0.323984
v 0.019311 0.125682 -0.305478
v 0.019311 0.127381 -0.300818
v 0.019311 0.125682 -0.323984
v 0.019311 0.098521 -0.299959
v 0.019311 0.098521 -0.296072
v 0.013999 0.096021 -0.298706
v 0.019311 0.098521 -0.315623
v 0.013999 0.096021 -0.313658
v 0.015390 0.099928 -0.315623
v 0.015390 0.125682 -0.323984
v 0.015390 0.099928 -0.299959
v 0.011443 0.097428 -0.313658
v 0.011443 0.097428 -0.298706
v 0.011443 0.094895 -0.313292
v 0.011443 0.087977 -0.311047
v 0.011443 0.094895 -0.298436
v 0.013999 0.094895 -0.313292
v 0.013999 0.094895 -0.298436
v 0.013999 0.087977 -0.311047
v 0.013999 0.087977 -0.296777
v 0.013999 0.077136 -0.307529
v 0.013999 0.077136 -0.294179
v 0.013999 0.066295 -0.304011
v 0.011443 0.077136 -0.307529
v 0.011443 0.066901 -0.304011
v 0.011443 0.077136 -0.294179
v 0.011443 0.087977 -0.296777
v 0.011443 0.077136 -0.290920
v 0.011443 0.066901 -0.291581
v 0.009996 0.064023 -0.290897
v 0.011443 0.066901 -0.288571
v 0.011443 0.066901 -0.274655
v 0.009996 0.064023 -0.287992
v 0.009996 0.064023 -0.274655
v 0.009996 0.043386 -0.283560
v 0.009996 0.043386 -0.273405
v 0.009996 0.043904 -0.287539
v 0.013069 0.043386 -0.283560
v 0.013069 0.043386 -0.273405
v 0.013069 0.063417 -0.287992
v 0.013069 0.043904 -0.287539
v 0.013069 0.063417 -0.290897
v 0.013069 0.046080 -0.295793
v 0.013069 0.063417 -0.302939
v 0.009996 0.046080 -0.295793
v 0.009996 0.064023 -0.302939
v 0.013999 0.066295 -0.291581
v 0.013999 0.066295 -0.288571
v 0.013999 0.066295 -0.274655
v 0.013999 0.077136 -0.290920
v 0.013999 0.077136 -0.275633
v 0.013999 0.087977 -0.293268
v 0.013999 0.087977 -0.276610
v 0.013999 0.094895 -0.294767
v 0.013999 0.094895 -0.277234
v 0.013999 0.096021 -0.295011
v 0.013999 0.096021 -0.277335
v 0.011443 0.097428 -0.277335
v 0.011443 0.097428 -0.295011
v 0.011443 0.094895 -0.277234
v 0.011443 0.087977 -0.276610
v 0.011443 0.094895 -0.294767
v 0.011443 0.087977 -0.293268
v 0.011443 0.087977 -0.267767
v 0.011443 0.077136 -0.275633
v 0.011443 0.078416 -0.266959
v 0.011443 0.081870 -0.241601
v 0.011443 0.068339 -0.266874
v 0.011443 0.074006 -0.242904
v 0.013999 0.068339 -0.266874
v 0.013999 0.074006 -0.242904
v 0.013999 0.078416 -0.266959
v 0.013999 0.087977 -0.267767
v 0.013999 0.081870 -0.241601
v 0.013999 0.087977 -0.243918
v 0.013999 0.091371 -0.247848
v 0.011443 0.087977 -0.243918
v 0.011443 0.091371 -0.247848
v 0.011443 0.091371 -0.267946
v 0.013999 0.091371 -0.267946
v 0.015390 0.099928 -0.296072
v 0.013069 0.063417 -0.274655
v 0.015390 0.125682 -0.305478
v 0.015403 0.125435 -0.305458
v 0.013081 0.126306 -0.305423
v 0.015390 0.125131 -0.323946
v 0.013826 0.125499 -0.323875
v 0.011633 0.129248 -0.304536
v 0.013035 0.131630 -0.301013
v 0.011758 0.131344 -0.306813
v -0.019202 0.125682 -0.277842
v -0.019202 0.098521 -0.277335
v -0.019202 0.125682 -0.300818
v -0.019202 0.127381 -0.277842
v -0.015280 0.125682 -0.277842
v -0.015280 0.099928 -0.277335
v -0.015280 0.125682 -0.300818
v -0.015280 0.125475 -0.277842
v -0.015280 0.125475 -0.300818
v -0.012786 0.126216 -0.277842
v -0.012786 0.126216 -0.300818
v -0.012786 0.131594 -0.277842
v -0.015343 0.128123 -0.277842
v -0.015343 0.128123 -0.300818
v -0.015343 0.129538 -0.277842
v -0.015343 0.129538 -0.301490
v -0.021459 0.130882 -0.277842
v -0.023564 0.131344 -0.277842
v -0.021459 0.130882 -0.303564
v -0.020911 0.133378 -0.277842
v -0.020993 0.133397 -0.277815
v -0.020788 0.133290 -0.302571
v -0.008878 0.130374 -0.302287
v -0.021060 0.133193 -0.302371
v -0.012925 0.131630 -0.301013
v -0.011523 0.129248 -0.304536
v -0.012462 0.126000 -0.323654
v -0.012971 0.126306 -0.305423
v -0.013717 0.125499 -0.323875
v -0.015293 0.125435 -0.305458
v -0.015280 0.125131 -0.323946
v -0.015280 0.125682 -0.305478
v -0.015280 0.099928 -0.299959
v -0.015280 0.125682 -0.323984
v -0.015280 0.099928 -0.315623
v -0.019202 0.125682 -0.323984
v -0.019202 0.127082 -0.323984
v -0.019202 0.125682 -0.305478
v -0.019202 0.098521 -0.315623
v -0.019202 0.098521 -0.299959
v -0.013889 0.096021 -0.313658
v -0.013889 0.096021 -0.298706
v -0.013889 0.094895 -0.313292
v -0.011333 0.097428 -0.313658
v -0.011333 0.097428 -0.298706
v -0.011333 0.094895 -0.313292
v -0.011333 0.094895 -0.298436
v -0.011333 0.087977 -0.311047
v -0.011333 0.087977 -0.296777
v -0.011333 0.077136 -0.307529
v -0.013889 0.087977 -0.311047
v -0.013889 0.087977 -0.296777
v -0.013889 0.077136 -0.307529
v -0.013889 0.066295 -0.304011
v -0.013889 0.077136 -0.294179
v -0.013889 0.077136 -0.290920
v -0.013889 0.066295 -0.291581
v -0.012960 0.063417 -0.290897
v -0.013889 0.066295 -0.288571
v -0.013889 0.066295 -0.274655
v -0.012960 0.063417 -0.287992
v -0.012960 0.063417 -0.274655
v -0.012960 0.043386 -0.283560
v -0.012960 0.043386 -0.273405
v -0.012960 0.043904 -0.287539
v -0.009886 0.043386 -0.283560
v -0.009886 0.064023 -0.287992
v -0.009886 0.043386 -0.273405
v -0.009886 0.043904 -0.287539
v -0.009886 0.064023 -0.290897
v -0.009886 0.046080 -0.295793
v -0.009886 0.064023 -0.302939
v -0.012960 0.046080 -0.295793
v -0.012960 0.063417 -0.302939
v -0.011333 0.066901 -0.304011
v -0.011333 0.066901 -0.291581
v -0.011333 0.066901 -0.288571
v -0.011333 0.077136 -0.294179
v -0.011333 0.077136 -0.290920
v -0.011333 0.077136 -0.275633
v -0.011333 0.087977 -0.293268
v -0.011333 0.094895 -0.294767
v -0.011333 0.087977 -0.276610
v -0.011333 0.087977 -0.267767
v -0.011333 0.094895 -0.277234
v -0.013889 0.087977 -0.276610
v -0.013889 0.087977 -0.267767
v -0.013889 0.077136 -0.275633
v -0.013889 0.087977 -0.293268
v -0.013889 0.094895 -0.277234
v -0.013889 0.094895 -0.294767
v -0.013889 0.096021 -0.277335
v -0.013889 0.096021 -0.295011
v -0.011333 0.097428 -0.277335
v -0.011333 0.097428 -0.295011
v -0.015280 0.099928 -0.296072
v -0.019202 0.098521 -0.296072
v -0.013889 0.094895 -0.298436
v -0.013889 0.078416 -0.266959
v -0.013889 0.081870 -0.241601
v -0.013889 0.068339 -0.266874
v -0.013889 0.074006 -0.242904
v -0.011333 0.068339 -0.266874
v -0.011333 0.078416 -0.266959
v -0.011333 0.074006 -0.242904
v -0.011333 0.066901 -0.274655
v -0.009886 0.064023 -0.274655
v -0.011333 0.081870 -0.241601
v -0.011333 0.087977 -0.243918
v -0.011333 0.091371 -0.247848
v -0.013889 0.087977 -0.243918
v -0.013889 0.091371 -0.247848
v -0.013889 0.091371 -0.267946
v -0.011333 0.091371 -0.267946
v -0.019202 0.127381 -0.305478
v -0.015343 0.128123 -0.305478
v -0.019202 0.127381 -0.300818
v -0.015343 0.129538 -0.306273
v -0.015343 0.127703 -0.323984
v -0.014183 0.128040 -0.323891
v -0.011931 0.128706 -0.324516
v -0.011156 0.128935 -0.324731
v -0.012594 0.130882 -0.306273
v -0.010952 0.126365 -0.324210
v -0.008746 0.127187 -0.324473
v -0.008598 0.130585 -0.303034
v -0.007640 0.143212 -0.328962
v -0.007690 0.143662 -0.304793
v -0.007246 0.144056 -0.330153
v -0.010179 0.143520 -0.328986
v -0.009439 0.146583 -0.330534
v -0.010179 0.143972 -0.307688
v -0.009439 0.150543 -0.305665
v -0.022764 0.144095 -0.305323
v -0.011649 0.131344 -0.306813
v -0.023564 0.131344 -0.304818
v -0.023564 0.144770 -0.277842
v -0.020654 0.150429 -0.305480
v -0.020341 0.143903 -0.302401
v -0.021009 0.144752 -0.277771
v -0.020383 0.150259 -0.302944
v -0.007629 0.148065 -0.303186
v 0.000110 0.148019 -0.304715
v 0.000110 0.144059 -0.330132
v 0.000110 0.150543 -0.305117
v 0.000110 0.146583 -0.330534
v -0.002059 0.145822 -0.352068
v -0.002059 0.141602 -0.350937
v -0.002059 0.145822 -0.348980
v -0.002059 0.150043 -0.350937
v 0.002059 0.145822 -0.352068
v 0.002059 0.141602 -0.350937
v 0.002059 0.145822 -0.348980
v 0.002059 0.150043 -0.350937
v 0.002059 0.153132 -0.347847
v 0.002059 0.148499 -0.348263
v 0.002059 0.150458 -0.346304
v -0.002059 0.148499 -0.348263
v -0.002059 0.150458 -0.346304
v -0.002059 0.153132 -0.347847
v -0.002059 0.151176 -0.343627
v -0.002059 0.154263 -0.343627
v -0.002059 0.150458 -0.340950
v 0.002059 0.151176 -0.343627
v 0.002059 0.150458 -0.340950
v 0.002059 0.154263 -0.343627
v 0.002059 0.153132 -0.339406
v -0.002059 0.153132 -0.339406
v 0.002059 0.150043 -0.336317
v 0.002062 0.146200 -0.333878
v -0.002059 0.150043 -0.336317
v 0.002059 0.145822 -0.335186
v 0.002059 0.148499 -0.338990
v 0.002059 0.145822 -0.338273
v -0.002059 0.148499 -0.338990
v -0.002059 0.145822 -0.338273
v -0.002059 0.145822 -0.335186
v -0.002059 0.143145 -0.338990
v -0.002059 0.141602 -0.336317
v -0.002059 0.141186 -0.340950
v 0.002059 0.143145 -0.338990
v 0.002059 0.141186 -0.340950
v 0.002059 0.141602 -0.336317
v 0.002059 0.138512 -0.339406
v 0.002062 0.140638 -0.333543
v -0.002041 0.140638 -0.333543
v 0.002062 0.140521 -0.333205
v 0.002062 0.145374 -0.334855
v 0.002062 0.145319 -0.334814
v 0.011559 0.145319 -0.334814
v 0.002062 0.145733 -0.333581
v -0.002038 0.145733 -0.333581
v 0.002062 0.146973 -0.329881
v -0.002038 0.146973 -0.329881
v 0.011559 0.146973 -0.329881
v 0.002062 0.128127 -0.323561
v 0.011559 0.129049 -0.323870
v 0.002407 0.095444 -0.312601
v -0.002038 0.128126 -0.323561
v -0.011559 0.129049 -0.323870
v -0.002379 0.095444 -0.312601
v -0.002379 0.067964 -0.303386
v -0.015362 0.095444 -0.312601
v -0.015362 0.093790 -0.317535
v -0.019043 0.096390 -0.312918
v -0.015362 0.067964 -0.303386
v -0.011559 0.063468 -0.300950
v -0.015362 0.066310 -0.308320
v -0.011559 0.061814 -0.306812
v -0.002379 0.066310 -0.308320
v 0.002407 0.066310 -0.308320
v -0.002379 0.093790 -0.317535
v -0.002038 0.061814 -0.306812
v -0.002038 0.041583 -0.300028
v 0.002062 0.061814 -0.306812
v 0.002062 0.041583 -0.300028
v 0.011559 0.061814 -0.306812
v 0.011559 0.041583 -0.300028
v 0.011559 0.063468 -0.300950
v 0.015362 0.066310 -0.308320
v 0.015362 0.067964 -0.303386
v 0.015362 0.093790 -0.317535
v 0.015362 0.095444 -0.312601
v 0.019043 0.094735 -0.317852
v 0.011559 0.127395 -0.328804
v 0.002407 0.093790 -0.317535
v 0.002062 0.126472 -0.328494
v -0.002038 0.126471 -0.328494
v -0.011559 0.127395 -0.328804
v -0.002038 0.140520 -0.333205
v -0.002038 0.145319 -0.334814
v -0.002041 0.145374 -0.334855
v -0.011559 0.145319 -0.334814
v -0.011559 0.146973 -0.329881
v -0.002041 0.146200 -0.333878
v -0.019043 0.126449 -0.328487
v -0.019043 0.094735 -0.317852
v -0.019043 0.128104 -0.323553
v 0.019043 0.126449 -0.328487
v 0.019043 0.128104 -0.323553
v 0.019043 0.096390 -0.312918
v 0.002407 0.067964 -0.303386
v 0.002062 0.063468 -0.300950
v -0.002038 0.063468 -0.300950
v 0.002062 0.043237 -0.292198
v 0.011559 0.043237 -0.292198
v -0.002038 0.043237 -0.292198
v -0.011559 0.043237 -0.292198
v -0.011559 0.041583 -0.300028
v 0.002059 0.137381 -0.343627
v -0.002059 0.138512 -0.339406
v -0.002059 0.137381 -0.343627
v -0.002059 0.138512 -0.347847
v -0.002059 0.140468 -0.343627
v -0.002059 0.141186 -0.346304
v 0.002059 0.140468 -0.343627
v 0.002059 0.141186 -0.346304
v 0.002059 0.143145 -0.348263
v 0.002059 0.138512 -0.347847
v -0.002059 0.143145 -0.348263
v -0.011632 0.041554 -0.299592
v -0.011632 0.027370 -0.327533
v -0.015012 0.052035 -0.303078
v 0.011632 0.041554 -0.299592
v 0.015012 0.052035 -0.303078
v 0.011632 0.027370 -0.327533
v 0.015012 0.039801 -0.328357
v 0.011632 0.135708 -0.334886
v -0.015012 0.039801 -0.328357
v -0.011632 0.135708 -0.334886
v -0.011632 0.135134 -0.330718
v 0.011632 0.135134 -0.330718
v -0.022215 0.181056 -0.080871
v -0.022215 0.187232 -0.080871
v -0.019016 0.181056 -0.080871
v -0.022215 0.172965 -0.080871
v -0.022215 0.181056 -0.102602
v -0.022215 0.187232 -0.102602
v -0.022215 0.181056 -0.192753
v -0.022215 0.172965 -0.102602
v -0.022215 0.172965 -0.192753
v -0.019016 0.172965 -0.102602
v -0.019016 0.172965 -0.080871
v -0.019016 0.181056 -0.102602
v -0.019016 0.172965 -0.192753
v -0.019016 0.181056 -0.192753
v -0.019016 0.187232 -0.192753
v -0.009026 0.181056 -0.192753
v -0.009026 0.187232 -0.192753
v -0.005134 0.181056 -0.192753
v -0.009026 0.181056 -0.102602
v -0.009026 0.181056 -0.080871
v -0.005134 0.181056 -0.102602
v -0.005134 0.181056 -0.080871
v 0.005029 0.181056 -0.102602
v 0.009026 0.181056 -0.102602
v 0.005029 0.181056 -0.080871
v 0.005029 0.181056 -0.192753
v 0.005029 0.187232 -0.192753
v 0.009026 0.181056 -0.192753
v 0.009026 0.187232 -0.192753
v 0.019016 0.181056 -0.192753
v 0.019016 0.187232 -0.192753
v 0.022215 0.181056 -0.192753
v 0.019016 0.181056 -0.102602
v 0.019016 0.172965 -0.192753
v 0.019016 0.172965 -0.102602
v 0.022215 0.172965 -0.192753
v 0.022215 0.172965 -0.102602
v 0.022215 0.172965 -0.080871
v 0.022215 0.181056 -0.102602
v 0.022215 0.187232 -0.102602
v 0.022215 0.181056 -0.080871
v 0.022215 0.187232 -0.080871
v 0.019016 0.181056 -0.080871
v 0.009026 0.181056 -0.080871
v 0.019016 0.187232 -0.080871
v 0.019016 0.172965 -0.080871
v 0.019016 0.187232 -0.102602
v 0.009026 0.187232 -0.080871
v 0.009026 0.187232 -0.102602
v 0.005029 0.187232 -0.080871
v 0.009026 0.193495 -0.080871
v 0.005029 0.193495 -0.080871
v 0.009026 0.193495 -0.102602
v 0.009026 0.193495 -0.192753
v 0.005029 0.193495 -0.102602
v 0.008817 0.194733 -0.103094
v 0.005548 0.194733 -0.103094
v 0.008103 0.198637 -0.103784
v 0.008817 0.194733 -0.193245
v 0.008817 0.194514 -0.195710
v 0.008103 0.196316 -0.193904
v 0.008103 0.196026 -0.196674
v 0.012906 0.196316 -0.197288
v 0.012282 0.198637 -0.100494
v 0.010949 0.196026 -0.200263
v 0.012906 0.199051 -0.198528
v 0.008103 0.199051 -0.195059
v 0.010949 0.198740 -0.201501
v 0.012282 0.202066 -0.102590
v 0.007935 0.202283 -0.092454
v 0.008103 0.202066 -0.105735
v 0.004833 0.202066 -0.105735
v 0.008103 0.215826 -0.108789
v 0.004833 0.215826 -0.108789
v 0.008103 0.215826 -0.201427
v 0.008103 0.215607 -0.204203
v 0.004105 0.215607 -0.204203
v 0.008103 0.198740 -0.197827
v 0.004105 0.198740 -0.197827
v -0.006058 0.198740 -0.197827
v 0.005695 0.198740 -0.202370
v -0.007664 0.198740 -0.202370
v 0.005695 0.196026 -0.201132
v -0.007664 0.196026 -0.201132
v 0.004105 0.196026 -0.196674
v -0.006058 0.196026 -0.196674
v 0.004820 0.194514 -0.195710
v -0.005343 0.194514 -0.195710
v 0.005029 0.193276 -0.195530
v 0.005029 0.187232 -0.195530
v 0.009026 0.193276 -0.195530
v -0.005134 0.193276 -0.195530
v -0.009026 0.193276 -0.195530
v -0.005134 0.187232 -0.195530
v -0.009026 0.187232 -0.195530
v -0.005134 0.187232 -0.192753
v -0.009026 0.193495 -0.192753
v -0.009235 0.194514 -0.195710
v -0.009235 0.194733 -0.193245
v -0.009950 0.196026 -0.196674
v -0.009950 0.196316 -0.193904
v -0.012780 0.196026 -0.200263
v -0.013416 0.196316 -0.197288
v -0.012780 0.198740 -0.201501
v -0.013416 0.199051 -0.198528
v -0.009950 0.198740 -0.197827
v -0.009950 0.215607 -0.204203
v -0.009950 0.199051 -0.195059
v -0.009950 0.202066 -0.105735
v -0.009950 0.215826 -0.201427
v -0.009950 0.215826 -0.108789
v -0.006058 0.215826 -0.108789
v -0.006058 0.215826 -0.094787
v -0.006058 0.202066 -0.105735
v -0.006058 0.202533 -0.091742
v -0.009583 0.202283 -0.092454
v -0.007664 0.202533 -0.089242
v -0.012791 0.202066 -0.102590
v -0.009583 0.198854 -0.090359
v -0.007664 0.198997 -0.087142
v -0.006058 0.198637 -0.103784
v -0.012791 0.198637 -0.100494
v -0.009950 0.198637 -0.103784
v -0.009235 0.194733 -0.103094
v -0.005343 0.194733 -0.103094
v -0.009026 0.193495 -0.102602
v -0.009026 0.193495 -0.080871
v -0.009026 0.187232 -0.102602
v -0.005134 0.193495 -0.102602
v -0.005134 0.193495 -0.080871
v -0.005134 0.187232 -0.080871
v -0.005343 0.194733 -0.081363
v -0.005134 0.193495 -0.080043
v -0.005343 0.194733 -0.080535
v 0.005029 0.193495 -0.080043
v 0.004820 0.194733 -0.080535
v 0.005548 0.194733 -0.081363
v 0.004833 0.198997 -0.089786
v -0.006058 0.198997 -0.089786
v 0.004833 0.198637 -0.103784
v 0.005695 0.198997 -0.087142
v 0.007935 0.198854 -0.090359
v 0.005695 0.202533 -0.089242
v 0.004833 0.202533 -0.091742
v 0.004833 0.215826 -0.094787
v -0.009026 0.187232 -0.080871
v -0.019016 0.187232 -0.080871
v -0.019016 0.187232 -0.102602
v -0.006058 0.215607 -0.204203
v 0.009026 0.187232 -0.195530
v 0.022215 0.187232 -0.192753
v -0.022215 0.187232 -0.192753
v 0.024485 0.226415 -0.197408
v 0.024485 0.220878 -0.202944
v 0.024485 0.226415 -0.205237
v 0.024485 0.218585 -0.197408
v 0.024485 0.220878 -0.191871
v 0.024485 0.226415 -0.189578
v 0.024485 0.231951 -0.191871
v 0.024485 0.234244 -0.197408
v 0.024485 0.231951 -0.202944
v 0.017335 0.231951 -0.202944
v 0.017335 0.234244 -0.197408
v 0.017335 0.226415 -0.205237
v 0.014057 0.234530 -0.205887
v 0.008116 0.240472 -0.205887
v 0.014057 0.234530 -0.223291
v 0.016232 0.226415 -0.205887
v 0.014057 0.234530 -0.197408
v 0.008116 0.240472 -0.197408
v 0.014057 0.234530 -0.188928
v 0.008116 0.240472 -0.188928
v 0.014057 0.234530 -0.186526
v 0.016232 0.226415 -0.188928
v 0.017335 0.231951 -0.191871
v 0.017335 0.226415 -0.189578
v 0.017335 0.220878 -0.191871
v 0.017335 0.218585 -0.197408
v 0.014057 0.218299 -0.188928
v 0.008116 0.212357 -0.188928
v 0.014057 0.218299 -0.186526
v 0.014057 0.218299 -0.197408
v 0.008116 0.212357 -0.197408
v 0.014057 0.218299 -0.205887
v 0.014057 0.218299 -0.223291
v 0.008116 0.212357 -0.205887
v 0.017335 0.220878 -0.202944
v 0.008116 0.212357 -0.223291
v 0.000000 0.210183 -0.205887
v 0.000000 0.210183 -0.223291
v 0.000000 0.210183 -0.197408
v -0.008116 0.212357 -0.205887
v -0.008116 0.212357 -0.223291
v -0.014057 0.218299 -0.205887
v -0.008116 0.212357 -0.197408
v -0.008116 0.212357 -0.188928
v -0.014057 0.218299 -0.197408
v -0.014057 0.218299 -0.188928
v -0.017335 0.218585 -0.197408
v -0.017335 0.220878 -0.202944
v -0.024485 0.218585 -0.197408
v -0.017335 0.220878 -0.191871
v -0.024485 0.220878 -0.191871
v -0.017335 0.226415 -0.189578
v -0.024485 0.226415 -0.189578
v -0.017335 0.231951 -0.191871
v -0.016232 0.226415 -0.188928
v -0.016232 0.226415 -0.186526
v -0.014057 0.234530 -0.188928
v -0.014057 0.234530 -0.186526
v -0.008116 0.240472 -0.188928
v -0.014057 0.234530 -0.197408
v -0.008116 0.240472 -0.197408
v -0.014057 0.234530 -0.205887
v -0.017335 0.234244 -0.197408
v -0.024485 0.234244 -0.197408
v -0.017335 0.231951 -0.202944
v -0.024485 0.231951 -0.202944
v -0.017335 0.226415 -0.205237
v -0.024485 0.226415 -0.205237
v -0.016232 0.226415 -0.205887
v -0.016232 0.226415 -0.223291
v -0.020669 0.226415 -0.225615
v -0.014057 0.234530 -0.223291
v -0.014057 0.218299 -0.223291
v -0.017900 0.216080 -0.225615
v -0.010334 0.208515 -0.225615
v -0.017900 0.216080 -0.229857
v -0.016257 0.217029 -0.231776
v -0.020669 0.226415 -0.229857
v -0.010334 0.208515 -0.229857
v -0.009386 0.210158 -0.231776
v 0.000000 0.205746 -0.229857
v 0.010334 0.208515 -0.229857
v 0.000000 0.207643 -0.231776
v 0.000000 0.205746 -0.225615
v 0.010334 0.208515 -0.225615
v 0.017900 0.216080 -0.225615
v 0.017900 0.216080 -0.229857
v 0.020669 0.226415 -0.225615
v 0.017900 0.236749 -0.225615
v 0.020669 0.226415 -0.229857
v 0.016232 0.226415 -0.223291
v 0.018772 0.226415 -0.231776
v 0.017900 0.236749 -0.229857
v 0.010334 0.244314 -0.229857
v 0.016257 0.235800 -0.231776
v 0.009386 0.242671 -0.231776
v 0.016257 0.235800 -0.248846
v 0.009386 0.242671 -0.248846
v 0.017707 0.236638 -0.250159
v 0.018772 0.226415 -0.248846
v 0.020446 0.226415 -0.250159
v 0.016257 0.217029 -0.248846
v 0.017707 0.216191 -0.250159
v 0.009386 0.210158 -0.248846
v 0.016257 0.217029 -0.231776
v 0.009386 0.210158 -0.231776
v 0.010223 0.208707 -0.250159
v 0.000000 0.207643 -0.248846
v 0.000000 0.205968 -0.250159
v -0.009386 0.210158 -0.248846
v -0.010223 0.208707 -0.250159
v -0.016257 0.217029 -0.248846
v -0.017707 0.216191 -0.250159
v -0.018772 0.226415 -0.248846
v -0.020446 0.226415 -0.250159
v -0.016257 0.235800 -0.248846
v -0.018772 0.226415 -0.231776
v -0.016257 0.235800 -0.231776
v -0.009386 0.242671 -0.231776
v -0.017900 0.236749 -0.229857
v -0.010334 0.244314 -0.229857
v -0.017900 0.236749 -0.225615
v -0.010334 0.244314 -0.225615
v 0.000000 0.247083 -0.225615
v -0.008116 0.240472 -0.223291
v 0.000000 0.242646 -0.223291
v -0.008116 0.240472 -0.205887
v 0.000000 0.242646 -0.205887
v -0.005646 0.245166 -0.202944
v -0.005646 0.255227 -0.202944
v -0.007940 0.245166 -0.197408
v -0.000110 0.245166 -0.205237
v -0.000110 0.255227 -0.205237
v 0.005426 0.245166 -0.202944
v 0.005426 0.255227 -0.202944
v 0.007720 0.245166 -0.197408
v 0.007720 0.255227 -0.197408
v 0.005426 0.245166 -0.191871
v 0.005426 0.255227 -0.191871
v -0.000110 0.245166 -0.189578
v -0.000110 0.255227 -0.189578
v -0.005646 0.245166 -0.191871
v 0.000000 0.242646 -0.188928
v 0.000000 0.242646 -0.186526
v 0.008116 0.240472 -0.186526
v 0.000000 0.244933 -0.183092
v -0.008116 0.240472 -0.186526
v -0.009259 0.242452 -0.183092
v -0.016037 0.235674 -0.183092
v -0.009259 0.242452 -0.147336
v 0.000000 0.244933 -0.147336
v -0.016037 0.235674 -0.147336
v -0.012558 0.248166 -0.138044
v 0.000000 0.251531 -0.138044
v -0.021752 0.238973 -0.138044
v -0.012558 0.248166 -0.116530
v 0.000000 0.251531 -0.116530
v -0.021752 0.238973 -0.116530
v -0.011768 0.246797 -0.114813
v 0.000000 0.249950 -0.114813
v -0.020382 0.238182 -0.114813
v -0.010847 0.247225 -0.093147
v 0.000000 0.250151 -0.091725
v -0.018787 0.239230 -0.097029
v -0.011757 0.248681 -0.090593
v 0.000000 0.251832 -0.089011
v -0.020364 0.240070 -0.094915
v -0.011757 0.248519 -0.088678
v 0.000000 0.251645 -0.087047
v -0.020364 0.239977 -0.093133
v -0.010230 0.245906 -0.089059
v 0.000000 0.248628 -0.087643
v -0.017719 0.238468 -0.092926
v 0.000000 0.228308 -0.098209
v 0.010230 0.245906 -0.089059
v 0.017719 0.238468 -0.092926
v 0.020460 0.228308 -0.098209
v 0.017719 0.218148 -0.103491
v 0.010230 0.210711 -0.107359
v 0.000000 0.207988 -0.108774
v -0.020460 0.228308 -0.098209
v -0.017719 0.218148 -0.103491
v -0.010230 0.210711 -0.107359
v -0.011757 0.208098 -0.109760
v 0.000000 0.204971 -0.111390
v -0.011757 0.207936 -0.111043
v -0.020364 0.216640 -0.105305
v -0.020364 0.216546 -0.106721
v -0.023514 0.228308 -0.099219
v -0.023514 0.228308 -0.100818
v -0.021693 0.228308 -0.102333
v -0.023535 0.226415 -0.114813
v -0.018787 0.217387 -0.107637
v -0.020382 0.214647 -0.114813
v -0.010847 0.209392 -0.111519
v 0.000000 0.206465 -0.112941
v -0.011768 0.206032 -0.114813
v 0.000000 0.202879 -0.114813
v -0.012558 0.204663 -0.116530
v -0.012558 0.204663 -0.138044
v -0.021752 0.213856 -0.116530
v 0.000000 0.201298 -0.116530
v 0.012558 0.204663 -0.116530
v 0.000000 0.201298 -0.138044
v 0.012558 0.204663 -0.138044
v 0.000000 0.207896 -0.147336
v 0.009259 0.210377 -0.147336
v 0.000000 0.207896 -0.183092
v -0.009259 0.210377 -0.147336
v -0.009259 0.210377 -0.183092
v -0.016037 0.217155 -0.147336
v -0.016037 0.217155 -0.183092
v -0.018518 0.226415 -0.147336
v -0.021752 0.213856 -0.138044
v -0.025117 0.226415 -0.138044
v -0.025117 0.226415 -0.116530
v -0.018518 0.226415 -0.183092
v -0.014057 0.218299 -0.186526
v -0.008116 0.212357 -0.186526
v 0.000000 0.210183 -0.186526
v 0.008116 0.212357 -0.186526
v 0.000000 0.210183 -0.188928
v 0.009259 0.210377 -0.183092
v 0.016037 0.217155 -0.183092
v 0.018518 0.226415 -0.183092
v 0.016037 0.217155 -0.147336
v 0.018518 0.226415 -0.147336
v 0.021752 0.213856 -0.138044
v 0.025117 0.226415 -0.138044
v 0.021752 0.213856 -0.116530
v 0.025117 0.226415 -0.116530
v 0.020382 0.214647 -0.114813
v 0.023535 0.226415 -0.114813
v 0.011768 0.206032 -0.114813
v 0.018787 0.217387 -0.107637
v 0.021693 0.228308 -0.102333
v 0.010847 0.209392 -0.111519
v 0.020364 0.216546 -0.106721
v 0.011757 0.207936 -0.111043
v 0.023514 0.228308 -0.100818
v 0.020364 0.216640 -0.105305
v 0.023514 0.228308 -0.099219
v 0.011757 0.208098 -0.109760
v 0.020364 0.239977 -0.093133
v 0.020364 0.240070 -0.094915
v 0.011757 0.248519 -0.088678
v 0.011757 0.248681 -0.090593
v 0.010847 0.247225 -0.093147
v 0.011768 0.246797 -0.114813
v 0.018787 0.239230 -0.097029
v 0.020382 0.238182 -0.114813
v 0.021752 0.238973 -0.116530
v 0.021752 0.238973 -0.138044
v 0.012558 0.248166 -0.116530
v 0.012558 0.248166 -0.138044
v 0.009259 0.242452 -0.147336
v 0.009259 0.242452 -0.183092
v 0.016037 0.235674 -0.147336
v 0.016037 0.235674 -0.183092
v 0.000000 0.204785 -0.112624
v 0.016232 0.226415 -0.186526
v -0.005646 0.255227 -0.191871
v -0.000110 0.255227 -0.197408
v -0.007940 0.255227 -0.197408
v 0.008116 0.240472 -0.223291
v 0.010334 0.244314 -0.225615
v 0.000000 0.247083 -0.229857
v 0.000000 0.245186 -0.231776
v 0.000000 0.245186 -0.248846
v 0.000000 0.246861 -0.250159
v -0.009386 0.242671 -0.248846
v -0.010223 0.244122 -0.250159
v -0.017707 0.236638 -0.250159
v -0.010223 0.244122 -0.253391
v -0.009116 0.242205 -0.255209
v 0.000000 0.246861 -0.253391
v -0.017707 0.236638 -0.253391
v -0.015790 0.235531 -0.255209
v -0.020446 0.226415 -0.253391
v -0.017707 0.216191 -0.253391
v -0.018233 0.226415 -0.255209
v -0.015790 0.217298 -0.255209
v -0.018233 0.226415 -0.262885
v -0.015790 0.217298 -0.262885
v -0.020851 0.226415 -0.265208
v -0.015790 0.235531 -0.262885
v -0.018057 0.236840 -0.265208
v -0.009116 0.242205 -0.262885
v -0.010425 0.244472 -0.265208
v 0.000000 0.244647 -0.262885
v 0.000000 0.247265 -0.265208
v 0.009116 0.242205 -0.262885
v 0.000000 0.244647 -0.255209
v 0.009116 0.242205 -0.255209
v 0.015790 0.235531 -0.255209
v 0.010223 0.244122 -0.253391
v 0.017707 0.236638 -0.253391
v 0.010223 0.244122 -0.250159
v 0.020446 0.226415 -0.253391
v 0.018233 0.226415 -0.255209
v 0.017707 0.216191 -0.253391
v 0.015790 0.217298 -0.255209
v 0.010223 0.208707 -0.253391
v 0.009116 0.210624 -0.255209
v 0.000000 0.205968 -0.253391
v 0.000000 0.208182 -0.255209
v -0.010223 0.208707 -0.253391
v -0.009116 0.210624 -0.255209
v -0.009116 0.210625 -0.262885
v 0.000000 0.208182 -0.262885
v -0.010425 0.208357 -0.265208
v 0.000000 0.205564 -0.265208
v -0.010425 0.208357 -0.271130
v -0.018057 0.215989 -0.265208
v -0.018057 0.215989 -0.271130
v 0.000000 0.226415 -0.271130
v -0.020851 0.226415 -0.271130
v -0.018057 0.236840 -0.271130
v -0.010425 0.244472 -0.271130
v 0.000000 0.247265 -0.271130
v 0.010425 0.244472 -0.271130
v 0.010425 0.244472 -0.265208
v 0.018057 0.236840 -0.271130
v 0.018057 0.236840 -0.265208
v 0.020851 0.226415 -0.271130
v 0.020851 0.226415 -0.265208
v 0.018057 0.215989 -0.271130
v 0.018057 0.215989 -0.265208
v 0.010425 0.208357 -0.271130
v 0.010425 0.208357 -0.265208
v 0.000000 0.205564 -0.271130
v 0.009116 0.210625 -0.262885
v 0.015790 0.217298 -0.262885
v 0.018233 0.226415 -0.262885
v 0.015790 0.235531 -0.262885
v -0.024485 0.226415 -0.197408
v -0.024485 0.220878 -0.202944
v -0.024485 0.231951 -0.191871
v 0.000000 0.080005 -0.330237
v 0.011306 0.099525 -0.331794
v 0.000000 0.102545 -0.332034
v 0.019582 0.091275 -0.331136
v 0.022611 0.080005 -0.330237
v 0.019582 0.068735 -0.329339
v 0.011306 0.060485 -0.328681
v 0.000000 0.057465 -0.328441
v -0.011306 0.060485 -0.328681
v -0.019582 0.068735 -0.329339
v -0.022611 0.080005 -0.330237
v -0.019582 0.091275 -0.331136
v -0.011306 0.099525 -0.331794
v -0.011306 0.095931 -0.376873
v -0.019582 0.087681 -0.376216
v 0.000000 0.098951 -0.377114
v 0.011306 0.095931 -0.376873
v 0.019582 0.087681 -0.376216
v 0.022611 0.076411 -0.375317
v 0.019582 0.065141 -0.374419
v 0.011306 0.056891 -0.373761
v 0.000000 0.053871 -0.373520
v -0.011306 0.056891 -0.373761
v -0.019582 0.065141 -0.374419
v -0.022611 0.076411 -0.375317
vn -0.0000 -0.7071 0.7071
vn -0.3015 0.3015 0.9045
vn -0.5774 0.5774 0.5774
vn -0.5774 -0.5774 0.5774
vn -0.7071 -0.7071 -0.0000
vn -0.0000 -1.0000 -0.0000
vn -0.7071 0.7071 -0.0000
vn -0.2875 0.9104 -0.2975
vn -1.0000 -0.0000 -0.0000
vn 0.3015 0.3015 0.9045
vn 0.6789 0.0958 0.7280
vn -0.6789 0.0958 0.7280
vn -0.6532 0.3786 0.6557
vn -0.6532 0.6557 0.3786
vn 0.6532 0.6557 0.3786
vn 0.6532 0.3786 0.6557
vn 0.6736 0.7350 0.0775
vn -0.6736 0.7350 0.0775
vn 0.6615 0.7228 -0.1998
vn -0.6615 0.7228 -0.1998
vn -0.6485 0.5436 -0.5329
vn -0.6599 0.2087 -0.7218
vn 0.6599 0.2087 -0.7218
vn 0.6485 0.5436 -0.5329
vn 1.0000 -0.0000 -0.0000
vn 0.2875 0.9104 -0.2975
vn -0.0000 0.7071 -0.7071
vn -0.2881 0.9101 -0.2977
vn 0.2881 0.9101 -0.2977
vn -0.6525 0.2375 -0.7196
vn 0.6525 0.2375 -0.7196
vn -0.6556 0.5591 -0.5075
vn 0.6556 0.5591 -0.5075
vn -0.6615 0.7228 -0.1999
vn 0.6615 0.7228 -0.1999
vn -0.7071 -0.0000 0.7071
vn 0.7071 -0.0000 0.7071
vn 0.5774 -0.5774 0.5774
vn 0.5774 0.5774 0.5774
vn 0.7071 0.7071 -0.0000
vn 0.7071 -0.7071 -0.0000
vn 0.5774 -0.5774 -0.5774
vn -0.0000 -0.7071 -0.7071
vn 0.5774 0.5774 -0.5774
vn -0.5774 -0.5774 -0.5774
vn -0.5774 0.5774 -0.5774
vn -0.6532 0.3786 -0.6557
vn -0.6532 -0.0000 -0.7572
vn -0.6532 -0.3786 -0.6557
vn -0.6532 -0.6557 -0.3786
vn -0.6532 -0.7572 -0.0000
vn -0.6532 -0.6557 0.3786
vn -0.6532 -0.3786 0.6557
vn -0.6532 -0.0000 0.7572
vn -0.6532 0.7572 -0.0000
vn -0.6532 0.6557 -0.3786
vn 0.6532 0.6557 -0.3786
vn 0.6532 0.3786 -0.6557
vn 0.6532 -0.0000 -0.7572
vn 0.6532 -0.3786 -0.6557
vn 0.6532 -0.6557 -0.3786
vn 0.6532 -0.7572 -0.0000
vn 0.6532 -0.6557 0.3786
vn 0.6532 -0.3786 0.6557
vn 0.6532 -0.0000 0.7572
vn 0.6532 0.7572 -0.0000
vn -0.0000 -0.0000 1.0000
vn -0.3786 -0.6557 0.6532
vn -0.0000 -0.7572 0.6532
vn 0.3786 -0.6557 0.6532
vn 0.6557 -0.3786 0.6532
vn 0.7572 -0.0000 0.6532
vn 0.6557 0.3786 0.6532
vn 0.3786 0.6557 0.6532
vn -0.0000 0.7572 0.6532
vn -0.3786 0.6557 0.6532
vn -0.6557 0.3786 0.6532
vn -0.7572 -0.0000 0.6532
vn -0.6557 -0.3786 0.6532
vn -0.8660 -0.5000 -0.0000
vn -0.5000 -0.8660 -0.0000
vn -0.3786 -0.6557 -0.6532
vn -0.0000 -0.7572 -0.6532
vn -0.6557 -0.3786 -0.6532
vn 0.5000 -0.8660 -0.0000
vn 0.3786 -0.6557 -0.6532
vn -0.0000 -0.0000 -1.0000
vn 0.6557 -0.3786 -0.6532
vn 0.5539 -0.3280 -0.7653
vn -0.0438 -0.0143 -0.9989
vn -0.0744 0.6094 -0.7894
vn -0.0000 0.7572 -0.6532
vn -0.3786 0.6557 -0.6532
vn -0.6557 0.3786 -0.6532
vn -0.7572 -0.0000 -0.6532
vn -0.8660 0.5000 -0.0000
vn -0.5000 0.8660 -0.0000
vn -0.0000 1.0000 -0.0000
vn 0.2164 0.9536 0.2093
vn -0.7278 0.6704 0.1443
vn -0.3897 0.5300 -0.7532
vn 0.5536 0.3191 0.7692
vn -0.6366 0.0007 0.7712
vn 0.9537 -0.2479 0.1703
vn -0.5180 -0.7420 0.4255
vn -0.0382 -0.4187 -0.9073
vn 0.8660 -0.5000 -0.0000
vn -0.9226 -0.0000 0.3857
vn -0.7990 -0.4613 0.3857
vn -0.4613 -0.7990 0.3857
vn -0.0413 -0.0149 -0.9990
vn 0.7572 -0.0000 -0.6532
vn 0.6557 0.3786 -0.6532
vn 0.3786 0.6557 -0.6532
vn 0.5000 0.8660 -0.0000
vn 0.8660 0.5000 -0.0000
vn 0.7990 0.4613 0.3857
vn 0.4613 0.7990 0.3857
vn -0.0000 0.9226 0.3857
vn 0.9226 -0.0000 0.3857
vn 0.7990 -0.4613 0.3857
vn 0.4613 -0.7990 0.3857
vn -0.0000 -0.9226 0.3857
vn -0.0000 -0.8997 0.4364
vn -0.4499 -0.7792 0.4364
vn 0.4499 -0.7792 0.4364
vn 0.3813 -0.6604 -0.6470
vn -0.0000 -0.7625 -0.6470
vn -0.3813 -0.6604 -0.6470
vn -0.7792 -0.4499 0.4364
vn -0.6604 -0.3813 -0.6470
vn -0.4168 -0.7220 -0.5522
vn -0.7220 -0.4168 -0.5522
vn -0.0000 -0.8337 -0.5522
vn -0.3834 -0.6641 0.6418
vn -0.6641 -0.3834 0.6418
vn -0.0000 -0.7669 0.6418
vn -0.7669 -0.0000 0.6418
vn -0.8337 -0.0000 -0.5522
vn -0.6641 0.3834 0.6418
vn -0.7220 0.4168 -0.5522
vn -0.7625 -0.0000 -0.6470
vn -0.6604 0.3813 -0.6470
vn -0.3813 0.6604 -0.6470
vn -0.4168 0.7220 -0.5522
vn -0.3834 0.6641 0.6418
vn -0.0000 0.7625 -0.6470
vn -0.0000 0.8337 -0.5522
vn -0.0000 0.7669 0.6418
vn 0.3834 0.6641 0.6418
vn 0.4168 0.7220 -0.5522
vn 0.6641 0.3834 0.6418
vn 0.7220 0.4168 -0.5522
vn 0.3813 0.6604 -0.6470
vn 0.6604 0.3813 -0.6470
vn 0.7625 -0.0000 -0.6470
vn 0.8337 -0.0000 -0.5522
vn 0.7669 -0.0000 0.6418
vn 0.6604 -0.3813 -0.6470
vn 0.7220 -0.4168 -0.5522
vn 0.6641 -0.3834 0.6418
vn 0.3834 -0.6641 0.6418
vn 0.4168 -0.7220 -0.5522
vn 0.7792 -0.4499 0.4364
vn 0.8997 -0.0000 0.4364
vn 0.7792 0.4499 0.4364
vn 0.4499 0.7792 0.4364
vn -0.0000 0.8997 0.4364
vn -0.4499 0.7792 0.4364
vn -0.4613 0.7990 0.3857
vn -0.7990 0.4613 0.3857
vn -0.7792 0.4499 0.4364
vn -0.8997 -0.0000 0.4364
vn -0.4368 -0.7565 -0.4868
vn -0.0000 -0.8735 -0.4868
vn 0.4368 -0.7565 -0.4868
vn -0.7565 -0.4368 -0.4868
vn -0.8735 -0.0000 -0.4868
vn -0.7565 0.4368 -0.4868
vn -0.4368 0.7565 -0.4868
vn -0.0000 0.8735 -0.4868
vn 0.4368 0.7565 -0.4868
vn 0.7565 0.4368 -0.4868
vn 0.8735 -0.0000 -0.4868
vn 0.7565 -0.4368 -0.4868
vn 0.1352 -0.2342 -0.9627
vn 0.2342 -0.1352 -0.9627
vn 0.2704 -0.0000 -0.9627
vn -0.0000 -0.2704 -0.9627
vn -0.1352 -0.2342 -0.9627
vn -0.1352 0.2342 -0.9627
vn -0.0000 0.2704 -0.9627
vn -0.2342 0.1352 -0.9627
vn -0.2704 -0.0000 -0.9627
vn 0.2342 0.1352 -0.9627
vn 0.1352 0.2342 -0.9627
vn -0.2342 -0.1352 -0.9627
vn -0.2584 -0.4476 0.8561
vn -0.0000 -0.5168 0.8561
vn 0.2584 -0.4476 0.8561
vn 0.4476 -0.2584 0.8561
vn 0.5168 -0.0000 0.8561
vn 0.4476 0.2584 0.8561
vn 0.2584 0.4476 0.8561
vn -0.0000 0.5168 0.8561
vn -0.2584 0.4476 0.8561
vn -0.4476 0.2584 0.8561
vn -0.5168 -0.0000 0.8561
vn -0.4476 -0.2584 0.8561
vn -0.7900 -0.4561 -0.4097
vn -0.4561 -0.7900 -0.4097
vn -0.0000 -0.9122 -0.4097
vn 0.4561 -0.7900 -0.4097
vn 0.7900 -0.4561 -0.4097
vn 0.9122 -0.0000 -0.4097
vn 0.7900 0.4561 -0.4097
vn 0.4561 0.7900 -0.4097
vn -0.0000 0.9122 -0.4097
vn -0.4561 0.7900 -0.4097
vn -0.7900 0.4561 -0.4097
vn -0.9122 -0.0000 -0.4097
vn -0.3015 -0.3015 0.9045
vn -0.7071 -0.0000 -0.7071
vn 0.9045 0.3015 -0.3015
vn 0.2513 -0.3769 -0.8915
vn 0.3555 -0.2278 0.9065
vn -0.0000 0.7071 0.7071
vn -0.6794 -0.0941 -0.7278
vn -0.7371 0.0866 0.6702
vn -0.7584 -0.1658 -0.6303
vn -0.6415 0.1951 0.7419
vn 0.7584 -0.1658 -0.6303
vn 0.6415 0.1951 0.7419
vn 0.7071 -0.0000 -0.7071
vn 0.5595 -0.4605 0.6892
vn -0.5595 -0.4605 0.6892
vn -0.6303 0.5490 0.5490
vn -0.6303 0.7764 -0.0000
vn -0.6303 0.5490 -0.5490
vn -0.5595 -0.4605 -0.6892
vn 0.5595 -0.4605 -0.6892
vn 0.6303 0.5490 -0.5490
vn 0.6303 0.5490 0.5490
vn 0.6303 0.7764 -0.0000
vn -0.7291 -0.5277 -0.4358
vn -0.6803 0.6791 -0.2759
vn -0.7396 0.6272 -0.2442
vn -0.3924 0.8477 0.3571
vn -0.7112 -0.1456 0.6878
vn -0.7101 -0.1672 0.6840
vn -0.0000 0.5550 0.8318
vn -0.0000 -0.2071 0.9783
vn -0.0000 -0.2375 0.9714
vn 0.7112 -0.1456 0.6878
vn 0.3924 0.8477 0.3571
vn 0.7101 -0.1672 0.6840
vn 0.7396 0.6272 -0.2442
vn 0.2187 -0.9515 0.2166
vn -0.0000 -0.8488 0.5288
vn 0.8008 -0.5851 -0.1281
vn 0.7291 -0.5277 -0.4358
vn -0.8008 -0.5851 -0.1281
vn -0.6682 -0.7438 -0.0146
vn -0.6803 0.6790 -0.2759
vn 0.6803 0.6790 -0.2759
vn -0.7592 0.6508 -0.0095
vn -0.5767 0.6796 -0.4535
vn -0.7112 0.1456 -0.6878
vn -0.7062 0.6935 0.1430
vn -0.7101 0.1672 -0.6840
vn -0.7031 0.1472 -0.6957
vn -0.7041 0.1687 -0.6897
vn -0.9065 0.3555 -0.2278
vn -0.5756 0.6847 -0.4471
vn -0.7071 -0.6895 -0.1566
vn -0.5758 -0.4254 -0.6982
vn -0.3103 -0.8174 -0.4854
vn -0.0000 -0.9752 -0.2215
vn -0.0000 -0.5203 -0.8540
vn -0.0000 -0.9773 -0.2118
vn -0.5748 -0.4327 -0.6945
vn 0.3103 -0.8174 -0.4854
vn -0.2187 -0.9515 0.2166
vn 0.7071 -0.6895 -0.1566
vn 0.6682 -0.7438 -0.0146
vn 0.5748 -0.4327 -0.6945
vn 0.7041 0.1687 -0.6897
vn 0.7101 0.1672 -0.6840
vn 0.5758 -0.4254 -0.6982
vn 0.7112 0.1456 -0.6878
vn 0.7031 0.1472 -0.6957
vn 0.9065 0.3555 -0.2278
vn 0.5756 0.6847 -0.4471
vn 0.7062 0.6935 0.1430
vn 0.5767 0.6796 -0.4535
vn 0.7592 0.6508 -0.0095
vn -0.0000 0.5564 0.8309
vn 0.6908 0.2454 0.6801
vn -0.0000 0.6503 0.7597
vn 0.6938 0.5073 -0.5112
vn -0.0000 0.9104 -0.4137
vn -0.0000 0.8420 -0.5394
vn -0.6908 0.2454 0.6801
vn -0.6938 0.5073 -0.5112
vn -0.0000 0.8373 -0.5467
vn -0.0000 0.2070 -0.9783
vn -0.0000 0.2375 -0.9714
vn 0.6803 0.6791 -0.2759
vn -0.5718 -0.5686 0.5914
vn 0.5718 -0.5686 0.5914
vn -0.2242 0.3628 0.9045
vn 0.2242 0.3627 0.9045
vn -0.6466 0.4152 0.6400
vn -0.6723 0.6887 0.2717
vn 0.5948 0.4367 0.6749
vn 0.7064 0.7078 -0.0014
vn 0.6724 0.6883 0.2722
vn -0.7064 0.7078 -0.0014
vn 0.7057 0.7085 0.0028
vn 0.6372 0.7627 -0.1105
vn -0.6367 0.7633 -0.1091
vn -0.7010 0.4580 -0.5467
vn -0.5582 -0.5512 -0.6202
vn 0.5645 0.5280 -0.6345
vn 0.1005 0.4631 -0.8806
vn -0.7057 0.7085 0.0028
vn -0.1005 0.4631 -0.8806
vn 0.5582 -0.5512 -0.6202
vn -0.6372 0.7627 -0.1105
vn -0.5645 0.5280 -0.6345
vn 0.7010 0.4580 -0.5467
vn 0.6367 0.7633 -0.1091
vn 0.6723 0.6887 0.2717
vn -0.6724 0.6883 0.2722
vn 0.6466 0.4152 0.6400
vn -0.5948 0.4367 0.6749
vn 0.7581 -0.3518 0.5491
vn 0.3291 0.7092 0.6235
vn -0.3291 0.7092 0.6235
vn -0.7581 -0.3518 0.5491
vn -0.7581 -0.3518 -0.5491
vn 0.7581 -0.3518 -0.5491
vn -0.3291 0.7092 -0.6235
vn 0.3291 0.7092 -0.6235
vn 0.7581 -0.3517 0.5491
vn -0.7581 -0.3517 -0.5491
vn 0.7581 -0.3517 -0.5491
vn -0.7581 -0.3517 0.5491
vn 0.7581 -0.3517 -0.5492
vn 0.7581 -0.3517 0.5492
vn -0.7581 -0.3517 -0.5492
vn -0.6100 0.7732 -0.1734
vn -0.6100 0.2364 -0.7563
vn -0.6100 -0.5368 -0.5829
vn -0.6100 -0.7732 0.1734
vn -0.6100 -0.2364 0.7563
vn -0.6100 0.5368 0.5829
vn 0.6100 0.5368 0.5829
vn 0.6100 0.7732 -0.1734
vn 0.6100 0.2364 -0.7563
vn 0.6100 -0.5368 -0.5829
vn 0.6100 -0.7732 0.1734
vn 0.6100 -0.2364 0.7563
vn -0.7410 0.0896 -0.6655
vn -0.6368 -0.0988 -0.7647
vn -0.6100 -0.6693 -0.4243
vn -0.6100 -0.7021 0.3675
vn -0.6158 -0.0637 0.7853
vn -0.7148 0.2798 0.6409
vn -0.5432 0.8043 0.2409
vn -0.5943 0.3757 -0.7111
vn 0.7410 0.0896 -0.6655
vn 0.6368 -0.0988 -0.7647
vn 0.5943 0.3757 -0.7111
vn 0.7148 0.2798 0.6409
vn 0.5432 0.8043 0.2409
vn 0.6100 -0.6693 -0.4243
vn 0.6100 -0.7021 0.3675
vn 0.6158 -0.0637 0.7853
vn -0.6094 -0.6849 0.3995
vn -0.6538 -0.1915 0.7321
vn 0.6094 -0.6849 0.3995
vn 0.6538 -0.1915 0.7321
vn 0.7078 0.0021 0.7064
vn -0.7078 0.0021 0.7064
vn -0.9045 0.3015 -0.3015
vn 0.6569 0.7110 0.2509
vn 0.6491 0.7475 -0.1414
vn 0.6182 0.3913 0.6817
vn 0.7071 0.0373 0.7061
vn -0.0000 0.9430 0.3328
vn -0.0000 0.4979 0.8673
vn -0.0000 0.9826 -0.1859
vn 0.7648 0.6272 -0.1476
vn -0.0000 0.9734 -0.2290
vn 0.7043 -0.7091 -0.0334
vn 0.7071 -0.7058 -0.0422
vn 0.6572 -0.7378 0.1543
vn 0.7085 -0.7047 -0.0378
vn 0.7712 0.6127 0.1727
vn 0.7056 -0.7076 -0.0383
vn 0.6556 0.7234 0.2167
vn -0.0000 0.9579 0.2870
vn -0.0000 0.9625 0.2712
vn 0.6916 0.7220 -0.0207
vn -0.0000 0.9996 -0.0287
vn 0.5826 0.5445 -0.6035
vn -0.0000 0.6699 -0.7425
vn 0.7071 -0.0024 -0.7071
vn -0.0000 -0.0034 -1.0000
vn 0.5804 -0.5611 -0.5901
vn -0.0000 -0.6891 -0.7247
vn 0.7079 -0.7051 -0.0405
vn -0.0000 -0.9985 -0.0541
vn -0.0000 -0.9984 -0.0574
vn -0.0000 -0.9986 -0.0535
vn -0.0000 -0.9982 -0.0597
vn -0.0000 -0.9989 -0.0471
vn -0.0000 -0.9788 0.2047
vn 0.6010 -0.4079 0.6873
vn -0.0000 -0.5104 0.8600
vn -0.0000 0.0527 0.9986
vn 0.4268 0.2885 0.8571
vn -0.4268 0.2885 0.8571
vn -0.5773 -0.5774 0.5774
vn -0.6627 0.4479 0.6001
vn -0.6627 0.4479 -0.6001
vn -0.4268 0.2885 -0.8571
vn 0.4268 0.2885 -0.8571
vn 0.6627 0.4479 0.6001
vn 0.6627 0.4479 -0.6001
vn 0.5773 -0.5774 0.5774
vn 0.3015 -0.3015 0.9045
vn -0.3015 -0.9045 0.3015
vn -0.9045 -0.3015 0.3015
vn 0.6028 -0.6696 0.4340
vn -0.6028 -0.6696 0.4340
vn 0.6271 -0.0068 0.7789
vn 0.3015 0.9045 0.3015
vn 0.6016 0.6665 0.4403
vn -0.3015 0.9045 0.3015
vn -0.6016 0.6665 0.4403
vn -0.6271 -0.0068 0.7789
vn -0.3015 0.9045 -0.3015
vn 0.3015 0.9045 -0.3015
vn 0.3015 -0.9045 0.3015
vn 0.9045 -0.3015 0.3015
vn 0.3015 -0.9045 -0.3015
vn -0.3015 -0.9045 -0.3015
vn -0.9812 0.0966 -0.1673
vn -0.9812 -0.0000 -0.1931
vn -0.9812 -0.0966 -0.1673
vn -0.9812 -0.1673 -0.0966
vn -0.9812 -0.1931 -0.0000
vn -0.9812 -0.1673 0.0966
vn -0.9812 -0.0966 0.1673
vn -0.9812 -0.0000 0.1931
vn -0.9812 0.0966 0.1673
vn -0.9812 0.1673 0.0966
vn -0.9812 0.1931 -0.0000
vn -0.9812 0.1673 -0.0966
vn -0.5383 0.4214 -0.7298
vn -0.5383 -0.0000 -0.8427
vn -0.5383 0.7298 -0.4214
vn -0.0000 0.5000 -0.8660
vn -0.0000 0.8660 -0.5000
vn -0.5383 -0.4214 -0.7298
vn -0.0000 -0.5000 -0.8660
vn 0.5383 -0.0000 -0.8427
vn 0.5383 -0.4214 -0.7298
vn 0.5383 0.4214 -0.7298
vn 0.9812 0.0966 -0.1673
vn 0.9812 -0.0000 -0.1931
vn 0.9812 -0.0966 -0.1673
vn 0.9812 -0.1673 -0.0966
vn 0.9812 -0.1931 -0.0000
vn 0.9812 -0.1673 0.0966
vn 0.9812 -0.0966 0.1673
vn 0.9812 -0.0000 0.1931
vn 0.9812 0.0966 0.1673
vn 0.9812 0.1673 0.0966
vn 0.9812 0.1931 -0.0000
vn 0.9812 0.1673 -0.0966
vn 0.5383 0.7298 -0.4214
vn 0.5383 0.8427 -0.0000
vn -0.5383 0.8427 -0.0000
vn -0.0000 0.8660 0.5000
vn -0.5383 0.7298 0.4214
vn -0.0000 0.5000 0.8660
vn -0.5383 0.4214 0.7298
vn -0.5383 -0.0000 0.8427
vn -0.0000 -0.5000 0.8660
vn -0.5383 -0.4214 0.7298
vn -0.0000 -0.8660 0.5000
vn -0.5383 -0.7298 0.4214
vn -0.5383 -0.8427 -0.0000
vn -0.0000 -0.8660 -0.5000
vn -0.5383 -0.7298 -0.4214
vn 0.5383 -0.7298 -0.4214
vn 0.5383 -0.8427 -0.0000
vn 0.5383 -0.7298 0.4214
vn 0.5383 -0.4214 0.7298
vn 0.5383 -0.0000 0.8427
vn 0.5383 0.4214 0.7298
vn 0.5383 0.7298 0.4214
vn 0.6040 0.6613 0.4448
vn -0.6040 0.6613 0.4448
vn -0.6637 0.1534 0.7321
vn 0.6637 0.1533 0.7321
vn 0.9073 0.2764 -0.3170
vn 0.5760 0.5856 -0.5704
vn -0.5760 0.5856 -0.5704
vn -0.8821 0.3095 -0.3550
vn -0.6685 -0.1347 0.7314
vn 0.6685 -0.1347 0.7314
vn -0.7033 -0.7108 0.0120
vn -0.6012 -0.6503 0.4644
vn 0.6012 -0.6503 0.4644
vn 0.7033 -0.7108 0.0120
vn -0.7003 -0.7135 -0.0217
vn 0.7003 -0.7135 -0.0217
vn -0.5957 -0.6198 -0.5110
vn 0.5957 -0.6198 -0.5110
vn -0.6798 -0.0924 -0.7275
vn 0.6798 -0.0924 -0.7275
vn 0.6775 0.1009 -0.7286
vn -0.6775 0.1009 -0.7286
vn -0.5935 0.6409 -0.4869
vn 0.5935 0.6409 -0.4869
vn -0.9041 0.3016 -0.3028
vn -0.8683 0.3047 0.3915
vn 0.9536 0.2528 0.1634
vn 0.9041 0.3016 -0.3028
vn -0.9073 0.2764 -0.3170
vn -0.6637 0.1533 0.7321
vn 0.6637 0.1534 0.7321
vn 0.8821 0.3095 -0.3550
vn 0.8683 0.3047 0.3915
vn -0.9536 0.2528 0.1634
vn -0.3786 -0.6532 -0.6557
vn -0.5000 -0.0000 -0.8660
vn -0.0000 -0.6532 -0.7572
vn 0.5000 -0.0000 -0.8660
vn 0.3786 -0.6532 -0.6557
vn -0.6557 -0.6532 -0.3786
vn -0.7572 -0.6532 -0.0000
vn -0.8660 -0.0000 -0.5000
vn -0.6557 -0.6532 0.3786
vn -0.8660 -0.0000 0.5000
vn -0.3786 -0.6532 0.6557
vn -0.5000 -0.0000 0.8660
vn -0.0000 -0.6532 0.7572
vn 0.3786 -0.6532 0.6557
vn 0.5000 -0.0000 0.8660
vn 0.6557 -0.6532 0.3786
vn 0.8660 -0.0000 0.5000
vn 0.7572 -0.6532 -0.0000
vn 0.6557 -0.6532 -0.3786
vn 0.8660 -0.0000 -0.5000
vn 0.3015 0.3015 -0.9045
vn 0.3015 -0.3015 -0.9045
vn -0.4472 -0.8944 -0.0000
vn -0.4472 0.8944 -0.0000
vn -0.3015 -0.3015 -0.9045
vn -0.4472 -0.0000 -0.8944
vn -0.3015 0.3015 -0.9045
vn 0.5774 -0.5774 0.5773
vn 0.5774 0.5774 0.5773
vn 0.4472 -0.8944 -0.0000
vn 0.4472 0.8944 -0.0000
vn 0.4472 -0.0000 -0.8944
vn -0.5774 -0.5774 0.5773
vn -0.5774 0.5774 0.5773
vn -0.0136 -0.6832 0.7301
vn 0.6376 -0.5204 0.5680
vn 0.6303 -0.0000 0.7764
vn -0.0137 -0.6990 0.7150
vn 0.6164 -0.7874 -0.0000
vn 0.6376 -0.5204 -0.5680
vn -0.0279 -0.9996 -0.0000
vn -0.0136 -0.6832 -0.7301
vn -0.0282 -0.9996 -0.0000
vn -0.0137 -0.6990 -0.7150
vn 0.7973 -0.6035 -0.0000
vn 0.7997 -0.4261 -0.4229
vn 0.7997 -0.4261 0.4229
vn 0.8002 -0.0000 0.5998
vn 1.0000 -0.0000 0.0052
vn 1.0000 -0.0019 0.0019
vn 1.0000 -0.0086 -0.0000
vn 0.7155 0.6981 -0.0258
vn 0.6909 0.7230 -0.0000
vn 0.7155 0.6981 0.0258
vn 1.0000 -0.0019 -0.0019
vn 1.0000 -0.0000 -0.0052
vn 0.8002 -0.0000 -0.5998
vn 1.0000 0.0019 -0.0019
vn 0.7997 0.4261 -0.4229
vn 0.6303 -0.0000 -0.7764
vn 0.7973 0.6035 -0.0000
vn 0.7997 0.4261 0.4229
vn 1.0000 0.0086 -0.0000
vn 1.0000 0.0019 0.0019
vn 0.7173 -0.6961 -0.0312
vn 0.6875 -0.7261 -0.0000
vn 0.7173 -0.6961 0.0312
vn 0.0032 -0.9990 -0.0457
vn 0.1274 -0.7534 -0.6451
vn 0.0054 -1.0000 -0.0000
vn 0.0092 -0.9993 -0.0366
vn 0.3688 -0.7572 -0.5391
vn 0.0155 -0.9999 -0.0000
vn 0.0032 -0.9990 0.0457
vn 0.0092 -0.9993 0.0366
vn 0.3688 -0.7572 0.5391
vn 0.1274 -0.7534 0.6451
vn -0.0273 -0.9994 0.0206
vn -0.0209 -0.9998 -0.0000
vn 0.2344 -0.9721 -0.0125
vn 0.9191 -0.0000 -0.3940
vn 0.5647 -0.0000 0.8253
vn 0.1938 -0.0000 0.9810
vn -0.5868 -0.5696 0.5755
vn -0.7228 -0.6911 0.0035
vn 0.0599 -0.6987 0.7129
vn 0.0748 -0.3145 -0.9463
vn -0.1731 -0.3063 0.9361
vn 0.2683 -0.0000 -0.9633
vn -0.7332 -0.6798 0.0159
vn -0.7323 0.6808 0.0131
vn -0.7228 0.6911 0.0035
vn -0.5868 0.5696 0.5755
vn 0.2344 0.9721 -0.0125
vn -0.0279 0.9995 0.0169
vn 0.0599 0.6987 0.7129
vn 0.0618 -0.0000 0.9981
vn -0.1731 0.3063 0.9361
vn 0.0748 0.3145 -0.9463
vn 0.8001 -0.0000 0.5999
vn -0.5435 0.5711 0.6152
vn -0.4092 0.5540 -0.7250
vn 0.6543 0.5754 0.4906
vn 0.8287 -0.0000 -0.5597
vn 0.6478 0.6236 -0.4375
vn -0.5435 -0.5711 0.6152
vn 0.6543 -0.5754 0.4906
vn -0.4092 -0.5540 -0.7250
vn 0.6478 -0.6236 -0.4375
vn 0.3689 0.7572 0.5391
vn 0.1274 0.7534 0.6451
vn 0.0076 0.9995 0.0303
vn 0.0026 0.9993 0.0377
vn 0.0128 0.9999 -0.0000
vn 0.0045 1.0000 -0.0000
vn 0.0026 0.9993 -0.0377
vn 0.0076 0.9995 -0.0303
vn 0.3688 0.7572 -0.5391
vn 0.1274 0.7534 -0.6451
vn -0.0279 0.9995 -0.0169
vn -0.0227 0.9997 -0.0000
vn 0.5350 0.8138 -0.2270
vn 0.9285 -0.0000 -0.3713
vn 0.5647 -0.0000 -0.8253
vn 0.1938 -0.0000 -0.9810
vn 0.2944 0.9069 0.3015
vn -0.7124 0.7018 -0.0010
vn -0.7228 0.6911 -0.0010
vn -0.7323 0.6808 -0.0131
vn -0.7207 0.6932 -0.0000
vn -0.7228 -0.6911 -0.0010
vn -0.7332 -0.6798 -0.0159
vn -0.7124 -0.7018 -0.0010
vn -0.1139 0.5845 0.8033
vn -0.8175 0.3342 0.4691
vn -0.7133 0.0210 -0.7005
vn 0.7120 0.0163 -0.7020
vn 0.6130 0.3809 0.6922
vn 0.8057 0.3405 0.4846
vn 0.2944 -0.9069 0.3015
vn 0.5350 -0.8138 -0.2270
vn -0.0273 -0.9994 -0.0206
vn -0.7189 -0.6951 -0.0000
vn 0.7247 0.2715 0.6333
vn -0.6999 -0.0030 0.7142
vn 0.7203 0.2415 -0.6503
vn 0.3672 0.6972 0.6157
vn -0.2926 -0.4114 0.8632
vn 0.3672 0.6972 -0.6157
vn -0.6508 -0.0903 -0.7538
vn -0.2926 -0.4114 -0.8632
vn -0.3672 0.6972 -0.6157
vn 0.2926 -0.4114 -0.8632
vn -0.3672 0.6972 0.6157
vn -0.7247 0.2715 0.6333
vn -0.7203 0.2415 -0.6503
vn 0.6508 -0.0903 -0.7539
vn 0.2926 -0.4114 0.8632
vn 0.6999 -0.0030 0.7142
vn 0.8175 0.3342 0.4691
vn -0.8057 0.3405 0.4846
vn -0.7120 0.0163 -0.7020
vn 0.1139 0.5845 0.8033
vn -0.6130 0.3809 0.6922
vn 0.7133 0.0210 -0.7005
vn -0.2944 0.9069 0.3015
vn -0.2944 -0.9069 0.3015
vn -0.5350 -0.8138 -0.2270
vn -0.9285 -0.0000 -0.3713
vn 0.7124 -0.7018 -0.0010
vn 0.7228 -0.6911 -0.0010
vn -0.5350 0.8138 -0.2270
vn 0.7228 0.6911 -0.0010
vn 0.7124 0.7018 -0.0010
vn 0.7332 -0.6798 -0.0159
vn 0.7189 -0.6951 -0.0000
vn 0.7332 -0.6798 0.0159
vn 0.0273 -0.9994 0.0206
vn 0.0209 -0.9998 -0.0000
vn 0.0273 -0.9994 -0.0206
vn -0.0092 -0.9993 0.0366
vn -0.0155 -0.9999 -0.0000
vn -0.0092 -0.9993 -0.0366
vn 0.7228 -0.6911 0.0035
vn -0.2344 -0.9721 -0.0125
vn -0.3688 -0.7572 0.5391
vn -0.1274 -0.7534 0.6451
vn -0.0032 -0.9990 0.0457
vn -0.0054 -1.0000 -0.0000
vn -0.7173 -0.6961 0.0312
vn -0.6875 -0.7261 -0.0000
vn -0.7173 -0.6961 -0.0312
vn -0.0032 -0.9990 -0.0457
vn -0.1274 -0.7534 -0.6451
vn -0.3688 -0.7572 -0.5391
vn -1.0000 0.0019 0.0019
vn -1.0000 0.0086 -0.0000
vn -1.0000 -0.0000 0.0052
vn -0.7973 0.6035 -0.0000
vn -0.7997 0.4261 0.4229
vn -0.8002 -0.0000 0.5998
vn -0.7997 0.4261 -0.4229
vn -1.0000 0.0019 -0.0019
vn -0.8002 -0.0000 -0.5998
vn -1.0000 -0.0000 -0.0052
vn -1.0000 -0.0019 -0.0019
vn -0.7997 -0.4261 -0.4229
vn -0.7155 0.6981 0.0258
vn -1.0000 -0.0086 -0.0000
vn -0.6909 0.7230 -0.0000
vn -0.7973 -0.6035 -0.0000
vn 0.0282 -0.9996 -0.0000
vn 0.0137 -0.6990 -0.7150
vn -0.7997 -0.4261 0.4229
vn 0.0137 -0.6990 0.7150
vn -1.0000 -0.0019 0.0019
vn -0.7155 0.6981 -0.0258
vn -0.1274 0.7534 -0.6451
vn -0.0026 0.9993 -0.0377
vn -0.0045 1.0000 -0.0000
vn -0.0026 0.9993 0.0377
vn -0.0128 0.9999 -0.0000
vn -0.0076 0.9995 0.0303
vn -0.0076 0.9995 -0.0303
vn 0.0279 0.9995 -0.0169
vn 0.0227 0.9997 -0.0000
vn 0.0279 0.9995 0.0169
vn -0.3688 0.7572 -0.5391
vn 0.7323 0.6808 -0.0131
vn 0.7207 0.6932 -0.0000
vn 0.7323 0.6808 0.0131
vn 0.7228 0.6911 0.0035
vn 0.5868 -0.5696 0.5755
vn -0.0599 -0.6987 0.7129
vn -0.0618 -0.0000 0.9981
vn 0.1731 -0.3063 0.9361
vn -0.0748 -0.3145 -0.9463
vn -0.8001 -0.0000 0.5999
vn -0.6543 -0.5754 0.4906
vn 0.5435 -0.5711 0.6152
vn 0.4092 -0.5540 -0.7250
vn -0.6478 -0.6236 -0.4375
vn -0.8287 -0.0000 -0.5597
vn -0.2683 -0.0000 -0.9633
vn 0.1731 0.3063 0.9361
vn -0.0599 0.6987 0.7129
vn 0.5868 0.5696 0.5755
vn -0.2344 0.9721 -0.0125
vn -0.0748 0.3145 -0.9463
vn -0.9191 -0.0000 -0.3940
vn -0.3689 0.7572 0.5391
vn -0.5647 -0.0000 0.8253
vn -0.1274 0.7534 0.6451
vn -0.1938 -0.0000 0.9810
vn -0.6543 0.5754 0.4906
vn -0.6478 0.6236 -0.4375
vn 0.4092 0.5540 -0.7250
vn 0.5435 0.5711 0.6152
vn -0.5647 -0.0000 -0.8253
vn -0.1938 -0.0000 -0.9810
vn 0.0136 -0.6832 0.7301
vn 0.0279 -0.9996 -0.0000
vn -0.6303 -0.0000 0.7764
vn -0.6376 -0.5204 0.5680
vn -0.6164 -0.7874 -0.0000
vn -0.6376 -0.5204 -0.5680
vn -0.6303 -0.0000 -0.7764
vn 0.0136 -0.6832 -0.7301
vn 0.7098 0.0067 0.7044
vn 0.7709 0.6369 -0.0000
vn 0.6236 0.5152 0.5880
vn 0.6725 -0.4225 0.6076
vn 0.8443 -0.5358 -0.0000
vn -0.0045 0.0096 0.9999
vn -0.4794 0.2741 0.8337
vn 0.2816 -0.3775 0.8821
vn -0.0137 0.9989 0.0445
vn -0.8761 0.4821 -0.0000
vn 0.5972 -0.8020 -0.0046
vn -0.6473 -0.4764 0.5950
vn -0.7806 -0.6228 0.0522
vn 0.3639 0.3007 0.8815
vn -0.6274 0.5112 0.5874
vn -0.7690 0.5564 0.3146
vn 0.3727 -0.2997 0.8782
vn 0.8091 -0.5769 -0.1119
vn 0.1919 -0.9608 -0.2002
vn 0.1479 -0.6933 0.7053
vn 0.0156 0.7307 0.6825
vn 0.6598 -0.5138 -0.5483
vn 0.6374 -0.4991 0.5870
vn -0.2680 0.2402 0.9330
vn -0.1401 0.9823 0.1243
vn -0.3926 0.7751 0.4951
vn -0.1773 0.5525 0.8144
vn -0.5919 0.5625 0.5773
vn 0.5590 0.6072 0.5646
vn 0.7842 0.2845 -0.5515
vn 0.7359 0.3673 -0.5688
vn 0.7795 0.1275 -0.6132
vn 0.2278 0.9735 0.0202
vn 0.5813 0.7823 -0.2238
vn 0.3507 0.4646 0.8131
vn -0.3353 0.0599 0.9402
vn -0.7935 -0.0673 0.6049
vn -0.0777 -0.6347 -0.7688
vn -0.6928 -0.3493 -0.6309
vn -0.0539 -0.4929 0.8684
vn -0.0095 -0.8066 -0.5910
vn -0.0335 0.8990 0.4366
vn 0.5533 0.4204 -0.7191
vn -0.0041 0.5897 -0.8076
vn 0.7963 -0.1591 -0.5836
vn 0.5069 0.0628 -0.8597
vn -0.6408 -0.5732 -0.5107
vn -0.8042 -0.2939 0.5167
vn -0.6287 0.4911 0.6029
vn -0.1341 -0.7920 -0.5956
vn 0.4033 0.4859 -0.7754
vn -0.7976 -0.5155 0.3133
vn -0.3561 -0.7224 -0.5927
vn 0.4541 0.4987 -0.7383
vn 0.9292 0.2868 -0.2330
vn 0.6615 -0.1950 -0.7242
vn 0.3121 0.5419 -0.7804
vn -0.4318 -0.5776 -0.6928
vn 0.6971 0.7168 -0.0176
vn 0.7669 0.6417 -0.0062
vn 0.6120 0.5293 -0.5876
vn 0.6624 -0.0976 -0.7428
vn 0.6350 -0.5307 -0.5613
vn 0.3050 -0.5710 -0.7622
vn 0.0438 -0.1227 -0.9915
vn -0.6184 -0.0901 -0.7807
vn -0.7657 0.2853 -0.5764
vn -0.0114 0.9998 0.0159
vn -0.6981 -0.1810 -0.6927
vn 0.6983 -0.1809 -0.6926
vn 0.7071 -0.2183 -0.6726
vn -0.7071 -0.2183 -0.6726
vn 0.7005 -0.2231 -0.6779
vn -0.7119 -0.2196 -0.6671
vn 0.9878 -0.1555 -0.0000
vn 0.6971 -0.3095 -0.6467
vn -0.6824 -0.1241 -0.7203
vn -0.9730 0.2308 -0.0000
vn -0.7671 -0.0244 -0.6410
vn -0.7355 0.1920 0.6498
vn -0.8909 -0.1681 0.4219
vn -0.6928 -0.7196 -0.0467
vn -0.5720 -0.5619 0.5975
vn -0.6930 -0.7075 -0.1387
vn 0.6928 -0.7196 -0.0467
vn 0.5764 -0.5598 0.5953
vn 0.6930 -0.7075 -0.1387
vn 0.6708 -0.0800 0.7373
vn 0.6086 -0.3861 -0.6932
vn 0.6099 -0.5949 -0.5235
vn -0.6279 -0.5843 -0.5142
vn 0.8446 -0.3913 0.3654
vn 0.8938 0.3310 0.3025
vn 0.7099 0.0511 0.7025
vn 0.4677 -0.2588 0.8452
vn -0.6914 0.3936 0.6059
vn -0.7101 0.0511 0.7023
vn -0.8938 0.3310 0.3025
vn -0.9106 0.2844 -0.2998
vn 0.9106 0.2844 -0.2998
vn -0.7226 -0.6737 0.1550
vn -0.6529 0.0750 0.7537
vn -0.6558 0.4328 0.6185
vn -0.6011 -0.5456 0.5840
vn 0.6901 -0.7053 0.1623
vn 0.6011 -0.5456 0.5840
vn 0.6529 0.0750 0.7537
vn 0.6558 0.4328 0.6185
vn 0.5746 0.5633 -0.5937
vn 0.6364 0.7229 0.2690
vn -0.6364 0.7229 0.2690
vn -0.5746 0.5633 -0.5937
vn 0.5976 -0.8018 0.0052
vn 0.2795 -0.3573 -0.8912
vn -0.6468 -0.7605 0.0570
vn -0.7098 0.0067 0.7044
vn -0.6725 -0.4225 0.6076
vn 0.4794 0.2741 0.8337
vn 0.0045 0.0096 0.9999
vn -0.8443 -0.5358 -0.0000
vn -0.6236 0.5152 0.5880
vn -0.7709 0.6369 -0.0000
vn -0.2816 -0.3775 0.8821
vn 0.0137 0.9989 0.0445
vn 0.8761 0.4821 -0.0000
vn -0.5972 -0.8020 -0.0046
vn 0.6473 -0.4765 0.5950
vn 0.7806 -0.6228 0.0522
vn -0.3639 0.3007 0.8815
vn 0.6274 0.5112 0.5874
vn 0.7690 0.5564 0.3147
vn -0.3727 -0.2997 0.8782
vn -0.8091 -0.5769 -0.1119
vn -0.1479 -0.6933 0.7053
vn -0.1919 -0.9608 -0.2002
vn -0.0157 0.7307 0.6825
vn -0.6374 -0.4991 0.5870
vn 0.2680 0.2402 0.9330
vn -0.6598 -0.5138 -0.5483
vn 0.1400 0.9823 0.1243
vn 0.3926 0.7751 0.4951
vn 0.7976 -0.5155 0.3133
vn 0.6287 0.4911 0.6030
vn 0.8042 -0.2939 0.5166
vn 0.6468 -0.7605 0.0570
vn 0.3561 -0.7224 -0.5927
vn 0.1341 -0.7920 -0.5956
vn 0.4318 -0.5776 -0.6928
vn -0.5976 -0.8018 0.0052
vn -0.2795 -0.3572 -0.8912
vn 0.0114 0.9998 0.0159
vn -0.0438 -0.1227 -0.9915
vn 0.6184 -0.0902 -0.7807
vn -0.6624 -0.0976 -0.7428
vn -0.6120 0.5293 -0.5876
vn -0.6350 -0.5307 -0.5613
vn -0.7669 0.6417 -0.0062
vn -0.3050 -0.5710 -0.7622
vn 0.7657 0.2853 -0.5764
vn -0.6983 -0.1809 -0.6926
vn 0.6981 -0.1810 -0.6927
vn 0.7119 -0.2196 -0.6671
vn -0.7005 -0.2231 -0.6779
vn -0.6971 -0.3095 -0.6467
vn 0.6824 -0.1241 -0.7203
vn -0.9878 -0.1555 -0.0000
vn -0.6086 -0.3861 -0.6932
vn -0.8446 -0.3913 0.3654
vn -0.6708 -0.0800 0.7373
vn -0.5764 -0.5598 0.5953
vn 0.5720 -0.5619 0.5975
vn 0.9730 0.2308 -0.0000
vn 0.7355 0.1920 0.6498
vn 0.7671 -0.0244 -0.6410
vn 0.6279 -0.5843 -0.5142
vn -0.6099 -0.5949 -0.5235
vn 0.8909 -0.1681 0.4219
vn 0.7101 0.0511 0.7023
vn -0.7099 0.0511 0.7025
vn -0.4677 -0.2588 0.8452
vn 0.6914 0.3936 0.6059
vn -0.6901 -0.7053 0.1623
vn 0.7226 -0.6737 0.1550
vn -0.6971 0.7168 -0.0176
vn -0.3121 0.5419 -0.7804
vn -0.9292 0.2868 -0.2330
vn -0.4541 0.4987 -0.7383
vn -0.6615 -0.1950 -0.7242
vn -0.4033 0.4859 -0.7754
vn -0.5069 0.0628 -0.8597
vn 0.6408 -0.5732 -0.5107
vn -0.7359 0.3673 -0.5688
vn 0.6928 -0.3493 -0.6309
vn 0.7935 -0.0673 0.6049
vn -0.7963 -0.1591 -0.5836
vn 0.0777 -0.6347 -0.7688
vn 0.3353 0.0599 0.9402
vn -0.5533 0.4204 -0.7191
vn -0.7795 0.1275 -0.6132
vn -0.2278 0.9735 0.0202
vn -0.7842 0.2845 -0.5515
vn -0.5813 0.7823 -0.2238
vn -0.5590 0.6072 0.5646
vn 0.5919 0.5625 0.5773
vn 0.1773 0.5525 0.8144
vn -0.3507 0.4646 0.8131
vn 0.0095 -0.8066 -0.5910
vn 0.0539 -0.4929 0.8684
vn 0.0335 0.8990 0.4366
vn 0.0041 0.5897 -0.8076
vn -0.7703 0.3189 0.5523
vn -0.7703 -0.0000 0.6377
vn -0.7703 -0.3189 0.5523
vn 0.7703 -0.0000 0.6377
vn 0.7703 0.3189 0.5523
vn 0.7703 -0.3189 0.5523
vn 0.7703 -0.5523 0.3189
vn -0.7703 -0.5523 0.3189
vn -0.7703 -0.6377 -0.0000
vn 0.7703 -0.6377 -0.0000
vn -0.7703 -0.5523 -0.3189
vn 0.7703 -0.5523 -0.3189
vn 0.6832 0.4567 0.5698
vn -0.6833 0.4562 0.5701
vn 0.7703 -0.3189 -0.5523
vn 0.7075 0.3795 0.5962
vn 1.0000 0.0002 -0.0019
vn 1.0000 -0.0000 -0.0014
vn -0.7049 0.3759 0.6015
vn 0.7703 -0.0000 -0.6377
vn -0.7703 -0.3189 -0.5523
vn -0.7703 -0.0000 -0.6377
vn -1.0000 0.0002 0.0077
vn -0.8482 -0.5152 0.1227
vn -0.7703 0.3189 -0.5523
vn 0.7703 0.3189 -0.5523
vn -0.7703 0.5523 -0.3189
vn 0.7703 0.5523 -0.3189
vn 0.8481 -0.5166 0.1177
vn 0.7067 -0.6679 -0.2336
vn -0.7095 -0.6682 -0.2237
vn 0.1553 -0.5071 -0.8478
vn -0.1555 -0.5083 -0.8471
vn 0.9040 0.1899 -0.3831
vn 0.2426 0.9696 -0.0317
vn 0.5773 0.3638 -0.7310
vn 0.3450 0.0039 -0.9386
vn -0.0000 -0.3179 -0.9481
vn -0.0000 0.8952 0.4456
vn 0.5774 0.7310 0.3638
vn -0.2429 0.9696 -0.0300
vn -0.0000 0.3179 0.9481
vn 0.3450 0.5690 0.7465
vn 0.3886 -0.0046 0.9214
vn -0.3450 0.5690 0.7465
vn -0.3886 -0.0046 0.9214
vn -0.5774 0.7310 0.3638
vn -0.0000 0.3987 0.9171
vn -0.7446 -0.0158 0.6674
vn -0.3886 -0.5591 -0.7324
vn -0.7247 -0.4404 -0.5300
vn -0.6398 -0.2757 0.7174
vn -0.6398 -0.6525 -0.4062
vn -0.6104 0.6926 0.3844
vn -0.6001 0.1836 0.7785
vn -0.0000 0.4372 0.8994
vn -0.5752 -0.4451 -0.6863
vn -0.5837 -0.7049 -0.4031
vn -0.0000 -0.8681 -0.4965
vn 0.5752 -0.4451 -0.6863
vn 0.5837 -0.7049 -0.4031
vn 0.7247 -0.4404 -0.5300
vn 0.6001 0.1836 0.7785
vn 0.5676 -0.3781 0.7314
vn 0.7446 -0.0158 0.6674
vn 0.3886 -0.5591 -0.7324
vn 0.6398 -0.6525 -0.4062
vn 0.6398 -0.2757 0.7174
vn 0.6104 0.3208 -0.7242
vn -0.9074 0.1907 -0.3745
vn -0.3450 0.0039 -0.9386
vn -0.5773 0.3638 -0.7310
vn -0.9999 -0.0012 0.0102
vn -0.6104 0.3208 -0.7242
vn 0.6104 0.6926 0.3844
vn -0.0000 -0.4592 0.8883
vn -0.5676 -0.3781 0.7314
vn 0.7703 0.6377 -0.0000
vn -0.7703 0.6377 -0.0000
vn -0.7703 0.5523 0.3189
vn 0.7703 0.5523 0.3189
vn 0.4800 -0.7750 -0.4110
vn 0.4822 -0.3686 0.7947
vn -0.4822 -0.3686 0.7947
vn -0.4800 -0.7750 -0.4110
vn -0.7307 0.1354 0.6691
vn -0.7505 -0.1603 -0.6412
vn 0.7307 0.1354 0.6691
vn 0.7505 -0.1603 -0.6412
vn 0.5537 0.6064 -0.5707
vn 0.5951 0.6268 0.5030
vn -0.5537 0.6064 -0.5707
vn -0.5951 0.6268 0.5030
vn -0.5773 0.5774 0.5774
vn 0.5773 0.5774 0.5774
vn 0.8532 0.4524 0.2596
vn 0.5773 0.5773 0.5774
vn 0.5912 -0.0789 0.8026
vn 0.7236 0.5188 0.4552
vn 0.9964 0.0848 -0.0028
vn 0.9704 0.2410 -0.0131
vn 0.6982 0.3318 0.6343
vn 0.6171 0.1838 0.7651
vn 0.3525 -0.8515 0.3882
vn 0.6164 -0.4834 0.6216
vn 0.8150 -0.5793 0.0144
vn 0.7380 0.0144 -0.6747
vn 0.7630 0.0377 -0.6453
vn 0.2165 -0.9391 -0.2667
vn 0.4139 -0.7605 -0.5003
vn 0.7372 -0.6649 -0.1199
vn 0.7655 -0.6035 0.2231
vn 0.7321 0.6035 -0.3159
vn 0.7130 0.6960 0.0851
vn 0.4228 0.4617 -0.7798
vn 0.7074 0.7060 -0.0335
vn 0.2579 0.9301 0.2616
vn 0.3436 0.8706 -0.3521
vn 0.6892 -0.5817 0.4321
vn 0.5922 0.7607 0.2659
vn 0.5910 0.6338 0.4990
vn 0.7515 0.1429 0.6441
vn 0.6525 0.1642 0.7398
vn 0.6341 -0.2734 -0.7233
vn -0.0000 0.5685 -0.8227
vn -0.0000 -0.3536 -0.9354
vn 0.0683 0.5223 -0.8500
vn -0.0701 0.5219 -0.8501
vn 0.0469 -0.8280 -0.5588
vn -0.0482 -0.8276 -0.5592
vn -0.0000 -0.8768 -0.4808
vn -0.0000 -0.3487 -0.9372
vn -0.0000 -0.0723 -0.9974
vn -0.7024 -0.1112 -0.7031
vn -0.6664 -0.4608 -0.5862
vn -0.9964 -0.0848 0.0028
vn -0.9704 -0.2410 0.0131
vn -0.5760 -0.8165 0.0401
vn -0.2159 -0.9685 -0.1239
vn -0.7491 -0.6625 -0.0059
vn -0.5613 -0.7086 -0.4275
vn -0.7053 0.6925 -0.1516
vn -0.5407 0.4538 -0.7083
vn -0.7059 0.7075 -0.0343
vn -0.3285 0.8728 -0.3611
vn -0.6341 -0.2734 -0.7233
vn -0.2578 0.9302 0.2612
vn -0.7134 0.6980 0.0618
vn -0.7515 0.1429 0.6441
vn -0.5912 0.6338 0.4987
vn -0.6525 0.1642 0.7398
vn -0.2816 0.9227 0.2633
vn -0.7527 0.1470 0.6417
vn -0.6316 0.7429 0.2216
vn -0.3796 0.7766 0.5028
vn -0.7140 -0.5938 0.3710
vn -0.3909 -0.4148 0.8217
vn -0.7587 -0.6290 0.1699
vn -0.5134 -0.5600 0.6503
vn -0.5412 -0.8254 0.1608
vn -0.3061 -0.9117 0.2741
vn -0.7318 0.0338 0.6807
vn -0.6944 0.0916 0.7137
vn -0.8595 0.3993 0.3191
vn -0.6561 0.6056 0.4503
vn -0.5773 0.5773 0.5774
vn -0.6972 -0.1177 0.7071
vn -0.8137 0.5560 0.1699
vn 0.4707 -0.4274 0.7719
vn -0.5153 -0.4944 0.7000
vn 0.3878 0.7315 0.5607
vn 0.8581 0.4209 0.2940
vn 0.6503 -0.7298 0.2110
vn 0.3685 -0.4178 0.8304
vn 0.3484 0.7851 0.5121
vn 0.2886 0.9207 0.2626
vn 0.7527 0.1470 0.6417
vn 0.6303 -0.7764 -0.0000
vn 0.6303 -0.5490 -0.5490
vn 0.6303 -0.5490 0.5490
vn 0.2443 0.9697 -0.0000
vn 0.3617 0.7066 -0.6082
vn 0.4185 -0.0000 -0.9082
vn 0.7870 0.6053 -0.1197
vn 0.5888 0.8083 -0.0000
vn 0.9138 -0.0000 -0.4062
vn 0.6338 0.7584 -0.1523
vn 0.8389 0.5442 -0.0000
vn 0.7178 0.4144 0.5595
vn 0.4144 0.7178 0.5595
vn 0.8288 -0.0000 0.5595
vn 0.6338 0.7584 0.1523
vn 0.7870 0.6053 0.1197
vn 0.3617 0.7066 0.6082
vn 0.4764 0.8251 -0.3037
vn 0.8251 0.4764 -0.3037
vn 0.9138 -0.0000 0.4062
vn 0.9528 -0.0000 -0.3037
vn 0.4185 -0.0000 0.9082
vn 0.3617 -0.7066 0.6082
vn 0.7870 -0.6053 0.1197
vn 0.2443 -0.9697 -0.0000
vn 0.5888 -0.8083 -0.0000
vn 0.8251 -0.4764 -0.3037
vn 0.4764 -0.8251 -0.3037
vn 0.7870 -0.6053 -0.1197
vn 0.3617 -0.7066 -0.6082
vn 0.7178 -0.4144 0.5595
vn 0.4144 -0.7178 0.5595
vn -0.0000 -0.8288 0.5595
vn -0.4144 -0.7178 0.5595
vn -0.7870 -0.6053 -0.1197
vn -0.7178 -0.4144 0.5595
vn -0.5888 -0.8083 -0.0000
vn -0.7870 -0.6053 0.1197
vn -0.3617 -0.7066 0.6082
vn -0.2443 -0.9697 -0.0000
vn -0.3617 -0.7066 -0.6082
vn -0.6303 -0.7764 -0.0000
vn -0.6303 -0.5490 -0.5490
vn -0.6303 -0.5490 0.5490
vn -0.4185 -0.0000 0.9082
vn -0.9138 -0.0000 0.4062
vn -0.3617 0.7066 0.6082
vn -0.7870 0.6053 0.1197
vn -0.8251 -0.4764 -0.3037
vn -0.9528 -0.0000 -0.3037
vn -0.8251 0.4764 -0.3037
vn -0.4764 0.8251 -0.3037
vn -0.6376 0.7539 0.1583
vn -0.5888 0.8083 -0.0000
vn -0.8500 0.5268 -0.0000
vn -0.2443 0.9697 -0.0000
vn -0.7870 0.6053 -0.1197
vn -0.6376 0.7539 -0.1583
vn -0.3617 0.7066 -0.6082
vn -0.4185 -0.0000 -0.9082
vn -0.9138 -0.0000 -0.4062
vn -0.8288 -0.0000 0.5595
vn -0.7178 0.4144 0.5595
vn -0.7582 -0.4378 0.4832
vn -0.8755 -0.0000 0.4832
vn -0.7582 0.4378 0.4832
vn -0.4378 -0.7582 0.4832
vn -0.4666 -0.8081 -0.3596
vn -0.8081 -0.4666 -0.3596
vn -0.9331 -0.0000 -0.3596
vn -0.4574 -0.7922 -0.4040
vn -0.7922 -0.4574 -0.4040
vn -0.9148 -0.0000 -0.4040
vn -0.0000 -0.9148 -0.4040
vn -0.0000 -0.9331 -0.3596
vn -0.0000 -0.8755 0.4832
vn 0.4666 -0.8081 -0.3596
vn 0.4378 -0.7582 0.4832
vn 0.4574 -0.7922 -0.4040
vn 0.7582 -0.4378 0.4832
vn 0.8081 -0.4666 -0.3596
vn 0.9331 -0.0000 -0.3596
vn 0.8755 -0.0000 0.4832
vn 0.7582 0.4378 0.4832
vn 0.8081 0.4666 -0.3596
vn 0.9148 -0.0000 -0.4040
vn 0.7922 0.4574 -0.4040
vn 0.7922 -0.4574 -0.4040
vn 0.4666 0.8081 -0.3596
vn 0.4378 0.7582 0.4832
vn 0.4574 0.7922 -0.4040
vn 0.7650 0.4417 0.4687
vn 0.4417 0.7650 0.4687
vn 0.8834 -0.0000 0.4687
vn 0.7893 0.4557 0.4114
vn 0.4557 0.7893 0.4114
vn 0.9114 -0.0000 0.4114
vn 0.7893 -0.4557 0.4114
vn 0.7650 -0.4417 0.4687
vn 0.4557 -0.7893 0.4114
vn 0.4417 -0.7650 0.4687
vn -0.0000 -0.8834 0.4687
vn -0.0000 -0.9114 0.4114
vn -0.4417 -0.7650 0.4687
vn -0.4557 -0.7893 0.4114
vn -0.7650 -0.4417 0.4687
vn -0.7893 -0.4557 0.4114
vn -0.8834 -0.0000 0.4687
vn -0.9114 -0.0000 0.4114
vn -0.7650 0.4417 0.4687
vn -0.7893 0.4557 0.4114
vn -0.7922 0.4574 -0.4040
vn -0.8081 0.4666 -0.3596
vn -0.4574 0.7922 -0.4040
vn -0.4417 0.7650 0.4687
vn -0.4666 0.8081 -0.3596
vn -0.4378 0.7582 0.4832
vn -0.4144 0.7178 0.5595
vn -0.0000 0.8755 0.4832
vn -0.0000 0.9331 -0.3596
vn -0.0000 0.8288 0.5595
vn 0.0034 0.8454 -0.5341
vn -0.7157 0.2475 -0.6531
vn -0.0027 0.2788 -0.9603
vn -0.9861 0.1662 -0.0000
vn -0.5490 0.6303 -0.5490
vn -0.0000 0.6303 -0.7764
vn -0.7764 0.6303 -0.0000
vn 0.5490 0.6303 -0.5490
vn 0.7091 0.2643 -0.6537
vn 0.7764 0.6303 -0.0000
vn 0.9821 0.1885 -0.0000
vn 0.5490 0.6303 0.5490
vn 0.7091 0.2643 0.6537
vn -0.0000 0.6303 0.7764
vn -0.0027 0.2788 0.9603
vn 0.0034 0.8454 0.5341
vn -0.5490 0.6303 0.5490
vn -0.7157 0.2475 0.6531
vn -0.0000 0.9528 -0.3037
vn -0.0000 0.9608 -0.2771
vn 0.4804 0.8321 -0.2771
vn -0.4804 0.8321 -0.2771
vn -0.8321 0.4804 -0.2771
vn -0.4738 0.8207 -0.3194
vn -0.0000 0.9476 -0.3194
vn -0.8207 0.4738 -0.3194
vn -0.4785 0.8287 -0.2903
vn -0.0000 0.9569 -0.2903
vn -0.8287 0.4785 -0.2903
vn -0.4693 0.8129 0.3448
vn -0.0000 0.9387 0.3448
vn -0.8129 0.4693 0.3448
vn -0.4652 0.7954 0.3885
vn -0.0000 0.9243 0.3818
vn -0.7962 0.4434 0.4117
vn -0.3903 0.8623 -0.3226
vn -0.0000 0.9492 -0.3146
vn -0.7098 0.6148 -0.3439
vn -0.4441 0.8670 -0.2260
vn -0.0000 0.9801 -0.1987
vn -0.7685 0.5688 -0.2931
vn -0.4703 0.5075 0.7220
vn -0.0000 0.6393 0.7690
vn -0.7681 0.1808 0.6142
vn -0.0913 -0.3291 0.9399
vn -0.0000 -0.3061 0.9520
vn -0.1487 -0.3850 0.9109
vn -0.0000 -0.4613 0.8872
vn 0.1487 -0.3850 0.9109
vn 0.0913 -0.3291 0.9399
vn 0.1634 -0.4518 0.8770
vn 0.1388 -0.5147 0.8460
vn 0.0804 -0.5616 0.8235
vn -0.0000 -0.5795 0.8150
vn -0.0804 -0.5616 0.8235
vn -0.1634 -0.4518 0.8770
vn -0.1388 -0.5147 0.8460
vn -0.0000 -0.9022 0.4313
vn -0.3767 -0.8215 0.4281
vn -0.6864 -0.5768 0.4428
vn -0.0000 -0.8239 -0.5668
vn -0.5116 -0.6752 -0.5314
vn -0.8378 -0.3000 -0.4561
vn -0.8348 -0.2143 0.5072
vn -0.9140 0.1556 -0.3746
vn -0.9053 -0.2309 -0.3565
vn -0.8996 0.2375 -0.3666
vn -0.6936 -0.4467 0.5650
vn -0.8857 -0.0286 0.4634
vn -0.3413 -0.6389 0.6895
vn -0.6487 -0.7145 -0.2622
vn -0.0000 -0.9860 -0.1665
vn -0.0000 -0.6741 0.7386
vn -0.0000 -0.9387 0.3448
vn -0.4693 -0.8129 0.3448
vn -0.8129 -0.4693 0.3448
vn -0.0000 -0.9569 -0.2903
vn -0.4785 -0.8287 -0.2903
vn -0.8287 -0.4785 -0.2903
vn 0.4693 -0.8129 0.3448
vn 0.3413 -0.6389 0.6895
vn 0.4785 -0.8287 -0.2903
vn -0.0000 -0.9476 -0.3194
vn 0.4738 -0.8207 -0.3194
vn -0.4738 -0.8207 -0.3194
vn -0.0000 -0.9608 -0.2771
vn 0.4804 -0.8321 -0.2771
vn -0.4804 -0.8321 -0.2771
vn -0.8207 -0.4738 -0.3194
vn -0.8321 -0.4804 -0.2771
vn -0.9476 -0.0000 -0.3194
vn -0.9608 -0.0000 -0.2771
vn -0.9569 -0.0000 -0.2903
vn -0.9387 -0.0000 0.3448
vn -0.4764 -0.8251 -0.3037
vn -0.0000 -0.9528 -0.3037
vn 0.8321 -0.4804 -0.2771
vn 0.8207 -0.4738 -0.3194
vn 0.9608 -0.0000 -0.2771
vn 0.9476 -0.0000 -0.3194
vn 0.8287 -0.4785 -0.2903
vn 0.9569 -0.0000 -0.2903
vn 0.8129 -0.4693 0.3448
vn 0.9387 -0.0000 0.3448
vn 0.6936 -0.4467 0.5650
vn 0.8857 -0.0286 0.4634
vn 0.8996 0.2375 -0.3666
vn 0.9053 -0.2309 -0.3565
vn 0.6487 -0.7145 -0.2622
vn 0.9140 0.1556 -0.3746
vn 0.8378 -0.3000 -0.4561
vn 0.5116 -0.6752 -0.5314
vn 0.6864 -0.5768 0.4428
vn 0.3767 -0.8215 0.4281
vn 0.8348 -0.2143 0.5072
vn 0.7681 0.1808 0.6142
vn 0.7685 0.5688 -0.2931
vn 0.4441 0.8670 -0.2260
vn 0.4703 0.5075 0.7220
vn 0.3903 0.8623 -0.3226
vn 0.7098 0.6148 -0.3439
vn 0.4652 0.7954 0.3885
vn 0.7962 0.4434 0.4117
vn 0.8129 0.4693 0.3448
vn 0.4693 0.8129 0.3448
vn 0.8287 0.4785 -0.2903
vn 0.4785 0.8287 -0.2903
vn 0.4738 0.8207 -0.3194
vn 0.8207 0.4738 -0.3194
vn 0.8321 0.4804 -0.2771
vn -0.0000 0.9148 -0.4040
vn -0.0000 0.8834 0.4687
vn -0.4557 0.7893 0.4114
vn -0.0000 0.9114 0.4114
vn -0.7929 0.4578 -0.4023
vn -0.4578 0.7929 -0.4023
vn -0.0000 0.9155 -0.4023
vn -0.7702 0.4447 -0.4572
vn -0.4447 0.7702 -0.4572
vn -0.0000 0.8894 -0.4572
vn -0.8894 -0.0000 -0.4572
vn -0.9155 -0.0000 -0.4023
vn -0.7929 -0.4578 -0.4023
vn -0.7702 -0.4447 -0.4572
vn -0.7787 -0.4496 0.4377
vn -0.8991 -0.0000 0.4377
vn -0.7787 0.4496 0.4377
vn -0.7987 -0.4611 0.3867
vn -0.9222 -0.0000 0.3867
vn -0.7987 0.4611 0.3867
vn -0.4496 0.7787 0.4377
vn -0.4611 0.7987 0.3867
vn -0.0000 0.8991 0.4377
vn -0.0000 0.9222 0.3867
vn 0.4611 0.7987 0.3867
vn 0.4496 0.7787 0.4377
vn 0.4447 0.7702 -0.4572
vn 0.4578 0.7929 -0.4023
vn 0.7787 0.4496 0.4377
vn 0.7702 0.4447 -0.4572
vn 0.7929 0.4578 -0.4023
vn 0.8894 -0.0000 -0.4572
vn 0.9155 -0.0000 -0.4023
vn 0.7702 -0.4447 -0.4572
vn 0.7929 -0.4578 -0.4023
vn 0.4447 -0.7702 -0.4572
vn 0.4578 -0.7929 -0.4023
vn -0.0000 -0.8894 -0.4572
vn -0.0000 -0.9155 -0.4023
vn -0.4578 -0.7929 -0.4023
vn -0.4447 -0.7702 -0.4572
vn -0.0000 -0.8991 0.4377
vn -0.4496 -0.7787 0.4377
vn -0.0000 -0.9222 0.3867
vn -0.4611 -0.7987 0.3867
vn 0.7987 0.4611 0.3867
vn 0.9222 -0.0000 0.3867
vn 0.7987 -0.4611 0.3867
vn 0.4611 -0.7987 0.3867
vn 0.4496 -0.7787 0.4377
vn 0.7787 -0.4496 0.4377
vn 0.8991 -0.0000 0.4377
vn -0.0000 0.0795 0.9968
vn 0.6557 0.4293 0.6211
vn 0.3786 0.7056 0.5991
vn -0.0000 0.8067 0.5910
vn -0.3786 0.7056 0.5991
vn 0.7572 0.0519 0.6512
vn 0.6557 -0.3255 0.6812
vn 0.3786 -0.6017 0.7033
vn -0.0000 -0.7029 0.7113
vn -0.3786 -0.6017 0.7033
vn -0.6557 -0.3255 0.6812
vn -0.7572 0.0519 0.6512
vn -0.6557 0.4293 0.6211
vn -0.8660 0.4984 -0.0397
vn -0.5000 0.8633 -0.0688
vn -0.0000 0.9968 -0.0795
vn 0.5000 0.8633 -0.0688
vn 0.8660 0.4984 -0.0397
vn 0.8660 -0.4984 0.0397
vn 0.5000 -0.8633 0.0688
vn -0.0000 -0.9968 0.0795
vn -0.5000 -0.8633 0.0688
vn -0.8660 -0.4984 0.0397
vt 0.915308 0.490924
vt 0.903553 0.490924
vt 0.903553 0.482445
vt 0.915308 0.482445
vt 0.387365 0.847960
vt 0.395844 0.847960
vt 0.395844 0.870428
vt 0.387365 0.870428
vt 0.953941 0.720757
vt 0.953941 0.743225
vt 0.942186 0.743225
vt 0.942186 0.720757
vt 0.325107 0.866014
vt 0.325107 0.874493
vt 0.302646 0.874493
vt 0.302646 0.866014
vt 0.282961 0.964667
vt 0.281800 0.963985
vt 0.281800 0.943907
vt 0.282961 0.942199
vt 0.903553 0.499403
vt 0.915308 0.499403
vt 0.888309 0.499403
vt 0.888309 0.490924
vt 0.267717 0.964667
vt 0.268179 0.963985
vt 0.266713 0.963592
vt 0.265641 0.962520
vt 0.265248 0.961054
vt 0.265957 0.948862
vt 0.267454 0.946546
vt 0.270395 0.944616
vt 0.266078 0.964228
vt 0.264877 0.963028
vt 0.878894 0.018137
vt 0.887374 0.018137
vt 0.887375 0.019369
vt 0.878895 0.019369
vt 0.886669 0.499404
vt 0.886669 0.490925
vt 0.878894 0.016487
vt 0.887374 0.016486
vt 0.264438 0.961388
vt 0.878894 0.002781
vt 0.887374 0.002781
vt 0.265147 0.947659
vt 0.266644 0.944838
vt 0.270113 0.942908
vt 0.088751 0.976971
vt 0.097228 0.976958
vt 0.097186 0.980409
vt 0.088709 0.980422
vt 0.878895 0.000000
vt 0.887375 0.000000
vt 0.053416 0.962958
vt 0.049948 0.961028
vt 0.050786 0.958913
vt 0.053567 0.960843
vt 0.048451 0.958206
vt 0.049289 0.956749
vt 0.047742 0.944477
vt 0.048580 0.945018
vt 0.064540 0.942192
vt 0.064540 0.961552
vt 0.048958 0.943605
vt 0.049993 0.942571
vt 0.051405 0.942192
vt 0.048181 0.942838
vt 0.049381 0.941637
vt 0.051021 0.941198
vt 0.066264 0.941198
vt 0.066264 0.963667
vt 0.088751 0.964130
vt 0.097228 0.964117
vt 0.345028 0.866014
vt 0.325107 0.857534
vt 0.345028 0.857534
vt 0.325107 0.849055
vt 0.345028 0.849055
vt 0.302646 0.857534
vt 0.302646 0.849055
vt 0.325107 0.840575
vt 0.345028 0.840575
vt 0.405796 0.964100
vt 0.414273 0.964087
vt 0.414273 0.977480
vt 0.405796 0.977493
vt 0.965746 0.260854
vt 0.965746 0.283322
vt 0.964402 0.282610
vt 0.964402 0.262687
vt 0.952346 0.261563
vt 0.952600 0.263396
vt 0.414231 0.980379
vt 0.405754 0.980392
vt 0.949429 0.263493
vt 0.950184 0.265326
vt 0.957644 0.282610
vt 0.950886 0.282610
vt 0.949432 0.282221
vt 0.948368 0.281156
vt 0.947978 0.279703
vt 0.948687 0.267608
vt 0.947932 0.266313
vt 0.947223 0.280043
vt 0.947662 0.281683
vt 0.796510 0.959195
vt 0.804989 0.959195
vt 0.804989 0.972902
vt 0.796510 0.972902
vt 0.804989 0.974553
vt 0.796510 0.974553
vt 0.804990 0.975784
vt 0.796511 0.975784
vt 0.948863 0.282883
vt 0.886669 0.516363
vt 0.886669 0.507883
vt 0.888309 0.507883
vt 0.888309 0.516362
vt 0.950502 0.283323
vt 0.958124 0.283323
vt 0.895931 0.516362
vt 0.895931 0.507883
vt 0.903553 0.507883
vt 0.903553 0.516362
vt 0.141090 0.941507
vt 0.148712 0.941507
vt 0.148458 0.942002
vt 0.141498 0.942002
vt 0.156333 0.941507
vt 0.155418 0.942002
vt 0.155418 0.962519
vt 0.143243 0.961810
vt 0.140710 0.959880
vt 0.139213 0.957472
vt 0.138504 0.944996
vt 0.138905 0.943499
vt 0.140001 0.942403
vt 0.156333 0.963975
vt 0.142933 0.963266
vt 0.140016 0.961336
vt 0.138520 0.958516
vt 0.796511 0.956416
vt 0.804990 0.956416
vt 0.137811 0.944786
vt 0.138250 0.943146
vt 0.139450 0.941946
vt 0.915308 0.507883
vt 0.915308 0.516362
vt 0.915308 0.524842
vt 0.903553 0.524842
vt 0.325106 0.832096
vt 0.302645 0.840575
vt 0.302645 0.832096
vt 0.953981 0.185723
vt 0.942226 0.185723
vt 0.942226 0.163254
vt 0.953981 0.163254
vt 0.421283 0.847960
vt 0.429762 0.847960
vt 0.429762 0.870428
vt 0.421283 0.870428
vt 0.429762 0.828032
vt 0.421283 0.828032
vt 0.953981 0.205651
vt 0.942226 0.205651
vt 0.742075 0.921644
vt 0.730321 0.921642
vt 0.730321 0.913165
vt 0.742075 0.913167
vt 0.730321 0.930119
vt 0.742075 0.930121
vt 0.412803 0.847960
vt 0.412803 0.828032
vt 0.730321 0.938596
vt 0.742075 0.938598
vt 0.404324 0.847960
vt 0.404324 0.828032
vt 0.412803 0.870428
vt 0.404324 0.870428
vt 0.395844 0.828032
vt 0.387365 0.828032
vt 0.730321 0.947073
vt 0.742075 0.947075
vt 0.742075 0.955552
vt 0.730321 0.955550
vt 0.953941 0.763154
vt 0.942186 0.763154
vt 0.345028 0.874493
vt 0.345028 0.832096
vt 0.830956 0.647618
vt 0.831759 0.650613
vt 0.830153 0.650613
vt 0.828763 0.649811
vt 0.827960 0.648420
vt 0.827960 0.646815
vt 0.828763 0.645425
vt 0.830153 0.644622
vt 0.831759 0.644622
vt 0.833149 0.645425
vt 0.833952 0.646815
vt 0.833952 0.648420
vt 0.833149 0.649811
vt 0.579118 0.583393
vt 0.579118 0.553474
vt 0.580243 0.553501
vt 0.580243 0.583420
vt 0.581789 0.553511
vt 0.581789 0.583430
vt 0.836948 0.647618
vt 0.834755 0.645425
vt 0.836145 0.644622
vt 0.837750 0.644622
vt 0.583344 0.553502
vt 0.583344 0.583421
vt 0.584489 0.553475
vt 0.584489 0.583394
vt 0.834755 0.649811
vt 0.047322 0.710388
vt 0.047322 0.680460
vt 0.048874 0.680460
vt 0.048874 0.710388
vt 0.836145 0.650613
vt 0.050423 0.680460
vt 0.050423 0.710388
vt 0.837750 0.650613
vt 0.991876 0.340300
vt 0.991876 0.370228
vt 0.990741 0.370226
vt 0.990741 0.340299
vt 0.839141 0.649811
vt 0.989191 0.370225
vt 0.989191 0.340298
vt 0.839943 0.648420
vt 0.987640 0.370226
vt 0.987640 0.340299
vt 0.839943 0.646815
vt 0.813120 0.991385
vt 0.813120 0.961458
vt 0.814285 0.961457
vt 0.814285 0.991385
vt 0.839141 0.645425
vt 0.815846 0.961457
vt 0.815846 0.991385
vt 0.817385 0.961457
vt 0.817385 0.991385
vt 0.402092 0.921371
vt 0.406038 0.906644
vt 0.412873 0.910590
vt 0.416819 0.917425
vt 0.416819 0.925317
vt 0.412873 0.932152
vt 0.406038 0.936098
vt 0.398146 0.936098
vt 0.391311 0.932152
vt 0.387365 0.925317
vt 0.387365 0.917425
vt 0.391311 0.910590
vt 0.398146 0.906644
vt 0.769113 0.738732
vt 0.773963 0.738732
vt 0.773947 0.744312
vt 0.769097 0.744312
vt 0.773941 0.751936
vt 0.769091 0.751936
vt 0.778798 0.744312
vt 0.778792 0.751936
vt 0.778814 0.738732
vt 0.773947 0.759559
vt 0.769097 0.759559
vt 0.778798 0.759559
vt 0.617157 0.806043
vt 0.602230 0.809132
vt 0.602683 0.801254
vt 0.607014 0.794660
vt 0.605776 0.816182
vt 0.612372 0.820515
vt 0.620250 0.820971
vt 0.627300 0.817427
vt 0.631631 0.810832
vt 0.632084 0.802955
vt 0.628538 0.795905
vt 0.621942 0.791571
vt 0.614064 0.791116
vt 0.590475 0.967360
vt 0.595326 0.967356
vt 0.595339 0.974977
vt 0.590489 0.974981
vt 0.590475 0.959734
vt 0.595326 0.959730
vt 0.585625 0.959739
vt 0.585625 0.967364
vt 0.585639 0.974985
vt 0.590489 0.954148
vt 0.595339 0.954143
vt 0.585639 0.954152
vt 0.434999 0.862218
vt 0.439843 0.862002
vt 0.440129 0.869621
vt 0.435286 0.869838
vt 0.430156 0.862434
vt 0.430442 0.870054
vt 0.434606 0.854606
vt 0.439450 0.854390
vt 0.429762 0.854822
vt 0.434012 0.834789
vt 0.440129 0.834516
vt 0.954846 0.716863
vt 0.957091 0.700595
vt 0.960565 0.697121
vt 0.962470 0.718906
vt 0.240269 0.954556
vt 0.235419 0.954542
vt 0.235419 0.948944
vt 0.240269 0.948958
vt 0.947223 0.718906
vt 0.952345 0.701867
vt 0.240253 0.962185
vt 0.235403 0.962171
vt 0.229303 0.949235
vt 0.235428 0.949252
vt 0.230553 0.962157
vt 0.235375 0.969788
vt 0.230525 0.969774
vt 0.240225 0.969802
vt 0.778814 0.765140
vt 0.773963 0.765140
vt 0.769113 0.765140
vt 0.959802 0.358559
vt 0.959802 0.375626
vt 0.955058 0.375631
vt 0.955058 0.358564
vt 0.963663 0.499290
vt 0.963663 0.516357
vt 0.960189 0.516347
vt 0.960189 0.499280
vt 0.963663 0.522482
vt 0.960189 0.522472
vt 0.620866 0.836134
vt 0.625770 0.836417
vt 0.622791 0.845427
vt 0.616477 0.838340
vt 0.619813 0.854436
vt 0.615706 0.851738
vt 0.624717 0.854720
vt 0.629106 0.852513
vt 0.613781 0.842445
vt 0.613498 0.847349
vt 0.629877 0.839115
vt 0.632084 0.843504
vt 0.631802 0.848408
vt 0.605057 0.967328
vt 0.605057 0.973451
vt 0.600312 0.973484
vt 0.600312 0.967361
vt 0.964549 0.387903
vt 0.964549 0.381777
vt 0.968034 0.381767
vt 0.968034 0.387893
vt 0.964549 0.404969
vt 0.968034 0.404959
vt 0.605057 0.950267
vt 0.600312 0.950300
vt 0.959800 0.404973
vt 0.959800 0.387906
vt 0.959800 0.381781
vt 0.955058 0.404969
vt 0.955058 0.387903
vt 0.955058 0.381777
vt 0.950697 0.499280
vt 0.950697 0.516347
vt 0.947223 0.516357
vt 0.947223 0.499290
vt 0.950697 0.522472
vt 0.947223 0.522482
vt 0.955443 0.499276
vt 0.955443 0.516343
vt 0.955443 0.522468
vt 0.940257 0.002857
vt 0.942714 0.007112
vt 0.939956 0.007847
vt 0.938238 0.004873
vt 0.942714 0.012025
vt 0.939956 0.011282
vt 0.539950 0.517385
vt 0.539947 0.514067
vt 0.541030 0.514067
vt 0.541032 0.517385
vt 0.539947 0.520703
vt 0.541030 0.520703
vt 0.936002 0.000401
vt 0.935264 0.003155
vt 0.539940 0.523131
vt 0.541023 0.523131
vt 0.742028 0.957875
vt 0.739055 0.956158
vt 0.739212 0.955552
vt 0.742466 0.957431
vt 0.735621 0.956158
vt 0.735454 0.955552
vt 0.540835 0.536471
vt 0.539943 0.536471
vt 0.539951 0.533813
vt 0.540842 0.533813
vt 0.540832 0.540102
vt 0.539940 0.540102
vt 0.932825 0.769826
vt 0.939839 0.771705
vt 0.932825 0.773585
vt 0.934704 0.766570
vt 0.934704 0.776840
vt 0.298243 0.574459
vt 0.297352 0.574460
vt 0.297345 0.570830
vt 0.298237 0.570830
vt 0.937960 0.778720
vt 0.297345 0.567198
vt 0.298237 0.567198
vt 0.743745 0.960849
vt 0.744345 0.960687
vt 0.743745 0.964284
vt 0.744345 0.964446
vt 0.742028 0.967259
vt 0.742466 0.967701
vt 0.297352 0.564537
vt 0.298243 0.564537
vt 0.739055 0.968976
vt 0.739212 0.969581
vt 0.345370 0.379033
vt 0.346261 0.379033
vt 0.346236 0.382664
vt 0.345344 0.382664
vt 0.941719 0.778720
vt 0.944974 0.776840
vt 0.946854 0.773585
vt 0.346261 0.386295
vt 0.345370 0.386295
vt 0.946854 0.769826
vt 0.579241 0.132131
vt 0.578349 0.132131
vt 0.578344 0.129465
vt 0.579235 0.129465
vt 0.735621 0.968976
vt 0.735454 0.969581
vt 0.732648 0.967259
vt 0.732200 0.967702
vt 0.730931 0.964285
vt 0.730321 0.964447
vt 0.578344 0.125831
vt 0.579235 0.125831
vt 0.730931 0.960850
vt 0.730321 0.960688
vt 0.578349 0.122203
vt 0.579241 0.122203
vt 0.944974 0.766570
vt 0.941719 0.764691
vt 0.937960 0.764691
vt 0.540842 0.546391
vt 0.539951 0.546391
vt 0.539943 0.543733
vt 0.540835 0.543733
vt 0.732648 0.957876
vt 0.732200 0.957432
vt 0.539940 0.511639
vt 0.541023 0.511639
vt 0.298432 0.555466
vt 0.298427 0.558780
vt 0.297344 0.558780
vt 0.297349 0.555465
vt 0.940257 0.016280
vt 0.936002 0.018737
vt 0.935264 0.015973
vt 0.938238 0.014256
vt 0.298427 0.562101
vt 0.297344 0.562100
vt 0.931089 0.018737
vt 0.931829 0.015973
vt 0.298432 0.564537
vt 0.297349 0.564536
vt 0.926834 0.016280
vt 0.928855 0.014256
vt 0.578367 0.144830
vt 0.578344 0.141513
vt 0.579426 0.141513
vt 0.579449 0.144830
vt 0.924378 0.012025
vt 0.927138 0.011282
vt 0.578367 0.138195
vt 0.579449 0.138195
vt 0.924378 0.007112
vt 0.927138 0.007847
vt 0.595565 0.967328
vt 0.595565 0.950267
vt 0.926834 0.002857
vt 0.928855 0.004873
vt 0.968027 0.358575
vt 0.968027 0.375642
vt 0.964549 0.375631
vt 0.964549 0.358564
vt 0.968027 0.381767
vt 0.964549 0.381756
vt 0.595565 0.973451
vt 0.931089 0.000401
vt 0.931829 0.003155
vt 0.298427 0.548829
vt 0.298427 0.552147
vt 0.297344 0.552148
vt 0.297344 0.548830
vt 0.298433 0.546397
vt 0.297350 0.546398
vt 0.298433 0.555464
vt 0.297350 0.555465
vt 0.977575 0.374935
vt 0.977575 0.381581
vt 0.975980 0.381579
vt 0.975980 0.374934
vt 0.974385 0.381581
vt 0.974385 0.374935
vt 0.978742 0.374939
vt 0.978742 0.381584
vt 0.464496 0.987053
vt 0.464496 0.993698
vt 0.462902 0.993700
vt 0.462902 0.987054
vt 0.466091 0.987054
vt 0.466091 0.993700
vt 0.467260 0.987058
vt 0.467260 0.993704
vt 0.586084 0.583729
vt 0.586084 0.577086
vt 0.587678 0.577097
vt 0.587678 0.583740
vt 0.584489 0.583740
vt 0.584489 0.577097
vt 0.982365 0.381766
vt 0.982365 0.375121
vt 0.983535 0.375117
vt 0.983535 0.381763
vt 0.980769 0.381767
vt 0.980769 0.375122
vt 0.979176 0.381766
vt 0.979176 0.375121
vt 0.973218 0.381584
vt 0.973218 0.374939
vt 0.281146 0.980309
vt 0.287791 0.980309
vt 0.287787 0.985055
vt 0.281142 0.985055
vt 0.287791 0.989800
vt 0.281146 0.989800
vt 0.559604 0.951892
vt 0.559604 0.956805
vt 0.557147 0.961060
vt 0.552892 0.963517
vt 0.547979 0.963517
vt 0.543724 0.961060
vt 0.541267 0.956805
vt 0.541267 0.951892
vt 0.543724 0.947637
vt 0.547979 0.945180
vt 0.552892 0.945180
vt 0.557147 0.947637
vt 0.281156 0.976835
vt 0.287801 0.976835
vt 0.987654 0.766852
vt 0.994300 0.766846
vt 0.994308 0.771590
vt 0.987663 0.771596
vt 0.987654 0.762104
vt 0.994300 0.762098
vt 0.987663 0.758626
vt 0.994308 0.758621
vt 0.588053 0.831028
vt 0.594696 0.831028
vt 0.594663 0.835775
vt 0.588020 0.835775
vt 0.588019 0.826283
vt 0.594663 0.826283
vt 0.980737 0.644942
vt 0.987383 0.644947
vt 0.987390 0.648432
vt 0.980744 0.648427
vt 0.980737 0.640193
vt 0.987383 0.640198
vt 0.980744 0.635450
vt 0.987390 0.635456
vt 0.287801 0.993275
vt 0.281156 0.993275
vt 0.726170 0.957305
vt 0.723714 0.961560
vt 0.721742 0.959620
vt 0.723490 0.956593
vt 0.726170 0.952392
vt 0.723490 0.953097
vt 0.716969 0.954845
vt 0.718716 0.961368
vt 0.715221 0.961368
vt 0.712196 0.950070
vt 0.715222 0.948322
vt 0.710448 0.953097
vt 0.710448 0.956593
vt 0.721743 0.950070
vt 0.718717 0.948322
vt 0.712195 0.959620
vt 0.710295 0.961560
vt 0.707839 0.957305
vt 0.714548 0.964017
vt 0.714549 0.945680
vt 0.719461 0.945680
vt 0.710295 0.948137
vt 0.707839 0.952392
vt 0.719460 0.964017
vt 0.723714 0.948137
vt 0.904451 0.470746
vt 0.893503 0.467813
vt 0.896436 0.462731
vt 0.901518 0.459798
vt 0.907385 0.459798
vt 0.912466 0.462731
vt 0.915400 0.467813
vt 0.915400 0.473680
vt 0.912466 0.478761
vt 0.907385 0.481695
vt 0.901518 0.481695
vt 0.896436 0.478761
vt 0.893503 0.473680
vt 0.947239 0.622678
vt 0.958059 0.616076
vt 0.958039 0.623015
vt 0.947227 0.626826
vt 0.958031 0.632493
vt 0.947223 0.632493
vt 0.846678 0.206536
vt 0.841775 0.188225
vt 0.851585 0.188225
vt 0.860080 0.193131
vt 0.958039 0.641972
vt 0.947227 0.638161
vt 0.833279 0.193131
vt 0.828373 0.201629
vt 0.958059 0.648911
vt 0.947239 0.642310
vt 0.828373 0.211442
vt 0.649687 0.959076
vt 0.660498 0.955244
vt 0.660491 0.964715
vt 0.649683 0.964738
vt 0.833277 0.219941
vt 0.660498 0.974202
vt 0.649687 0.970410
vt 0.841772 0.224847
vt 0.627649 0.951103
vt 0.616722 0.957706
vt 0.616540 0.950771
vt 0.627540 0.946957
vt 0.851582 0.224847
vt 0.616473 0.941294
vt 0.627500 0.941290
vt 0.860078 0.219941
vt 0.616540 0.931814
vt 0.627540 0.935622
vt 0.864984 0.211442
vt 0.616722 0.924871
vt 0.627649 0.931471
vt 0.864984 0.201629
vt 0.355249 0.959121
vt 0.366057 0.955317
vt 0.366048 0.964799
vt 0.355244 0.964790
vt 0.366057 0.974275
vt 0.355249 0.970456
vt 0.550462 0.963517
vt 0.562216 0.963517
vt 0.562216 0.971906
vt 0.550462 0.971906
vt 0.693111 0.918668
vt 0.685068 0.918668
vt 0.685068 0.906914
vt 0.693111 0.906914
vt 0.562216 0.975923
vt 0.550462 0.975923
vt 0.992088 0.059762
vt 0.988072 0.059762
vt 0.988072 0.051718
vt 0.992088 0.051718
vt 0.467261 0.916638
vt 0.475302 0.916638
vt 0.475301 0.920349
vt 0.467260 0.920349
vt 0.491571 0.916638
vt 0.491571 0.920349
vt 0.019414 0.968139
vt 0.019414 0.984413
vt 0.011025 0.984413
vt 0.011025 0.968139
vt 0.927514 0.958076
vt 0.935900 0.958076
vt 0.935900 0.966119
vt 0.927514 0.966119
vt 0.927514 0.941801
vt 0.935900 0.941802
vt 0.781281 0.959865
vt 0.772892 0.959865
vt 0.772892 0.956154
vt 0.781281 0.956154
vt 0.693111 0.922379
vt 0.685068 0.922379
vt 0.781281 0.971619
vt 0.772892 0.971619
vt 0.927514 0.936736
vt 0.935900 0.936736
vt 0.496636 0.916638
vt 0.496635 0.920349
vt 0.769237 0.625171
vt 0.770094 0.628782
vt 0.761932 0.630719
vt 0.761075 0.627109
vt 0.761932 0.591593
vt 0.770094 0.589656
vt 0.491363 0.882200
vt 0.496427 0.882200
vt 0.256048 0.876970
vt 0.256048 0.841444
vt 0.264161 0.843578
vt 0.264161 0.879103
vt 0.668794 0.918668
vt 0.663728 0.918668
vt 0.663714 0.884303
vt 0.668779 0.884303
vt 0.663728 0.922379
vt 0.668794 0.922379
vt 0.768875 0.959865
vt 0.768875 0.971619
vt 0.229303 0.993105
vt 0.229303 0.981351
vt 0.237344 0.981349
vt 0.237344 0.993103
vt 0.834520 0.272194
vt 0.834520 0.224847
vt 0.840667 0.224847
vt 0.840667 0.272194
vt 0.853737 0.988169
vt 0.853737 0.994316
vt 0.849390 0.992515
vt 0.847589 0.988169
vt 0.849390 0.983822
vt 0.853737 0.982021
vt 0.828373 0.272194
vt 0.828373 0.224847
vt 0.819722 0.992616
vt 0.823731 0.988269
vt 0.824069 0.988269
vt 0.824069 0.994416
vt 0.824069 0.982122
vt 0.819722 0.983922
vt 0.817921 0.988269
vt 0.867268 0.815441
vt 0.867268 0.862787
vt 0.862970 0.862786
vt 0.862970 0.815440
vt 0.698219 0.882654
vt 0.698219 0.835321
vt 0.702550 0.835365
vt 0.702550 0.882698
vt 0.871660 0.815440
vt 0.871660 0.862786
vt 0.632537 0.834528
vt 0.632536 0.787181
vt 0.636885 0.787178
vt 0.636885 0.834525
vt 0.185422 0.962469
vt 0.183477 0.956665
vt 0.186640 0.956470
vt 0.189476 0.957883
vt 0.191226 0.960524
vt 0.191420 0.963687
vt 0.190008 0.966523
vt 0.187366 0.968273
vt 0.184204 0.968468
vt 0.181367 0.967055
vt 0.179617 0.964414
vt 0.179423 0.961251
vt 0.180835 0.958415
vt 0.183318 0.955528
vt 0.184832 0.955914
vt 0.186915 0.956366
vt 0.185600 0.950593
vt 0.187161 0.950608
vt 0.189292 0.950552
vt 0.898010 0.768490
vt 0.899543 0.768490
vt 0.899543 0.773269
vt 0.898010 0.773269
vt 0.895933 0.768489
vt 0.895933 0.773268
vt 0.898010 0.778048
vt 0.899543 0.778048
vt 0.895933 0.778047
vt 0.122460 0.963675
vt 0.124837 0.969488
vt 0.122707 0.969432
vt 0.120377 0.964126
vt 0.121145 0.969448
vt 0.118863 0.964512
vt 0.893870 0.778046
vt 0.893870 0.773267
vt 0.124554 0.963278
vt 0.126966 0.969600
vt 0.125021 0.962158
vt 0.122185 0.963570
vt 0.119022 0.963376
vt 0.179423 0.892636
vt 0.179423 0.885964
vt 0.189402 0.885964
vt 0.189402 0.892636
vt 0.179423 0.893644
vt 0.189402 0.893643
vt 0.120967 0.957572
vt 0.126771 0.959516
vt 0.387285 0.984374
vt 0.385024 0.984427
vt 0.385024 0.974450
vt 0.387285 0.974397
vt 0.951844 0.115917
vt 0.952119 0.115813
vt 0.954213 0.116209
vt 0.954680 0.117330
vt 0.950626 0.121916
vt 0.956430 0.119971
vt 0.956625 0.123134
vt 0.698125 0.983644
vt 0.701188 0.983644
vt 0.701188 0.993624
vt 0.698125 0.993624
vt 0.955212 0.125970
vt 0.704246 0.983644
vt 0.704246 0.993624
vt 0.952570 0.127720
vt 0.928685 0.482273
vt 0.926446 0.482269
vt 0.926446 0.472290
vt 0.928685 0.472293
vt 0.949408 0.127915
vt 0.923386 0.482268
vt 0.923386 0.472288
vt 0.946572 0.126502
vt 0.920325 0.482269
vt 0.920325 0.472290
vt 0.944822 0.123860
vt 0.765908 0.920430
vt 0.765907 0.918131
vt 0.775886 0.918131
vt 0.775888 0.920430
vt 0.944627 0.120698
vt 0.765906 0.915050
vt 0.775886 0.915050
vt 0.946040 0.117862
vt 0.765907 0.912012
vt 0.775886 0.912012
vt 0.948681 0.116112
vt 0.765908 0.908740
vt 0.775887 0.908740
vt 0.948522 0.114975
vt 0.950036 0.115361
vt 0.950804 0.110040
vt 0.952366 0.110055
vt 0.765909 0.903484
vt 0.775888 0.903484
vt 0.950735 0.088030
vt 0.952297 0.088045
vt 0.764599 0.881818
vt 0.775886 0.881818
vt 0.954496 0.109999
vt 0.954428 0.087989
vt 0.064977 0.983567
vt 0.067049 0.983579
vt 0.067049 0.994863
vt 0.064977 0.994851
vt 0.063446 0.983560
vt 0.063446 0.994844
vt 0.179423 0.946178
vt 0.179474 0.944617
vt 0.184493 0.944617
vt 0.184441 0.946178
vt 0.179429 0.948310
vt 0.184448 0.948310
vt 0.200954 0.944617
vt 0.200903 0.946178
vt 0.200910 0.948310
vt 0.184511 0.950440
vt 0.200973 0.950440
vt 0.179493 0.950440
vt 0.194181 0.859498
vt 0.190710 0.859498
vt 0.190710 0.843435
vt 0.194181 0.843435
vt 0.194181 0.864395
vt 0.190710 0.864395
vt 0.069108 0.983592
vt 0.069108 0.994876
vt 0.179423 0.864395
vt 0.194181 0.885964
vt 0.197652 0.864395
vt 0.198960 0.885964
vt 0.197652 0.859498
vt 0.208939 0.885964
vt 0.208939 0.864395
vt 0.972723 0.465061
vt 0.972723 0.476345
vt 0.970664 0.476332
vt 0.970664 0.465048
vt 0.136511 0.949442
vt 0.136448 0.951573
vt 0.131429 0.951573
vt 0.131492 0.949442
vt 0.197652 0.843435
vt 0.114968 0.951573
vt 0.115031 0.949442
vt 0.131499 0.947311
vt 0.115038 0.947311
vt 0.136518 0.947311
vt 0.131448 0.945750
vt 0.114987 0.945750
vt 0.136467 0.945750
vt 0.974795 0.465073
vt 0.974795 0.476357
vt 0.976326 0.465081
vt 0.976326 0.476364
vt 0.756351 0.903484
vt 0.746372 0.903484
vt 0.746369 0.881818
vt 0.757657 0.881818
vt 0.761128 0.881818
vt 0.761130 0.903484
vt 0.152132 0.963976
vt 0.155603 0.963975
vt 0.155603 0.981732
vt 0.152132 0.983880
vt 0.131178 0.927600
vt 0.135815 0.927686
vt 0.987640 0.373699
vt 0.987990 0.370228
vt 0.992520 0.370228
vt 0.992147 0.373698
vt 0.725626 0.983867
vt 0.722156 0.983885
vt 0.722156 0.964017
vt 0.725626 0.966142
vt 0.987990 0.377171
vt 0.992520 0.377170
vt 0.718686 0.983903
vt 0.718686 0.966179
vt 0.074418 0.992718
vt 0.070947 0.992717
vt 0.070947 0.976574
vt 0.074418 0.976574
vt 0.077889 0.992718
vt 0.077889 0.976575
vt 0.973232 0.766806
vt 0.974763 0.766814
vt 0.974763 0.770284
vt 0.973232 0.770276
vt 0.973232 0.773747
vt 0.974763 0.773754
vt 0.976836 0.770296
vt 0.976836 0.773766
vt 0.976836 0.766825
vt 0.978894 0.766839
vt 0.978894 0.770309
vt 0.978894 0.773779
vt 0.180126 0.926554
vt 0.184763 0.926467
vt 0.148660 0.963978
vt 0.148660 0.981734
vt 0.168519 0.934850
vt 0.170081 0.934834
vt 0.170012 0.956844
vt 0.168450 0.956860
vt 0.756350 0.908740
vt 0.746371 0.908740
vt 0.166238 0.929914
vt 0.167751 0.929529
vt 0.163755 0.927028
vt 0.166396 0.928778
vt 0.756349 0.912012
vt 0.746370 0.912012
vt 0.168341 0.922974
vt 0.162342 0.924192
vt 0.756349 0.915050
vt 0.746369 0.915050
vt 0.169559 0.928973
vt 0.169834 0.929077
vt 0.172395 0.927560
vt 0.171928 0.928681
vt 0.172211 0.934890
vt 0.174340 0.935003
vt 0.208939 0.893643
vt 0.198960 0.893643
vt 0.198960 0.892636
vt 0.208939 0.892636
vt 0.174271 0.957013
vt 0.172143 0.956900
vt 0.189009 0.956762
vt 0.191420 0.950440
vt 0.174145 0.924918
vt 0.890967 0.975646
vt 0.890967 0.985623
vt 0.888706 0.985676
vt 0.888706 0.975699
vt 0.174340 0.921756
vt 0.689809 0.993623
vt 0.689809 0.983643
vt 0.692872 0.983644
vt 0.692872 0.993623
vt 0.172927 0.918920
vt 0.695930 0.983643
vt 0.695930 0.993623
vt 0.170286 0.917170
vt 0.937045 0.472293
vt 0.937045 0.482273
vt 0.934806 0.482269
vt 0.934806 0.472290
vt 0.167123 0.916975
vt 0.931746 0.482268
vt 0.931746 0.472288
vt 0.164287 0.918388
vt 0.928685 0.482269
vt 0.928685 0.472290
vt 0.162537 0.921029
vt 0.756350 0.920430
vt 0.746371 0.920430
vt 0.746370 0.918131
vt 0.756349 0.918131
vt 0.893870 0.768488
vt 0.956556 0.087877
vt 0.956625 0.109887
vt 0.116380 0.961626
vt 0.114968 0.958790
vt 0.115162 0.955627
vt 0.116912 0.952985
vt 0.119749 0.951573
vt 0.122911 0.951767
vt 0.125553 0.953517
vt 0.126966 0.956354
vt 0.518759 0.278319
vt 0.521863 0.281423
vt 0.519895 0.282560
vt 0.517623 0.282560
vt 0.515655 0.281423
vt 0.514519 0.279455
vt 0.514519 0.277183
vt 0.515655 0.275215
vt 0.517623 0.274079
vt 0.519895 0.274079
vt 0.521863 0.275215
vt 0.523000 0.277183
vt 0.523000 0.279455
vt 0.949068 0.893571
vt 0.949068 0.848518
vt 0.950660 0.848557
vt 0.950660 0.893610
vt 0.952849 0.848571
vt 0.952849 0.893624
vt 0.527240 0.278319
vt 0.530344 0.275215
vt 0.531480 0.277183
vt 0.531480 0.279455
vt 0.955050 0.848558
vt 0.955050 0.893611
vt 0.528376 0.274079
vt 0.526104 0.274079
vt 0.956671 0.848520
vt 0.956671 0.893573
vt 0.524136 0.275215
vt 0.910719 0.366015
vt 0.910719 0.411081
vt 0.908522 0.411081
vt 0.908522 0.366015
vt 0.523000 0.277183
vt 0.906329 0.411081
vt 0.906329 0.366015
vt 0.331401 0.910159
vt 0.331401 0.955225
vt 0.329795 0.955223
vt 0.329795 0.910157
vt 0.524136 0.281423
vt 0.327601 0.955222
vt 0.327601 0.910156
vt 0.526104 0.282560
vt 0.325405 0.955223
vt 0.325405 0.910157
vt 0.528376 0.282560
vt 0.936593 0.427085
vt 0.936593 0.472151
vt 0.934944 0.472152
vt 0.934944 0.427086
vt 0.530344 0.281423
vt 0.932735 0.472152
vt 0.932735 0.427086
vt 0.930556 0.472152
vt 0.930556 0.427085
vt 0.108885 0.975730
vt 0.110432 0.981504
vt 0.107338 0.981504
vt 0.104659 0.979957
vt 0.103112 0.977277
vt 0.103112 0.974183
vt 0.104659 0.971504
vt 0.107338 0.969957
vt 0.110432 0.969957
vt 0.113112 0.971504
vt 0.114659 0.974183
vt 0.114659 0.977277
vt 0.113112 0.979957
vt 0.719234 0.385910
vt 0.709121 0.385910
vt 0.709173 0.383742
vt 0.719287 0.383742
vt 0.709193 0.380761
vt 0.719306 0.380761
vt 0.620416 0.976487
vt 0.616189 0.972261
vt 0.618869 0.970714
vt 0.621963 0.970714
vt 0.709175 0.377765
vt 0.719288 0.377765
vt 0.614642 0.974940
vt 0.614642 0.978034
vt 0.709123 0.375558
vt 0.719236 0.375558
vt 0.616189 0.980714
vt 0.528023 0.983677
vt 0.528023 0.993793
vt 0.525032 0.993793
vt 0.525032 0.983677
vt 0.618869 0.982261
vt 0.522046 0.993793
vt 0.522046 0.983677
vt 0.621963 0.982261
vt 0.962197 0.223457
vt 0.962197 0.213341
vt 0.964383 0.213344
vt 0.964383 0.223461
vt 0.624642 0.980714
vt 0.967371 0.213346
vt 0.967371 0.223462
vt 0.626189 0.978034
vt 0.970361 0.213344
vt 0.970361 0.223461
vt 0.626189 0.974940
vt 0.955169 0.060103
vt 0.955169 0.049987
vt 0.957413 0.049986
vt 0.957413 0.060102
vt 0.624642 0.972261
vt 0.960422 0.049985
vt 0.960422 0.060101
vt 0.963388 0.049986
vt 0.963388 0.060102
vt 0.538246 0.664256
vt 0.535511 0.663523
vt 0.536244 0.662254
vt 0.537513 0.661522
vt 0.538979 0.661522
vt 0.540248 0.662254
vt 0.540980 0.663523
vt 0.540980 0.664989
vt 0.540247 0.666258
vt 0.538978 0.666991
vt 0.537513 0.666991
vt 0.536244 0.666258
vt 0.535511 0.664989
vt 0.803281 0.127061
vt 0.803281 0.082008
vt 0.804308 0.082033
vt 0.804308 0.127086
vt 0.805720 0.082042
vt 0.805720 0.127095
vt 0.842678 0.647356
vt 0.841945 0.650091
vt 0.840676 0.649358
vt 0.839943 0.648089
vt 0.807138 0.082033
vt 0.807138 0.127087
vt 0.843410 0.650091
vt 0.844680 0.649358
vt 0.808184 0.082009
vt 0.808184 0.127062
vt 0.845412 0.648089
vt 0.853116 0.385972
vt 0.853116 0.431038
vt 0.851700 0.431038
vt 0.851700 0.385972
vt 0.845412 0.646624
vt 0.850285 0.431038
vt 0.850285 0.385972
vt 0.844680 0.645355
vt 0.941659 0.482447
vt 0.941659 0.527513
vt 0.940623 0.527511
vt 0.940623 0.482445
vt 0.843410 0.644622
vt 0.939208 0.527511
vt 0.939208 0.482445
vt 0.841945 0.644622
vt 0.937792 0.527511
vt 0.937792 0.482445
vt 0.840676 0.645355
vt 0.302612 0.694149
vt 0.302612 0.739215
vt 0.301549 0.739215
vt 0.301549 0.694149
vt 0.839943 0.646624
vt 0.300124 0.739215
vt 0.300124 0.694149
vt 0.298719 0.739215
vt 0.298719 0.694149
vt 0.445595 0.976367
vt 0.449822 0.980594
vt 0.447142 0.982141
vt 0.444048 0.982141
vt 0.441369 0.980594
vt 0.439822 0.977914
vt 0.439822 0.974820
vt 0.441369 0.972141
vt 0.444048 0.970594
vt 0.447142 0.970594
vt 0.449822 0.972141
vt 0.451369 0.974820
vt 0.451369 0.977914
vt 0.864333 0.187073
vt 0.856904 0.187073
vt 0.856957 0.184905
vt 0.864386 0.184905
vt 0.856977 0.181924
vt 0.864406 0.181924
vt 0.235076 0.975576
vt 0.240850 0.974029
vt 0.240850 0.977123
vt 0.239303 0.979802
vt 0.856958 0.178928
vt 0.864387 0.178928
vt 0.239303 0.971349
vt 0.236623 0.969802
vt 0.856907 0.176720
vt 0.864336 0.176720
vt 0.233529 0.969802
vt 0.936533 0.419653
vt 0.936533 0.427085
vt 0.933542 0.427085
vt 0.933542 0.419653
vt 0.230850 0.971349
vt 0.930556 0.427085
vt 0.930556 0.419653
vt 0.229303 0.974029
vt 0.744941 0.385910
vt 0.737510 0.385910
vt 0.737513 0.383724
vt 0.744945 0.383724
vt 0.229303 0.977123
vt 0.737515 0.380736
vt 0.744946 0.380736
vt 0.230850 0.979802
vt 0.737513 0.377747
vt 0.744945 0.377747
vt 0.233529 0.981349
vt 0.563405 0.282299
vt 0.555974 0.282299
vt 0.555973 0.280054
vt 0.563404 0.280054
vt 0.236623 0.981349
vt 0.555972 0.277045
vt 0.563403 0.277045
vt 0.555973 0.274079
vt 0.563404 0.274079
vt 0.823695 0.976348
vt 0.827921 0.980575
vt 0.825242 0.982122
vt 0.822148 0.982122
vt 0.819468 0.980575
vt 0.817921 0.977895
vt 0.817921 0.974801
vt 0.819468 0.972122
vt 0.822148 0.970575
vt 0.825242 0.970575
vt 0.827921 0.972122
vt 0.829468 0.974801
vt 0.829468 0.977895
vt 0.729420 0.385910
vt 0.719306 0.385910
vt 0.719359 0.383742
vt 0.729473 0.383742
vt 0.719379 0.380761
vt 0.729492 0.380761
vt 0.120741 0.975374
vt 0.124968 0.971147
vt 0.126515 0.973827
vt 0.126515 0.976921
vt 0.719361 0.377765
vt 0.729474 0.377765
vt 0.122288 0.969600
vt 0.119194 0.969600
vt 0.719309 0.375558
vt 0.729422 0.375558
vt 0.116515 0.971147
vt 0.148660 0.993997
vt 0.148660 0.983880
vt 0.151651 0.983880
vt 0.151651 0.993997
vt 0.114968 0.973827
vt 0.154638 0.983880
vt 0.154638 0.993997
vt 0.114968 0.976921
vt 0.970282 0.522183
vt 0.970282 0.512067
vt 0.972468 0.512070
vt 0.972468 0.522186
vt 0.116515 0.979600
vt 0.975456 0.512072
vt 0.975456 0.522188
vt 0.119194 0.981147
vt 0.978445 0.512070
vt 0.978445 0.522186
vt 0.122288 0.981147
vt 0.962197 0.213344
vt 0.962197 0.223460
vt 0.959953 0.223462
vt 0.959953 0.213345
vt 0.124968 0.979600
vt 0.956944 0.223462
vt 0.956944 0.213346
vt 0.953978 0.223461
vt 0.953978 0.213345
vt 0.123028 0.890103
vt 0.123028 0.849660
vt 0.126602 0.851535
vt 0.126602 0.888228
vt 0.343089 0.711753
vt 0.302645 0.711753
vt 0.302645 0.695861
vt 0.343089 0.695861
vt 0.385418 0.850557
vt 0.370882 0.849069
vt 0.362722 0.835433
vt 0.385418 0.834665
vt 0.137566 0.890101
vt 0.137566 0.888160
vt 0.871522 0.720032
vt 0.871783 0.735923
vt 0.852564 0.735361
vt 0.860577 0.721638
vt 0.174536 0.773665
vt 0.174602 0.789549
vt 0.137909 0.789549
vt 0.137975 0.773665
vt 0.355240 0.759749
vt 0.355244 0.773596
vt 0.353303 0.773596
vt 0.353299 0.759749
vt 0.872069 0.762578
vt 0.845458 0.770119
vt 0.355239 0.724884
vt 0.353298 0.724884
vt 0.355244 0.800753
vt 0.385418 0.808008
vt 0.362151 0.787999
vt 0.385418 0.781351
vt 0.355244 0.712316
vt 0.353303 0.712316
vt 0.070947 0.941198
vt 0.047742 0.941034
vt 0.047742 0.939094
vt 0.067179 0.939422
vt 0.872069 0.789237
vt 0.852501 0.782799
vt 0.174702 0.720362
vt 0.174536 0.747017
vt 0.137976 0.747017
vt 0.137811 0.720362
vt 0.070947 0.900766
vt 0.067179 0.902541
vt 0.872069 0.650828
vt 0.872069 0.677487
vt 0.845458 0.669946
vt 0.852501 0.657266
vt 0.047742 0.900602
vt 0.047742 0.902543
vt 0.077915 0.858334
vt 0.054649 0.851686
vt 0.047742 0.838932
vt 0.077915 0.831677
vt 0.343089 0.765067
vt 0.302645 0.765067
vt 0.302645 0.738410
vt 0.343089 0.738410
vt 0.055220 0.804252
vt 0.077915 0.805020
vt 0.353299 0.698469
vt 0.353298 0.663604
vt 0.355239 0.663604
vt 0.355240 0.698469
vt 0.353303 0.651036
vt 0.355244 0.651036
vt 0.871784 0.704142
vt 0.852564 0.704704
vt 0.353303 0.712316
vt 0.355244 0.712316
vt 0.871523 0.720032
vt 0.860578 0.718427
vt 0.137566 0.849658
vt 0.137566 0.851599
vt 0.063379 0.790615
vt 0.077915 0.789127
vt 0.980670 0.439609
vt 0.975830 0.435516
vt 0.975830 0.409066
vt 0.980670 0.404973
vt 0.990048 0.810263
vt 0.990048 0.844900
vt 0.985306 0.844900
vt 0.985306 0.810263
vt 0.301996 0.991684
vt 0.301996 0.996529
vt 0.297254 0.996543
vt 0.297254 0.991698
vt 0.993239 0.591917
vt 0.993239 0.618368
vt 0.988499 0.618367
vt 0.988499 0.591917
vt 0.697853 0.940768
vt 0.697853 0.945620
vt 0.693111 0.945609
vt 0.693111 0.940756
vt 0.979222 0.127915
vt 0.984062 0.132007
vt 0.984062 0.158450
vt 0.979222 0.162541
vt 0.979222 0.162551
vt 0.974382 0.158458
vt 0.974382 0.132008
vt 0.979222 0.127915
vt 0.983623 0.258098
vt 0.983623 0.223462
vt 0.988365 0.223462
vt 0.988365 0.258098
vt 0.991876 0.369582
vt 0.991876 0.364737
vt 0.996618 0.364724
vt 0.996618 0.369568
vt 0.988365 0.276363
vt 0.988365 0.249912
vt 0.993105 0.249912
vt 0.993105 0.276363
vt 0.937147 0.759756
vt 0.937147 0.764609
vt 0.932406 0.764597
vt 0.932406 0.759745
vt 0.978917 0.565467
vt 0.983757 0.569559
vt 0.983757 0.596002
vt 0.978917 0.600093
vt 0.980425 0.511272
vt 0.975585 0.507179
vt 0.975585 0.480729
vt 0.980425 0.476636
vt 0.985318 0.964040
vt 0.985318 0.929404
vt 0.990060 0.929404
vt 0.990060 0.964040
vt 0.901217 0.996708
vt 0.901217 0.991863
vt 0.905959 0.991850
vt 0.905959 0.996695
vt 0.993544 0.127915
vt 0.993544 0.154365
vt 0.988804 0.154365
vt 0.988804 0.127915
vt 0.970300 0.809304
vt 0.970300 0.814157
vt 0.965558 0.814145
vt 0.965558 0.809293
vt 0.985318 0.964030
vt 0.980478 0.959938
vt 0.980478 0.933495
vt 0.977641 0.317959
vt 0.972800 0.313866
vt 0.972800 0.287415
vt 0.977641 0.283323
vt 0.982912 0.766806
vt 0.982912 0.732170
vt 0.987654 0.732170
vt 0.987654 0.766806
vt 0.991857 0.474161
vt 0.991857 0.469317
vt 0.996599 0.469303
vt 0.996599 0.474148
vt 0.988365 0.249912
vt 0.993105 0.223462
vt 0.993105 0.249912
vt 0.941889 0.759756
vt 0.941889 0.764609
vt 0.937147 0.764597
vt 0.937147 0.759745
vt 0.982898 0.374924
vt 0.978058 0.370831
vt 0.978058 0.344389
vt 0.982898 0.340298
vt 0.978046 0.908258
vt 0.973206 0.904166
vt 0.973206 0.877715
vt 0.978046 0.873622
vt 0.984062 0.162551
vt 0.984062 0.127915
vt 0.988804 0.162551
vt 0.609896 0.996547
vt 0.609896 0.991703
vt 0.614638 0.991689
vt 0.614638 0.996534
vt 0.988499 0.644818
vt 0.988499 0.618368
vt 0.993239 0.618368
vt 0.993239 0.644818
vt 0.907355 0.926181
vt 0.907355 0.931034
vt 0.902613 0.931022
vt 0.902613 0.926170
vt 0.983133 0.723744
vt 0.978293 0.719651
vt 0.978293 0.693208
vt 0.983133 0.689118
vt 0.978783 0.258098
vt 0.973943 0.254005
vt 0.973943 0.227555
vt 0.978783 0.223462
vt 0.982929 0.557118
vt 0.982929 0.522482
vt 0.987670 0.522482
vt 0.987670 0.557118
vt 0.444564 0.996423
vt 0.444564 0.991579
vt 0.449306 0.991565
vt 0.449306 0.996410
vt 0.989153 0.404173
vt 0.989153 0.377722
vt 0.993893 0.377722
vt 0.993893 0.404173
vt 0.923555 0.773394
vt 0.923555 0.778246
vt 0.918813 0.778234
vt 0.918813 0.773382
vt 0.983623 0.258088
vt 0.978783 0.253995
vt 0.978783 0.227553
vt 0.282961 0.972742
vt 0.282961 0.946291
vt 0.287801 0.942199
vt 0.985510 0.439609
vt 0.985510 0.404973
vt 0.990251 0.404973
vt 0.990251 0.439609
vt 0.392107 0.991933
vt 0.392107 0.996778
vt 0.387365 0.996791
vt 0.387365 0.991947
vt 0.988173 0.204626
vt 0.988173 0.178175
vt 0.992914 0.178175
vt 0.992914 0.204626
vt 0.439734 0.991163
vt 0.439734 0.996015
vt 0.434993 0.996004
vt 0.434993 0.991151
vt 0.985306 0.844890
vt 0.980466 0.840797
vt 0.980466 0.814354
vt 0.977076 0.808462
vt 0.972236 0.804369
vt 0.972236 0.777919
vt 0.977076 0.773826
vt 0.987875 0.689118
vt 0.987875 0.723754
vt 0.983133 0.723754
vt 0.642632 0.991859
vt 0.642632 0.996704
vt 0.637890 0.996718
vt 0.637890 0.991873
vt 0.990007 0.503086
vt 0.990007 0.476636
vt 0.994747 0.476636
vt 0.994747 0.503086
vt 0.904588 0.778234
vt 0.904588 0.773382
vt 0.909330 0.773394
vt 0.909330 0.778246
vt 0.985265 0.511262
vt 0.980425 0.507169
vt 0.980425 0.480726
vt 0.985265 0.476636
vt 0.978058 0.374934
vt 0.973218 0.370841
vt 0.973218 0.344391
vt 0.978058 0.340298
vt 0.988072 0.025268
vt 0.988072 0.059904
vt 0.983330 0.059904
vt 0.983330 0.025268
vt 0.015767 0.991899
vt 0.015767 0.996744
vt 0.011025 0.996758
vt 0.011025 0.991913
vt 0.005618 0.994264
vt 0.005618 0.967813
vt 0.010358 0.967814
vt 0.010358 0.994264
vt 0.994613 0.122830
vt 0.994613 0.127682
vt 0.989871 0.127670
vt 0.989871 0.122818
vt 0.982481 0.317949
vt 0.977641 0.313856
vt 0.977641 0.287413
vt 0.982481 0.283323
vt 0.975626 0.810263
vt 0.980466 0.814356
vt 0.980466 0.840807
vt 0.975626 0.844900
vt 0.990007 0.511272
vt 0.985265 0.511272
vt 0.668455 0.991530
vt 0.668455 0.996375
vt 0.663714 0.996388
vt 0.663714 0.991544
vt 0.993239 0.565467
vt 0.993239 0.591917
vt 0.988499 0.591917
vt 0.988499 0.565467
vt 0.914071 0.778234
vt 0.914071 0.773382
vt 0.918813 0.773394
vt 0.918813 0.778246
vt 0.982929 0.557108
vt 0.978089 0.553016
vt 0.978089 0.526573
vt 0.982929 0.522482
vt 0.978490 0.059904
vt 0.973650 0.055811
vt 0.973650 0.029361
vt 0.978490 0.025268
vt 0.983757 0.634739
vt 0.983757 0.600103
vt 0.988499 0.600103
vt 0.988499 0.634739
vt 0.439822 0.996424
vt 0.439822 0.991579
vt 0.444564 0.991565
vt 0.444564 0.996410
vt 0.992782 0.648911
vt 0.992782 0.675362
vt 0.988042 0.675362
vt 0.988042 0.648911
vt 0.980388 0.122830
vt 0.980388 0.127682
vt 0.975646 0.127671
vt 0.975646 0.122818
vt 0.983300 0.683537
vt 0.978460 0.679445
vt 0.978460 0.653002
vt 0.983300 0.648911
vt 0.980478 0.964040
vt 0.975638 0.959947
vt 0.975638 0.933497
vt 0.980478 0.929404
vt 0.990503 0.087877
vt 0.990503 0.122513
vt 0.985762 0.122513
vt 0.985762 0.087877
vt 0.996599 0.464445
vt 0.996599 0.469290
vt 0.991857 0.469303
vt 0.991857 0.464459
vt 0.989318 0.872609
vt 0.989318 0.846159
vt 0.994059 0.846159
vt 0.994059 0.872609
vt 0.985129 0.127671
vt 0.985129 0.122818
vt 0.989871 0.122830
vt 0.989871 0.127682
vt 0.980922 0.087877
vt 0.985762 0.091970
vt 0.985762 0.118413
vt 0.980922 0.122503
vt 0.978917 0.634739
vt 0.974077 0.630646
vt 0.974077 0.604196
vt 0.978917 0.600103
vt 0.991435 0.773826
vt 0.991435 0.808462
vt 0.986693 0.808462
vt 0.986693 0.773826
vt 0.396848 0.991933
vt 0.396848 0.996778
vt 0.392107 0.996791
vt 0.392107 0.991947
vt 0.990060 0.955855
vt 0.994800 0.929404
vt 0.994800 0.955855
vt 0.980215 0.082773
vt 0.980215 0.087625
vt 0.975473 0.087614
vt 0.975473 0.082762
vt 0.647955 0.984002
vt 0.643115 0.979909
vt 0.643115 0.953466
vt 0.647955 0.949375
vt 0.978592 0.212811
vt 0.973751 0.208719
vt 0.973751 0.182268
vt 0.978592 0.178175
vt 0.983300 0.683547
vt 0.988042 0.648911
vt 0.988042 0.683547
vt 0.196162 0.996341
vt 0.196162 0.991496
vt 0.200904 0.991483
vt 0.200904 0.996328
vt 0.988005 0.086796
vt 0.988005 0.060346
vt 0.992745 0.060346
vt 0.992745 0.086796
vt 0.899846 0.778234
vt 0.899846 0.773382
vt 0.904588 0.773394
vt 0.904588 0.778246
vt 0.982339 0.474646
vt 0.977499 0.470553
vt 0.977499 0.444110
vt 0.982339 0.440019
vt 0.487841 0.981817
vt 0.483001 0.977724
vt 0.483001 0.951274
vt 0.487841 0.947181
vt 0.987640 0.340298
vt 0.987640 0.374934
vt 0.982898 0.374934
vt 0.674949 0.991530
vt 0.674949 0.996375
vt 0.670207 0.996388
vt 0.670207 0.991544
vt 0.987654 0.758620
vt 0.987654 0.732170
vt 0.992394 0.732170
vt 0.992394 0.758620
vt 0.985129 0.122830
vt 0.985129 0.127682
vt 0.980388 0.127670
vt 0.980388 0.122818
vt 0.982886 0.908249
vt 0.978046 0.904156
vt 0.978046 0.877713
vt 0.982886 0.873622
vt 0.978072 0.766806
vt 0.973232 0.762713
vt 0.973232 0.736263
vt 0.978072 0.732170
vt 0.983757 0.600103
vt 0.983757 0.565467
vt 0.988499 0.565467
vt 0.773617 0.991495
vt 0.773617 0.996339
vt 0.768875 0.996353
vt 0.768875 0.991508
vt 0.988072 0.051718
vt 0.988072 0.025268
vt 0.992812 0.025268
vt 0.992812 0.051718
vt 0.982745 0.684265
vt 0.982745 0.689118
vt 0.978003 0.689106
vt 0.978003 0.684254
vt 0.985510 0.439599
vt 0.980670 0.435507
vt 0.980670 0.409064
vt 0.980922 0.122513
vt 0.976081 0.118420
vt 0.976081 0.091970
vt 0.987222 0.283323
vt 0.987222 0.317959
vt 0.982481 0.317959
vt 0.982481 0.283323
vt 0.813120 0.996243
vt 0.813120 0.991399
vt 0.817862 0.991385
vt 0.817862 0.996230
vt 0.987671 0.548932
vt 0.987671 0.522482
vt 0.992411 0.522482
vt 0.992411 0.548932
vt 0.854944 0.820297
vt 0.854944 0.815445
vt 0.859686 0.815456
vt 0.859686 0.820308
vt 0.982912 0.766796
vt 0.978072 0.762704
vt 0.978072 0.736261
vt 0.981916 0.808462
vt 0.977076 0.804369
vt 0.977076 0.777919
vt 0.981916 0.773826
vt 0.987628 0.873622
vt 0.987628 0.908258
vt 0.982886 0.908258
vt 0.975537 0.991242
vt 0.975537 0.996087
vt 0.970795 0.996101
vt 0.970795 0.991256
vt 0.987875 0.715568
vt 0.987875 0.689118
vt 0.992615 0.689118
vt 0.992615 0.715568
vt 0.914071 0.773394
vt 0.914071 0.778246
vt 0.909330 0.778234
vt 0.909330 0.773382
vt 0.983432 0.212802
vt 0.978592 0.208709
vt 0.978592 0.182266
vt 0.983432 0.178175
vt 0.871975 0.974203
vt 0.867135 0.970110
vt 0.867135 0.943660
vt 0.871975 0.939567
vt 0.983432 0.212812
vt 0.983432 0.178175
vt 0.988173 0.178175
vt 0.988173 0.212812
vt 0.191420 0.996341
vt 0.191420 0.991496
vt 0.196162 0.991483
vt 0.196162 0.996328
vt 0.637890 0.991859
vt 0.637890 0.965409
vt 0.642630 0.965409
vt 0.642630 0.991860
vt 0.928297 0.773394
vt 0.928297 0.778246
vt 0.923555 0.778234
vt 0.923555 0.773382
vt 0.983330 0.059894
vt 0.978490 0.055801
vt 0.978490 0.029359
vt 0.983330 0.025268
vt 0.974077 0.596010
vt 0.974077 0.569559
vt 0.987115 0.474656
vt 0.987115 0.440019
vt 0.991857 0.440019
vt 0.991857 0.474656
vt 0.021202 0.991942
vt 0.021202 0.996787
vt 0.016460 0.996800
vt 0.016460 0.991955
vt 0.994788 0.810263
vt 0.994788 0.836714
vt 0.990048 0.836714
vt 0.990048 0.810263
vt 0.987487 0.684265
vt 0.987487 0.689118
vt 0.982745 0.689106
vt 0.982745 0.684254
vt 0.983757 0.634729
vt 0.978917 0.630636
vt 0.978917 0.604193
vt 0.356731 0.626743
vt 0.356731 0.553510
vt 0.358503 0.553499
vt 0.358503 0.626732
vt 0.354968 0.626731
vt 0.354968 0.553498
vt 0.925370 0.618740
vt 0.928785 0.619655
vt 0.927870 0.621239
vt 0.926285 0.622154
vt 0.924456 0.622154
vt 0.359809 0.553468
vt 0.359809 0.626701
vt 0.930856 0.055885
vt 0.927442 0.056800
vt 0.927442 0.054970
vt 0.928357 0.053385
vt 0.928357 0.058384
vt 0.707890 0.629703
vt 0.707890 0.702956
vt 0.706121 0.702956
vt 0.706121 0.629703
vt 0.704355 0.702956
vt 0.704355 0.629703
vt 0.929941 0.059299
vt 0.922871 0.621239
vt 0.921956 0.619655
vt 0.921956 0.617825
vt 0.800807 0.616035
vt 0.800807 0.542782
vt 0.802100 0.542784
vt 0.802100 0.616037
vt 0.922871 0.616240
vt 0.803867 0.542784
vt 0.803867 0.616038
vt 0.933356 0.058384
vt 0.931771 0.059299
vt 0.934271 0.056800
vt 0.805635 0.542784
vt 0.805635 0.616037
vt 0.528502 0.667936
vt 0.528502 0.741190
vt 0.527175 0.741190
vt 0.527175 0.667937
vt 0.934271 0.054970
vt 0.924456 0.615325
vt 0.926285 0.615325
vt 0.927870 0.616240
vt 0.525395 0.741191
vt 0.525395 0.667937
vt 0.928785 0.617825
vt 0.523641 0.741190
vt 0.523641 0.667937
vt 0.931771 0.052470
vt 0.933356 0.053385
vt 0.929941 0.052470
vt 0.353686 0.626700
vt 0.353686 0.553467
vt 0.472879 0.970039
vt 0.478497 0.966795
vt 0.478497 0.973283
vt 0.472879 0.976527
vt 0.467260 0.973283
vt 0.467260 0.966795
vt 0.472879 0.963551
vt 0.562972 0.953170
vt 0.562972 0.918349
vt 0.569213 0.918348
vt 0.569213 0.953169
vt 0.573869 0.918350
vt 0.573869 0.953172
vt 0.076566 0.970086
vt 0.070947 0.973330
vt 0.070947 0.966842
vt 0.076566 0.963598
vt 0.967408 0.213020
vt 0.967408 0.178208
vt 0.973751 0.178175
vt 0.973751 0.212987
vt 0.076566 0.976574
vt 0.082184 0.973330
vt 0.010958 0.906938
vt 0.010958 0.941760
vt 0.004760 0.941760
vt 0.004760 0.906938
vt 0.082184 0.966842
vt 0.000000 0.941760
vt 0.000000 0.906939
vt 0.973943 0.223462
vt 0.973943 0.258283
vt 0.967611 0.258286
vt 0.967611 0.223464
vt 0.811194 0.940756
vt 0.808477 0.948035
vt 0.805275 0.943414
vt 0.805933 0.936959
vt 0.811852 0.934302
vt 0.817113 0.938099
vt 0.816973 0.944346
vt 0.817113 0.961457
vt 0.813024 0.960445
vt 0.970710 0.535692
vt 0.978089 0.535718
vt 0.978038 0.541186
vt 0.970659 0.541160
vt 0.971710 0.522482
vt 0.977168 0.522501
vt 0.381132 0.951230
vt 0.375214 0.948573
vt 0.378415 0.943952
vt 0.386911 0.947640
vt 0.382962 0.931540
vt 0.387051 0.930528
vt 0.707601 0.983283
vt 0.707601 0.988743
vt 0.704246 0.988741
vt 0.704246 0.983282
vt 0.975133 0.115046
vt 0.969673 0.115047
vt 0.968700 0.099105
vt 0.976081 0.099104
vt 0.978089 0.546961
vt 0.970710 0.546935
vt 0.375872 0.955028
vt 0.381791 0.957685
vt 0.724032 0.191412
vt 0.724032 0.184030
vt 0.730516 0.184030
vt 0.730516 0.191412
vt 0.387051 0.953888
vt 0.968700 0.087878
vt 0.976081 0.087877
vt 0.976077 0.093354
vt 0.968695 0.093355
vt 0.263783 0.705383
vt 0.257739 0.708801
vt 0.256951 0.694207
vt 0.256845 0.694207
vt 0.263783 0.694207
vt 0.351070 0.873562
vt 0.345028 0.873556
vt 0.345028 0.832096
vt 0.351070 0.832102
vt 0.396705 0.726995
vt 0.355244 0.726995
vt 0.355244 0.715820
vt 0.396705 0.715820
vt 0.256845 0.639851
vt 0.263783 0.639851
vt 0.396705 0.781351
vt 0.355244 0.781351
vt 0.087243 0.859168
vt 0.087137 0.859168
vt 0.086349 0.873761
vt 0.080305 0.870343
vt 0.080305 0.859167
vt 0.080305 0.804811
vt 0.087243 0.804811
vt 0.172485 0.599500
vt 0.172485 0.558051
vt 0.179423 0.558052
vt 0.179423 0.599501
vt 0.088709 0.873754
vt 0.088709 0.859168
vt 0.353430 0.832102
vt 0.353430 0.873562
vt 0.255379 0.708794
vt 0.255379 0.694207
vt 0.394502 0.982212
vt 0.394502 0.987508
vt 0.387365 0.987508
vt 0.387365 0.982212
vt 0.879206 0.855446
vt 0.872069 0.855446
vt 0.879206 0.650828
vt 0.602229 0.792524
vt 0.596933 0.792524
vt 0.596933 0.587906
vt 0.602229 0.587906
vt 0.394502 0.991933
vt 0.387365 0.991933
vt 0.592508 0.792524
vt 0.592508 0.587906
vt 0.347918 0.783938
vt 0.343492 0.783938
vt 0.343492 0.579319
vt 0.347918 0.579319
vt 0.353214 0.783938
vt 0.353214 0.579319
vt 0.600632 0.984476
vt 0.605057 0.984477
vt 0.605057 0.991612
vt 0.600632 0.991611
vt 0.970361 0.213067
vt 0.977498 0.213066
vt 0.977498 0.223462
vt 0.970361 0.223462
vt 0.353214 0.794337
vt 0.347918 0.794337
vt 0.906512 0.991850
vt 0.901217 0.991849
vt 0.901217 0.984714
vt 0.906512 0.984715
vt 0.596933 0.577507
vt 0.602229 0.577507
vt 0.879206 0.865845
vt 0.872069 0.865845
vt 0.894638 0.225848
vt 0.887501 0.225849
vt 0.887501 0.021300
vt 0.894638 0.021300
vt 0.730642 0.714187
vt 0.719509 0.717460
vt 0.719710 0.702745
vt 0.731215 0.703541
vt 0.719766 0.732426
vt 0.717318 0.732662
vt 0.343499 0.549758
vt 0.343493 0.531709
vt 0.345677 0.531709
vt 0.345683 0.549758
vt 0.343492 0.521074
vt 0.345676 0.521074
vt 0.716768 0.688246
vt 0.725039 0.692624
vt 0.343496 0.510053
vt 0.345680 0.510053
vt 0.708206 0.701950
vt 0.708498 0.683869
vt 0.708376 0.720733
vt 0.708791 0.665788
vt 0.716361 0.663115
vt 0.723931 0.660442
vt 0.708859 0.647717
vt 0.720037 0.647360
vt 0.731215 0.647002
vt 0.343497 0.477856
vt 0.343493 0.464544
vt 0.345677 0.464544
vt 0.345681 0.477856
vt 0.343493 0.453809
vt 0.345677 0.453809
vt 0.343499 0.387805
vt 0.345683 0.387805
vt 0.414273 0.976107
vt 0.414273 0.970097
vt 0.416457 0.970097
vt 0.416457 0.976107
vt 0.414273 0.964087
vt 0.416457 0.964087
vt 0.720114 0.637070
vt 0.709030 0.637873
vt 0.709717 0.570979
vt 0.715721 0.570698
vt 0.731197 0.636266
vt 0.721724 0.570416
vt 0.134402 0.589719
vt 0.134402 0.599548
vt 0.132218 0.599548
vt 0.132218 0.589719
vt 0.134402 0.522909
vt 0.132218 0.522909
vt 0.134402 0.617602
vt 0.132218 0.617602
vt 0.134402 0.635656
vt 0.132218 0.635656
vt 0.134402 0.653710
vt 0.132218 0.653710
vt 0.134402 0.672484
vt 0.132218 0.672484
vt 0.134402 0.684904
vt 0.132218 0.684904
vt 0.949416 0.964405
vt 0.949416 0.966860
vt 0.947232 0.966860
vt 0.947232 0.964405
vt 0.949416 0.969316
vt 0.947232 0.969316
vt 0.714871 0.732899
vt 0.946854 0.777123
vt 0.952105 0.777123
vt 0.952105 0.807931
vt 0.946854 0.807931
vt 0.544564 0.389433
vt 0.575372 0.389433
vt 0.575372 0.583941
vt 0.544564 0.583941
vt 0.541267 0.583941
vt 0.541267 0.389433
vt 0.950780 0.811228
vt 0.946854 0.811228
vt 0.298719 0.499641
vt 0.302645 0.499641
vt 0.302645 0.694149
vt 0.298719 0.694149
vt 0.952474 0.226759
vt 0.947223 0.226758
vt 0.947223 0.223462
vt 0.951150 0.223463
vt 0.930556 0.417903
vt 0.930556 0.223462
vt 0.933853 0.223497
vt 0.933853 0.417938
vt 0.958449 0.226760
vt 0.958449 0.257560
vt 0.952474 0.257558
vt 0.893870 0.573980
vt 0.899846 0.573980
vt 0.899846 0.768488
vt 0.947223 0.257557
vt 0.900614 0.215808
vt 0.894638 0.215808
vt 0.894638 0.021300
vt 0.900614 0.021300
vt 0.937149 0.223462
vt 0.937149 0.417903
vt 0.933853 0.417938
vt 0.933853 0.223497
vt 0.951150 0.260854
vt 0.947223 0.260853
vt 0.911242 0.220458
vt 0.915169 0.220458
vt 0.915169 0.414966
vt 0.911242 0.414966
vt 0.946854 0.773826
vt 0.950780 0.773826
vt 0.578669 0.389433
vt 0.578669 0.583941
vt 0.958080 0.777123
vt 0.958080 0.807931
vt 0.608101 0.000000
vt 0.638910 0.000000
vt 0.638910 0.194441
vt 0.608101 0.194442
vt 0.883733 0.168875
vt 0.875198 0.168875
vt 0.875198 0.125156
vt 0.883733 0.125156
vt 0.196169 0.026046
vt 0.152450 0.026046
vt 0.152450 0.000000
vt 0.196169 0.000000
vt 0.204014 0.000000
vt 0.204014 0.026046
vt 0.875198 0.117311
vt 0.883733 0.117311
vt 0.696320 0.629703
vt 0.704166 0.629703
vt 0.704166 0.644493
vt 0.696320 0.644493
vt 0.866268 0.168875
vt 0.866268 0.125156
vt 0.942062 0.221985
vt 0.933132 0.221985
vt 0.933132 0.203200
vt 0.942062 0.207194
vt 0.923768 0.221985
vt 0.923768 0.207194
vt 0.856904 0.168875
vt 0.856904 0.125156
vt 0.063439 0.972594
vt 0.063446 0.981960
vt 0.055600 0.981960
vt 0.055594 0.972594
vt 0.063446 0.963667
vt 0.055600 0.963667
vt 0.910968 0.433751
vt 0.902038 0.433752
vt 0.902038 0.418961
vt 0.910968 0.414966
vt 0.920332 0.433751
vt 0.920332 0.418961
vt 0.113751 0.275440
vt 0.121597 0.275440
vt 0.121597 0.290226
vt 0.113751 0.290226
vt 0.920332 0.459798
vt 0.910968 0.459798
vt 0.113751 0.249403
vt 0.121597 0.249403
vt 0.965485 0.180720
vt 0.965485 0.190083
vt 0.959733 0.190083
vt 0.959733 0.180720
vt 0.113751 0.238137
vt 0.121597 0.238137
vt 0.127349 0.238137
vt 0.127349 0.249403
vt 0.953981 0.190083
vt 0.953981 0.180720
vt 0.133101 0.238137
vt 0.133101 0.249403
vt 0.127349 0.209606
vt 0.133101 0.209605
vt 0.785735 0.834712
vt 0.785735 0.863253
vt 0.782273 0.863253
vt 0.782273 0.834712
vt 0.137811 0.771599
vt 0.137811 0.777350
vt 0.134349 0.777350
vt 0.134349 0.771599
vt 0.856904 0.123063
vt 0.828373 0.123063
vt 0.828373 0.117311
vt 0.856904 0.117311
vt 0.211619 0.778291
vt 0.211619 0.772541
vt 0.215081 0.772541
vt 0.215081 0.778292
vt 0.211619 0.786134
vt 0.215081 0.786135
vt 0.856904 0.130908
vt 0.828373 0.130908
vt 0.121597 0.209606
vt 0.121597 0.199117
vt 0.127349 0.199117
vt 0.113751 0.209606
vt 0.111390 0.199117
vt 0.072394 0.199118
vt 0.070033 0.209606
vt 0.211619 0.829840
vt 0.215081 0.829841
vt 0.062187 0.209606
vt 0.062187 0.199118
vt 0.211619 0.837684
vt 0.215081 0.837684
vt 0.828373 0.174627
vt 0.856904 0.174627
vt 0.856904 0.182473
vt 0.828373 0.182472
vt 0.211619 0.843434
vt 0.215081 0.843435
vt 0.856904 0.188225
vt 0.828373 0.188224
vt 0.137811 0.836760
vt 0.137811 0.842512
vt 0.134349 0.842512
vt 0.134349 0.836760
vt 0.137811 0.828915
vt 0.134349 0.828915
vt 0.062187 0.238138
vt 0.062187 0.249404
vt 0.056435 0.249404
vt 0.056435 0.238138
vt 0.070033 0.238138
vt 0.070033 0.249404
vt 0.050683 0.249404
vt 0.050683 0.238138
vt 0.056435 0.209607
vt 0.050683 0.209607
vt 0.047376 0.889467
vt 0.047376 0.918009
vt 0.043915 0.918009
vt 0.043915 0.889467
vt 0.056435 0.199118
vt 0.050683 0.199118
vt 0.877306 0.474539
vt 0.886669 0.474539
vt 0.886669 0.485031
vt 0.877306 0.485031
vt 0.886669 0.513572
vt 0.877306 0.513572
vt 0.868375 0.474539
vt 0.868375 0.485031
vt 0.868375 0.513572
vt 0.886669 0.524842
vt 0.877306 0.524841
vt 0.868375 0.524841
vt 0.859840 0.485030
vt 0.859840 0.513572
vt 0.859840 0.524841
vt 0.959693 0.739050
vt 0.959693 0.747586
vt 0.953941 0.747586
vt 0.953941 0.739050
vt 0.959693 0.730120
vt 0.953941 0.730120
vt 0.965445 0.739050
vt 0.965445 0.747586
vt 0.965445 0.730120
vt 0.920699 0.573980
vt 0.912164 0.573980
vt 0.912164 0.547934
vt 0.920699 0.547934
vt 0.903233 0.573980
vt 0.903233 0.547934
vt 0.965445 0.720757
vt 0.959693 0.720757
vt 0.893870 0.573980
vt 0.893870 0.547934
vt 0.893870 0.533143
vt 0.903233 0.529149
vt 0.912164 0.533144
vt 0.047742 0.972594
vt 0.047748 0.963667
vt 0.055594 0.963667
vt 0.055587 0.972594
vt 0.047748 0.981960
vt 0.055594 0.981960
vt 0.062187 0.275441
vt 0.070033 0.275441
vt 0.070033 0.290226
vt 0.062187 0.290226
vt 0.924378 0.019185
vt 0.915014 0.019186
vt 0.915014 0.000401
vt 0.924378 0.004395
vt 0.906084 0.019186
vt 0.906084 0.004395
vt 0.558307 0.990714
vt 0.550462 0.990714
vt 0.550462 0.975923
vt 0.558307 0.975923
vt 0.883733 0.176720
vt 0.875198 0.176720
vt 0.144605 0.026046
vt 0.144605 0.000000
vt 0.152450 0.037316
vt 0.144605 0.037316
vt 0.138853 0.037316
vt 0.138853 0.026046
vt 0.152450 0.065857
vt 0.144605 0.065857
vt 0.138853 0.065857
vt 0.133101 0.037316
vt 0.133101 0.026046
vt 0.133101 0.065857
vt 0.144605 0.076349
vt 0.138853 0.076349
vt 0.133101 0.076349
vt 0.859840 0.474539
vt 0.547018 0.918351
vt 0.547018 0.926886
vt 0.541267 0.926888
vt 0.541267 0.918352
vt 0.547018 0.935816
vt 0.541267 0.935817
vt 0.552768 0.918350
vt 0.552768 0.926885
vt 0.552768 0.935815
vt 0.562972 0.926883
vt 0.562972 0.935813
vt 0.562972 0.918348
vt 0.552768 0.945178
vt 0.547018 0.945179
vt 0.562972 0.945176
vt 0.648273 0.199186
vt 0.638910 0.199186
vt 0.638910 0.000000
vt 0.648273 0.000000
vt 0.657203 0.199186
vt 0.657203 0.000000
vt 0.909977 0.060287
vt 0.900614 0.060285
vt 0.900614 0.021300
vt 0.909977 0.021302
vt 0.918907 0.060289
vt 0.918907 0.021304
vt 0.927442 0.060290
vt 0.927442 0.021306
vt 0.665739 0.199186
vt 0.665739 0.000000
vt 0.636885 0.385972
vt 0.645420 0.385972
vt 0.645420 0.585157
vt 0.636885 0.585157
vt 0.654350 0.385972
vt 0.654350 0.585157
vt 0.467260 0.928889
vt 0.467260 0.920353
vt 0.477464 0.920351
vt 0.477464 0.928886
vt 0.467260 0.937818
vt 0.477464 0.937816
vt 0.467260 0.947181
vt 0.477464 0.947179
vt 0.663714 0.385972
vt 0.663714 0.585157
vt 0.483214 0.928885
vt 0.483214 0.937815
vt 0.483214 0.947178
vt 0.488965 0.928884
vt 0.488965 0.937814
vt 0.488965 0.947177
vt 0.133101 0.199117
vt 0.372710 0.890368
vt 0.382073 0.890368
vt 0.382073 0.900860
vt 0.372710 0.900860
vt 0.372710 0.861827
vt 0.382073 0.861827
vt 0.363779 0.890368
vt 0.363779 0.900860
vt 0.363779 0.861827
vt 0.372710 0.850557
vt 0.382073 0.850557
vt 0.363779 0.850558
vt 0.355244 0.850558
vt 0.355244 0.861827
vt 0.355244 0.890368
vt 0.209766 0.037316
vt 0.209766 0.026046
vt 0.215518 0.026046
vt 0.215518 0.037316
vt 0.209766 0.065857
vt 0.215518 0.065857
vt 0.355244 0.900860
vt 0.209766 0.076349
vt 0.215518 0.076349
vt 0.204014 0.076349
vt 0.204014 0.065857
vt 0.204014 0.037316
vt 0.196169 0.065857
vt 0.196169 0.037316
vt 0.193807 0.076349
vt 0.893503 0.433752
vt 0.902038 0.459798
vt 0.893503 0.459798
vt 0.965485 0.163254
vt 0.965485 0.171789
vt 0.959733 0.171789
vt 0.959733 0.163254
vt 0.953981 0.171789
vt 0.953981 0.163254
vt 0.483214 0.920350
vt 0.154812 0.076349
vt 0.193807 0.275535
vt 0.154812 0.275535
vt 0.488965 0.920349
vt 0.072394 0.000001
vt 0.111390 0.000000
vt 0.541267 0.945180
vt 0.137811 0.785196
vt 0.134349 0.785196
vt 0.551963 0.278088
vt 0.549029 0.275153
vt 0.550889 0.274079
vt 0.553038 0.274079
vt 0.554898 0.275153
vt 0.555972 0.277013
vt 0.555972 0.279162
vt 0.554898 0.281022
vt 0.553038 0.282096
vt 0.550889 0.282096
vt 0.549029 0.281022
vt 0.547955 0.279162
vt 0.547955 0.277013
vt 0.962973 0.439392
vt 0.962973 0.404973
vt 0.964479 0.405010
vt 0.964479 0.439429
vt 0.966549 0.405023
vt 0.966549 0.439443
vt 0.733501 0.381901
vt 0.732427 0.377893
vt 0.734575 0.377893
vt 0.736436 0.378967
vt 0.968629 0.405011
vt 0.968629 0.439430
vt 0.730566 0.378967
vt 0.729492 0.380827
vt 0.970161 0.404975
vt 0.970161 0.439394
vt 0.729492 0.382975
vt 0.726170 0.980109
vt 0.726170 0.945680
vt 0.728247 0.945680
vt 0.728247 0.980109
vt 0.730566 0.384836
vt 0.730320 0.945680
vt 0.730320 0.980109
vt 0.732427 0.385910
vt 0.975829 0.404976
vt 0.975829 0.439406
vt 0.974312 0.439403
vt 0.974312 0.404974
vt 0.734575 0.385910
vt 0.972237 0.439402
vt 0.972237 0.404973
vt 0.736436 0.384836
vt 0.970161 0.439403
vt 0.970161 0.404974
vt 0.737510 0.382976
vt 0.540904 0.879066
vt 0.540904 0.913495
vt 0.539345 0.913496
vt 0.539345 0.879066
vt 0.737510 0.380827
vt 0.537256 0.913496
vt 0.537256 0.879067
vt 0.535196 0.913496
vt 0.535196 0.879066
vt 0.535600 0.278199
vt 0.533495 0.276094
vt 0.534829 0.275324
vt 0.536370 0.275324
vt 0.537704 0.276094
vt 0.538475 0.277428
vt 0.538475 0.278969
vt 0.537704 0.280303
vt 0.536370 0.281074
vt 0.534829 0.281074
vt 0.533495 0.280303
vt 0.532725 0.278969
vt 0.532725 0.277428
vt 0.532584 0.275182
vt 0.534495 0.274079
vt 0.531480 0.277094
vt 0.780112 0.833850
vt 0.782239 0.833864
vt 0.782239 0.834712
vt 0.780112 0.834698
vt 0.778566 0.833812
vt 0.778566 0.834660
vt 0.536702 0.274079
vt 0.784376 0.833851
vt 0.784376 0.834698
vt 0.782239 0.797219
vt 0.784376 0.797206
vt 0.780112 0.797205
vt 0.782239 0.796371
vt 0.784376 0.796358
vt 0.780112 0.796357
vt 0.540821 0.275182
vt 0.542732 0.274079
vt 0.543066 0.275324
vt 0.541731 0.276095
vt 0.539717 0.277094
vt 0.540961 0.277429
vt 0.543836 0.278199
vt 0.540961 0.278970
vt 0.541731 0.280304
vt 0.543066 0.281074
vt 0.544606 0.281074
vt 0.545941 0.280304
vt 0.546711 0.278970
vt 0.546711 0.277429
vt 0.545941 0.276095
vt 0.544606 0.275324
vt 0.544940 0.274079
vt 0.546851 0.275182
vt 0.967368 0.769674
vt 0.969485 0.769675
vt 0.969485 0.770522
vt 0.967369 0.770522
vt 0.778566 0.797167
vt 0.778566 0.796320
vt 0.969485 0.733019
vt 0.967369 0.733018
vt 0.967369 0.732171
vt 0.969485 0.732171
vt 0.971631 0.733019
vt 0.971631 0.769674
vt 0.971631 0.732171
vt 0.532584 0.281212
vt 0.531480 0.279301
vt 0.973232 0.733018
vt 0.973232 0.732170
vt 0.534495 0.282316
vt 0.971074 0.911129
vt 0.973206 0.911128
vt 0.973206 0.911976
vt 0.971074 0.911977
vt 0.536703 0.282316
vt 0.968942 0.911128
vt 0.968942 0.911976
vt 0.538614 0.281212
vt 0.967383 0.911126
vt 0.967383 0.911973
vt 0.539717 0.279301
vt 0.744206 0.914012
vt 0.742075 0.914012
vt 0.742075 0.913165
vt 0.744206 0.913165
vt 0.746339 0.914012
vt 0.746339 0.913165
vt 0.538614 0.275182
vt 0.785951 0.833814
vt 0.785951 0.834662
vt 0.746339 0.950668
vt 0.744206 0.950668
vt 0.785951 0.797169
vt 0.785951 0.796321
vt 0.746339 0.951516
vt 0.744206 0.951516
vt 0.540821 0.281212
vt 0.539717 0.279301
vt 0.742075 0.950668
vt 0.742075 0.951516
vt 0.542733 0.282316
vt 0.968942 0.874472
vt 0.967383 0.874470
vt 0.967383 0.873622
vt 0.968942 0.873625
vt 0.544940 0.282316
vt 0.971074 0.874473
vt 0.971074 0.873626
vt 0.546851 0.281212
vt 0.973206 0.874472
vt 0.973206 0.873625
vt 0.547955 0.279301
vt 0.973232 0.769673
vt 0.973232 0.770521
vt 0.971631 0.770522
vt 0.547955 0.277094
vt 0.355244 0.790407
vt 0.353238 0.790407
vt 0.353235 0.785628
vt 0.355241 0.785628
vt 0.282005 0.841419
vt 0.277228 0.843512
vt 0.280162 0.819063
vt 0.282594 0.819063
vt 0.010872 0.891555
vt 0.008866 0.891555
vt 0.008866 0.869191
vt 0.010872 0.869191
vt 0.582210 0.734812
vt 0.582799 0.757168
vt 0.580367 0.757168
vt 0.577433 0.732719
vt 0.574962 0.757168
vt 0.570890 0.732719
vt 0.353235 0.779085
vt 0.355241 0.779085
vt 0.564643 0.757168
vt 0.565400 0.734813
vt 0.353238 0.773596
vt 0.355244 0.773596
vt 0.270685 0.843512
vt 0.274757 0.819063
vt 0.265195 0.841419
vt 0.264438 0.819063
vt 0.132218 0.621739
vt 0.130213 0.621739
vt 0.130213 0.599385
vt 0.132218 0.599385
vt 0.264438 0.813511
vt 0.274757 0.813511
vt 0.130213 0.593833
vt 0.132218 0.593833
vt 0.574962 0.762720
vt 0.564643 0.762720
vt 0.574962 0.824865
vt 0.564643 0.824865
vt 0.132218 0.531688
vt 0.130213 0.531688
vt 0.130213 0.522909
vt 0.132218 0.522909
vt 0.573432 0.835775
vt 0.565179 0.833643
vt 0.264438 0.751366
vt 0.274757 0.751366
vt 0.264973 0.742588
vt 0.273227 0.740456
vt 0.783689 0.954714
vt 0.781684 0.954712
vt 0.781642 0.946439
vt 0.783647 0.946441
vt 0.279024 0.751366
vt 0.277282 0.740456
vt 0.781646 0.942384
vt 0.783651 0.942386
vt 0.580367 0.824865
vt 0.577487 0.835775
vt 0.781684 0.937572
vt 0.783689 0.937574
vt 0.582349 0.824865
vt 0.582312 0.834412
vt 0.582799 0.762720
vt 0.580367 0.762720
vt 0.280956 0.970993
vt 0.282961 0.970963
vt 0.282961 0.976513
vt 0.280955 0.976513
vt 0.970510 0.619645
vt 0.968505 0.619645
vt 0.968505 0.617214
vt 0.970510 0.616076
vt 0.970510 0.624866
vt 0.968505 0.624866
vt 0.588019 0.824865
vt 0.588019 0.762720
vt 0.587984 0.577507
vt 0.589990 0.577507
vt 0.589990 0.639630
vt 0.587984 0.639630
vt 0.282594 0.813511
vt 0.282144 0.751366
vt 0.287814 0.751366
vt 0.287814 0.813511
vt 0.215351 0.966039
vt 0.215351 0.971709
vt 0.213346 0.971710
vt 0.213346 0.966040
vt 0.279024 0.813511
vt 0.282107 0.741819
vt 0.744345 0.955552
vt 0.746351 0.955552
vt 0.746351 0.965095
vt 0.744345 0.965095
vt 0.587928 0.665162
vt 0.589933 0.665162
vt 0.589933 0.667594
vt 0.587928 0.667594
vt 0.008866 0.869191
vt 0.008866 0.846828
vt 0.010872 0.846828
vt 0.010872 0.869191
vt 0.558834 0.734812
vt 0.559423 0.757168
vt 0.556991 0.757168
vt 0.554057 0.732719
vt 0.300557 0.970199
vt 0.300553 0.965420
vt 0.302559 0.965420
vt 0.302562 0.970199
vt 0.725406 0.833861
vt 0.720629 0.835954
vt 0.723563 0.811505
vt 0.725995 0.811505
vt 0.665739 0.261618
vt 0.665739 0.259186
vt 0.667743 0.259186
vt 0.667743 0.261618
vt 0.718158 0.811505
vt 0.718158 0.805953
vt 0.723563 0.805953
vt 0.714086 0.835954
vt 0.973206 0.913779
vt 0.973207 0.908258
vt 0.975212 0.908258
vt 0.975212 0.913809
vt 0.551586 0.757168
vt 0.547514 0.732719
vt 0.555854 0.762720
vt 0.551586 0.762720
vt 0.551586 0.824865
vt 0.555854 0.824865
vt 0.213346 0.960819
vt 0.213346 0.957250
vt 0.215351 0.958387
vt 0.215351 0.960819
vt 0.559423 0.762720
vt 0.558973 0.824865
vt 0.554111 0.835775
vt 0.550056 0.835775
vt 0.558936 0.834412
vt 0.541803 0.833643
vt 0.541267 0.824865
vt 0.541267 0.762720
vt 0.658566 0.593937
vt 0.658566 0.585157
vt 0.660572 0.585157
vt 0.660572 0.593937
vt 0.660572 0.656082
vt 0.658566 0.656082
vt 0.718158 0.743808
vt 0.707839 0.805953
vt 0.707839 0.743808
vt 0.708374 0.735030
vt 0.716628 0.732899
vt 0.658566 0.661634
vt 0.660572 0.661634
vt 0.707839 0.811505
vt 0.723563 0.743808
vt 0.708596 0.833861
vt 0.658566 0.683987
vt 0.660572 0.683987
vt 0.541267 0.757168
vt 0.542024 0.734813
vt 0.300553 0.958877
vt 0.300557 0.953388
vt 0.302562 0.953388
vt 0.302559 0.958877
vt 0.781684 0.937570
vt 0.781642 0.929298
vt 0.783647 0.929299
vt 0.783689 0.937572
vt 0.720683 0.732899
vt 0.781646 0.925243
vt 0.783651 0.925245
vt 0.725545 0.743808
vt 0.725508 0.734261
vt 0.781684 0.920430
vt 0.783689 0.920432
vt 0.931797 0.085375
vt 0.931797 0.094918
vt 0.929792 0.094918
vt 0.929792 0.085375
vt 0.725995 0.805953
vt 0.731215 0.743808
vt 0.731215 0.805953
vt 0.638907 0.200112
vt 0.636902 0.200112
vt 0.636902 0.194442
vt 0.638907 0.194442
vt 0.215351 0.966039
vt 0.213346 0.966039
vt 0.130213 0.683863
vt 0.130213 0.621739
vt 0.132218 0.621739
vt 0.132218 0.683863
vt 0.564643 0.762720
vt 0.564643 0.824865
vt 0.993422 0.730784
vt 0.993422 0.723181
vt 0.994201 0.723179
vt 0.994201 0.730782
vt 0.994990 0.723180
vt 0.994990 0.730784
vt 0.174406 0.602532
vt 0.173594 0.602532
vt 0.173642 0.602352
vt 0.174358 0.602352
vt 0.175109 0.602126
vt 0.174978 0.601994
vt 0.173023 0.601994
vt 0.172665 0.601374
vt 0.172665 0.600659
vt 0.173023 0.600039
vt 0.173642 0.599681
vt 0.174358 0.599681
vt 0.174978 0.600039
vt 0.175336 0.600659
vt 0.175336 0.601374
vt 0.175516 0.601422
vt 0.175516 0.600610
vt 0.271223 0.988424
vt 0.271223 0.996028
vt 0.270647 0.996028
vt 0.270647 0.988424
vt 0.272008 0.988423
vt 0.272008 0.996027
vt 0.272792 0.988424
vt 0.272792 0.996028
vt 0.175109 0.599907
vt 0.936292 0.622930
vt 0.936292 0.615326
vt 0.936865 0.615325
vt 0.936865 0.622929
vt 0.174406 0.599501
vt 0.173594 0.599501
vt 0.172891 0.599907
vt 0.935508 0.622930
vt 0.935508 0.615326
vt 0.934723 0.622930
vt 0.934723 0.615326
vt 0.934148 0.622929
vt 0.934148 0.615325
vt 0.172485 0.600610
vt 0.562434 0.381287
vt 0.562434 0.388891
vt 0.561651 0.388891
vt 0.561651 0.381288
vt 0.172485 0.601422
vt 0.172891 0.602126
vt 0.563219 0.381288
vt 0.563219 0.388891
vt 0.995578 0.723185
vt 0.995578 0.730789
vt 0.994201 0.723172
vt 0.994201 0.715568
vt 0.994990 0.715570
vt 0.994990 0.723174
vt 0.993422 0.723174
vt 0.993422 0.715570
vt 0.556754 0.386901
vt 0.557160 0.386197
vt 0.557317 0.386355
vt 0.556968 0.386958
vt 0.557863 0.385791
vt 0.557920 0.386006
vt 0.558617 0.386006
vt 0.559221 0.386355
vt 0.559570 0.386958
vt 0.559570 0.387655
vt 0.559221 0.388259
vt 0.558617 0.388607
vt 0.557920 0.388607
vt 0.557317 0.388259
vt 0.556968 0.387655
vt 0.556754 0.387713
vt 0.557160 0.388416
vt 0.898450 0.988366
vt 0.898450 0.995970
vt 0.897874 0.995971
vt 0.897874 0.988367
vt 0.899235 0.988366
vt 0.899235 0.995970
vt 0.900019 0.988366
vt 0.900019 0.995970
vt 0.557863 0.388822
vt 0.095084 0.980422
vt 0.095084 0.988026
vt 0.094511 0.988027
vt 0.094511 0.980423
vt 0.558675 0.388822
vt 0.559378 0.388416
vt 0.559784 0.387713
vt 0.095868 0.980422
vt 0.095868 0.988026
vt 0.096653 0.980422
vt 0.096653 0.988026
vt 0.097228 0.980423
vt 0.097228 0.988027
vt 0.559784 0.386901
vt 0.954012 0.052540
vt 0.954012 0.060144
vt 0.953229 0.060144
vt 0.953229 0.052540
vt 0.559378 0.386197
vt 0.558675 0.385791
vt 0.954797 0.052540
vt 0.954797 0.060144
vt 0.995578 0.715575
vt 0.995578 0.723179
vt 0.809798 0.991893
vt 0.809798 0.984094
vt 0.811531 0.984094
vt 0.811531 0.991893
vt 0.811531 0.994289
vt 0.809798 0.994289
vt 0.298387 0.973821
vt 0.288962 0.973821
vt 0.288962 0.971426
vt 0.298387 0.971426
vt 0.298387 0.981621
vt 0.288962 0.981621
vt 0.809798 0.981698
vt 0.811531 0.981698
vt 0.298387 0.984016
vt 0.288962 0.984016
vt 0.053996 0.984356
vt 0.053996 0.992155
vt 0.052263 0.992155
vt 0.052263 0.984357
vt 0.053996 0.994551
vt 0.052263 0.994551
vt 0.689809 0.945680
vt 0.689809 0.955102
vt 0.688076 0.955102
vt 0.688076 0.945680
vt 0.935527 0.976573
vt 0.935527 0.985997
vt 0.933131 0.985997
vt 0.933131 0.976573
vt 0.039106 0.984010
vt 0.039106 0.993432
vt 0.034583 0.993432
vt 0.034583 0.984010
vt 0.047742 0.992156
vt 0.047742 0.984358
vt 0.052263 0.981961
vt 0.053996 0.981960
vt 0.321894 0.976161
vt 0.321894 0.985585
vt 0.319498 0.985585
vt 0.319498 0.976161
vt 0.725797 0.989534
vt 0.725797 0.980109
vt 0.730320 0.980109
vt 0.730320 0.989534
vt 0.530507 0.614768
vt 0.522708 0.614768
vt 0.522708 0.605343
vt 0.530507 0.605343
vt 0.805275 0.991893
vt 0.805275 0.984094
vt 0.661981 0.930752
vt 0.661981 0.921327
vt 0.663714 0.921327
vt 0.663714 0.930752
vt 0.104845 0.983900
vt 0.104845 0.991699
vt 0.103112 0.991699
vt 0.103112 0.983900
vt 0.103112 0.981504
vt 0.104845 0.981504
vt 0.044007 0.973815
vt 0.034583 0.973815
vt 0.034583 0.971419
vt 0.044007 0.971419
vt 0.044007 0.981614
vt 0.034583 0.981614
vt 0.104845 0.994094
vt 0.103112 0.994094
vt 0.044007 0.984010
vt 0.034583 0.984010
vt 0.994296 0.677757
vt 0.994296 0.685556
vt 0.992564 0.685557
vt 0.992564 0.677758
vt 0.994296 0.687952
vt 0.992564 0.687952
vt 0.264257 0.946650
vt 0.264257 0.956072
vt 0.262524 0.956072
vt 0.262524 0.946650
vt 0.900270 0.978941
vt 0.900270 0.988366
vt 0.897874 0.988366
vt 0.897874 0.978941
vt 0.293485 0.984016
vt 0.293485 0.993438
vt 0.288962 0.993438
vt 0.288962 0.984016
vt 0.988042 0.685557
vt 0.988042 0.677759
vt 0.992564 0.675362
vt 0.994296 0.675362
vt 0.212236 0.926299
vt 0.212236 0.916874
vt 0.214632 0.916874
vt 0.214632 0.926299
vt 0.988804 0.163790
vt 0.988804 0.154365
vt 0.993327 0.154365
vt 0.993327 0.163790
vt 0.985297 0.222491
vt 0.977498 0.222491
vt 0.977498 0.213066
vt 0.985297 0.213066
vt 0.109368 0.983900
vt 0.109368 0.991699
vt 0.355163 0.860452
vt 0.355163 0.869877
vt 0.353430 0.869877
vt 0.353430 0.860452
vt 0.068482 0.983560
vt 0.068482 0.980966
vt 0.070665 0.980966
vt 0.070665 0.983560
vt 0.775263 0.737757
vt 0.775263 0.489067
vt 0.777446 0.489067
vt 0.777446 0.736226
vt 0.777446 0.737757
vt 0.068482 0.966260
vt 0.070665 0.966260
vt 0.068482 0.963667
vt 0.070665 0.963667
vt 0.881500 0.227378
vt 0.881500 0.474453
vt 0.879317 0.474453
vt 0.879317 0.225849
vt 0.881500 0.225849
vt 0.065964 0.966260
vt 0.065964 0.963667
vt 0.876798 0.474453
vt 0.876798 0.225849
vt 0.524228 0.966378
vt 0.524228 0.963785
vt 0.526746 0.963784
vt 0.526746 0.966377
vt 0.522046 0.963785
vt 0.522046 0.966378
vt 0.753117 0.128180
vt 0.767823 0.128181
vt 0.767823 0.376871
vt 0.753117 0.376870
vt 0.592508 0.577507
vt 0.592508 0.826197
vt 0.589990 0.826197
vt 0.589990 0.577507
vt 0.524228 0.981083
vt 0.522046 0.981084
vt 0.561315 0.385791
vt 0.561315 0.388385
vt 0.559784 0.388385
vt 0.559784 0.385791
vt 0.669274 0.261779
vt 0.669274 0.259186
vt 0.670804 0.259186
vt 0.670804 0.261779
vt 0.522046 0.983677
vt 0.524228 0.983677
vt 0.772745 0.737757
vt 0.772745 0.489067
vt 0.526746 0.981083
vt 0.526746 0.983676
vt 0.770227 0.489067
vt 0.770227 0.737757
vt 0.529263 0.981082
vt 0.529263 0.983675
vt 0.891277 0.529149
vt 0.893870 0.529149
vt 0.893870 0.777839
vt 0.891277 0.777839
vt 0.526746 0.977675
vt 0.529263 0.977674
vt 0.887869 0.777839
vt 0.887869 0.529149
vt 0.063446 0.980966
vt 0.065964 0.980966
vt 0.065964 0.983560
vt 0.063446 0.977558
vt 0.065964 0.977558
vt 0.944705 0.472067
vt 0.942186 0.472067
vt 0.942186 0.223462
vt 0.944704 0.223462
vt 0.134402 0.522909
vt 0.137811 0.522909
vt 0.134402 0.771599
vt 0.947223 0.223462
vt 0.947223 0.472067
vt 0.944705 0.472067
vt 0.944705 0.223462
vt 0.923740 0.472151
vt 0.920332 0.472152
vt 0.920332 0.223462
vt 0.923740 0.223462
vt 0.529263 0.966377
vt 0.529263 0.969785
vt 0.526746 0.969785
vt 0.529263 0.963783
vt 0.063446 0.966260
vt 0.065964 0.969669
vt 0.063446 0.969669
vt 0.890095 0.225849
vt 0.890095 0.474538
vt 0.887501 0.474538
vt 0.893503 0.225849
vt 0.893503 0.474539
vt 0.942186 0.472152
vt 0.939668 0.472152
vt 0.939668 0.223462
vt 0.942186 0.223462
vt 0.874280 0.474453
vt 0.874280 0.225849
vt 0.175516 0.601422
vt 0.175695 0.601374
vt 0.176053 0.601994
vt 0.175922 0.602126
vt 0.095851 0.995630
vt 0.095072 0.995632
vt 0.095072 0.988029
vt 0.095851 0.988027
vt 0.096640 0.995632
vt 0.096640 0.988029
vt 0.175516 0.600610
vt 0.175695 0.600659
vt 0.175922 0.599907
vt 0.176053 0.600039
vt 0.097228 0.995637
vt 0.097228 0.988034
vt 0.176673 0.599681
vt 0.177389 0.599681
vt 0.178008 0.600039
vt 0.178366 0.600659
vt 0.178366 0.601374
vt 0.178009 0.601994
vt 0.177389 0.602352
vt 0.176673 0.602352
vt 0.176625 0.599501
vt 0.177437 0.599501
vt 0.301044 0.835622
vt 0.301827 0.835621
vt 0.301827 0.843225
vt 0.301044 0.843226
vt 0.302612 0.835622
vt 0.302612 0.843226
vt 0.549027 0.980371
vt 0.549602 0.980372
vt 0.549602 0.987976
vt 0.549027 0.987975
vt 0.548242 0.980371
vt 0.548242 0.987975
vt 0.547458 0.980371
vt 0.547458 0.987975
vt 0.546885 0.980372
vt 0.546885 0.987976
vt 0.995163 0.429398
vt 0.995947 0.429398
vt 0.995947 0.437002
vt 0.995163 0.437002
vt 0.994378 0.429398
vt 0.994378 0.437002
vt 0.993802 0.429399
vt 0.993802 0.437002
vt 0.176625 0.602532
vt 0.177437 0.602532
vt 0.178140 0.602126
vt 0.178546 0.601422
vt 0.178546 0.600610
vt 0.178140 0.599907
vt 0.553723 0.387713
vt 0.553938 0.387655
vt 0.554286 0.388259
vt 0.554129 0.388416
vt 0.676517 0.995814
vt 0.675728 0.995812
vt 0.675728 0.988209
vt 0.676517 0.988210
vt 0.674949 0.995814
vt 0.674949 0.988211
vt 0.554890 0.388607
vt 0.554832 0.388822
vt 0.553938 0.386958
vt 0.554286 0.386355
vt 0.554890 0.386006
vt 0.555587 0.386006
vt 0.556190 0.386355
vt 0.556539 0.386958
vt 0.556539 0.387655
vt 0.556190 0.388259
vt 0.555587 0.388607
vt 0.555644 0.388822
vt 0.556348 0.388416
vt 0.744089 0.988336
vt 0.744665 0.988335
vt 0.744665 0.995939
vt 0.744089 0.995939
vt 0.745450 0.988335
vt 0.745450 0.995939
vt 0.746234 0.988335
vt 0.746234 0.995939
vt 0.556754 0.387713
vt 0.788837 0.981760
vt 0.789411 0.981759
vt 0.789411 0.989363
vt 0.788837 0.989364
vt 0.556348 0.386197
vt 0.555644 0.385791
vt 0.790195 0.981759
vt 0.790195 0.989363
vt 0.790979 0.981759
vt 0.790979 0.989363
vt 0.791554 0.981760
vt 0.791554 0.989364
vt 0.554832 0.385791
vt 0.572125 0.953173
vt 0.572909 0.953172
vt 0.572909 0.960776
vt 0.572125 0.960776
vt 0.554129 0.386198
vt 0.553723 0.386901
vt 0.573694 0.953173
vt 0.573694 0.960776
vt 0.677105 0.995819
vt 0.677105 0.988216
vt 0.768875 0.974015
vt 0.768875 0.971619
vt 0.778300 0.971619
vt 0.778300 0.974015
vt 0.973913 0.117487
vt 0.973913 0.115091
vt 0.975646 0.115091
vt 0.975646 0.117487
vt 0.975646 0.125286
vt 0.973913 0.125286
vt 0.778300 0.981814
vt 0.768875 0.981814
vt 0.778300 0.984210
vt 0.768875 0.984210
vt 0.975646 0.127682
vt 0.973913 0.127682
vt 0.857157 0.992211
vt 0.857157 0.994607
vt 0.855425 0.994607
vt 0.855425 0.992212
vt 0.855425 0.984413
vt 0.857157 0.984412
vt 0.805213 0.985209
vt 0.802818 0.985209
vt 0.802818 0.975785
vt 0.805213 0.975784
vt 0.643115 0.984002
vt 0.647639 0.984002
vt 0.647639 0.993423
vt 0.643115 0.993423
vt 0.861679 0.984412
vt 0.861679 0.992210
vt 0.226754 0.976859
vt 0.229149 0.976859
vt 0.229149 0.986284
vt 0.226754 0.986284
vt 0.855425 0.982017
vt 0.857157 0.982017
vt 0.718686 0.983903
vt 0.723209 0.983903
vt 0.723209 0.993328
vt 0.718686 0.993328
vt 0.439822 0.991565
vt 0.439822 0.982141
vt 0.447621 0.982141
vt 0.447621 0.991565
vt 0.969390 0.117487
vt 0.969390 0.125286
vt 0.353430 0.841603
vt 0.355163 0.841603
vt 0.355163 0.851028
vt 0.353430 0.851028
vt 0.663714 0.940173
vt 0.661981 0.940173
vt 0.661981 0.930752
vt 0.663714 0.930752
vt 0.967368 0.721975
vt 0.967368 0.719579
vt 0.976793 0.719579
vt 0.976793 0.721975
vt 0.925466 0.983772
vt 0.925466 0.981376
vt 0.927199 0.981376
vt 0.927199 0.983772
vt 0.927199 0.991571
vt 0.925466 0.991571
vt 0.976793 0.729774
vt 0.967368 0.729774
vt 0.976793 0.732170
vt 0.967368 0.732170
vt 0.927199 0.993967
vt 0.925466 0.993967
vt 0.057326 0.992155
vt 0.057326 0.994551
vt 0.055594 0.994551
vt 0.055594 0.992155
vt 0.055594 0.984357
vt 0.057326 0.984356
vt 0.987693 0.222491
vt 0.985297 0.222491
vt 0.985297 0.213066
vt 0.987693 0.213066
vt 0.043629 0.993432
vt 0.039106 0.993432
vt 0.039106 0.984010
vt 0.043629 0.984010
vt 0.061848 0.984355
vt 0.061848 0.992154
vt 0.986244 0.512067
vt 0.988640 0.512067
vt 0.988640 0.521491
vt 0.986244 0.521491
vt 0.055594 0.981961
vt 0.057326 0.981960
vt 0.439734 0.991151
vt 0.435211 0.991151
vt 0.435211 0.981727
vt 0.439734 0.981727
vt 0.978445 0.521491
vt 0.978445 0.512067
vt 0.920942 0.983772
vt 0.920942 0.991571
vt 0.355163 0.860452
vt 0.353430 0.860452
vt 0.355163 0.851028
vt 0.663714 0.949595
vt 0.661981 0.949595
vt 0.661981 0.940173
vt 0.663714 0.940173
vt 0.864877 0.225849
vt 0.867060 0.225849
vt 0.867060 0.227379
vt 0.867060 0.474538
vt 0.864877 0.474538
vt 0.694845 0.963751
vt 0.697029 0.963751
vt 0.697029 0.966344
vt 0.694845 0.966344
vt 0.694845 0.981050
vt 0.697029 0.981050
vt 0.694845 0.983643
vt 0.697029 0.983643
vt 0.867060 0.227378
vt 0.867060 0.225849
vt 0.869243 0.225849
vt 0.869243 0.474453
vt 0.867060 0.474453
vt 0.669274 0.261779
vt 0.667743 0.261779
vt 0.704246 0.963751
vt 0.704246 0.966344
vt 0.702064 0.966344
vt 0.702064 0.963751
vt 0.704246 0.981049
vt 0.702064 0.981050
vt 0.704246 0.983643
vt 0.702064 0.983643
vt 0.672334 0.261779
vt 0.670804 0.259186
vt 0.672334 0.259186
vt 0.699546 0.983644
vt 0.699546 0.981050
vt 0.862359 0.474538
vt 0.862359 0.225849
vt 0.859840 0.474538
vt 0.859840 0.225849
vt 0.697029 0.983644
vt 0.697029 0.981051
vt 0.884093 0.225849
vt 0.884093 0.474538
vt 0.881500 0.474538
vt 0.881500 0.225849
vt 0.697029 0.977643
vt 0.699546 0.977642
vt 0.887501 0.474538
vt 0.942186 0.720757
vt 0.942186 0.472152
vt 0.944704 0.472152
vt 0.944705 0.720757
vt 0.689809 0.966344
vt 0.692327 0.966344
vt 0.692327 0.969752
vt 0.689809 0.969752
vt 0.927148 0.223462
vt 0.927148 0.472152
vt 0.923740 0.472152
vt 0.923740 0.223462
vt 0.944705 0.472067
vt 0.947223 0.472067
vt 0.947223 0.720671
vt 0.944705 0.720671
vt 0.692327 0.963751
vt 0.689809 0.963751
vt 0.761075 0.385972
vt 0.761075 0.634662
vt 0.746369 0.634662
vt 0.746369 0.385972
vt 0.699546 0.966345
vt 0.699546 0.963752
vt 0.937149 0.472152
vt 0.937149 0.223462
vt 0.871761 0.225849
vt 0.871761 0.474453
vt 0.874280 0.225849
vt 0.874280 0.474453
vt 0.697029 0.963752
vt 0.697029 0.966346
vt 0.881867 0.777839
vt 0.881867 0.529149
vt 0.884461 0.529149
vt 0.884461 0.777839
vt 0.699546 0.969753
vt 0.697029 0.969754
vt 0.887869 0.529149
vt 0.887869 0.777839
vt 0.692327 0.983643
vt 0.689809 0.981050
vt 0.692327 0.981050
vt 0.689809 0.977642
vt 0.692327 0.977642
vt 0.663714 0.585157
vt 0.663714 0.833847
vt 0.661195 0.833847
vt 0.661195 0.585157
vt 0.927148 0.472152
vt 0.927148 0.223462
vt 0.930556 0.223462
vt 0.930556 0.472152
vt 0.939536 0.617668
vt 0.939535 0.620010
vt 0.939361 0.620010
vt 0.939363 0.617668
vt 0.941757 0.617668
vt 0.941756 0.620010
vt 0.941756 0.615325
vt 0.939535 0.615325
vt 0.939361 0.615325
vt 0.529390 0.666080
vt 0.529390 0.663545
vt 0.530061 0.663823
vt 0.530061 0.665802
vt 0.531183 0.661752
vt 0.531461 0.662423
vt 0.532451 0.664813
vt 0.531461 0.667202
vt 0.533441 0.667202
vt 0.534841 0.665802
vt 0.534841 0.663823
vt 0.533441 0.662423
vt 0.533814 0.661522
vt 0.535511 0.663545
vt 0.524288 0.943303
vt 0.524288 0.940958
vt 0.524462 0.940958
vt 0.524462 0.943303
vt 0.524288 0.945642
vt 0.524462 0.945642
vt 0.522067 0.943303
vt 0.522068 0.940958
vt 0.522068 0.945642
vt 0.521967 0.943303
vt 0.521967 0.940958
vt 0.521967 0.945642
vt 0.941858 0.617668
vt 0.941856 0.620010
vt 0.987901 0.166656
vt 0.987901 0.165988
vt 0.991362 0.165988
vt 0.990244 0.167626
vt 0.991362 0.169969
vt 0.991214 0.169969
vt 0.991362 0.163951
vt 0.991756 0.163951
vt 0.991756 0.165988
vt 0.987901 0.163951
vt 0.992050 0.169969
vt 0.991756 0.173949
vt 0.991362 0.173949
vt 0.990244 0.172311
vt 0.991756 0.175986
vt 0.991362 0.175986
vt 0.987901 0.173949
vt 0.987901 0.175986
vt 0.987901 0.173281
vt 0.879229 0.778265
vt 0.879206 0.775914
vt 0.879307 0.775914
vt 0.879330 0.778265
vt 0.984441 0.173949
vt 0.985559 0.172311
vt 0.879229 0.773581
vt 0.879330 0.773581
vt 0.881550 0.773580
vt 0.881527 0.775914
vt 0.881550 0.778265
vt 0.881724 0.773580
vt 0.881700 0.775914
vt 0.881724 0.778265
vt 0.535511 0.666080
vt 0.533718 0.667873
vt 0.531183 0.667873
vt 0.950881 0.083069
vt 0.950880 0.085385
vt 0.950707 0.085385
vt 0.950707 0.083069
vt 0.950881 0.087752
vt 0.950707 0.087752
vt 0.953101 0.085385
vt 0.953102 0.087752
vt 0.953102 0.083069
vt 0.953202 0.085385
vt 0.953202 0.087752
vt 0.953202 0.083069
vt 0.984589 0.169969
vt 0.984441 0.169969
vt 0.984441 0.165988
vt 0.985559 0.167626
vt 0.983921 0.165988
vt 0.983564 0.169969
vt 0.983921 0.173949
vt 0.984441 0.163951
vt 0.983921 0.163951
vt 0.196111 0.698724
vt 0.196111 0.700761
vt 0.179423 0.700761
vt 0.179423 0.698724
vt 0.196111 0.694742
vt 0.179423 0.694742
vt 0.199632 0.699681
vt 0.199632 0.702209
vt 0.199632 0.694742
vt 0.196111 0.690763
vt 0.179423 0.690763
vt 0.199632 0.689805
vt 0.199632 0.687278
vt 0.196111 0.688725
vt 0.179423 0.688725
vt 0.203153 0.687359
vt 0.203153 0.694742
vt 0.203153 0.683579
vt 0.751987 0.979662
vt 0.751987 0.979143
vt 0.755676 0.979132
vt 0.755676 0.979651
vt 0.854905 0.961810
vt 0.855425 0.961810
vt 0.855424 0.965333
vt 0.854904 0.965333
vt 0.207474 0.670733
vt 0.207474 0.683580
vt 0.203153 0.670733
vt 0.202520 0.683580
vt 0.202520 0.670733
vt 0.600699 0.982888
vt 0.600699 0.982368
vt 0.601332 0.982145
vt 0.601332 0.982630
vt 0.207474 0.687360
vt 0.554544 0.299288
vt 0.554059 0.299288
vt 0.554059 0.295509
vt 0.554544 0.295509
vt 0.554059 0.282661
vt 0.554544 0.282661
vt 0.568893 0.985357
vt 0.568893 0.984871
vt 0.573215 0.984871
vt 0.573215 0.985357
vt 0.568893 0.981638
vt 0.573215 0.981638
vt 0.557777 0.282661
vt 0.557777 0.295509
vt 0.561010 0.282661
vt 0.561010 0.295509
vt 0.568893 0.978406
vt 0.573215 0.978406
vt 0.557777 0.299288
vt 0.561010 0.299288
vt 0.561377 0.299288
vt 0.561377 0.295509
vt 0.561378 0.282661
vt 0.787553 0.086474
vt 0.787553 0.090252
vt 0.783231 0.090245
vt 0.783231 0.086467
vt 0.783232 0.103095
vt 0.787553 0.103095
vt 0.568893 0.978038
vt 0.573215 0.978038
vt 0.568260 0.978406
vt 0.568260 0.978038
vt 0.782599 0.103095
vt 0.782599 0.090252
vt 0.562972 0.978405
vt 0.562972 0.978037
vt 0.302612 0.809927
vt 0.302612 0.822774
vt 0.300786 0.822774
vt 0.300786 0.809927
vt 0.562972 0.976210
vt 0.568260 0.976211
vt 0.137811 0.985948
vt 0.147787 0.985953
vt 0.147787 0.987779
vt 0.137811 0.987775
vt 0.137811 0.985580
vt 0.147787 0.985585
vt 0.619929 0.995103
vt 0.614642 0.994447
vt 0.616256 0.984478
vt 0.619929 0.982261
vt 0.605057 0.975330
vt 0.601332 0.975311
vt 0.601332 0.973484
vt 0.605057 0.973504
vt 0.137811 0.982347
vt 0.147787 0.982352
vt 0.568260 0.981638
vt 0.562972 0.981638
vt 0.605057 0.975698
vt 0.601332 0.975679
vt 0.605057 0.978931
vt 0.601332 0.978912
vt 0.605057 0.982164
vt 0.137811 0.979114
vt 0.147787 0.979119
vt 0.605057 0.982649
vt 0.137811 0.978629
vt 0.147787 0.978634
vt 0.568260 0.985357
vt 0.562972 0.985356
vt 0.562972 0.984871
vt 0.568260 0.984871
vt 0.568260 0.987184
vt 0.562972 0.987183
vt 0.588093 0.819711
vt 0.588093 0.806864
vt 0.589919 0.806864
vt 0.589919 0.819711
vt 0.829468 0.994969
vt 0.825795 0.992751
vt 0.824181 0.982779
vt 0.829468 0.982122
vt 0.605057 0.984476
vt 0.601332 0.984457
vt 0.137811 0.976802
vt 0.147787 0.976807
vt 0.600699 0.978908
vt 0.600699 0.975447
vt 0.751987 0.983123
vt 0.755676 0.983112
vt 0.751987 0.986583
vt 0.755676 0.986573
vt 0.751987 0.986977
vt 0.755676 0.986966
vt 0.600699 0.975054
vt 0.847590 0.961810
vt 0.847984 0.961810
vt 0.847983 0.965334
vt 0.847589 0.965334
vt 0.851445 0.961810
vt 0.851444 0.965333
vt 0.847984 0.982021
vt 0.847590 0.982021
vt 0.851445 0.982021
vt 0.854905 0.982021
vt 0.984441 0.175986
vt 0.983921 0.175986
vt 0.855425 0.982021
vt 0.779710 0.084021
vt 0.779710 0.086548
vt 0.776189 0.085101
vt 0.776189 0.083064
vt 0.759501 0.085101
vt 0.759501 0.083064
vt 0.779710 0.079077
vt 0.776189 0.079077
vt 0.759501 0.079078
vt 0.776189 0.075106
vt 0.759501 0.075106
vt 0.779710 0.074149
vt 0.779710 0.071622
vt 0.776189 0.073069
vt 0.759501 0.073070
vt 0.783231 0.071703
vt 0.783231 0.079077
vt 0.783231 0.067925
vt 0.954664 0.351092
vt 0.955057 0.351091
vt 0.955057 0.354800
vt 0.954664 0.354801
vt 0.812726 0.961457
vt 0.813120 0.961457
vt 0.813109 0.965012
vt 0.812716 0.965012
vt 0.783231 0.021515
vt 0.787553 0.021515
vt 0.787553 0.067931
vt 0.954300 0.304661
vt 0.954668 0.304660
vt 0.787553 0.071710
vt 0.561377 0.317837
vt 0.561010 0.317837
vt 0.561010 0.314057
vt 0.561377 0.314057
vt 0.561377 0.364269
vt 0.561009 0.364269
vt 0.561010 0.306673
vt 0.561651 0.306673
vt 0.787553 0.079085
vt 0.557777 0.306673
vt 0.557777 0.314057
vt 0.554544 0.314057
vt 0.554544 0.306673
vt 0.557777 0.317837
vt 0.554544 0.317837
vt 0.557776 0.364269
vt 0.554543 0.364269
vt 0.554058 0.317837
vt 0.554058 0.314057
vt 0.554058 0.364269
vt 0.554543 0.385791
vt 0.554058 0.385791
vt 0.557776 0.385791
vt 0.899846 0.617266
vt 0.900331 0.617266
vt 0.900331 0.621587
vt 0.899846 0.621586
vt 0.903564 0.617267
vt 0.903564 0.621587
vt 0.561009 0.385791
vt 0.906797 0.617267
vt 0.906797 0.621588
vt 0.903564 0.622600
vt 0.900331 0.622599
vt 0.906797 0.622600
vt 0.907164 0.621588
vt 0.907164 0.622600
vt 0.907164 0.617267
vt 0.782219 0.000000
vt 0.783231 0.000000
vt 0.782219 0.021515
vt 0.787553 0.000000
vt 0.561377 0.385791
vt 0.024037 0.946616
vt 0.024037 0.968139
vt 0.018111 0.958785
vt 0.018111 0.946616
vt 0.907164 0.624380
vt 0.913090 0.622602
vt 0.913090 0.624381
vt 0.906797 0.624380
vt 0.595565 0.946824
vt 0.574043 0.946824
vt 0.574043 0.940899
vt 0.586212 0.940899
vt 0.574043 0.947192
vt 0.595565 0.947192
vt 0.846531 0.982806
vt 0.844751 0.982806
vt 0.844751 0.982438
vt 0.846531 0.982438
vt 0.385418 0.838788
vt 0.387198 0.838789
vt 0.387198 0.848295
vt 0.385418 0.848294
vt 0.846531 0.986039
vt 0.844751 0.986039
vt 0.574043 0.950425
vt 0.595565 0.950425
vt 0.574043 0.953658
vt 0.595565 0.953658
vt 0.846531 0.989272
vt 0.844751 0.989272
vt 0.903564 0.624379
vt 0.900331 0.624379
vt 0.899846 0.622599
vt 0.899846 0.624379
vt 0.574043 0.954143
vt 0.595565 0.954143
vt 0.202140 0.752340
vt 0.202140 0.773863
vt 0.200360 0.773863
vt 0.200360 0.752340
vt 0.846531 0.989757
vt 0.844751 0.989757
vt 0.847544 0.989272
vt 0.847544 0.989757
vt 0.203153 0.752340
vt 0.203153 0.773863
vt 0.207474 0.773863
vt 0.207474 0.752340
vt 0.203153 0.705907
vt 0.207474 0.705908
vt 0.947349 0.304680
vt 0.947834 0.304679
vt 0.947742 0.351112
vt 0.947223 0.351113
vt 0.951067 0.304670
vt 0.951203 0.351102
vt 0.847544 0.986039
vt 0.847544 0.982806
vt 0.951203 0.354811
vt 0.947742 0.354821
vt 0.809266 0.961459
vt 0.809255 0.965013
vt 0.805805 0.961460
vt 0.805795 0.965015
vt 0.947223 0.354822
vt 0.805286 0.961460
vt 0.805275 0.965015
vt 0.805805 0.981698
vt 0.805286 0.981698
vt 0.809266 0.981696
vt 0.203153 0.702128
vt 0.812726 0.981695
vt 0.813120 0.981695
vt 0.847544 0.982438
vt 0.207474 0.702128
vt 0.207474 0.694743
vt 0.553723 0.306673
vt 0.946302 0.003838
vt 0.946302 0.002058
vt 0.951984 0.002317
vt 0.950726 0.003576
vt 0.574042 0.935216
vt 0.585359 0.935216
vt 0.955169 0.004502
vt 0.953389 0.004502
vt 0.574036 0.932025
vt 0.585353 0.932025
vt 0.917513 0.622863
vt 0.918772 0.624122
vt 0.920176 0.621939
vt 0.921956 0.621939
vt 0.920176 0.599184
vt 0.921956 0.599184
vt 0.082260 0.946125
vt 0.070947 0.946125
vt 0.070947 0.923364
vt 0.082260 0.923364
vt 0.921956 0.576430
vt 0.920176 0.576429
vt 0.082260 0.900603
vt 0.070947 0.900602
vt 0.793951 0.937489
vt 0.793958 0.934302
vt 0.805275 0.934302
vt 0.805268 0.937489
vt 0.918772 0.574245
vt 0.917513 0.575503
vt 0.953389 0.050024
vt 0.953389 0.027263
vt 0.955169 0.027263
vt 0.955169 0.050024
vt 0.950726 0.050950
vt 0.951984 0.052208
vt 0.946302 0.050690
vt 0.946302 0.052470
vt 0.793098 0.943171
vt 0.805267 0.943171
vt 0.353430 0.841602
vt 0.353430 0.832096
vt 0.355210 0.832097
vt 0.355210 0.841603
vt 0.783745 0.949097
vt 0.805267 0.949097
vt 0.907164 0.573982
vt 0.913090 0.573983
vt 0.913090 0.575763
vt 0.907164 0.575762
vt 0.338325 0.946628
vt 0.342749 0.946628
vt 0.342749 0.957945
vt 0.338325 0.958797
vt 0.332399 0.946628
vt 0.332399 0.968151
vt 0.766410 0.385972
vt 0.766410 0.407487
vt 0.765397 0.407487
vt 0.765397 0.385972
vt 0.906797 0.576774
vt 0.906797 0.575762
vt 0.907164 0.576774
vt 0.906797 0.573982
vt 0.903564 0.575761
vt 0.903564 0.573981
vt 0.903564 0.576773
vt 0.805267 0.949465
vt 0.783745 0.949465
vt 0.805267 0.952698
vt 0.783745 0.952698
vt 0.626270 0.982628
vt 0.626270 0.982261
vt 0.628050 0.982261
vt 0.628050 0.982628
vt 0.626270 0.985861
vt 0.628050 0.985861
vt 0.628050 0.989094
vt 0.626270 0.989094
vt 0.805267 0.955930
vt 0.783745 0.955930
vt 0.626270 0.989579
vt 0.628050 0.989579
vt 0.805267 0.956416
vt 0.783745 0.956416
vt 0.899846 0.575760
vt 0.900331 0.573981
vt 0.900331 0.575760
vt 0.900331 0.576773
vt 0.899846 0.576773
vt 0.754167 0.021522
vt 0.752386 0.021522
vt 0.752386 0.000000
vt 0.754167 0.000000
vt 0.755179 0.000000
vt 0.755179 0.021522
vt 0.625257 0.989094
vt 0.625257 0.989579
vt 0.947433 0.404966
vt 0.947223 0.358533
vt 0.947742 0.358534
vt 0.947918 0.404966
vt 0.759501 0.021522
vt 0.759501 0.067955
vt 0.755179 0.067956
vt 0.759501 0.000000
vt 0.951203 0.358537
vt 0.951151 0.404969
vt 0.625257 0.985861
vt 0.625257 0.982628
vt 0.954664 0.358541
vt 0.954384 0.404973
vt 0.955057 0.358541
vt 0.954752 0.404973
vt 0.625257 0.982261
vt 0.765397 0.453897
vt 0.761075 0.453904
vt 0.761075 0.407487
vt 0.761075 0.385972
vt 0.532286 0.593246
vt 0.532654 0.593246
vt 0.532654 0.614769
vt 0.532286 0.614769
vt 0.532654 0.546814
vt 0.532286 0.546814
vt 0.907164 0.581095
vt 0.906797 0.581095
vt 0.535887 0.593246
vt 0.535887 0.614769
vt 0.903564 0.581094
vt 0.900331 0.581093
vt 0.539120 0.593246
vt 0.539120 0.614769
vt 0.539120 0.546814
vt 0.535887 0.546814
vt 0.539605 0.593246
vt 0.539605 0.614769
vt 0.539605 0.546814
vt 0.539120 0.543034
vt 0.539605 0.543034
vt 0.535887 0.543034
vt 0.535887 0.535650
vt 0.539119 0.535650
vt 0.539940 0.535650
vt 0.539119 0.528265
vt 0.539605 0.528265
vt 0.535886 0.528265
vt 0.759501 0.079120
vt 0.759501 0.086503
vt 0.755179 0.086504
vt 0.755179 0.079121
vt 0.755179 0.071735
vt 0.759501 0.071734
vt 0.751658 0.084058
vt 0.751658 0.079121
vt 0.751658 0.074182
vt 0.759501 0.090283
vt 0.755179 0.090284
vt 0.751658 0.086585
vt 0.748137 0.085137
vt 0.748137 0.083100
vt 0.748137 0.079121
vt 0.731449 0.083100
vt 0.731449 0.079121
vt 0.731449 0.085137
vt 0.731449 0.075139
vt 0.748137 0.075139
vt 0.748137 0.073102
vt 0.751658 0.071654
vt 0.731449 0.073102
vt 0.263508 0.708801
vt 0.263508 0.710838
vt 0.262989 0.710838
vt 0.262989 0.708801
vt 0.263865 0.714819
vt 0.262989 0.714819
vt 0.259528 0.710838
vt 0.259528 0.708801
vt 0.262841 0.714819
vt 0.261871 0.712476
vt 0.259528 0.711506
vt 0.953202 0.085385
vt 0.953303 0.085385
vt 0.953304 0.087752
vt 0.953203 0.087752
vt 0.939261 0.620010
vt 0.939259 0.617667
vt 0.939360 0.617667
vt 0.953203 0.083069
vt 0.953304 0.083069
vt 0.261871 0.717161
vt 0.262989 0.718799
vt 0.862180 0.817778
vt 0.862080 0.817778
vt 0.862103 0.815445
vt 0.862203 0.815445
vt 0.259528 0.718131
vt 0.259528 0.718799
vt 0.262989 0.720836
vt 0.259528 0.720836
vt 0.263508 0.718799
vt 0.263508 0.720836
vt 0.256068 0.720836
vt 0.256068 0.718799
vt 0.257186 0.717161
vt 0.255674 0.720836
vt 0.255674 0.718799
vt 0.256068 0.714819
vt 0.255379 0.714819
vt 0.256216 0.714819
vt 0.697853 0.943096
vt 0.697954 0.943096
vt 0.697954 0.945441
vt 0.697853 0.945441
vt 0.862203 0.820129
vt 0.862103 0.820129
vt 0.697853 0.940756
vt 0.697954 0.940756
vt 0.257186 0.712476
vt 0.256068 0.710838
vt 0.939261 0.615325
vt 0.256068 0.708801
vt 0.255674 0.710838
vt 0.255674 0.708801
vt 0.772439 0.459041
vt 0.789127 0.459041
vt 0.789127 0.461078
vt 0.772439 0.461078
vt 0.789127 0.465049
vt 0.772439 0.465049
vt 0.789127 0.469036
vt 0.772439 0.469036
vt 0.768918 0.465049
vt 0.768918 0.469993
vt 0.768918 0.460121
vt 0.765397 0.457675
vt 0.765397 0.465049
vt 0.765397 0.472439
vt 0.768918 0.457594
vt 0.761075 0.457682
vt 0.761075 0.465057
vt 0.532286 0.543034
vt 0.532654 0.543034
vt 0.532013 0.535650
vt 0.532654 0.535650
vt 0.761075 0.472446
vt 0.532286 0.528265
vt 0.532654 0.528265
vt 0.532654 0.524486
vt 0.535886 0.524486
vt 0.532286 0.524486
vt 0.539119 0.524486
vt 0.539119 0.511639
vt 0.535886 0.511639
vt 0.532653 0.511639
vt 0.473179 0.982072
vt 0.473179 0.978839
vt 0.477501 0.978839
vt 0.477501 0.982072
vt 0.477501 0.985305
vt 0.473179 0.985305
vt 0.539605 0.524486
vt 0.539604 0.511639
vt 0.473179 0.978354
vt 0.477501 0.978354
vt 0.472546 0.982072
vt 0.472546 0.978839
vt 0.472546 0.978354
vt 0.755179 0.103130
vt 0.754546 0.103130
vt 0.754546 0.090283
vt 0.759501 0.103130
vt 0.467260 0.978840
vt 0.467260 0.978355
vt 0.467260 0.976528
vt 0.472546 0.976527
vt 0.300786 0.797080
vt 0.302612 0.797080
vt 0.302612 0.809927
vt 0.300786 0.809927
vt 0.400921 0.982212
vt 0.402505 0.994961
vt 0.397177 0.994961
vt 0.397549 0.984866
vt 0.717817 0.978663
vt 0.707839 0.978665
vt 0.707839 0.976838
vt 0.717817 0.976836
vt 0.271280 0.979278
vt 0.271280 0.977451
vt 0.274899 0.977430
vt 0.274899 0.979257
vt 0.271280 0.979763
vt 0.274899 0.979742
vt 0.717817 0.979148
vt 0.707839 0.979150
vt 0.274899 0.982975
vt 0.271280 0.982996
vt 0.707839 0.982383
vt 0.717817 0.982381
vt 0.467260 0.982073
vt 0.717817 0.985614
vt 0.707839 0.985616
vt 0.472546 0.985305
vt 0.467260 0.985306
vt 0.472546 0.985673
vt 0.467260 0.985674
vt 0.473179 0.985673
vt 0.477501 0.985673
vt 0.765397 0.489067
vt 0.761075 0.489067
vt 0.761075 0.476224
vt 0.765397 0.476217
vt 0.766030 0.476224
vt 0.766030 0.489067
vt 0.270647 0.986461
vt 0.271280 0.986229
vt 0.271280 0.986597
vt 0.270647 0.986854
vt 0.960799 0.980009
vt 0.964486 0.980013
vt 0.964486 0.980407
vt 0.960799 0.980403
vt 0.768918 0.472520
vt 0.532286 0.511639
vt 0.855426 0.982016
vt 0.855425 0.978498
vt 0.855819 0.978498
vt 0.855819 0.982016
vt 0.772439 0.471073
vt 0.859279 0.978498
vt 0.859280 0.982017
vt 0.964486 0.983867
vt 0.960799 0.983863
vt 0.964486 0.987328
vt 0.960800 0.987324
vt 0.862740 0.978498
vt 0.862741 0.982017
vt 0.855819 0.961810
vt 0.859280 0.961810
vt 0.862741 0.961810
vt 0.863259 0.978498
vt 0.863260 0.982017
vt 0.863260 0.961810
vt 0.964486 0.987847
vt 0.960799 0.987843
vt 0.270647 0.979020
vt 0.270647 0.979540
vt 0.270647 0.983000
vt 0.274899 0.986208
vt 0.274899 0.986576
vt 0.707839 0.985983
vt 0.717817 0.985982
vt 0.717817 0.987809
vt 0.707839 0.987810
vt 0.274899 0.988403
vt 0.271280 0.988423
vt 0.472546 0.987500
vt 0.467260 0.987501
vt 0.619929 0.995005
vt 0.621513 0.982261
vt 0.624885 0.984914
vt 0.625257 0.995005
vt 0.302612 0.835621
vt 0.300786 0.835621
vt 0.302612 0.822774
vt 0.855426 0.961810
vt 0.789127 0.471072
vt 0.982157 0.279072
vt 0.982147 0.275587
vt 0.982540 0.275587
vt 0.982551 0.279072
vt 0.954664 0.354830
vt 0.955057 0.354830
vt 0.978697 0.279069
vt 0.978686 0.275584
vt 0.951203 0.354826
vt 0.947742 0.354823
vt 0.975236 0.279066
vt 0.975226 0.275581
vt 0.974717 0.279066
vt 0.974706 0.275580
vt 0.975236 0.258897
vt 0.978697 0.258900
vt 0.974717 0.258897
vt 0.982157 0.258903
vt 0.982551 0.258904
vt 0.937038 0.617667
vt 0.937040 0.615325
vt 0.700175 0.940756
vt 0.700175 0.943095
vt 0.936865 0.617667
vt 0.936867 0.615325
vt 0.700348 0.940756
vt 0.700348 0.943095
vt 0.523269 0.665850
vt 0.523940 0.665572
vt 0.525340 0.666972
vt 0.524967 0.667873
vt 0.523269 0.663314
vt 0.523940 0.663592
vt 0.526330 0.664582
vt 0.525340 0.662192
vt 0.527320 0.662192
vt 0.528720 0.663592
vt 0.528720 0.665572
vt 0.527320 0.666972
vt 0.527597 0.667642
vt 0.529390 0.665850
vt 0.700348 0.945441
vt 0.700175 0.945441
vt 0.859882 0.820130
vt 0.859709 0.820130
vt 0.859686 0.817779
vt 0.859859 0.817778
vt 0.859709 0.815445
vt 0.859882 0.815445
vt 0.529390 0.663314
vt 0.955525 0.083069
vt 0.955698 0.083069
vt 0.955697 0.085384
vt 0.955524 0.085385
vt 0.527598 0.661522
vt 0.955698 0.087752
vt 0.955525 0.087752
vt 0.525062 0.661522
vt 0.937040 0.620010
vt 0.936867 0.620010
vt 0.899846 0.581093
vt 0.345409 0.946630
vt 0.345409 0.957947
vt 0.925793 0.669904
vt 0.925793 0.647143
vt 0.937110 0.647143
vt 0.937110 0.669904
vt 0.925793 0.624381
vt 0.937110 0.624381
vt 0.013687 0.946616
vt 0.013687 0.957932
vt 0.011025 0.957936
vt 0.011025 0.946619
vt 0.941856 0.615325
vt 0.924265 0.707806
vt 0.924265 0.687150
vt 0.925793 0.687150
vt 0.925793 0.707806
vt 0.899846 0.708262
vt 0.899846 0.691416
vt 0.936108 0.725574
vt 0.939630 0.725724
vt 0.938646 0.748858
vt 0.935070 0.749972
vt 0.936173 0.724048
vt 0.939622 0.725911
vt 0.923768 0.149027
vt 0.900614 0.144760
vt 0.900614 0.127915
vt 0.923768 0.128370
vt 0.345421 0.308457
vt 0.345421 0.287800
vt 0.345608 0.287800
vt 0.345608 0.308457
vt 0.077924 0.830576
vt 0.077915 0.809919
vt 0.080157 0.809920
vt 0.080167 0.830577
vt 0.939667 0.723530
vt 0.941890 0.725340
vt 0.968383 0.381767
vt 0.968027 0.360938
vt 0.972897 0.361038
vt 0.973218 0.381692
vt 0.939722 0.722258
vt 0.942096 0.720509
vt 0.563156 0.324171
vt 0.562968 0.344827
vt 0.561690 0.345420
vt 0.561883 0.324159
vt 0.883733 0.158789
vt 0.883733 0.138139
vt 0.887202 0.138122
vt 0.887202 0.158771
vt 0.003318 0.946552
vt 0.008818 0.944688
vt 0.008804 0.967813
vt 0.003305 0.967813
vt 0.934279 0.720817
vt 0.934867 0.718596
vt 0.010712 0.943561
vt 0.010696 0.967813
vt 0.932406 0.720321
vt 0.934793 0.718576
vt 0.947158 0.946779
vt 0.946987 0.969002
vt 0.939921 0.967543
vt 0.939853 0.946717
vt 0.947232 0.946755
vt 0.947232 0.968821
vt 0.024616 0.946671
vt 0.034245 0.946616
vt 0.034245 0.968694
vt 0.024037 0.968818
vt 0.932919 0.708262
vt 0.935214 0.708376
vt 0.080213 0.855271
vt 0.077959 0.852704
vt 0.077915 0.830580
vt 0.080213 0.830577
vt 0.968695 0.087877
vt 0.968695 0.112130
vt 0.957229 0.112587
vt 0.956625 0.087877
vt 0.300553 0.971426
vt 0.289824 0.970729
vt 0.289208 0.959307
vt 0.300553 0.959935
vt 0.288962 0.953388
vt 0.299019 0.954130
vt 0.706862 0.994678
vt 0.704588 0.994468
vt 0.704246 0.988743
vt 0.706862 0.988976
vt 0.743441 0.902786
vt 0.745751 0.901190
vt 0.745751 0.912659
vt 0.743465 0.912871
vt 0.942619 0.212246
vt 0.942186 0.206548
vt 0.953761 0.207723
vt 0.953978 0.211676
vt 0.959270 0.406984
vt 0.962973 0.404973
vt 0.962973 0.429484
vt 0.962066 0.428537
vt 0.971507 0.648911
vt 0.978460 0.650306
vt 0.978394 0.673147
vt 0.971781 0.673147
vt 0.911134 0.313517
vt 0.908864 0.313517
vt 0.908905 0.306562
vt 0.911134 0.304931
vt 0.968116 0.024316
vt 0.968116 0.002059
vt 0.976701 0.002058
vt 0.976701 0.024808
vt 0.041792 0.643799
vt 0.043993 0.641752
vt 0.050564 0.642476
vt 0.050324 0.644735
vt 0.041401 0.640972
vt 0.043699 0.640946
vt 0.958563 0.473913
vt 0.961173 0.454938
vt 0.964114 0.453995
vt 0.964114 0.476636
vt 0.947223 0.472907
vt 0.947619 0.456656
vt 0.041875 0.627799
vt 0.044195 0.626470
vt 0.947409 0.407152
vt 0.947223 0.426668
vt 0.439479 0.961789
vt 0.439734 0.962460
vt 0.439734 0.981727
vt 0.437749 0.981501
vt 0.041200 0.627516
vt 0.042299 0.625516
vt 0.437115 0.963825
vt 0.436389 0.981010
vt 0.039241 0.626693
vt 0.040975 0.625037
vt 0.768875 0.945822
vt 0.768875 0.961656
vt 0.766893 0.962365
vt 0.766412 0.946016
vt 0.766211 0.962609
vt 0.765597 0.946567
vt 0.038240 0.626279
vt 0.039908 0.624468
vt 0.562930 0.349016
vt 0.563156 0.365657
vt 0.562850 0.365574
vt 0.561651 0.349719
vt 0.003321 0.942252
vt 0.000850 0.942247
vt 0.883733 0.133951
vt 0.883733 0.117325
vt 0.887202 0.117311
vt 0.887202 0.133933
vt 0.924265 0.682960
vt 0.924265 0.666322
vt 0.925523 0.666322
vt 0.925793 0.682960
vt 0.899846 0.687921
vt 0.899846 0.673839
vt 0.981916 0.794173
vt 0.981916 0.790678
vt 0.986693 0.789718
vt 0.986693 0.793040
vt 0.981916 0.808256
vt 0.986693 0.806482
vt 0.038495 0.624479
vt 0.034991 0.624094
vt 0.037491 0.599735
vt 0.040856 0.601377
vt 0.042443 0.598002
vt 0.044588 0.599510
vt 0.923768 0.169855
vt 0.900614 0.162338
vt 0.900614 0.148255
vt 0.923768 0.153216
vt 0.993802 0.406798
vt 0.993802 0.420236
vt 0.990251 0.419050
vt 0.541267 0.667936
vt 0.543545 0.668265
vt 0.543545 0.681621
vt 0.541267 0.681379
vt 0.042546 0.596992
vt 0.044830 0.597242
vt 0.043180 0.590786
vt 0.045464 0.591037
vt 0.549764 0.670283
vt 0.549764 0.683112
vt 0.476125 0.754122
vt 0.476125 0.740679
vt 0.477138 0.740436
vt 0.477138 0.753793
vt 0.483358 0.738946
vt 0.483358 0.751775
vt 0.493104 0.736609
vt 0.493104 0.748612
vt 0.044174 0.581061
vt 0.046458 0.581312
vt 0.502851 0.734273
vt 0.502851 0.745449
vt 0.045168 0.571337
vt 0.047392 0.572129
vt 0.559511 0.673446
vt 0.568713 0.676609
vt 0.568713 0.687784
vt 0.559511 0.685448
vt 0.559511 0.688379
vt 0.549764 0.686267
vt 0.568713 0.690490
vt 0.571302 0.677577
vt 0.571302 0.688404
vt 0.571302 0.691015
vt 0.571302 0.703005
vt 0.568713 0.703001
vt 0.559511 0.702123
vt 0.589856 0.695000
vt 0.589856 0.704130
vt 0.589390 0.691422
vt 0.111834 0.935626
vt 0.114597 0.935626
vt 0.114597 0.944757
vt 0.111834 0.944757
vt 0.111834 0.932048
vt 0.114597 0.932048
vt 0.505436 0.731050
vt 0.505436 0.719059
vt 0.523445 0.717935
vt 0.523445 0.727065
vt 0.505436 0.733661
vt 0.522980 0.730642
vt 0.505436 0.744488
vt 0.521023 0.738063
vt 0.111834 0.924621
vt 0.114597 0.924621
vt 0.047818 0.553277
vt 0.050564 0.553579
vt 0.048946 0.569688
vt 0.046260 0.568845
vt 0.587434 0.684001
vt 0.502851 0.731567
vt 0.493104 0.733679
vt 0.502851 0.719057
vt 0.493104 0.719935
vt 0.483358 0.735790
vt 0.483358 0.720814
vt 0.477138 0.721374
vt 0.477138 0.737138
vt 0.476125 0.737357
vt 0.476125 0.721466
vt 0.981916 0.773833
vt 0.942096 0.751255
vt 0.939746 0.752421
vt 0.941999 0.753530
vt 0.939703 0.753433
vt 0.541267 0.684700
vt 0.543545 0.684920
vt 0.543545 0.700683
vt 0.541267 0.700592
vt 0.993802 0.423557
vt 0.993802 0.439443
vt 0.990251 0.439384
vt 0.990251 0.422545
vt 0.941736 0.759745
vt 0.939440 0.759647
vt 0.549764 0.701244
vt 0.397177 0.990159
vt 0.394879 0.990160
vt 0.394879 0.982212
vt 0.397177 0.982212
vt 0.558360 0.709921
vt 0.549764 0.709194
vt 0.567420 0.709997
vt 0.555255 0.732719
vt 0.549764 0.730636
vt 0.562325 0.731548
vt 0.179414 0.862432
vt 0.177116 0.862432
vt 0.177116 0.840895
vt 0.179414 0.840895
vt 0.179414 0.869424
vt 0.177116 0.869422
vt 0.501013 0.712061
vt 0.491953 0.712137
vt 0.488848 0.689338
vt 0.495918 0.690510
vt 0.483358 0.712863
vt 0.483358 0.691422
vt 0.661415 0.921327
vt 0.661413 0.915834
vt 0.663711 0.915835
vt 0.661415 0.908765
vt 0.663714 0.908766
vt 0.480306 0.713024
vt 0.480306 0.694955
vt 0.885201 0.111872
vt 0.887499 0.111872
vt 0.887501 0.115485
vt 0.885203 0.115485
vt 0.546713 0.727103
vt 0.546713 0.709034
vt 0.885203 0.093809
vt 0.887501 0.093809
vt 0.730516 0.188356
vt 0.732813 0.188359
vt 0.732813 0.191412
vt 0.730516 0.191409
vt 0.521770 0.961685
vt 0.519451 0.962136
vt 0.518257 0.959498
vt 0.521040 0.959065
vt 0.519009 0.940958
vt 0.521770 0.941070
vt 0.345386 0.283628
vt 0.345608 0.283610
vt 0.345112 0.267006
vt 0.345608 0.266972
vt 0.078079 0.805778
vt 0.080167 0.805748
vt 0.078742 0.789191
vt 0.080148 0.789127
vt 0.034854 0.625345
vt 0.038548 0.623986
vt 0.972752 0.356898
vt 0.970120 0.357741
vt 0.972772 0.340507
vt 0.973218 0.340298
vt 0.528477 0.829694
vt 0.527806 0.822497
vt 0.528477 0.833502
vt 0.526806 0.831527
vt 0.000000 0.941760
vt 0.936025 0.969324
vt 0.936278 0.968648
vt 0.942640 0.221897
vt 0.953978 0.223462
vt 0.941790 0.848532
vt 0.940752 0.824135
vt 0.944328 0.825249
vt 0.945312 0.848383
vt 0.901374 0.645209
vt 0.925793 0.649476
vt 0.925793 0.666322
vt 0.901374 0.665866
vt 0.899846 0.665866
vt 0.899846 0.645209
vt 0.941855 0.850059
vt 0.945304 0.848196
vt 0.923768 0.190683
vt 0.923768 0.211340
vt 0.900614 0.211795
vt 0.900614 0.194950
vt 0.345917 0.266972
vt 0.346103 0.266972
vt 0.346103 0.287629
vt 0.345917 0.287629
vt 0.658575 0.683988
vt 0.660818 0.683987
vt 0.660808 0.704644
vt 0.658566 0.704645
vt 0.945350 0.850577
vt 0.947573 0.848767
vt 0.969547 0.127915
vt 0.974382 0.127990
vt 0.974062 0.148644
vt 0.969192 0.148744
vt 0.945404 0.851849
vt 0.947778 0.853598
vt 0.106378 0.760847
vt 0.102908 0.760829
vt 0.102908 0.740179
vt 0.106378 0.740197
vt 0.563156 0.324148
vt 0.561690 0.302899
vt 0.562968 0.303492
vt 0.964064 0.878414
vt 0.964078 0.899676
vt 0.958579 0.899676
vt 0.958564 0.876550
vt 0.939961 0.853289
vt 0.940549 0.855511
vt 0.938088 0.853785
vt 0.940475 0.855530
vt 0.956686 0.899676
vt 0.956671 0.875423
vt 0.451369 0.970555
vt 0.451295 0.970531
vt 0.451124 0.948308
vt 0.451369 0.948490
vt 0.443992 0.970594
vt 0.444059 0.949768
vt 0.387086 0.831596
vt 0.385418 0.829753
vt 0.387086 0.827784
vt 0.386419 0.838788
vt 0.440418 0.948663
vt 0.440165 0.947986
vt 0.973916 0.152784
vt 0.971287 0.151941
vt 0.850667 0.508496
vt 0.849941 0.491311
vt 0.851302 0.490820
vt 0.853031 0.510533
vt 0.974382 0.169384
vt 0.973938 0.169175
vt 0.660818 0.708816
vt 0.660799 0.725437
vt 0.659393 0.725373
vt 0.658730 0.708786
vt 0.346103 0.291818
vt 0.346103 0.308457
vt 0.345608 0.308423
vt 0.345882 0.291801
vt 0.923768 0.186493
vt 0.900614 0.191454
vt 0.923768 0.169855
vt 0.900614 0.177372
vt 0.787670 0.020366
vt 0.787553 0.019113
vt 0.791226 0.020532
vt 0.791179 0.020038
vt 0.793516 0.043142
vt 0.790124 0.044730
vt 0.901374 0.641020
vt 0.899846 0.641020
vt 0.900115 0.624381
vt 0.901374 0.624381
vt 0.925793 0.631899
vt 0.925793 0.645981
vt 0.987115 0.474449
vt 0.982339 0.472676
vt 0.982339 0.459233
vt 0.987115 0.460367
vt 0.795131 0.046535
vt 0.797301 0.045062
vt 0.047322 0.745244
vt 0.046309 0.744915
vt 0.046309 0.731558
vt 0.047322 0.731801
vt 0.795233 0.047546
vt 0.797521 0.047332
vt 0.355244 0.702377
vt 0.357521 0.702134
vt 0.357521 0.715491
vt 0.990503 0.122347
vt 0.990503 0.108270
vt 0.994051 0.107084
vt 0.994051 0.120522
vt 0.363741 0.700643
vt 0.363741 0.713473
vt 0.795861 0.053752
vt 0.798148 0.053538
vt 0.373488 0.698307
vt 0.373488 0.710310
vt 0.796845 0.063478
vt 0.799132 0.063264
vt 0.040090 0.742897
vt 0.040090 0.730068
vt 0.030343 0.739734
vt 0.030343 0.727731
vt 0.797828 0.073203
vt 0.800065 0.072447
vt 0.020596 0.736571
vt 0.020596 0.725395
vt 0.030343 0.724801
vt 0.040090 0.726912
vt 0.020596 0.722689
vt 0.018009 0.735610
vt 0.018009 0.724783
vt 0.018009 0.722172
vt 0.020596 0.710179
vt 0.030343 0.711057
vt 0.018009 0.710181
vt 0.000000 0.718187
vt 0.000000 0.709057
vt 0.000466 0.721765
vt 0.941983 0.680909
vt 0.941983 0.690039
vt 0.939220 0.690039
vt 0.939220 0.680909
vt 0.939220 0.677330
vt 0.941983 0.677330
vt 0.385281 0.695353
vt 0.385281 0.692742
vt 0.403835 0.688757
vt 0.403369 0.692334
vt 0.385281 0.680751
vt 0.403835 0.679627
vt 0.385281 0.706179
vt 0.401413 0.699755
vt 0.939220 0.669904
vt 0.941983 0.669904
vt 0.800531 0.091271
vt 0.798924 0.075708
vt 0.801624 0.074908
vt 0.803281 0.091014
vt 0.002423 0.729185
vt 0.382689 0.707147
vt 0.382689 0.695971
vt 0.373488 0.695377
vt 0.382689 0.693265
vt 0.363741 0.697488
vt 0.373488 0.681633
vt 0.382689 0.680755
vt 0.363741 0.682512
vt 0.357521 0.698836
vt 0.357521 0.683072
vt 0.363741 0.674561
vt 0.372336 0.673835
vt 0.167182 0.990401
vt 0.167182 0.982454
vt 0.169480 0.982454
vt 0.169480 0.990401
vt 0.945385 0.820674
vt 0.945120 0.814460
vt 0.947416 0.814362
vt 0.947681 0.820577
vt 0.031494 0.703259
vt 0.040090 0.703985
vt 0.040090 0.711936
vt 0.046310 0.712496
vt 0.046309 0.728260
vt 0.047322 0.728479
vt 0.047322 0.712588
vt 0.945428 0.821686
vt 0.947778 0.822852
vt 0.987115 0.456871
vt 0.982339 0.455911
vt 0.982339 0.440019
vt 0.987115 0.440026
vt 0.994051 0.103763
vt 0.990503 0.104776
vt 0.990503 0.087936
vt 0.994051 0.087877
vt 0.355244 0.699055
vt 0.355244 0.683163
vt 0.022434 0.703183
vt 0.027529 0.681632
vt 0.034599 0.680460
vt 0.040090 0.682544
vt 0.592508 0.814060
vt 0.592508 0.792524
vt 0.594806 0.792524
vt 0.594806 0.814060
vt 0.592508 0.821052
vt 0.594806 0.821050
vt 0.381396 0.673759
vt 0.369231 0.651036
vt 0.376301 0.652208
vt 0.946302 0.000574
vt 0.945572 0.003193
vt 0.942789 0.002760
vt 0.943983 0.000122
vt 0.946302 0.021188
vt 0.943541 0.021300
vt 0.781281 0.963223
vt 0.781284 0.956154
vt 0.783582 0.956154
vt 0.783580 0.963223
vt 0.363741 0.653119
vt 0.781284 0.968715
vt 0.783582 0.968715
vt 0.360689 0.674722
vt 0.360689 0.656653
vt 0.887499 0.090197
vt 0.887501 0.093809
vt 0.885203 0.093809
vt 0.885201 0.090196
vt 0.043141 0.686077
vt 0.043141 0.704146
vt 0.885203 0.072134
vt 0.887501 0.072134
vt 0.172898 0.407966
vt 0.172898 0.411019
vt 0.170601 0.411016
vt 0.170601 0.407963
vt 0.102908 0.735991
vt 0.106378 0.736009
vt 0.102908 0.719369
vt 0.106378 0.719383
vt 0.561651 0.298599
vt 0.562930 0.299303
vt 0.562852 0.282744
vt 0.563156 0.282661
vt 0.790955 0.018234
vt 0.791966 0.017836
vt 0.793682 0.019519
vt 0.792597 0.020071
vt 0.562884 0.961967
vt 0.560420 0.961773
vt 0.560901 0.945424
vt 0.562884 0.946133
vt 0.793912 0.017047
vt 0.794991 0.019063
vt 0.794582 0.016776
vt 0.796891 0.018141
vt 0.559604 0.961222
vt 0.560219 0.945180
vt 0.853287 0.490595
vt 0.853287 0.509862
vt 0.947409 0.451816
vt 0.947223 0.432301
vt 0.962064 0.430431
vt 0.959267 0.451984
vt 0.796442 0.003676
vt 0.794144 0.003613
vt 0.962971 0.429484
vt 0.962971 0.453995
vt 0.794515 0.000799
vt 0.796698 0.002880
vt 0.958561 0.479359
vt 0.964110 0.476636
vt 0.964110 0.499276
vt 0.961170 0.498333
vt 0.947223 0.480363
vt 0.947618 0.496614
vt 0.585625 0.965633
vt 0.584087 0.971435
vt 0.574036 0.972162
vt 0.574380 0.966238
vt 0.585625 0.954143
vt 0.574980 0.954819
vt 0.966533 0.874109
vt 0.955169 0.025564
vt 0.967236 0.025268
vt 0.967236 0.049985
vt 0.955763 0.049809
vt 0.881472 0.704026
vt 0.881504 0.728720
vt 0.879206 0.728720
vt 0.879221 0.706595
vt 0.433142 0.988901
vt 0.433142 0.994600
vt 0.430527 0.994838
vt 0.430868 0.989113
vt 0.167696 0.714369
vt 0.179061 0.714945
vt 0.178838 0.718897
vt 0.167261 0.720067
vt 0.167720 0.704718
vt 0.179061 0.703158
vt 0.105031 0.969902
vt 0.104450 0.947754
vt 0.114659 0.947878
vt 0.114659 0.969957
vt 0.384912 0.928755
vt 0.384936 0.918670
vt 0.387222 0.918881
vt 0.387222 0.930348
vt 0.978293 0.689118
vt 0.978020 0.713354
vt 0.971406 0.713354
vt 0.971340 0.690512
vt 0.508995 0.985514
vt 0.508996 0.976929
vt 0.511226 0.978554
vt 0.511264 0.985514
vt 0.968034 0.382261
vt 0.976619 0.381767
vt 0.976619 0.404518
vt 0.968034 0.404518
vt 0.803061 0.000000
vt 0.803281 0.002262
vt 0.940895 0.865731
vt 0.938600 0.865845
vt 0.964062 0.874114
vt 0.975029 0.976150
vt 0.975053 0.979954
vt 0.971352 0.979954
vt 0.971328 0.976151
vt 0.958743 0.966173
vt 0.954814 0.966173
vt 0.955533 0.963491
vt 0.958024 0.963491
vt 0.962145 0.964208
vt 0.960182 0.962246
vt 0.975053 0.972365
vt 0.971352 0.972366
vt 0.637749 0.965409
vt 0.633821 0.965409
vt 0.634539 0.962728
vt 0.637031 0.962728
vt 0.630419 0.963445
vt 0.632381 0.961482
vt 0.628455 0.960043
vt 0.631136 0.959324
vt 0.975119 0.969612
vt 0.971419 0.969613
vt 0.451323 0.983901
vt 0.447621 0.983903
vt 0.447623 0.982142
vt 0.451325 0.982141
vt 0.451323 0.986307
vt 0.447621 0.986309
vt 0.964109 0.960806
vt 0.961428 0.960088
vt 0.964109 0.956878
vt 0.961428 0.957596
vt 0.907334 0.830289
vt 0.903632 0.830289
vt 0.903632 0.827884
vt 0.907334 0.827884
vt 0.962145 0.953476
vt 0.960182 0.955439
vt 0.903632 0.825476
vt 0.907334 0.825476
vt 0.628455 0.956114
vt 0.630419 0.952712
vt 0.632381 0.954675
vt 0.631136 0.956833
vt 0.799213 0.098857
vt 0.799213 0.095037
vt 0.802914 0.095038
vt 0.802914 0.098858
vt 0.799214 0.091271
vt 0.802915 0.091271
vt 0.799214 0.101707
vt 0.802915 0.101708
vt 0.633821 0.950748
vt 0.634539 0.953429
vt 0.637725 0.949524
vt 0.638216 0.950565
vt 0.637749 0.950748
vt 0.764777 0.630719
vt 0.764764 0.634175
vt 0.761075 0.634175
vt 0.761075 0.630719
vt 0.637031 0.953429
vt 0.637788 0.986561
vt 0.634088 0.986562
vt 0.634072 0.984149
vt 0.637773 0.984148
vt 0.637830 0.988339
vt 0.634130 0.988339
vt 0.958743 0.951512
vt 0.958024 0.954193
vt 0.954814 0.951512
vt 0.955533 0.954193
vt 0.951412 0.953476
vt 0.953375 0.955439
vt 0.634088 0.981749
vt 0.637788 0.981748
vt 0.949448 0.956878
vt 0.952129 0.957596
vt 0.634130 0.980003
vt 0.637830 0.980002
vt 0.641151 0.952712
vt 0.643115 0.956114
vt 0.640434 0.956833
vt 0.639189 0.954675
vt 0.343492 0.549758
vt 0.346268 0.549763
vt 0.346268 0.553464
vt 0.343492 0.553460
vt 0.764777 0.630723
vt 0.767273 0.630720
vt 0.767273 0.634408
vt 0.764777 0.634424
vt 0.642633 0.950528
vt 0.767577 0.630719
vt 0.767577 0.634406
vt 0.638273 0.950543
vt 0.642814 0.950262
vt 0.638200 0.949375
vt 0.455426 0.728195
vt 0.455426 0.732522
vt 0.446891 0.732455
vt 0.446891 0.716292
vt 0.455426 0.715526
vt 0.134402 0.684905
vt 0.134402 0.693443
vt 0.133304 0.693443
vt 0.130008 0.693442
vt 0.130008 0.684904
vt 0.133304 0.697130
vt 0.130008 0.697129
vt 0.764762 0.634596
vt 0.761076 0.634596
vt 0.283413 0.740452
vt 0.279726 0.740450
vt 0.279726 0.723500
vt 0.283413 0.723503
vt 0.291951 0.724337
vt 0.291951 0.740456
vt 0.295370 0.694118
vt 0.283722 0.694112
vt 0.279420 0.694109
vt 0.271166 0.724326
vt 0.267747 0.694103
vt 0.271166 0.740445
vt 0.279420 0.669397
vt 0.283722 0.669399
vt 0.267747 0.669390
vt 0.600958 0.816883
vt 0.602229 0.842910
vt 0.597557 0.843138
vt 0.596285 0.817111
vt 0.043915 0.922440
vt 0.043915 0.918009
vt 0.047223 0.918296
vt 0.047223 0.922727
vt 0.264438 0.723472
vt 0.264438 0.694952
vt 0.271165 0.665348
vt 0.279725 0.665353
vt 0.596068 0.812860
vt 0.601518 0.812328
vt 0.459112 0.657246
vt 0.467669 0.657313
vt 0.471087 0.661394
vt 0.459418 0.661303
vt 0.471087 0.686175
vt 0.459418 0.686084
vt 0.455426 0.657218
vt 0.455117 0.661270
vt 0.455117 0.686051
vt 0.467669 0.639069
vt 0.459112 0.639003
vt 0.455426 0.638974
vt 0.446891 0.657151
vt 0.446891 0.638908
vt 0.443473 0.661179
vt 0.948161 0.595739
vt 0.953611 0.596271
vt 0.954321 0.616076
vt 0.947223 0.614900
vt 0.948375 0.591494
vt 0.953047 0.591722
vt 0.949648 0.565467
vt 0.954321 0.565695
vt 0.443473 0.685960
vt 0.914234 0.825476
vt 0.914234 0.829907
vt 0.910925 0.830194
vt 0.910925 0.825763
vt 0.440165 0.715387
vt 0.440165 0.686787
vt 0.459112 0.715554
vt 0.459112 0.728223
vt 0.459112 0.732550
vt 0.467669 0.716453
vt 0.467669 0.732617
vt 0.949930 0.951292
vt 0.949749 0.951026
vt 0.954291 0.951306
vt 0.954348 0.951329
vt 0.954363 0.950139
vt 0.954839 0.950288
vt 0.130008 0.705688
vt 0.134402 0.697130
vt 0.134402 0.705689
vt 0.614574 0.974692
vt 0.614574 0.991689
vt 0.609896 0.991689
vt 0.609896 0.974692
vt 0.730321 0.986862
vt 0.734711 0.986662
vt 0.734711 0.993398
vt 0.730321 0.993597
vt 0.474395 0.687053
vt 0.474395 0.715653
vt 0.499663 0.850641
vt 0.499663 0.880714
vt 0.494985 0.880714
vt 0.494985 0.850641
vt 0.070943 0.958195
vt 0.066264 0.958195
vt 0.066264 0.941198
vt 0.070943 0.941198
vt 0.988169 0.276386
vt 0.992559 0.276588
vt 0.992559 0.283323
vt 0.988169 0.283121
vt 0.302568 0.914277
vt 0.297890 0.914277
vt 0.297890 0.884204
vt 0.302568 0.884204
vt 0.298679 0.694970
vt 0.298679 0.723491
vt 0.295370 0.669405
vt 0.283411 0.665355
vt 0.291949 0.665359
vt 0.279722 0.647158
vt 0.283408 0.647160
vt 0.291946 0.647165
vt 0.982665 0.920866
vt 0.982665 0.929404
vt 0.975631 0.929404
vt 0.975631 0.920866
vt 0.975631 0.917179
vt 0.982665 0.917179
vt 0.271162 0.647153
vt 0.975631 0.908620
vt 0.982665 0.908620
vt 0.602229 0.792524
vt 0.595132 0.793699
vt 0.643115 0.960043
vt 0.640434 0.959324
vt 0.678651 0.984417
vt 0.678651 0.988209
vt 0.674949 0.988209
vt 0.674949 0.984417
vt 0.949448 0.960806
vt 0.952129 0.960088
vt 0.678651 0.980620
vt 0.674949 0.980620
vt 0.951412 0.964208
vt 0.953375 0.962246
vt 0.137811 0.846743
vt 0.134109 0.846743
vt 0.134109 0.844320
vt 0.137811 0.844320
vt 0.137810 0.849132
vt 0.134108 0.849131
vt 0.641151 0.963445
vt 0.639189 0.961482
vt 0.134108 0.842512
vt 0.137810 0.842513
vt 0.975119 0.982756
vt 0.971419 0.982757
vt 0.451325 0.988714
vt 0.447623 0.988716
vt 0.929792 0.085375
vt 0.929792 0.060290
vt 0.950707 0.060291
vt 0.950707 0.085375
vt 0.793663 0.361985
vt 0.817082 0.371421
vt 0.817111 0.382617
vt 0.791184 0.371594
vt 0.523633 0.754122
vt 0.526677 0.763547
vt 0.499684 0.763547
vt 0.502717 0.754122
vt 0.429762 0.730405
vt 0.429736 0.741596
vt 0.406316 0.751032
vt 0.403835 0.741428
vt 0.109623 0.804811
vt 0.106570 0.793629
vt 0.133556 0.793629
vt 0.130533 0.804811
vt 0.429762 0.828032
vt 0.426058 0.827263
vt 0.109487 0.707352
vt 0.130396 0.707352
vt 0.817111 0.284990
vt 0.813407 0.285759
vt 0.436389 0.940873
vt 0.440148 0.940873
vt 0.440148 0.961789
vt 0.436389 0.961789
vt 0.523678 0.838278
vt 0.502763 0.838278
vt 0.295088 0.740456
vt 0.300640 0.740456
vt 0.300640 0.759994
vt 0.295088 0.759994
vt 0.934952 0.166130
vt 0.929399 0.166130
vt 0.929399 0.163254
vt 0.934952 0.163254
vt 0.942226 0.163254
vt 0.942226 0.166130
vt 0.287814 0.759994
vt 0.287814 0.740457
vt 0.300640 0.841045
vt 0.295088 0.841045
vt 0.287814 0.841045
vt 0.172898 0.376124
vt 0.170022 0.376124
vt 0.170022 0.295072
vt 0.172898 0.295072
vt 0.170022 0.275535
vt 0.172898 0.275535
vt 0.207474 0.690270
vt 0.214748 0.670733
vt 0.214748 0.690270
vt 0.207474 0.771322
vt 0.214748 0.771322
vt 0.937353 0.127913
vt 0.937353 0.125038
vt 0.944627 0.125040
vt 0.944627 0.127915
vt 0.931801 0.125037
vt 0.931801 0.116058
vt 0.937353 0.116059
vt 0.931801 0.127912
vt 0.084877 0.717202
vt 0.075896 0.717202
vt 0.075896 0.636151
vt 0.084877 0.636151
vt 0.931801 0.112559
vt 0.937353 0.112560
vt 0.072396 0.717202
vt 0.072396 0.636151
vt 0.075896 0.616613
vt 0.084877 0.616614
vt 0.072396 0.616614
vt 0.063259 0.636151
vt 0.063259 0.616614
vt 0.063259 0.717202
vt 0.059665 0.717202
vt 0.059665 0.636151
vt 0.059665 0.616613
vt 0.931801 0.103425
vt 0.937353 0.103426
vt 0.931801 0.099832
vt 0.937353 0.099833
vt 0.931801 0.090853
vt 0.937353 0.090854
vt 0.050683 0.717202
vt 0.050683 0.636151
vt 0.931801 0.087978
vt 0.937353 0.087979
vt 0.944627 0.087980
vt 0.944627 0.090855
vt 0.761075 0.570118
vt 0.761075 0.489067
vt 0.768349 0.489067
vt 0.768349 0.570118
vt 0.264230 0.822704
vt 0.261354 0.822704
vt 0.261354 0.741652
vt 0.264230 0.741652
vt 0.900776 0.314377
vt 0.900776 0.395429
vt 0.893503 0.395429
vt 0.893503 0.314377
vt 0.261354 0.722115
vt 0.264230 0.722115
vt 0.900776 0.414966
vt 0.893503 0.414966
vt 0.906329 0.314378
vt 0.906329 0.395429
vt 0.906329 0.414966
vt 0.934952 0.203200
vt 0.929399 0.203200
vt 0.929399 0.200324
vt 0.934952 0.200324
vt 0.942226 0.200324
vt 0.942226 0.203200
vt 0.761075 0.589656
vt 0.768349 0.589656
vt 0.050683 0.616613
vt 0.929399 0.191342
vt 0.934952 0.191342
vt 0.170137 0.683627
vt 0.179119 0.683627
vt 0.179119 0.703158
vt 0.170137 0.703158
vt 0.167261 0.683627
vt 0.167261 0.703158
vt 0.929399 0.187748
vt 0.934952 0.187748
vt 0.345112 0.266972
vt 0.345112 0.286510
vt 0.339481 0.286510
vt 0.339481 0.266972
vt 0.923768 0.191342
vt 0.923768 0.187748
vt 0.866854 0.981341
vt 0.863260 0.981341
vt 0.863260 0.961810
vt 0.866854 0.961810
vt 0.339481 0.367561
vt 0.338367 0.368003
vt 0.338367 0.286952
vt 0.345112 0.367561
vt 0.910925 0.830103
vt 0.907334 0.830239
vt 0.907479 0.829119
vt 0.910416 0.829008
vt 0.907987 0.825587
vt 0.910925 0.825476
vt 0.336942 0.368598
vt 0.334855 0.287574
vt 0.339678 0.370057
vt 0.338564 0.370220
vt 0.337203 0.371089
vt 0.459511 0.739114
vt 0.459511 0.736625
vt 0.462071 0.733398
vt 0.463830 0.736072
vt 0.459511 0.820132
vt 0.463269 0.823090
vt 0.212301 0.613986
vt 0.213003 0.526942
vt 0.215496 0.525906
vt 0.215443 0.612202
vt 0.212833 0.524255
vt 0.215307 0.523221
vt 0.019346 0.840265
vt 0.019349 0.760056
vt 0.023107 0.757229
vt 0.023665 0.843383
vt 0.019346 0.842745
vt 0.021905 0.846047
vt 0.212216 0.623089
vt 0.215358 0.621305
vt 0.016409 0.760056
vt 0.019199 0.748125
vt 0.789127 0.805142
vt 0.786187 0.805141
vt 0.786187 0.792768
vt 0.789127 0.792769
vt 0.896493 0.314377
vt 0.893783 0.234069
vt 0.908864 0.228345
vt 0.908864 0.311632
vt 0.893503 0.231581
vt 0.908667 0.225849
vt 0.687278 0.832372
vt 0.687278 0.828779
vt 0.702494 0.828645
vt 0.702494 0.832238
vt 0.015752 0.842745
vt 0.017181 0.846828
vt 0.687278 0.819644
vt 0.702494 0.819511
vt 0.006615 0.842745
vt 0.005171 0.846828
vt 0.964764 0.076904
vt 0.964764 0.064897
vt 0.967214 0.064871
vt 0.967214 0.076878
vt 0.964757 0.081645
vt 0.967207 0.081619
vt 0.455917 0.736625
vt 0.446780 0.736625
vt 0.445336 0.732617
vt 0.457346 0.732617
vt 0.736869 0.982877
vt 0.736869 0.973743
vt 0.738236 0.973080
vt 0.738236 0.982215
vt 0.736869 0.986470
vt 0.738236 0.985807
vt 0.735754 0.983069
vt 0.735754 0.973934
vt 0.735754 0.986662
vt 0.730321 0.983068
vt 0.730321 0.973933
vt 0.730321 0.986661
vt 0.735754 0.970436
vt 0.736869 0.970244
vt 0.730321 0.970434
vt 0.665152 0.257774
vt 0.665152 0.261273
vt 0.662656 0.261273
vt 0.662656 0.257774
vt 0.665152 0.248637
vt 0.662656 0.248637
vt 0.440015 0.733927
vt 0.434384 0.733927
vt 0.434581 0.731431
vt 0.440015 0.731431
vt 0.433271 0.733486
vt 0.433468 0.731270
vt 0.431848 0.732895
vt 0.432109 0.730405
vt 0.738236 0.969581
vt 0.443280 0.736625
vt 0.443280 0.739114
vt 0.440165 0.736072
vt 0.440736 0.733398
vt 0.103516 0.718334
vt 0.103691 0.715651
vt 0.106184 0.716687
vt 0.105991 0.719368
vt 0.964757 0.060316
vt 0.967207 0.060290
vt 0.003116 0.840265
vt 0.003115 0.842745
vt 0.000571 0.846047
vt 0.000000 0.843383
vt 0.687278 0.816146
vt 0.702494 0.816012
vt 0.687278 0.810279
vt 0.687558 0.807791
vt 0.702639 0.813516
vt 0.702443 0.816012
vt 0.003118 0.760056
vt 0.000564 0.757229
vt 0.690268 0.727483
vt 0.702639 0.730229
vt 0.102908 0.760847
vt 0.106408 0.760848
vt 0.106408 0.773221
vt 0.102908 0.773220
vt 0.174715 0.969685
vt 0.162342 0.972000
vt 0.162425 0.959740
vt 0.174715 0.957013
vt 0.006618 0.747490
vt 0.006618 0.760056
vt 0.003449 0.748125
vt 0.005174 0.745244
vt 0.102908 0.619502
vt 0.102947 0.616613
vt 0.106184 0.618399
vt 0.106050 0.621287
vt 0.103001 0.628606
vt 0.106142 0.630391
vt 0.446780 0.820132
vt 0.446780 0.832716
vt 0.445336 0.835093
vt 0.443611 0.832202
vt 0.443281 0.820132
vt 0.440726 0.823090
vt 0.931742 0.776951
vt 0.928297 0.777568
vt 0.928309 0.774000
vt 0.931754 0.773382
vt 0.433271 0.814537
vt 0.429762 0.813919
vt 0.434384 0.814979
vt 0.931754 0.778080
vt 0.928309 0.778697
vt 0.707746 0.983282
vt 0.704246 0.963751
vt 0.707746 0.963751
vt 0.440015 0.814979
vt 0.440015 0.834516
vt 0.434384 0.834516
vt 0.999693 0.477695
vt 0.999693 0.497233
vt 0.998580 0.496791
vt 0.998580 0.477254
vt 0.929399 0.175111
vt 0.929399 0.178611
vt 0.923768 0.178611
vt 0.923768 0.175111
vt 0.579088 0.144830
vt 0.579088 0.153967
vt 0.578344 0.153967
vt 0.578344 0.144830
vt 0.999693 0.497977
vt 0.998580 0.497536
vt 0.541054 0.546578
vt 0.541054 0.555716
vt 0.539940 0.555528
vt 0.539940 0.546391
vt 0.482448 0.977272
vt 0.481337 0.977712
vt 0.481335 0.976970
vt 0.482448 0.976527
vt 0.915913 0.213030
vt 0.915913 0.222821
vt 0.915169 0.222821
vt 0.915169 0.213684
vt 0.923585 0.213671
vt 0.923585 0.223462
vt 0.481337 0.997250
vt 0.477825 0.997872
vt 0.477501 0.985288
vt 0.482448 0.996810
vt 0.456572 0.832716
vt 0.457347 0.835093
vt 0.456572 0.820132
vt 0.459361 0.832202
vt 0.212258 0.625978
vt 0.215496 0.624193
vt 0.917762 0.983968
vt 0.917762 0.971957
vt 0.920942 0.971954
vt 0.920942 0.983965
vt 0.016410 0.747490
vt 0.017185 0.745244
vt 0.200973 0.957250
vt 0.213346 0.959566
vt 0.213346 0.972238
vt 0.201056 0.969510
vt 0.365185 0.975177
vt 0.374976 0.975180
vt 0.374976 0.987134
vt 0.365185 0.987130
vt 0.994747 0.489220
vt 0.995071 0.476636
vt 0.934952 0.178611
vt 0.934952 0.175111
vt 0.475688 0.752148
vt 0.466706 0.752148
vt 0.466706 0.732617
vt 0.475688 0.732617
vt 0.463830 0.752148
vt 0.463830 0.732617
vt 0.466706 0.833171
vt 0.463830 0.833171
vt 0.475688 0.833171
vt 0.345112 0.370057
vt 0.665152 0.245043
vt 0.662656 0.245043
vt 0.170137 0.602603
vt 0.179119 0.602603
vt 0.167261 0.602604
vt 0.041086 0.964916
vt 0.034583 0.967610
vt 0.034583 0.962222
vt 0.038392 0.958412
vt 0.043780 0.958412
vt 0.038392 0.971419
vt 0.043780 0.971419
vt 0.047590 0.967610
vt 0.047590 0.962222
vt 0.752798 0.971518
vt 0.746369 0.971518
vt 0.746370 0.966597
vt 0.752799 0.966597
vt 0.634881 0.977660
vt 0.628455 0.977661
vt 0.628504 0.972702
vt 0.634930 0.972701
vt 0.755744 0.963891
vt 0.755744 0.971511
vt 0.635936 0.972706
vt 0.637890 0.980002
vt 0.621493 0.678123
vt 0.616143 0.678419
vt 0.615745 0.670806
vt 0.621094 0.670510
vt 0.622311 0.693749
vt 0.616962 0.694045
vt 0.629604 0.693362
vt 0.628785 0.677736
vt 0.615346 0.663193
vt 0.620695 0.662897
vt 0.755744 0.979132
vt 0.752799 0.976548
vt 0.615233 0.661036
vt 0.620583 0.660740
vt 0.627988 0.662510
vt 0.627875 0.660353
vt 0.623158 0.665409
vt 0.628021 0.663090
vt 0.746370 0.976548
vt 0.946854 0.768847
vt 0.953282 0.768847
vt 0.953285 0.773826
vt 0.946857 0.773826
vt 0.946857 0.763871
vt 0.953285 0.763871
vt 0.635269 0.662134
vt 0.633100 0.664889
vt 0.397407 0.576738
vt 0.403835 0.576738
vt 0.403835 0.581709
vt 0.397407 0.581709
vt 0.394460 0.584362
vt 0.394460 0.576738
vt 0.389118 0.576754
vt 0.389118 0.584377
vt 0.394460 0.586522
vt 0.389118 0.586537
vt 0.635156 0.659977
vt 0.389118 0.569130
vt 0.394460 0.569115
vt 0.397407 0.571754
vt 0.636885 0.692986
vt 0.636066 0.677360
vt 0.389118 0.553482
vt 0.394460 0.553467
vt 0.634881 0.967705
vt 0.637890 0.965409
vt 0.403835 0.571754
vt 0.628455 0.967706
vt 0.381821 0.553488
vt 0.381821 0.569136
vt 0.381821 0.576759
vt 0.374525 0.569130
vt 0.374525 0.553482
vt 0.374525 0.576754
vt 0.369184 0.569115
vt 0.369184 0.553467
vt 0.369184 0.576738
vt 0.374525 0.584377
vt 0.369184 0.584362
vt 0.381821 0.584383
vt 0.366237 0.581709
vt 0.366237 0.576738
vt 0.366237 0.571754
vt 0.359809 0.576738
vt 0.359809 0.571754
vt 0.359809 0.581709
vt 0.964218 0.615051
vt 0.964222 0.610075
vt 0.970650 0.610075
vt 0.970647 0.615051
vt 0.328417 0.610276
vt 0.333495 0.608476
vt 0.335670 0.611229
vt 0.328385 0.610856
vt 0.964218 0.605096
vt 0.970647 0.605096
vt 0.323553 0.607957
vt 0.321097 0.610469
vt 0.335558 0.613386
vt 0.328273 0.613013
vt 0.320984 0.612626
vt 0.315645 0.612329
vt 0.315758 0.610172
vt 0.321494 0.602856
vt 0.316155 0.602559
vt 0.535693 0.971397
vt 0.535692 0.966367
vt 0.538640 0.963783
vt 0.538640 0.971404
vt 0.321892 0.595243
vt 0.316552 0.594946
vt 0.535692 0.976319
vt 0.538640 0.979025
vt 0.529265 0.971398
vt 0.529263 0.966367
vt 0.529263 0.976319
vt 0.337877 0.910156
vt 0.337827 0.915115
vt 0.331401 0.915116
vt 0.331450 0.910157
vt 0.329151 0.596216
vt 0.324072 0.598016
vt 0.329180 0.595630
vt 0.334014 0.598535
vt 0.336465 0.596003
vt 0.337877 0.920111
vt 0.331450 0.920112
vt 0.337281 0.580377
vt 0.329996 0.580003
vt 0.322707 0.579616
vt 0.876879 0.896935
vt 0.879697 0.894117
vt 0.886239 0.897894
vt 0.885209 0.901744
vt 0.893793 0.897894
vt 0.894828 0.901744
vt 0.872069 0.888604
vt 0.875920 0.887574
vt 0.735271 0.162887
vt 0.731457 0.162887
vt 0.731476 0.156086
vt 0.735290 0.156086
vt 0.599396 0.950263
vt 0.595582 0.950267
vt 0.595565 0.940978
vt 0.599379 0.940975
vt 0.647955 0.949857
vt 0.649585 0.949375
vt 0.649585 0.958992
vt 0.647955 0.958591
vt 0.601126 0.949407
vt 0.601111 0.940971
vt 0.736994 0.172179
vt 0.735263 0.172179
vt 0.737000 0.163740
vt 0.731449 0.172179
vt 0.735271 0.181470
vt 0.731456 0.181470
vt 0.354873 0.796653
vt 0.346437 0.798916
vt 0.345543 0.797424
vt 0.354832 0.794932
vt 0.872069 0.878985
vt 0.876879 0.870655
vt 0.879697 0.873478
vt 0.875920 0.880020
vt 0.885209 0.865845
vt 0.886239 0.869701
vt 0.735290 0.188272
vt 0.731476 0.188272
vt 0.463432 0.987050
vt 0.463446 0.977766
vt 0.467260 0.977769
vt 0.467246 0.987053
vt 0.894828 0.865845
vt 0.893793 0.869701
vt 0.903159 0.870655
vt 0.900335 0.873478
vt 0.463446 0.968467
vt 0.467260 0.968470
vt 0.338001 0.813533
vt 0.340261 0.821971
vt 0.338744 0.822809
vt 0.336255 0.813518
vt 0.340261 0.805095
vt 0.338744 0.804227
vt 0.463432 0.961645
vt 0.467246 0.961648
vt 0.346437 0.828147
vt 0.345543 0.829609
vt 0.962570 0.665800
vt 0.962583 0.671996
vt 0.947236 0.671984
vt 0.947223 0.665788
vt 0.962570 0.657355
vt 0.947223 0.657343
vt 0.530439 0.909820
vt 0.522198 0.914578
vt 0.521807 0.913123
vt 0.529372 0.908754
vt 0.535196 0.901580
vt 0.533741 0.901189
vt 0.535196 0.892064
vt 0.533741 0.892452
vt 0.962583 0.648923
vt 0.947236 0.648911
vt 0.530439 0.883823
vt 0.529372 0.884887
vt 0.752347 0.180617
vt 0.752365 0.186795
vt 0.737018 0.186795
vt 0.737000 0.180617
vt 0.752340 0.172179
vt 0.522198 0.879066
vt 0.521807 0.880518
vt 0.513070 0.880518
vt 0.512682 0.879066
vt 0.752347 0.163740
vt 0.505504 0.884887
vt 0.504442 0.883823
vt 0.737018 0.157563
vt 0.752365 0.157563
vt 0.501136 0.892452
vt 0.499684 0.892064
vt 0.616473 0.949394
vt 0.616457 0.940957
vt 0.501136 0.901189
vt 0.499684 0.901580
vt 0.601111 0.932530
vt 0.616457 0.932516
vt 0.599379 0.931681
vt 0.601126 0.926346
vt 0.616473 0.926332
vt 0.137723 0.960768
vt 0.136116 0.961191
vt 0.136116 0.951573
vt 0.137723 0.952033
vt 0.595565 0.931684
vt 0.595582 0.924875
vt 0.599396 0.924871
vt 0.900335 0.894117
vt 0.903159 0.896935
vt 0.906084 0.017487
vt 0.906084 0.021300
vt 0.896791 0.021235
vt 0.896791 0.017422
vt 0.904112 0.887574
vt 0.907968 0.888604
vt 0.317368 0.579319
vt 0.874501 0.635126
vt 0.874501 0.650768
vt 0.867203 0.650717
vt 0.867203 0.635074
vt 0.831182 0.970575
vt 0.826985 0.968291
vt 0.826967 0.963364
vt 0.829227 0.963280
vt 0.311940 0.602338
vt 0.312198 0.597360
vt 0.817940 0.968289
vt 0.817921 0.963362
vt 0.302907 0.601867
vt 0.303164 0.596889
vt 0.817940 0.958337
vt 0.826985 0.958339
vt 0.831182 0.955985
vt 0.611783 0.676004
vt 0.602750 0.676477
vt 0.602496 0.671500
vt 0.611529 0.671027
vt 0.602230 0.666536
vt 0.611263 0.666063
vt 0.933418 0.823408
vt 0.924372 0.823408
vt 0.924374 0.818427
vt 0.933419 0.818427
vt 0.937640 0.825821
vt 0.935685 0.818525
vt 0.924372 0.813452
vt 0.933418 0.813452
vt 0.937640 0.811228
vt 0.425316 0.638908
vt 0.432561 0.639768
vt 0.432292 0.641910
vt 0.425047 0.641050
vt 0.439795 0.640730
vt 0.439526 0.642873
vt 0.431912 0.644919
vt 0.423646 0.643937
vt 0.440165 0.646017
vt 0.319798 0.615662
vt 0.313707 0.615323
vt 0.436151 0.677901
vt 0.427897 0.676802
vt 0.318123 0.647764
vt 0.312032 0.647426
vt 0.438065 0.686423
vt 0.426870 0.684933
vt 0.314730 0.655971
vt 0.306468 0.655511
vt 0.435649 0.705607
vt 0.424455 0.704117
vt 0.313722 0.675287
vt 0.305460 0.674828
vt 0.434748 0.707081
vt 0.424258 0.705686
vt 0.297344 0.523019
vt 0.298717 0.523385
vt 0.298717 0.534338
vt 0.297344 0.534708
vt 0.431495 0.726288
vt 0.421667 0.726268
vt 0.314350 0.676861
vt 0.312575 0.692774
vt 0.305208 0.695861
vt 0.306609 0.676431
vt 0.432024 0.728633
vt 0.421366 0.728649
vt 0.438994 0.723906
vt 0.440165 0.725949
vt 0.431808 0.730345
vt 0.421145 0.730405
vt 0.768484 0.576887
vt 0.769945 0.577548
vt 0.769945 0.586205
vt 0.768349 0.585543
vt 0.220948 0.846980
vt 0.222865 0.848910
vt 0.218139 0.857169
vt 0.215518 0.856471
vt 0.230353 0.841479
vt 0.231053 0.844125
vt 0.235784 0.861874
vt 0.222870 0.874918
vt 0.218141 0.866688
vt 0.231059 0.879652
vt 0.240515 0.879623
vt 0.248702 0.874838
vt 0.253429 0.866579
vt 0.253427 0.857060
vt 0.240509 0.844096
vt 0.248698 0.848830
vt 0.256048 0.867279
vt 0.256048 0.856340
vt 0.250618 0.846883
vt 0.964114 0.458328
vt 0.965223 0.458328
vt 0.966681 0.468898
vt 0.965528 0.468898
vt 0.970664 0.476636
vt 0.969391 0.476636
vt 0.768779 0.553225
vt 0.769871 0.553885
vt 0.769918 0.565718
vt 0.768641 0.565057
vt 0.241213 0.841444
vt 0.059031 0.862434
vt 0.058268 0.861036
vt 0.068794 0.858334
vt 0.068806 0.859937
vt 0.079320 0.861294
vt 0.078582 0.862666
vt 0.335481 0.677964
vt 0.332683 0.684273
vt 0.322631 0.688533
vt 0.324918 0.677422
vt 0.888373 0.474890
vt 0.891435 0.474723
vt 0.893271 0.482445
vt 0.886669 0.482445
vt 0.051875 0.869486
vt 0.050562 0.868677
vt 0.049255 0.879203
vt 0.047742 0.879210
vt 0.738236 0.980161
vt 0.741459 0.980164
vt 0.744089 0.989918
vt 0.741071 0.990741
vt 0.381821 0.649497
vt 0.381821 0.651036
vt 0.371241 0.651028
vt 0.370530 0.649488
vt 0.298715 0.546397
vt 0.297344 0.546028
vt 0.297344 0.535075
vt 0.298715 0.534708
vt 0.381821 0.630154
vt 0.370530 0.630145
vt 0.362265 0.649464
vt 0.362265 0.630122
vt 0.393112 0.649488
vt 0.392401 0.651028
vt 0.393112 0.630145
vt 0.381821 0.621783
vt 0.390146 0.621776
vt 0.373497 0.621776
vt 0.381821 0.589636
vt 0.390146 0.589630
vt 0.373497 0.589630
vt 0.367403 0.621759
vt 0.367403 0.589612
vt 0.336425 0.616529
vt 0.334749 0.648632
vt 0.326438 0.648206
vt 0.328114 0.616103
vt 0.337281 0.657148
vt 0.326008 0.656569
vt 0.336273 0.676464
vt 0.325000 0.675886
vt 0.374525 0.586537
vt 0.369184 0.586522
vt 0.381821 0.586543
vt 0.396240 0.589612
vt 0.396240 0.621759
vt 0.627719 0.657263
vt 0.636026 0.656835
vt 0.626038 0.625161
vt 0.634345 0.624732
vt 0.401378 0.630122
vt 0.625618 0.616799
vt 0.636885 0.616218
vt 0.401378 0.649464
vt 0.624606 0.597484
vt 0.635873 0.596902
vt 0.297342 0.523019
vt 0.297343 0.511330
vt 0.298717 0.511701
vt 0.298717 0.522654
vt 0.624521 0.595946
vt 0.635079 0.595402
vt 0.622230 0.584836
vt 0.632277 0.589092
vt 0.764719 0.377914
vt 0.766423 0.385469
vt 0.759821 0.385469
vt 0.761657 0.377747
vt 0.059031 0.896205
vt 0.068806 0.898934
vt 0.068794 0.900602
vt 0.058268 0.897642
vt 0.051875 0.888984
vt 0.050562 0.889812
vt 0.965528 0.447758
vt 0.969391 0.440019
vt 0.970664 0.440019
vt 0.966681 0.447758
vt 0.768769 0.553225
vt 0.768638 0.541397
vt 0.769915 0.540737
vt 0.769862 0.552565
vt 0.241213 0.882271
vt 0.230353 0.882306
vt 0.250618 0.876771
vt 0.220948 0.876867
vt 0.768484 0.529563
vt 0.769945 0.528901
vt 0.768349 0.520891
vt 0.769945 0.520230
vt 0.215518 0.867411
vt 0.411049 0.725992
vt 0.410833 0.727704
vt 0.412144 0.723852
vt 0.405477 0.719687
vt 0.403835 0.721375
vt 0.413754 0.704439
vt 0.613948 0.596508
vt 0.606192 0.596937
vt 0.604786 0.577507
vt 0.612167 0.580595
vt 0.078582 0.896437
vt 0.079320 0.897900
vt 0.298719 0.511330
vt 0.297342 0.510963
vt 0.297343 0.500010
vt 0.613322 0.598083
vt 0.614334 0.617399
vt 0.606056 0.617856
vt 0.605045 0.598540
vt 0.413244 0.702786
vt 0.415660 0.683602
vt 0.419632 0.675821
vt 0.617718 0.625603
vt 0.611615 0.625940
vt 0.619400 0.657705
vt 0.613297 0.658042
vt 0.741071 0.969581
vt 0.744089 0.970414
vt 0.311679 0.607302
vt 0.302645 0.606831
vt 0.841042 0.965481
vt 0.838349 0.971985
vt 0.834540 0.968176
vt 0.834540 0.962789
vt 0.843735 0.971984
vt 0.838349 0.958978
vt 0.843735 0.958977
vt 0.847544 0.962786
vt 0.847544 0.968173
vt 0.859907 0.635126
vt 0.859907 0.650768
vt 0.907968 0.878985
vt 0.904112 0.880020
vt 0.887501 0.017488
vt 0.887501 0.021300
vt 0.905232 0.015802
vt 0.896792 0.015742
vt 0.354873 0.830406
vt 0.354832 0.832096
vt 0.905232 0.000460
vt 0.896792 0.000401
vt 0.888355 0.000460
vt 0.888355 0.015802
vt 0.504442 0.909820
vt 0.505504 0.908755
vt 0.513070 0.913123
vt 0.512682 0.914578
vt 0.635247 0.842057
vt 0.632341 0.842060
vt 0.632358 0.835324
vt 0.635264 0.835321
vt 0.966287 0.159249
vt 0.969192 0.159249
vt 0.969127 0.168441
vt 0.966222 0.168441
vt 0.912827 0.852334
vt 0.914707 0.852845
vt 0.909951 0.861086
vt 0.908586 0.859683
vt 0.901713 0.865844
vt 0.901240 0.863926
vt 0.912827 0.843849
vt 0.914707 0.843330
vt 0.635247 0.851251
vt 0.632341 0.851254
vt 0.635264 0.860440
vt 0.632358 0.860442
vt 0.908586 0.836501
vt 0.909951 0.835089
vt 0.983535 0.404166
vt 0.976634 0.404173
vt 0.976619 0.395979
vt 0.983520 0.395973
vt 0.976619 0.387780
vt 0.983520 0.387774
vt 0.849284 0.870163
vt 0.847622 0.871824
vt 0.840274 0.867581
vt 0.840881 0.865311
vt 0.831788 0.867581
vt 0.831177 0.865311
vt 0.824440 0.871824
vt 0.822773 0.870163
vt 0.976634 0.381774
vt 0.983535 0.381767
vt 0.820197 0.879173
vt 0.817921 0.878566
vt 0.970717 0.546961
vt 0.977616 0.546961
vt 0.977558 0.555159
vt 0.970659 0.555159
vt 0.817921 0.888270
vt 0.820197 0.887658
vt 0.970717 0.563354
vt 0.977616 0.563354
vt 0.892757 0.863927
vt 0.892201 0.865845
vt 0.982375 0.076744
vt 0.982387 0.082762
vt 0.975486 0.082756
vt 0.975473 0.076738
vt 0.885411 0.859685
vt 0.883963 0.861088
vt 0.966287 0.177631
vt 0.969192 0.177631
vt 0.302555 0.861897
vt 0.302569 0.868645
vt 0.299663 0.868643
vt 0.299649 0.861895
vt 0.881170 0.852336
vt 0.879206 0.852847
vt 0.302555 0.852698
vt 0.299649 0.852696
vt 0.881170 0.843851
vt 0.879206 0.843332
vt 0.302569 0.843514
vt 0.299663 0.843512
vt 0.885411 0.836502
vt 0.883963 0.835091
vt 0.172879 0.401235
vt 0.172898 0.407963
vt 0.169992 0.407963
vt 0.169973 0.401235
vt 0.892757 0.832259
vt 0.892201 0.830333
vt 0.172872 0.392043
vt 0.169966 0.392043
vt 0.901713 0.830332
vt 0.901240 0.832259
vt 0.169973 0.382852
vt 0.172879 0.382852
vt 0.169992 0.376124
vt 0.343156 0.779263
vt 0.336255 0.779263
vt 0.336261 0.771067
vt 0.343163 0.771067
vt 0.336278 0.765067
vt 0.343180 0.765067
vt 0.854136 0.888270
vt 0.851865 0.887658
vt 0.851865 0.879173
vt 0.854136 0.878566
vt 0.162322 0.948368
vt 0.162315 0.957741
vt 0.156991 0.957741
vt 0.156999 0.948368
vt 0.162342 0.941507
vt 0.157018 0.941507
vt 0.992546 0.325200
vt 0.992563 0.334570
vt 0.987239 0.334575
vt 0.987222 0.325204
vt 0.405466 0.888536
vt 0.410317 0.870428
vt 0.418718 0.875280
vt 0.423568 0.883683
vt 0.423568 0.893387
vt 0.992546 0.315824
vt 0.987222 0.315829
vt 0.418718 0.901791
vt 0.992563 0.308955
vt 0.987239 0.308960
vt 0.410317 0.906643
vt 0.411372 0.989766
vt 0.411438 0.980392
vt 0.416760 0.980392
vt 0.416694 0.989767
vt 0.400616 0.906644
vt 0.416760 0.999138
vt 0.411438 0.999138
vt 0.392215 0.901792
vt 0.992561 0.308955
vt 0.987237 0.308951
vt 0.987222 0.302069
vt 0.992546 0.302073
vt 0.387365 0.893389
vt 0.987222 0.292688
vt 0.992546 0.292692
vt 0.387365 0.883685
vt 0.987237 0.283323
vt 0.992561 0.283327
vt 0.392215 0.875281
vt 0.162342 0.973976
vt 0.157018 0.973976
vt 0.156999 0.967114
vt 0.162322 0.967114
vt 0.400616 0.870429
vt 0.849284 0.896674
vt 0.847622 0.895007
vt 0.840881 0.901526
vt 0.840274 0.899249
vt 0.343163 0.787459
vt 0.336261 0.787459
vt 0.343180 0.793460
vt 0.336278 0.793460
vt 0.982387 0.060351
vt 0.982375 0.068541
vt 0.975473 0.068536
vt 0.975486 0.060346
vt 0.831177 0.901526
vt 0.831789 0.899249
vt 0.822773 0.896674
vt 0.824440 0.895007
vt 0.621146 0.964210
vt 0.614642 0.961516
vt 0.618452 0.957707
vt 0.623840 0.957707
vt 0.627649 0.961516
vt 0.627649 0.966904
vt 0.623840 0.970714
vt 0.618452 0.970714
vt 0.614642 0.966904
vt 0.157390 0.863871
vt 0.152143 0.883497
vt 0.143057 0.878223
vt 0.137811 0.869104
vt 0.137811 0.858582
vt 0.162636 0.883512
vt 0.171722 0.878264
vt 0.176969 0.869160
vt 0.176969 0.858639
vt 0.171722 0.849520
vt 0.162636 0.844246
vt 0.152143 0.844231
vt 0.143057 0.849478
vt 0.292198 0.884179
vt 0.292198 0.843521
vt 0.299649 0.843545
vt 0.299649 0.884204
vt 0.920699 0.569581
vt 0.920699 0.529150
vt 0.930865 0.529438
vt 0.930865 0.569868
vt 0.941028 0.529149
vt 0.941028 0.569580
vt 0.046236 0.848782
vt 0.046236 0.889441
vt 0.038772 0.889460
vt 0.038772 0.848802
vt 0.028598 0.889467
vt 0.028598 0.848809
vt 0.018442 0.889460
vt 0.018442 0.848802
vt 0.011025 0.889440
vt 0.011025 0.848782
vt 0.595565 0.891281
vt 0.595565 0.931801
vt 0.585401 0.932025
vt 0.585401 0.891505
vt 0.575236 0.931801
vt 0.575236 0.891280
vt 0.264438 0.884204
vt 0.264438 0.843546
vt 0.271869 0.843521
vt 0.271869 0.884179
vt 0.282030 0.843512
vt 0.282030 0.884170
s 1
usemtl M249_Gun
f 2/1/1 6/2/2 4/3/3 1/4/4
f 3/5/5 100/6/6 2/7/1 1/8/4
f 4/9/3 5/10/7 3/11/5 1/12/4
f 7/13/8 5/14/7 4/15/3 6/16/2
f 6/17/2 10/18/9 11/19/9 7/20/8
f 8/21/10 6/2/2 2/1/1 99/22/1
f 6/2/2 8/21/10 38/23/11 9/24/12
f 6/17/2 9/25/12 12/26/9 10/18/9
f 11/19/9 10/18/9 12/26/9 13/27/9 14/28/9 22/29/9 23/30/9 24/31/9 25/32/9
f 9/25/12 15/33/13 13/27/9 12/26/9
f 15/33/13 17/34/14 14/28/9 13/27/9
f 18/35/15 17/36/14 15/37/13 16/38/16
f 16/39/16 15/40/13 9/24/12 38/23/11
f 20/41/17 19/42/18 17/36/14 18/35/15
f 17/34/14 19/43/18 22/29/9 14/28/9
f 31/44/19 21/45/20 19/42/18 20/41/17
f 19/43/18 21/46/20 23/30/9 22/29/9
f 21/46/20 26/47/21 24/31/9 23/30/9
f 26/47/21 27/48/22 25/32/9 24/31/9
f 29/49/23 27/50/22 26/51/21 28/52/24
f 28/53/24 26/54/21 21/45/20 31/44/19
f 29/55/23 28/56/24 30/57/25 40/58/25
f 28/56/24 31/59/19 32/60/25 30/57/25
f 31/59/19 20/61/17 33/62/25 32/60/25
f 37/63/25 39/64/25 40/58/25 30/57/25 32/60/25 33/62/25 34/65/25 35/66/25 36/67/25
f 20/61/17 18/68/15 34/65/25 33/62/25
f 18/68/15 16/69/16 35/66/25 34/65/25
f 16/69/16 38/70/11 36/67/25 35/66/25
f 38/70/11 8/71/10 37/63/25 36/67/25
f 8/71/10 41/72/26 39/64/25 37/63/25
f 41/72/26 29/55/23 40/58/25 39/64/25
f 41/73/26 7/74/8 27/50/22 29/49/23
f 102/75/27 7/13/8 41/76/26 42/77/27
f 42/77/27 41/76/26 43/78/28 44/79/27
f 43/78/28 41/76/26 8/80/10 46/81/2
f 44/79/27 43/78/28 45/82/29 93/83/27
f 45/84/29 43/85/28 48/86/30 49/87/31
f 43/88/28 46/89/2 67/90/9 47/91/9
f 48/92/30 43/88/28 47/91/9 51/93/9
f 49/87/31 48/86/30 50/94/32 79/95/33
f 50/96/32 48/92/30 51/93/9 52/97/9
f 47/91/9 67/90/9 66/98/9 65/99/9 64/100/9 56/101/9 55/102/9 53/103/9 52/97/9 51/93/9
f 54/104/34 50/96/32 52/97/9 53/103/9
f 57/105/18 54/104/34 53/103/9 55/102/9
f 59/106/14 57/105/18 55/102/9 56/101/9
f 80/107/35 54/108/34 57/109/18 58/110/17
f 58/110/17 57/109/18 59/111/14 60/112/15
f 60/112/15 59/111/14 61/113/13 62/114/16
f 61/115/13 59/106/14 56/101/9 64/100/9
f 62/116/16 61/117/13 63/118/12 70/119/11
f 63/120/12 61/115/13 64/100/9 65/99/9
f 68/121/36 63/120/12 65/99/9 66/98/9
f 46/89/2 68/121/36 66/98/9 67/90/9
f 69/122/37 70/119/11 63/118/12 68/123/36
f 46/124/2 71/125/10 69/122/37 68/123/36
f 70/126/11 69/127/37 72/128/25 73/129/25
f 69/127/37 71/130/10 74/131/25 72/128/25
f 74/131/25 75/132/25 76/133/25 77/134/25 78/135/25 81/136/25 82/137/25 83/138/25 73/129/25 72/128/25
f 71/130/10 45/139/29 75/132/25 74/131/25
f 45/139/29 49/140/31 76/133/25 75/132/25
f 49/140/31 79/141/33 77/134/25 76/133/25
f 79/141/33 80/142/35 78/135/25 77/134/25
f 79/143/33 50/144/32 54/108/34 80/107/35
f 80/142/35 58/145/17 81/136/25 78/135/25
f 58/145/17 60/146/15 82/137/25 81/136/25
f 60/146/15 62/147/16 83/138/25 82/137/25
f 62/147/16 70/126/11 73/129/25 83/138/25
f 71/125/10 46/124/2 98/148/1 84/149/1
f 87/150/38 85/151/39 71/125/10 84/149/1
f 86/152/40 45/82/29 71/153/10 85/154/39
f 88/155/41 86/156/40 85/157/39 87/158/38
f 89/159/6 88/160/41 87/161/38 84/162/1
f 90/163/42 88/160/41 89/159/6 92/164/43
f 90/165/42 91/166/44 86/156/40 88/155/41
f 92/167/43 93/168/27 91/169/44 90/170/42
f 44/171/27 93/168/27 92/167/43 94/172/43
f 92/164/43 89/159/6 96/173/6 94/174/43
f 42/175/27 44/171/27 94/172/43 95/176/43
f 94/174/43 96/173/6 97/177/6 95/178/43
f 98/179/1 99/180/1 97/177/6 96/173/6
f 96/173/6 89/159/6 84/162/1 98/179/1
f 46/124/2 8/21/10 99/22/1 98/148/1
f 100/6/6 97/177/6 99/180/1 2/7/1
f 95/178/43 97/177/6 100/6/6 101/181/43
f 101/181/43 100/6/6 3/5/5 103/182/45
f 102/183/27 42/175/27 95/176/43 101/184/43
f 103/185/45 104/186/46 102/183/27 101/184/43
f 104/187/46 103/188/45 3/11/5 5/10/7
f 104/189/46 5/14/7 7/13/8 102/75/27
f 93/83/27 45/82/29 86/152/40 91/190/44
f 27/48/22 7/20/8 11/19/9 25/32/9
f 105/191/9 117/192/47 106/193/48
f 105/191/9 106/193/48 107/194/49
f 105/191/9 107/194/49 108/195/50
f 105/191/9 108/195/50 109/196/51
f 105/191/9 109/196/51 110/197/52
f 105/191/9 110/197/52 111/198/53
f 105/191/9 111/198/53 112/199/54
f 105/191/9 112/199/54 113/200/13
f 105/191/9 113/200/13 114/201/14
f 105/191/9 114/201/14 115/202/55
f 105/191/9 115/202/55 116/203/56
f 105/191/9 116/203/56 117/192/47
f 116/204/56 120/205/57 118/206/58 117/207/47
f 117/207/47 118/206/58 121/208/59 106/209/48
f 119/210/25 121/211/59 118/212/58
f 119/210/25 118/212/58 120/213/57
f 106/209/48 121/208/59 122/214/60 107/215/49
f 119/210/25 122/201/60 121/211/59
f 119/210/25 123/202/61 122/201/60
f 107/215/49 122/214/60 123/216/61 108/217/50
f 119/210/25 124/218/62 123/202/61
f 108/219/50 123/220/61 124/221/62 109/222/51
f 119/210/25 125/223/63 124/218/62
f 109/222/51 124/221/62 125/224/63 110/225/52
f 119/210/25 126/226/64 125/223/63
f 110/227/52 125/228/63 126/229/64 111/230/53
f 119/210/25 127/231/65 126/226/64
f 111/230/53 126/229/64 127/232/65 112/233/54
f 119/210/25 128/234/16 127/231/65
f 112/233/54 127/232/65 128/235/16 113/236/13
f 119/210/25 129/237/15 128/234/16
f 113/238/13 128/239/16 129/240/15 114/241/14
f 119/210/25 130/242/66 129/237/15
f 114/241/14 129/240/15 130/243/66 115/244/55
f 119/210/25 120/213/57 130/242/66
f 115/244/55 130/243/66 120/245/57 116/246/56
f 131/247/67 143/248/68 132/249/69
f 131/247/67 132/249/69 133/250/70
f 131/247/67 133/250/70 134/251/71
f 131/247/67 134/251/71 135/252/72
f 131/247/67 135/252/72 136/253/73
f 131/247/67 136/253/73 137/254/74
f 131/247/67 137/254/74 138/255/75
f 131/247/67 138/255/75 139/256/76
f 131/247/67 139/256/76 140/257/77
f 131/247/67 140/257/77 141/258/78
f 131/247/67 141/258/78 142/259/79
f 131/247/67 142/259/79 143/248/68
f 142/260/79 146/261/80 144/262/81 143/263/68
f 143/263/68 144/262/81 147/264/6 132/265/69
f 144/262/81 145/266/82 149/267/83 147/264/6
f 146/261/80 160/268/84 145/266/82 144/262/81
f 132/265/69 147/264/6 148/269/85 133/270/70
f 149/267/83 150/271/86 148/269/85 147/264/6
f 151/272/87 150/273/86 149/274/83
f 151/272/87 149/274/83 145/275/82
f 151/272/87 152/276/88 150/273/86
f 151/272/87 153/277/89 152/276/88
f 151/272/87 154/278/90 153/277/89
f 151/272/87 155/279/91 154/278/90
f 151/272/87 156/280/92 155/279/91
f 151/272/87 157/281/93 156/280/92
f 151/272/87 158/282/94 157/281/93
f 151/272/87 159/283/95 158/282/94
f 151/272/87 160/284/84 159/283/95
f 151/272/87 145/275/82 160/284/84
f 161/285/9 159/286/95 160/287/84 146/288/80
f 162/289/96 158/290/94 159/286/95 161/285/9
f 140/291/77 162/289/96 161/285/9 141/292/78
f 141/292/78 161/285/9 146/288/80 142/293/79
f 163/294/97 157/295/93 158/290/94 162/289/96
f 139/296/76 163/294/97 162/289/96 140/291/77
f 164/297/98 156/298/92 157/299/93 163/300/97
f 138/301/75 164/297/98 163/300/97 139/302/76
f 165/303/99 155/304/91 156/298/92 164/297/98
f 137/305/74 165/303/99 164/297/98 138/301/75
f 166/306/100 183/307/101 155/304/91 165/303/99
f 167/308/102 168/309/103 166/310/100 165/311/99
f 136/312/73 167/313/102 165/314/99 137/315/74
f 169/316/104 170/317/105 168/309/103 167/308/102
f 135/318/72 169/319/104 167/313/102 136/312/73
f 174/320/106 170/321/105 169/319/104 153/322/89
f 171/323/107 152/324/88 153/322/89 169/319/104
f 134/325/71 171/323/107 169/319/104 135/318/72
f 148/269/85 150/271/86 152/326/88 171/327/107
f 133/270/70 148/269/85 171/327/107 134/328/71
f 252/329/108 168/330/103 170/331/105 172/332/109
f 172/333/109 170/334/105 173/335/81 200/336/110
f 170/334/105 174/337/106 176/338/82 173/335/81
f 174/339/106 175/340/111 177/341/87
f 154/278/90 175/340/111 174/339/106 153/277/89
f 176/342/82 174/339/106 177/341/87
f 178/343/112 182/344/88 177/341/87
f 179/345/113 178/343/112 177/341/87
f 186/346/114 179/345/113 177/341/87
f 180/347/83 176/342/82 177/341/87
f 181/348/86 180/347/83 177/341/87
f 182/344/88 181/348/86 177/341/87
f 175/340/111 183/349/101 177/341/87
f 183/349/101 184/350/93 177/341/87
f 184/350/93 185/351/92 177/341/87
f 185/351/92 186/346/114 177/341/87
f 187/352/115 186/353/114 185/354/92 189/355/98
f 190/356/116 179/357/113 186/358/114 187/359/115
f 191/360/117 190/356/116 187/359/115 188/361/118
f 188/362/118 187/352/115 189/355/98 247/363/119
f 193/364/120 192/365/25 190/356/116 191/360/117
f 192/365/25 178/366/112 179/357/113 190/356/116
f 195/367/121 194/368/107 192/365/25 193/364/120
f 194/368/107 182/369/88 178/366/112 192/365/25
f 197/370/122 196/371/85 194/372/107 195/373/121
f 196/371/85 181/374/86 182/375/88 194/372/107
f 199/376/123 198/377/6 196/371/85 197/370/122
f 180/378/83 181/374/86 196/371/85 198/377/6
f 173/335/81 176/338/82 180/378/83 198/377/6
f 200/336/110 173/335/81 198/377/6 199/376/123
f 200/379/110 199/380/123 201/381/124 204/382/125
f 199/380/123 197/383/122 202/384/126 201/381/124
f 201/385/124 202/386/126 239/387/127 203/388/128
f 204/389/125 201/385/124 203/388/128 206/390/129
f 172/391/109 200/379/110 204/382/125 205/392/130
f 205/393/130 204/389/125 206/390/129 207/394/131
f 207/395/131 206/396/129 208/397/132 209/398/133
f 206/396/129 203/399/128 210/400/134 208/397/132
f 208/401/132 211/402/135 214/403/136 209/404/133
f 210/405/134 213/406/137 211/402/135 208/401/132
f 211/407/135 212/408/67 214/409/136
f 213/410/137 212/408/67 211/407/135
f 214/409/136 212/408/67 215/411/138
f 209/412/133 214/413/136 215/414/138 217/415/139
f 216/416/140 215/411/138 212/408/67
f 217/415/139 215/414/138 216/417/140 219/418/141
f 218/419/142 207/395/131 209/398/133 217/420/139
f 220/421/143 218/419/142 217/420/139 219/422/141
f 222/423/144 220/421/143 219/422/141 221/424/145
f 219/418/141 216/417/140 224/425/146 221/426/145
f 248/427/147 222/423/144 221/424/145 223/428/148
f 221/429/145 224/430/146 225/431/149 223/432/148
f 216/416/140 212/408/67 224/433/146
f 224/433/146 212/408/67 225/434/149
f 225/434/149 212/408/67 226/435/150
f 223/432/148 225/431/149 226/436/150 228/437/151
f 226/435/150 212/408/67 227/438/152
f 228/439/151 226/440/150 227/441/152 230/442/153
f 229/443/154 248/427/147 223/428/148 228/444/151
f 231/445/155 229/443/154 228/444/151 230/446/153
f 233/447/156 231/445/155 230/446/153 232/448/157
f 230/442/153 227/441/152 235/449/158 232/450/157
f 240/451/159 233/447/156 232/448/157 234/452/160
f 232/450/157 235/449/158 236/453/161 234/454/160
f 227/438/152 212/408/67 235/455/158
f 235/455/158 212/408/67 236/456/161
f 236/456/161 212/408/67 237/457/162
f 234/458/160 236/459/161 237/460/162 238/461/163
f 237/457/162 212/408/67 213/410/137
f 238/461/163 237/460/162 213/406/137 210/405/134
f 239/462/127 240/451/159 234/452/160 238/463/163
f 203/399/128 239/462/127 238/463/163 210/400/134
f 202/386/126 241/464/164 240/465/159 239/387/127
f 241/466/164 242/467/165 233/468/156 240/469/159
f 195/470/121 193/471/120 242/472/165 241/473/164
f 197/383/122 195/470/121 241/473/164 202/384/126
f 242/467/165 243/474/166 231/475/155 233/468/156
f 193/471/120 191/476/117 243/477/166 242/472/165
f 243/474/166 244/478/167 229/479/154 231/475/155
f 191/476/117 188/480/118 244/481/167 243/477/166
f 244/482/167 245/483/168 248/484/147 229/485/154
f 188/480/118 247/486/119 245/487/168 244/481/167
f 245/483/168 246/488/169 222/489/144 248/484/147
f 247/486/119 249/490/170 246/491/169 245/487/168
f 247/363/119 189/355/98 251/492/97 249/493/170
f 249/490/170 250/494/171 253/495/172 246/491/169
f 249/496/170 251/497/97 166/498/100 250/499/171
f 251/497/97 184/500/93 183/501/101 166/498/100
f 189/355/98 185/354/92 184/502/93 251/492/97
f 250/499/171 166/498/100 168/330/103 252/329/108
f 250/494/171 252/503/108 254/504/173 253/495/172
f 253/505/172 254/506/173 218/507/142 220/508/143
f 246/509/169 253/505/172 220/508/143 222/510/144
f 254/506/173 205/511/130 207/512/131 218/507/142
f 252/503/108 172/391/109 205/392/130 254/504/173
f 155/279/91 183/349/101 175/340/111 154/278/90
f 258/513/81 259/514/81 256/515/6 255/516/6
f 255/516/6 256/515/6 278/517/85 257/518/85
f 260/519/80 261/520/80 259/514/81 258/513/81
f 262/521/9 263/522/9 261/523/80 260/524/80
f 264/525/96 265/526/96 263/522/9 262/521/9
f 266/527/97 267/528/97 265/526/96 264/525/96
f 268/529/98 269/530/98 267/531/97 266/532/97
f 270/533/115 271/534/115 269/530/98 268/529/98
f 272/535/116 273/536/116 271/537/115 270/538/115
f 274/539/25 275/540/25 273/536/116 272/535/116
f 276/541/107 277/542/107 275/540/25 274/539/25
f 257/518/85 278/517/85 277/543/107 276/544/107
f 282/545/68 283/546/174 280/547/175 279/548/69
f 279/548/69 280/547/175 302/549/176 281/550/70
f 279/551/69 281/552/70 300/553/71 298/554/72 296/555/73 294/556/74 292/557/75 290/558/76 288/559/77 286/560/78 284/561/79 282/562/68
f 284/563/79 285/564/177 283/546/174 282/545/68
f 286/565/78 287/566/178 285/567/177 284/568/79
f 288/569/77 289/570/179 287/566/178 286/565/78
f 290/571/76 291/572/180 289/570/179 288/569/77
f 292/573/75 293/574/181 291/575/180 290/576/76
f 294/577/74 295/578/182 293/574/181 292/573/75
f 296/579/73 297/580/183 295/581/182 294/582/74
f 298/583/72 299/584/184 297/580/183 296/579/73
f 300/585/71 301/586/185 299/584/184 298/583/72
f 281/550/70 302/549/176 301/587/185 300/588/71
f 301/589/185 302/590/176 305/591/186 303/592/187
f 299/593/184 301/589/185 303/592/187 304/594/188
f 304/594/188 303/592/187 306/595/87
f 303/592/187 305/591/186 306/595/87
f 307/596/189 312/597/190 306/595/87
f 305/591/186 307/596/189 306/595/87
f 308/598/191 314/599/192 306/595/87
f 309/600/193 308/598/191 306/595/87
f 313/601/194 309/600/193 306/595/87
f 310/602/195 304/594/188 306/595/87
f 311/603/196 310/602/195 306/595/87
f 314/599/192 311/603/196 306/595/87
f 312/597/190 315/604/197 306/595/87
f 315/604/197 313/601/194 306/595/87
f 285/605/177 287/606/178 313/601/194 315/604/197
f 283/607/174 285/605/177 315/604/197 312/597/190
f 293/608/181 295/609/182 311/603/196 314/599/192
f 291/610/180 293/608/181 314/599/192 308/598/191
f 287/606/178 289/611/179 309/600/193 313/601/194
f 280/612/175 283/607/174 312/597/190 307/596/189
f 295/609/182 297/613/183 310/602/195 311/603/196
f 297/613/183 299/593/184 304/594/188 310/602/195
f 289/611/179 291/610/180 308/598/191 309/600/193
f 302/590/176 280/612/175 307/596/189 305/591/186
f 316/614/67 328/615/198 317/616/199
f 316/614/67 317/616/199 318/617/200
f 316/614/67 318/617/200 319/618/201
f 316/614/67 319/618/201 320/619/202
f 316/614/67 320/619/202 321/620/203
f 316/614/67 321/620/203 322/621/204
f 316/614/67 322/621/204 323/622/205
f 316/614/67 323/622/205 324/623/206
f 316/614/67 324/623/206 325/624/207
f 316/614/67 325/624/207 326/625/208
f 316/614/67 326/625/208 327/626/209
f 316/614/67 327/626/209 328/615/198
f 327/627/209 331/628/210 329/629/211 328/630/198
f 328/630/198 329/629/211 332/631/212 317/632/199
f 330/633/87 332/634/212 329/635/211
f 330/633/87 329/635/211 331/636/210
f 317/632/199 332/631/212 333/637/213 318/638/200
f 330/633/87 333/639/213 332/634/212
f 330/633/87 334/640/214 333/639/213
f 318/638/200 333/637/213 334/641/214 319/642/201
f 330/633/87 335/643/215 334/640/214
f 319/644/201 334/645/214 335/646/215 320/647/202
f 330/633/87 336/648/216 335/643/215
f 320/647/202 335/646/215 336/649/216 321/650/203
f 330/633/87 337/651/217 336/648/216
f 321/652/203 336/653/216 337/654/217 322/655/204
f 330/633/87 338/656/218 337/651/217
f 322/655/204 337/654/217 338/657/218 323/658/205
f 330/633/87 339/659/219 338/656/218
f 323/658/205 338/657/218 339/660/219 324/661/206
f 330/633/87 340/662/220 339/659/219
f 324/661/206 339/660/219 340/663/220 325/664/207
f 330/633/87 341/665/221 340/662/220
f 325/666/207 340/667/220 341/668/221 326/669/208
f 330/633/87 331/636/210 341/665/221
f 326/669/208 341/668/221 331/670/210 327/671/209
f 342/672/36 343/673/222 347/674/223 345/675/9
f 356/676/37 343/677/222 342/678/36 344/679/37
f 348/680/46 346/681/223 345/675/9 347/674/223
f 348/682/46 347/683/223 349/684/224 367/685/44
f 349/686/224 347/687/223 351/688/27 354/689/44
f 350/690/225 353/691/27 351/688/27 347/687/223
f 343/692/222 366/693/226 350/694/225 347/695/223
f 351/696/27 352/697/227 355/698/39 354/699/44
f 353/700/27 357/701/227 352/697/227 351/696/27
f 356/702/37 349/703/224 354/704/44 355/705/39
f 356/676/37 355/706/39 352/707/227 343/677/222
f 356/702/37 344/708/37 368/709/25 349/703/224
f 357/701/227 353/700/27 358/710/46 359/711/3
f 350/690/225 360/712/228 358/713/46 353/691/27
f 361/714/229 359/715/3 358/716/46 360/717/228
f 361/714/229 360/717/228 362/718/230 363/719/231
f 350/690/225 364/720/232 362/721/230 360/712/228
f 366/722/226 365/723/233 364/724/232 350/725/225
f 366/726/226 361/727/229 363/728/231 365/729/233
f 359/730/3 361/727/229 366/726/226 357/731/227
f 357/731/227 366/726/226 343/677/222 352/707/227
f 367/732/44 349/703/224 368/709/25 369/733/234
f 367/734/44 369/735/234 346/736/223 348/737/46
f 370/738/5 376/739/41 378/740/235 371/741/236
f 370/742/5 371/743/236 372/744/237
f 370/742/5 372/744/237 373/745/238
f 370/742/5 373/745/238 374/746/239
f 370/742/5 374/746/239 375/747/240
f 375/748/240 377/749/241 376/739/41 370/738/5
f 382/750/242 379/751/25 376/752/41 377/753/241
f 378/754/235 376/752/41 379/751/25 380/755/243
f 381/756/244 380/755/243 379/751/25
f 379/751/25 382/750/242 381/756/244
f 373/757/238 381/758/244 382/759/242 374/760/239
f 374/761/239 382/762/242 377/763/241 375/764/240
f 372/765/237 380/766/243 381/758/244 373/757/238
f 371/767/236 378/768/235 380/769/243 372/770/237
f 383/771/9 395/772/9 384/773/9
f 383/771/9 384/773/9 385/774/245
f 383/771/9 385/774/245 386/775/50
f 383/771/9 386/775/50 387/776/51
f 383/771/9 387/776/51 388/777/52
f 383/771/9 388/777/52 389/778/53
f 383/771/9 389/778/53 390/779/54
f 383/771/9 390/779/54 391/780/13
f 383/771/9 391/780/13 392/781/14
f 383/771/9 392/781/14 393/782/55
f 383/771/9 393/782/55 394/783/246
f 383/771/9 394/783/246 395/772/9
f 395/772/9 394/783/246 397/784/247 396/785/9
f 384/773/9 395/772/9 396/785/9 398/786/9
f 396/785/9 397/784/247 400/787/248 399/788/249
f 398/786/9 396/785/9 399/788/249 401/789/250
f 399/790/249 400/791/248 403/792/251 402/793/252
f 401/794/250 399/790/249 402/793/252 404/795/253
f 405/796/254 402/793/252 403/792/251 407/797/255
f 408/798/256 404/795/253 402/793/252 405/796/254
f 410/799/25 408/800/256 405/801/254 406/802/25
f 406/802/25 405/801/254 407/803/255 440/804/257
f 409/805/258 461/806/259 404/795/253 408/798/256
f 412/807/260 409/808/258 408/800/256 410/799/25
f 414/809/261 412/807/260 410/799/25 411/810/25
f 411/810/25 410/799/25 406/802/25 516/811/25
f 413/812/262 514/813/263 409/814/258 412/815/260
f 417/816/245 413/812/262 412/815/260 414/817/261
f 415/818/25 416/819/61 414/809/261
f 415/818/25 414/809/261 411/810/25
f 414/820/261 416/821/61 420/822/50 417/823/245
f 418/824/9 515/825/9 413/826/262 417/827/245
f 419/828/9 418/824/9 417/827/245
f 419/828/9 417/827/245 420/829/50
f 419/828/9 420/829/50 421/830/51
f 416/831/61 422/832/62 421/833/51 420/834/50
f 419/828/9 421/830/51 423/835/52
f 422/832/62 424/836/63 423/837/52 421/833/51
f 419/828/9 423/835/52 425/838/53
f 424/839/63 426/840/64 425/841/53 423/842/52
f 419/828/9 425/838/53 427/843/54
f 426/840/64 428/844/65 427/845/54 425/841/53
f 419/828/9 427/843/54 429/846/13
f 428/844/65 430/847/16 429/848/13 427/845/54
f 419/828/9 429/846/13 431/849/14
f 430/850/16 432/851/15 431/852/14 429/853/13
f 419/828/9 431/849/14 433/854/55
f 432/851/15 434/855/66 433/856/55 431/852/14
f 419/828/9 433/854/55 435/857/264
f 434/855/66 436/858/265 435/859/264 433/856/55
f 419/828/9 435/857/264 437/860/9
f 436/858/265 440/861/257 438/862/247 435/859/264
f 435/857/264 438/863/247 439/864/9 437/860/9
f 438/863/247 441/865/266 443/866/9 439/864/9
f 440/861/257 407/867/255 441/868/266 438/862/247
f 441/865/266 442/869/267 445/870/268 443/866/9
f 407/867/255 448/871/269 442/872/267 441/868/266
f 439/864/9 443/866/9 444/873/9 515/825/9
f 443/866/9 445/870/268 446/874/270 444/873/9
f 447/875/271 449/876/272 446/877/270 445/878/268
f 448/879/269 447/875/271 445/878/268 442/880/267
f 447/881/271 448/882/269 451/883/273 450/884/9
f 449/885/272 447/881/271 450/884/9 453/886/9
f 450/884/9 451/883/273 487/887/274 452/888/268
f 453/886/9 450/884/9 452/888/268 454/889/270
f 455/890/275 453/886/9 454/889/270 456/891/276
f 458/892/277 449/885/272 453/886/9 455/890/275
f 457/893/278 455/894/275 456/895/276 489/896/279
f 460/897/280 458/898/277 455/894/275 457/893/278
f 449/876/272 458/899/277 459/900/281 446/877/270
f 514/813/263 459/901/281 458/898/277 409/814/258
f 458/898/277 460/897/280 461/902/259 409/814/258
f 462/903/282 465/904/283 461/902/259 460/897/280
f 462/903/282 460/897/280 457/893/278 466/905/284
f 505/906/285 465/904/283 462/903/282 463/907/286
f 464/908/287 506/909/288 463/910/286 462/911/282
f 464/912/287 462/913/282 466/914/284 468/915/25
f 466/905/284 457/893/278 489/896/279 467/916/289
f 468/915/25 466/914/284 467/917/289 469/918/288
f 470/919/25 468/915/25 469/918/288 471/920/290
f 473/921/291 464/912/287 468/915/25 470/919/25
f 472/922/292 470/919/25 471/920/290 485/923/293
f 475/924/294 473/921/291 470/919/25 472/922/292
f 473/925/291 474/926/290 506/909/288 464/908/287
f 475/927/294 476/928/295 474/926/290 473/925/291
f 400/929/248 491/930/296 476/931/295 475/932/294
f 400/929/248 475/932/294 477/933/297 403/934/251
f 477/935/297 475/936/294 478/937/298 479/938/299
f 475/924/294 472/922/292 480/939/300 478/940/298
f 479/941/299 478/942/298 480/943/300 481/944/301
f 472/945/292 483/946/302 481/947/301 480/948/300
f 490/949/303 479/941/299 481/944/301 482/950/304
f 483/946/302 451/951/273 482/952/304 481/947/301
f 483/953/302 472/954/292 485/955/293 484/956/305
f 451/957/273 483/953/302 484/956/305 487/958/274
f 485/959/293 471/960/290 486/961/306 484/962/305
f 487/963/274 484/962/305 486/961/306 452/964/268
f 452/964/268 486/961/306 488/965/307 454/966/270
f 471/960/290 469/967/288 488/965/307 486/961/306
f 469/967/288 467/968/289 489/969/279 488/965/307
f 454/966/270 488/965/307 489/969/279 456/970/276
f 451/883/273 448/882/269 490/971/303 482/972/304
f 448/973/269 477/935/297 479/938/299 490/974/303
f 407/867/255 403/934/251 477/933/297 448/871/269
f 491/975/296 492/976/25 474/977/290 476/978/295
f 397/979/247 493/980/257 491/930/296 400/929/248
f 493/981/257 494/982/25 492/976/25 491/975/296
f 495/983/308 498/984/25 494/982/25 493/981/257
f 394/985/246 495/986/308 493/980/257 397/979/247
f 496/987/25 498/984/25 495/983/308
f 496/987/25 495/983/308 497/988/66
f 393/989/55 497/990/66 495/986/308 394/985/246
f 496/987/25 499/991/25 498/984/25
f 498/984/25 499/991/25 501/992/25 494/982/25
f 499/991/25 500/993/261 503/994/260 501/992/25
f 496/987/25 500/993/261 499/991/25
f 494/982/25 501/992/25 502/995/25 492/976/25
f 501/992/25 503/994/260 505/996/285 502/995/25
f 500/997/261 385/998/245 504/999/262 503/1000/260
f 503/1000/260 504/999/262 465/904/283 505/906/285
f 502/995/25 505/996/285 463/1001/286 506/1002/288
f 504/1003/262 398/786/9 401/789/250 465/1004/283
f 385/774/245 384/773/9 398/786/9 504/1003/262
f 492/976/25 502/995/25 506/1002/288 474/977/290
f 496/987/25 507/1005/61 500/993/261
f 385/1006/245 500/1007/261 507/1008/61 386/1009/50
f 496/987/25 508/1010/62 507/1005/61
f 386/1011/50 507/1012/61 508/1013/62 387/1014/51
f 496/987/25 509/1015/63 508/1010/62
f 387/1014/51 508/1013/62 509/1016/63 388/1017/52
f 496/987/25 510/1018/64 509/1015/63
f 388/1019/52 509/1020/63 510/1021/64 389/1022/53
f 496/987/25 511/1023/65 510/1018/64
f 389/1022/53 510/1021/64 511/1024/65 390/1025/54
f 496/987/25 512/1026/16 511/1023/65
f 390/1025/54 511/1024/65 512/1027/16 391/1028/13
f 496/987/25 513/1029/15 512/1026/16
f 391/1030/13 512/1031/16 513/1032/15 392/1033/14
f 496/987/25 497/988/66 513/1029/15
f 392/1033/14 513/1032/15 497/990/66 393/989/55
f 465/1034/283 401/794/250 404/795/253 461/806/259
f 444/873/9 446/874/270 459/1035/281 514/1036/263
f 515/825/9 444/873/9 514/1036/263 413/826/262
f 437/860/9 439/864/9 515/825/9 418/824/9
f 516/811/25 406/802/25 440/804/257 436/1037/265
f 419/828/9 437/860/9 418/824/9
f 415/818/25 516/811/25 436/1037/265
f 415/818/25 436/1037/265 434/1038/66
f 415/818/25 411/810/25 516/811/25
f 415/818/25 434/1038/66 432/1039/15
f 415/818/25 432/1039/15 430/1040/16
f 415/818/25 430/1040/16 428/1041/65
f 415/818/25 428/1041/65 426/1042/64
f 415/818/25 426/1042/64 424/1043/63
f 415/818/25 424/1043/63 422/1044/62
f 415/818/25 422/1044/62 416/819/61
f 517/1045/9 529/1046/47 518/1047/48
f 517/1045/9 518/1047/48 519/1048/49
f 517/1045/9 519/1048/49 520/1049/50
f 517/1045/9 520/1049/50 521/1050/51
f 517/1045/9 521/1050/51 522/1051/52
f 517/1045/9 522/1051/52 523/1052/53
f 517/1045/9 523/1052/53 524/1053/54
f 517/1045/9 524/1053/54 525/1054/13
f 517/1045/9 525/1054/13 526/1055/14
f 517/1045/9 526/1055/14 527/1056/55
f 517/1045/9 527/1056/55 528/1057/56
f 517/1045/9 528/1057/56 529/1046/47
f 528/1058/56 532/1059/57 530/1060/58 529/1061/47
f 529/1061/47 530/1060/58 533/1062/59 518/1063/48
f 531/1064/25 533/1065/59 530/1066/58
f 531/1064/25 530/1066/58 532/1067/57
f 518/1063/48 533/1062/59 534/1068/60 519/1069/49
f 531/1064/25 534/1070/60 533/1065/59
f 531/1064/25 535/1071/61 534/1070/60
f 519/1069/49 534/1068/60 535/1072/61 520/1073/50
f 531/1064/25 536/1074/62 535/1071/61
f 520/1075/50 535/1076/61 536/1077/62 521/1078/51
f 531/1064/25 537/1079/63 536/1074/62
f 521/1078/51 536/1077/62 537/1080/63 522/1081/52
f 531/1064/25 538/1057/64 537/1079/63
f 522/1082/52 537/1083/63 538/1084/64 523/1085/53
f 531/1064/25 539/1086/65 538/1057/64
f 523/1085/53 538/1084/64 539/1087/65 524/1088/54
f 531/1064/25 540/1089/16 539/1086/65
f 524/1088/54 539/1087/65 540/1090/16 525/1091/13
f 531/1064/25 541/1092/15 540/1089/16
f 525/1093/13 540/1094/16 541/1095/15 526/1096/14
f 531/1064/25 542/1097/66 541/1092/15
f 526/1096/14 541/1095/15 542/1098/66 527/1099/55
f 531/1064/25 532/1067/57 542/1097/66
f 527/1099/55 542/1098/66 532/1100/57 528/1101/56
f 543/1102/9 555/1103/47 544/1104/48
f 543/1102/9 544/1104/48 545/1105/49
f 543/1102/9 545/1105/49 546/1106/50
f 543/1102/9 546/1106/50 547/1107/51
f 543/1102/9 547/1107/51 548/1108/52
f 543/1102/9 548/1108/52 549/1109/53
f 543/1102/9 549/1109/53 550/1110/54
f 543/1102/9 550/1110/54 551/1111/13
f 543/1102/9 551/1111/13 552/1112/14
f 543/1102/9 552/1112/14 553/1113/55
f 543/1102/9 553/1113/55 554/1114/56
f 543/1102/9 554/1114/56 555/1103/47
f 554/1115/56 558/1116/57 556/1117/58 555/1118/47
f 555/1118/47 556/1117/58 559/1119/59 544/1120/48
f 557/1121/25 559/1122/59 556/1123/58
f 557/1121/25 556/1123/58 558/1124/57
f 559/1119/59 560/1125/60 545/1126/49 544/1120/48
f 557/1121/25 560/1127/60 559/1122/59
f 557/1121/25 561/1128/61 560/1127/60
f 545/1126/49 560/1125/60 561/1129/61 546/1130/50
f 557/1121/25 562/1131/62 561/1128/61
f 546/1132/50 561/1133/61 562/1134/62 547/1135/51
f 557/1121/25 563/1136/63 562/1131/62
f 547/1135/51 562/1134/62 563/1137/63 548/1138/52
f 557/1121/25 564/1139/64 563/1136/63
f 548/1140/52 563/1141/63 564/1142/64 549/1143/53
f 557/1121/25 565/1144/65 564/1139/64
f 549/1143/53 564/1142/64 565/1145/65 550/1146/54
f 557/1121/25 566/1147/16 565/1144/65
f 550/1146/54 565/1145/65 566/1148/16 551/1149/13
f 557/1121/25 567/1150/15 566/1147/16
f 551/1151/13 566/1152/16 567/1153/15 552/1154/14
f 557/1121/25 568/1155/66 567/1150/15
f 552/1154/14 567/1153/15 568/1156/66 553/1157/55
f 557/1121/25 558/1124/57 568/1155/66
f 553/1157/55 568/1156/66 558/1158/57 554/1159/56
f 569/1160/9 581/1161/47 570/1162/48
f 569/1160/9 570/1162/48 571/1163/49
f 569/1160/9 571/1163/49 572/1164/50
f 569/1160/9 572/1164/50 573/1165/51
f 569/1160/9 573/1165/51 574/1166/52
f 569/1160/9 574/1166/52 575/1167/53
f 569/1160/9 575/1167/53 576/1168/54
f 569/1160/9 576/1168/54 577/1169/13
f 569/1160/9 577/1169/13 578/1170/14
f 569/1160/9 578/1170/14 579/1171/55
f 569/1160/9 579/1171/55 580/1172/56
f 569/1160/9 580/1172/56 581/1161/47
f 580/1173/56 584/1174/57 582/1175/58 581/1176/47
f 581/1176/47 582/1175/58 585/1177/59 570/1178/48
f 583/1179/25 585/1180/59 582/1181/58
f 583/1179/25 582/1181/58 584/1182/57
f 570/1178/48 585/1177/59 586/1183/60 571/1184/49
f 583/1179/25 586/1185/60 585/1180/59
f 583/1179/25 587/1186/61 586/1185/60
f 571/1184/49 586/1183/60 587/1187/61 572/1188/50
f 583/1179/25 588/1189/62 587/1186/61
f 572/1190/50 587/1191/61 588/1192/62 573/1193/51
f 583/1179/25 589/1194/63 588/1189/62
f 573/1193/51 588/1192/62 589/1195/63 574/1196/52
f 583/1179/25 590/1197/64 589/1194/63
f 574/1198/52 589/1199/63 590/1200/64 575/1201/53
f 583/1179/25 591/1202/65 590/1197/64
f 575/1201/53 590/1200/64 591/1203/65 576/1204/54
f 583/1179/25 592/1205/16 591/1202/65
f 576/1204/54 591/1203/65 592/1206/16 577/1207/13
f 583/1179/25 593/1208/15 592/1205/16
f 577/1209/13 592/1210/16 593/1211/15 578/1212/14
f 583/1179/25 594/1213/66 593/1208/15
f 578/1212/14 593/1211/15 594/1214/66 579/1215/55
f 583/1179/25 584/1182/57 594/1213/66
f 579/1215/55 594/1214/66 584/1216/57 580/1217/56
f 595/1218/9 607/1219/47 596/1220/48
f 595/1218/9 596/1220/48 597/1221/49
f 595/1218/9 597/1221/49 598/1222/50
f 595/1218/9 598/1222/50 599/1223/51
f 595/1218/9 599/1223/51 600/1224/52
f 595/1218/9 600/1224/52 601/1225/53
f 595/1218/9 601/1225/53 602/1226/54
f 595/1218/9 602/1226/54 603/1227/13
f 595/1218/9 603/1227/13 604/1228/14
f 595/1218/9 604/1228/14 605/1229/55
f 595/1218/9 605/1229/55 606/1230/56
f 595/1218/9 606/1230/56 607/1219/47
f 606/1231/56 610/1232/57 608/1233/58 607/1234/47
f 607/1234/47 608/1233/58 611/1235/59 596/1236/48
f 609/1237/25 611/1238/59 608/1239/58
f 609/1237/25 608/1239/58 610/1240/57
f 596/1236/48 611/1235/59 612/1241/60 597/1242/49
f 609/1237/25 612/1243/60 611/1238/59
f 609/1237/25 613/1244/61 612/1243/60
f 597/1242/49 612/1241/60 613/1245/61 598/1246/50
f 609/1237/25 614/1247/62 613/1244/61
f 598/1248/50 613/1249/61 614/1250/62 599/1251/51
f 609/1237/25 615/1252/63 614/1247/62
f 599/1251/51 614/1250/62 615/1253/63 600/1254/52
f 609/1237/25 616/1255/64 615/1252/63
f 600/1256/52 615/1257/63 616/1258/64 601/1259/53
f 609/1237/25 617/1260/65 616/1255/64
f 601/1259/53 616/1258/64 617/1261/65 602/1262/54
f 609/1237/25 618/1263/16 617/1260/65
f 602/1262/54 617/1261/65 618/1264/16 603/1265/13
f 609/1237/25 619/1266/15 618/1263/16
f 603/1267/13 618/1268/16 619/1269/15 604/1270/14
f 609/1237/25 620/1271/66 619/1266/15
f 604/1270/14 619/1269/15 620/1272/66 605/1273/55
f 609/1237/25 610/1240/57 620/1271/66
f 605/1273/55 620/1272/66 610/1274/57 606/1275/56
f 621/1276/9 633/1277/47 622/1278/48
f 621/1276/9 622/1278/48 623/1279/49
f 621/1276/9 623/1279/49 624/1280/50
f 621/1276/9 624/1280/50 625/1281/51
f 621/1276/9 625/1281/51 626/1282/52
f 621/1276/9 626/1282/52 627/1283/53
f 621/1276/9 627/1283/53 628/1284/54
f 621/1276/9 628/1284/54 629/1285/13
f 621/1276/9 629/1285/13 630/1286/14
f 621/1276/9 630/1286/14 631/1287/55
f 621/1276/9 631/1287/55 632/1288/56
f 621/1276/9 632/1288/56 633/1277/47
f 632/1289/56 636/1290/57 634/1291/58 633/1292/47
f 633/1292/47 634/1291/58 637/1293/59 622/1294/48
f 635/1295/25 637/1296/59 634/1297/58
f 635/1295/25 634/1297/58 636/1298/57
f 637/1293/59 638/1299/60 623/1300/49 622/1294/48
f 635/1295/25 638/1301/60 637/1296/59
f 635/1295/25 639/1302/61 638/1301/60
f 623/1300/49 638/1299/60 639/1303/61 624/1304/50
f 635/1295/25 640/1305/62 639/1302/61
f 624/1306/50 639/1307/61 640/1308/62 625/1309/51
f 635/1295/25 641/1310/63 640/1305/62
f 625/1309/51 640/1308/62 641/1311/63 626/1312/52
f 635/1295/25 642/1313/64 641/1310/63
f 626/1314/52 641/1315/63 642/1316/64 627/1317/53
f 635/1295/25 643/1318/65 642/1313/64
f 627/1317/53 642/1316/64 643/1319/65 628/1320/54
f 635/1295/25 644/1321/16 643/1318/65
f 628/1320/54 643/1319/65 644/1322/16 629/1323/13
f 635/1295/25 645/1324/15 644/1321/16
f 629/1325/13 644/1326/16 645/1327/15 630/1328/14
f 635/1295/25 646/1329/66 645/1324/15
f 630/1328/14 645/1327/15 646/1330/66 631/1331/55
f 635/1295/25 636/1298/57 646/1329/66
f 631/1331/55 646/1330/66 636/1332/57 632/1333/56
f 647/1334/309 648/1335/310 653/1336/311 651/1337/312
f 649/1338/5 671/1339/41 648/1340/310 647/1341/309
f 647/1342/309 650/1343/313 657/1344/314 649/1345/5
f 650/1346/313 647/1334/309 651/1337/312 654/1347/315
f 651/1348/312 652/1349/316 655/1350/317 654/1351/315
f 652/1352/316 651/1353/312 653/1354/311 677/1355/318
f 657/1356/314 650/1357/313 654/1358/315 655/1359/317
f 652/1349/316 664/1360/319 656/1361/320 655/1350/317
f 658/1362/321 657/1356/314 655/1359/317 656/1363/320
f 649/1345/5 657/1344/314 658/1364/321 659/1365/5
f 659/1365/5 658/1364/321 660/1366/322 661/1367/323
f 660/1368/322 658/1362/321 656/1363/320 662/1369/324
f 661/1370/323 660/1371/322 662/1372/324 663/1373/325
f 664/1360/319 663/1374/325 662/1375/324 656/1361/320
f 663/1376/325 664/1377/319 666/1378/326 665/1379/327
f 668/1380/328 661/1370/323 663/1373/325 665/1381/327
f 665/1382/327 666/1383/326 674/1384/329 667/1385/330
f 669/1386/331 668/1380/328 665/1381/327 667/1387/330
f 668/1388/328 669/1389/331 672/1390/332 670/1391/41
f 661/1392/323 668/1393/328 670/1394/41 659/1395/5
f 659/1395/5 670/1394/41 671/1339/41 649/1338/5
f 670/1391/41 672/1390/332 673/1396/333 671/1397/41
f 673/1398/333 672/1399/332 674/1400/329 675/1401/334
f 672/1399/332 669/1402/331 667/1403/330 674/1400/329
f 666/1383/326 677/1404/318 675/1405/334 674/1384/329
f 678/1406/335 673/1398/333 675/1401/334 676/1407/336
f 677/1404/318 653/1408/311 676/1409/336 675/1405/334
f 664/1377/319 652/1352/316 677/1355/318 666/1378/326
f 648/1335/310 678/1410/335 676/1411/336 653/1336/311
f 671/1397/41 673/1396/333 678/1412/335 648/1413/310
f 680/1414/337 684/1415/338 682/1416/339 679/1417/340
f 681/1418/341 686/1419/342 680/1420/337 679/1421/340
f 679/1422/340 682/1423/339 683/1424/343 681/1425/341
f 685/1426/344 683/1427/343 682/1428/339 684/1429/338
f 686/1430/342 685/1431/344 684/1432/338 680/1433/337
f 681/1434/341 683/1435/343 685/1436/344 686/1437/342
f 688/1438/337 692/1439/338 690/1440/339 687/1441/340
f 689/1442/341 694/1443/342 688/1444/337 687/1445/340
f 687/1446/340 690/1447/339 691/1448/343 689/1449/341
f 693/1450/344 691/1451/343 690/1452/339 692/1453/338
f 694/1454/342 693/1455/344 692/1456/338 688/1457/337
f 689/1458/341 691/1459/343 693/1460/344 694/1461/342
f 696/1462/337 700/1463/338 698/1464/339 695/1465/340
f 697/1466/341 702/1467/342 696/1468/337 695/1469/340
f 695/1470/340 698/1471/339 699/1472/343 697/1473/341
f 701/1474/344 699/1475/343 698/1476/339 700/1477/338
f 702/1478/342 701/1479/344 700/1480/338 696/1481/337
f 697/1482/341 699/1483/343 701/1484/344 702/1467/342
f 704/1485/337 708/1486/338 706/1487/339 703/1488/340
f 705/1489/341 710/1490/342 704/1491/337 703/1492/340
f 703/1493/340 706/1494/339 707/1495/343 705/1496/341
f 709/1497/344 707/1444/343 706/1498/339 708/1499/338
f 710/1500/342 709/1501/344 708/1502/338 704/1503/337
f 705/1504/341 707/1505/343 709/1506/344 710/1507/342
f 712/1508/337 716/1509/338 714/1510/339 711/1511/340
f 713/1512/341 718/1513/342 712/1477/337 711/1514/340
f 711/1515/340 714/1516/339 715/1517/343 713/1518/341
f 717/1519/344 715/1520/343 714/1521/339 716/1522/338
f 718/1523/342 717/1524/344 716/1525/338 712/1526/337
f 713/1527/341 715/1528/343 717/1529/344 718/1530/342
f 720/1531/345 724/1532/338 722/1533/339 719/1534/340
f 721/1535/346 726/1536/347 720/1537/345 719/1538/340
f 719/1539/340 722/1540/339 723/1541/343 721/1542/346
f 725/1543/344 723/1544/343 722/1545/339 724/1546/338
f 726/1547/347 725/1548/344 724/1549/338 720/1550/345
f 721/1551/346 723/1552/343 725/1553/344 726/1443/347
f 728/564/337 732/1554/338 730/1555/339 727/1556/340
f 729/1557/341 734/1558/342 728/1559/337 727/1560/340
f 727/1561/340 730/1562/339 731/1563/343 729/1564/341
f 733/1565/344 731/1566/343 730/1567/339 732/1568/338
f 734/1569/342 733/1570/344 732/1571/338 728/1572/337
f 729/1573/341 731/1574/343 733/1575/344 734/1421/342
f 736/1576/337 740/1577/338 738/1578/339 735/1579/340
f 737/1580/346 742/1581/347 736/1582/337 735/1530/340
f 735/1583/340 738/1584/339 739/1585/343 737/1586/346
f 741/1587/344 739/1588/343 738/1589/339 740/1590/338
f 742/1591/347 741/1592/344 740/1593/338 736/1594/337
f 737/1595/346 739/1596/343 741/1597/344 742/1598/347
f 744/1599/337 748/1600/338 746/1601/339 743/1602/340
f 745/1603/341 750/1604/342 744/1605/337 743/1606/340
f 743/1607/340 746/1608/339 747/1609/343 745/1610/341
f 749/1611/344 747/1612/343 746/1613/339 748/1614/338
f 750/1615/342 749/1616/344 748/1617/338 744/1618/337
f 745/1619/341 747/1620/343 749/1621/344 750/1622/342
f 752/1623/345 756/1624/338 754/1625/339 751/1626/348
f 753/1588/346 758/1627/342 752/1628/345 751/1598/348
f 751/1629/348 754/1630/339 755/1631/343 753/1632/346
f 757/1633/344 755/1634/343 754/1635/339 756/1636/338
f 758/1637/342 757/1638/344 756/1639/338 752/1640/345
f 753/1641/346 755/1642/343 757/1643/344 758/1644/342
f 760/1645/337 764/1646/338 762/1647/339 759/1648/340
f 761/1649/346 766/1650/347 760/1651/337 759/1652/340
f 759/1653/340 762/1654/339 763/1655/343 761/1656/346
f 765/1657/344 763/1658/343 762/1659/339 764/1660/338
f 766/1661/347 765/1662/344 764/1663/338 760/1664/337
f 761/1665/346 763/1666/343 765/1667/344 766/1668/347
f 768/1669/337 772/1670/338 770/1671/339 767/1672/340
f 769/1673/346 774/1674/347 768/1675/337 767/1676/340
f 767/1677/340 770/1678/339 771/1679/343 769/1680/346
f 773/1681/344 771/1682/343 770/1683/339 772/1684/338
f 774/1685/347 773/1686/344 772/1687/338 768/1688/337
f 769/1689/346 771/1690/343 773/1691/344 774/1692/347
f 776/1693/337 780/1694/338 778/1695/339 775/1696/340
f 777/1697/346 782/1698/342 776/1699/337 775/1700/340
f 775/1701/340 778/1702/339 779/1703/343 777/1704/346
f 781/1705/344 779/1468/343 778/1706/339 780/1707/338
f 782/1708/342 781/1709/344 780/1710/338 776/1711/337
f 777/1712/346 779/1713/343 781/1714/344 782/1715/342
f 784/1716/345 788/1717/338 786/1718/339 783/1719/348
f 785/1720/346 790/1668/347 784/1721/345 783/1722/348
f 783/1723/348 786/1724/339 787/1725/343 785/1726/346
f 789/1727/344 787/1728/343 786/1729/339 788/1730/338
f 790/1731/347 789/1732/344 788/1733/338 784/1734/345
f 785/1735/346 787/1736/343 789/1737/344 790/1738/347
f 792/1739/345 796/1740/338 794/1741/339 791/1742/340
f 793/1743/346 798/1744/349 792/1745/345 791/1507/340
f 791/1746/340 794/1747/339 795/1748/343 793/1749/346
f 797/1750/344 795/1751/343 794/1752/339 796/1753/338
f 798/1754/349 797/1755/344 796/1756/338 792/1757/345
f 793/1758/346 795/1759/343 797/1760/344 798/1761/349
f 800/1762/337 804/1763/338 802/1764/339 799/1765/340
f 801/1766/341 806/1767/342 800/1768/337 799/1651/340
f 799/1769/340 802/1770/339 803/1771/343 801/1772/341
f 805/1773/344 803/1774/343 802/1775/339 804/1776/338
f 806/1777/342 805/1778/344 804/1779/338 800/1780/337
f 801/1781/341 803/1782/343 805/1783/344 806/1558/342
f 808/1784/350 812/1785/338 810/1786/339 807/1689/348
f 809/1787/341 814/1788/342 808/1789/350 807/1790/348
f 807/1791/348 810/1792/339 811/1793/343 809/1794/341
f 813/1795/344 811/1796/343 810/1797/339 812/1798/338
f 814/1799/342 813/1800/344 812/1801/338 808/1802/350
f 809/1803/341 811/1804/343 813/1805/344 814/1490/342
f 816/1806/337 820/1807/338 818/1808/339 815/1809/340
f 817/1810/346 822/1811/347 816/1812/337 815/1761/340
f 815/1813/340 818/1814/339 819/1815/343 817/1816/346
f 821/1817/344 819/1818/343 818/1819/339 820/1820/338
f 822/1821/347 821/1822/344 820/1823/338 816/1824/337
f 817/1825/346 819/1826/343 821/1827/344 822/1828/347
f 824/1829/337 828/1830/338 826/1831/339 823/1832/340
f 825/1833/341 830/1834/342 824/1835/337 823/1836/340
f 823/1837/340 826/1838/339 827/1839/343 825/1840/341
f 829/1841/344 827/1842/343 826/1843/339 828/1844/338
f 830/1845/342 829/1846/344 828/1847/338 824/1848/337
f 825/1849/341 827/1850/343 829/1851/344 830/1852/342
f 832/1696/337 836/1853/338 834/1854/339 831/1458/340
f 833/1855/351 838/1856/347 832/1857/337 831/1858/340
f 831/1859/340 834/1860/339 835/1861/343 833/1862/351
f 837/1863/344 835/1864/343 834/1865/339 836/1866/338
f 838/1867/347 837/1868/344 836/1869/338 832/1870/337
f 833/1871/351 835/1872/343 837/1873/344 838/1650/347
f 839/1874/48 840/1875/59 845/1876/60 843/1877/49
f 841/1878/47 864/1879/58 840/1875/59 839/1874/48
f 842/1880/9 841/1881/47 839/1882/48
f 842/1880/9 839/1882/48 843/1883/49
f 842/1880/9 843/1883/49 844/1884/50
f 843/1877/49 845/1876/60 847/1885/61 844/1886/50
f 846/1887/25 847/1888/61 845/1889/60
f 846/1887/25 845/1889/60 840/1890/59
f 846/1887/25 848/1891/62 847/1888/61
f 844/1892/50 847/1893/61 848/1894/62 850/1895/51
f 850/1895/51 848/1894/62 849/1896/63 851/1897/52
f 846/1887/25 849/1898/63 848/1891/62
f 842/1880/9 844/1884/50 850/1899/51
f 842/1880/9 850/1899/51 851/1900/52
f 842/1880/9 851/1900/52 852/1901/53
f 851/1902/52 849/1903/63 854/1904/64 852/1905/53
f 842/1880/9 852/1901/53 853/1906/54
f 852/1905/53 854/1904/64 855/1907/65 853/1908/54
f 846/1887/25 855/1909/65 854/1910/64
f 846/1887/25 854/1910/64 849/1898/63
f 846/1887/25 856/1911/16 855/1909/65
f 853/1908/54 855/1907/65 856/1912/16 858/1913/13
f 858/1914/13 856/1915/16 857/1916/15 859/1917/14
f 846/1887/25 857/1918/15 856/1911/16
f 842/1880/9 853/1906/54 858/1919/13
f 842/1880/9 858/1919/13 859/1920/14
f 842/1880/9 859/1920/14 860/1921/55
f 859/1917/14 857/1916/15 862/1922/66 860/1923/55
f 842/1880/9 860/1921/55 861/1924/56
f 860/1923/55 862/1922/66 863/1925/57 861/1926/56
f 846/1887/25 863/1927/57 862/1928/66
f 846/1887/25 862/1928/66 857/1918/15
f 846/1887/25 864/1929/58 863/1927/57
f 861/1930/56 863/1931/57 864/1879/58 841/1878/47
f 846/1887/25 840/1890/59 864/1929/58
f 842/1880/9 861/1924/56 841/1881/47
f 865/1932/9 871/1933/352 866/1934/353
f 865/1932/9 866/1934/353 867/1935/354
f 865/1932/9 867/1935/354 868/1936/355
f 865/1932/9 868/1936/355 869/1937/356
f 865/1932/9 869/1937/356 870/1938/357
f 865/1932/9 870/1938/357 871/1933/352
f 870/1939/357 874/1940/358 872/1941/359 871/1942/352
f 871/1942/352 872/1941/359 875/1943/360 866/1944/353
f 873/1945/25 875/1946/360 872/1947/359
f 873/1945/25 872/1947/359 874/1948/358
f 866/1949/353 875/1950/360 876/1951/361 867/1952/354
f 873/1945/25 876/1953/361 875/1946/360
f 873/1945/25 877/1954/362 876/1953/361
f 867/1955/354 876/1956/361 877/1957/362 868/1958/355
f 873/1945/25 878/1959/363 877/1954/362
f 868/1958/355 877/1957/362 878/1960/363 869/1961/356
f 873/1945/25 874/1948/358 878/1959/363
f 869/1962/356 878/1963/363 874/1964/358 870/1965/357
f 879/1966/9 885/1967/364 880/1968/365
f 879/1966/9 880/1968/365 881/1969/366
f 879/1966/9 881/1969/366 882/1970/367
f 879/1966/9 882/1970/367 883/1971/368
f 879/1966/9 883/1971/368 884/1972/369
f 879/1966/9 884/1972/369 885/1967/364
f 885/1967/364 884/1972/369 893/1973/370 886/1974/371
f 885/1975/364 887/1976/372 890/1977/373 880/1978/365
f 886/1979/371 891/1980/374 887/1976/372 885/1975/364
f 888/1981/25 890/1982/373 887/1983/372
f 888/1981/25 887/1983/372 889/1984/375
f 889/1984/375 887/1983/372 891/1985/374 892/1986/376
f 893/1987/370 892/1988/376 891/1989/374 886/1990/371
f 892/1991/376 893/1992/370 884/1993/369 889/1994/375
f 880/1978/365 890/1977/373 894/1995/377 881/1996/366
f 888/1981/25 894/1997/377 890/1982/373
f 888/1981/25 895/1998/378 894/1997/377
f 881/1999/366 894/2000/377 895/2001/378 882/2002/367
f 888/1981/25 896/2003/379 895/1998/378
f 882/2004/367 895/2005/378 896/2006/379 883/2007/368
f 888/1981/25 889/1984/375 896/2003/379
f 883/2007/368 896/2006/379 889/1994/375 884/1993/369
f 897/2008/380 898/2009/381 914/2010/9 901/2011/9 900/2012/5
f 898/2013/381 897/2014/380 899/2015/382 909/2016/383
f 900/2017/5 903/2018/41 899/2019/382 897/2020/380
f 900/2012/5 901/2011/9 907/2021/223 902/2022/45
f 903/2018/41 900/2017/5 902/2023/45 905/2024/42
f 904/2025/25 908/2026/25 909/2027/383 899/2028/382 903/2029/41
f 904/2025/25 903/2029/41 905/2030/42 906/2031/234
f 907/2032/223 906/2033/234 905/2034/42 902/2035/45
f 911/2036/384 909/2027/383 908/2026/25 910/2037/25
f 911/2038/384 912/2039/385 898/2013/381 909/2016/383
f 912/2040/385 913/2041/9 914/2010/9 898/2009/381
f 916/2042/38 921/2043/37 918/2044/36 915/2045/4
f 917/2046/5 925/2047/41 916/1382/38 915/2048/4
f 915/2049/4 918/2050/36 920/2051/386 917/2052/5
f 921/2043/37 922/2053/39 919/2054/3 918/2044/36
f 918/2050/36 919/2055/3 930/2056/46 920/2051/386
f 923/2057/224 924/2058/44 922/2059/39 921/2060/37
f 925/2061/41 923/2057/224 921/2060/37 916/2062/38
f 920/2063/386 930/2064/46 924/2065/44 923/2066/224
f 920/2067/386 923/2068/224 926/2069/44 928/2070/46
f 923/2057/224 925/2061/41 927/2071/42 926/2072/44
f 929/2073/45 928/2074/46 926/2075/44 927/2076/42
f 917/2052/5 920/2051/386 928/2077/46 929/2078/45
f 925/2047/41 917/2046/5 929/2079/45 927/2080/42
f 924/2081/44 930/2082/46 919/2083/3 922/2084/39
f 931/2085/387 932/2086/25 938/2087/25 935/2088/388
f 932/2086/25 931/2085/387 933/2089/389 972/2090/390
f 933/2091/389 931/2092/387 934/2093/391 971/2094/392
f 931/2092/387 935/2095/388 937/2096/393 934/2093/391
f 935/2088/388 938/2087/25 940/2097/25 936/2098/394
f 935/2095/388 936/2099/394 949/2100/395 937/2096/393
f 938/2087/25 939/2101/396 941/2102/397 940/2097/25
f 932/2086/25 967/2103/398 939/2101/396 938/2087/25
f 940/2097/25 941/2102/397 943/2104/399 942/2105/25
f 936/2098/394 940/2097/25 942/2105/25 945/2106/400
f 942/2105/25 943/2104/399 960/2107/401 944/2108/25
f 945/2106/400 942/2105/25 944/2108/25 946/2109/402
f 945/2110/400 946/2111/402 948/2112/403 947/2113/404
f 936/2099/394 945/2110/400 947/2113/404 949/2100/395
f 946/2111/402 951/2114/405 950/2115/406 948/2112/403
f 951/2114/405 953/2116/407 952/2117/408 950/2115/406
f 953/2118/407 956/2119/409 954/2120/410 952/2121/408
f 956/2119/409 957/2122/411 955/2123/412 954/2120/410
f 958/2124/25 959/2125/413 957/2126/411 956/2127/409
f 951/2128/405 958/2124/25 956/2127/409 953/2129/407
f 944/2108/25 960/2107/401 959/2125/413 958/2124/25
f 946/2109/402 944/2108/25 958/2124/25 951/2128/405
f 959/2130/413 960/2131/401 962/2132/414 961/2133/415
f 957/2134/411 959/2130/413 961/2133/415 955/2135/412
f 960/2131/401 943/2136/399 963/2137/416 962/2132/414
f 943/2136/399 941/2138/397 964/2139/417 963/2137/416
f 941/2138/397 939/2140/396 965/2141/418 964/2139/417
f 939/2140/396 967/2142/398 966/2143/419 965/2141/418
f 967/2142/398 969/2144/420 968/2145/421 966/2143/419
f 969/2146/420 972/2147/390 970/2148/422 968/2149/421
f 972/2147/390 933/2150/389 971/2151/392 970/2148/422
f 967/2103/398 932/2086/25 972/2090/390 969/2152/420
f 974/2153/1 985/2154/423 976/2155/424 973/2156/1
f 975/2157/43 986/2158/43 974/2159/1 973/2160/1
f 975/2157/43 973/2160/1 977/2161/425 979/2162/45
f 973/2156/1 976/2155/424 978/2163/426 977/2164/425
f 977/2165/425 978/2166/426 980/2167/427 979/2168/45
f 981/2169/428 975/2170/43 979/2171/45 980/2172/427
f 976/2173/424 981/2174/428 980/2175/427 978/2176/426
f 981/2169/428 982/2177/46 984/2178/44 983/2179/429
f 976/2180/424 992/2181/3 982/2182/46 981/1034/428
f 975/2170/43 981/2169/428 983/2179/429 986/2183/43
f 983/2184/429 984/2185/44 991/2186/39 985/2187/423
f 983/2188/429 985/2189/423 989/2190/430 987/2191/431
f 986/2183/43 983/2179/429 987/2192/431 988/2193/42
f 988/2194/42 987/2195/431 989/2196/430 990/2197/432
f 985/2154/423 974/2153/1 990/2198/432 989/2199/430
f 974/2159/1 986/2158/43 988/2200/42 990/2201/432
f 985/2154/423 991/2202/39 992/2203/3 976/2155/424
f 984/2204/44 982/2205/46 992/2206/3 991/2207/39
f 994/2208/1 999/2209/222 997/2210/433 993/2211/1
f 995/2212/6 1076/2213/6 994/2214/1 993/2215/1
f 995/2212/6 993/2215/1 996/2216/4 1129/2217/434
f 993/2211/1 997/2210/433 998/2218/435 996/2219/4
f 998/2220/435 997/2221/433 1000/2222/436 1007/2223/437
f 999/2209/222 1003/2224/36 1001/2225/37 997/2210/433
f 997/2226/433 1001/2227/37 1004/2228/438 1000/2229/436
f 1001/2227/37 1002/2230/439 1005/2231/440 1004/2228/438
f 1003/2224/36 1072/2232/441 1002/2233/439 1001/2225/37
f 1004/2234/438 1005/2235/440 1009/2236/442 1006/2237/443
f 1000/2238/436 1004/2234/438 1006/2237/443 1007/2239/437
f 1008/2240/9 998/2241/435 1007/2242/437 1006/2243/443
f 1010/2244/7 1008/2240/9 1006/2243/443 1009/2245/442
f 1002/2246/439 1010/2247/7 1009/2248/442 1005/2249/440
f 1008/2240/9 1010/2244/7 1011/2250/441 1012/2251/36
f 1002/2246/439 1013/2252/98 1011/2253/441 1010/2247/7
f 1012/2254/36 1011/2255/441 1015/2256/227 1016/2257/67
f 1013/2252/98 1139/2258/227 1014/2259/227 1011/2253/441
f 1011/2253/441 1014/2259/227 1018/2260/441 1015/2261/227
f 1016/2257/67 1015/2256/227 1017/2262/3 1115/2263/36
f 1015/2261/227 1018/2260/441 1019/2264/7 1017/2265/3
f 1018/2260/441 1020/2266/444 1111/2267/7 1019/2264/7
f 1020/2268/444 1018/2269/441 1021/2270/3 1023/2271/46
f 1018/2272/441 1014/2273/227 1022/2274/227 1021/2275/3
f 1022/2276/227 1024/2277/27 1023/2278/46 1021/2279/3
f 1026/2280/27 1020/2281/444 1023/2282/46 1024/2283/27
f 1028/2284/27 1026/2280/27 1024/2283/27 1025/2285/27
f 1140/2286/227 1025/2287/27 1024/2277/27 1022/2276/227
f 1026/2288/27 1027/2289/27 1109/2290/27 1020/2266/444
f 1028/2291/27 1029/2292/444 1027/2289/27 1026/2288/27
f 1031/2293/445 1029/2292/444 1028/2291/27 1030/2294/27
f 1030/2295/27 1028/2284/27 1025/2285/27 1033/2296/27
f 1031/2293/445 1030/2294/27 1032/2297/27 1092/2298/27
f 1032/2299/27 1030/2295/27 1033/2296/27 1035/2300/27
f 1033/2301/27 1025/2287/27 1140/2286/227 1034/2302/227
f 1033/2301/27 1034/2302/227 1037/2303/227 1035/2304/27
f 1045/2305/445 1032/2299/27 1035/2300/27 1036/2306/44
f 1035/2304/27 1037/2303/227 1038/2307/39 1036/2308/44
f 1039/2309/227 1042/2310/439 1038/2311/39 1037/2312/227
f 1041/2313/227 1039/2309/227 1037/2312/227 1034/2314/227
f 1039/2315/227 1040/2316/439 1043/2317/227 1042/2318/439
f 1041/2319/227 1073/2320/98 1040/2316/439 1039/2315/227
f 1042/2318/439 1043/2317/227 1138/2321/39 1044/2322/40
f 1045/2323/445 1042/2318/439 1044/2322/40 1047/2324/40
f 1042/2325/439 1045/2326/445 1036/2327/44 1038/2328/39
f 1092/2298/27 1032/2297/27 1045/2323/445 1046/2329/27
f 1046/2329/27 1045/2323/445 1047/2324/40 1048/2330/44
f 1050/2331/234 1048/2332/44 1047/2333/40 1049/2334/25
f 1049/2334/25 1047/2333/40 1044/2335/40 1052/2336/25
f 1085/2337/234 1050/2331/234 1049/2334/25 1051/2338/25
f 1051/2338/25 1049/2334/25 1052/2336/25 1054/2339/25
f 1052/2336/25 1044/2335/40 1138/2340/39 1053/2341/37
f 1054/2339/25 1052/2336/25 1053/2341/37 1056/2342/37
f 1083/2343/41 1051/2338/25 1054/2339/25 1055/2344/41
f 1055/2344/41 1054/2339/25 1056/2342/37 1057/2345/38
f 1058/2346/67 1059/2347/1 1057/2348/38 1056/2349/37
f 1060/2350/67 1058/2346/67 1056/2349/37 1053/2351/37
f 1061/2352/37 1062/2353/446 1059/2347/1 1058/2346/67
f 1064/2354/37 1061/2352/37 1058/2346/67 1060/2350/67
f 1062/2355/446 1061/2356/37 1063/2357/447 1075/2358/38
f 1061/2356/37 1064/2359/37 1065/2360/25 1063/2357/447
f 1040/2361/439 1064/2354/37 1060/2350/67 1043/2362/227
f 1064/2359/37 1040/2363/439 1066/2364/40 1065/2360/25
f 1065/2360/25 1066/2364/40 1070/2365/440 1067/2366/438
f 1063/2357/447 1065/2360/25 1067/2366/438 1068/2367/436
f 1069/2368/443 1074/2369/437 1068/2370/436 1067/2371/438
f 1071/2372/442 1069/2368/443 1067/2371/438 1070/2373/440
f 1066/2374/40 1072/2375/441 1071/2376/442 1070/2377/440
f 1072/2378/441 1003/2379/36 1069/2380/443 1071/2381/442
f 1073/2320/98 1013/2252/98 1002/2246/439 1072/2375/441
f 1073/2320/98 1072/2375/441 1066/2374/40 1040/2316/439
f 1041/2319/227 1139/2258/227 1013/2252/98 1073/2320/98
f 1003/2379/36 999/2382/222 1074/2383/437 1069/2380/443
f 999/2384/222 1063/2385/447 1068/2386/436 1074/2387/437
f 999/2209/222 994/2208/1 1075/2388/38 1063/2389/447
f 994/2214/1 1076/2213/6 1062/2390/446 1075/2391/38
f 1076/2213/6 1078/2392/6 1077/2393/6 1062/2390/446
f 1062/2390/446 1077/2393/6 1080/2394/6 1059/2395/1
f 1078/2392/6 1134/2396/6 1079/2397/6 1077/2393/6
f 1077/2393/6 1079/2397/6 1081/2398/6 1080/2394/6
f 1059/2395/1 1080/2394/6 1055/2399/41 1057/2400/38
f 1080/2394/6 1081/2398/6 1083/2401/41 1055/2399/41
f 1079/2397/6 1090/2402/43 1082/2403/43 1081/2398/6
f 1081/2398/6 1082/2403/43 1084/2404/42 1083/2401/41
f 1084/2405/42 1085/2337/234 1051/2338/25 1083/2343/41
f 1082/2406/43 1086/2407/87 1085/2408/234 1084/2409/42
f 1086/2407/87 1087/2410/87 1050/2411/234 1085/2408/234
f 1090/2412/43 1088/2413/87 1086/2407/87 1082/2406/43
f 1088/2413/87 1091/2414/87 1087/2410/87 1086/2407/87
f 1089/2415/234 1093/2416/234 1091/2414/87 1088/2413/87
f 1135/2417/448 1089/2415/234 1088/2413/87 1090/2412/43
f 1091/2414/87 1092/2418/27 1046/2419/27 1087/2410/87
f 1093/2416/234 1031/2420/445 1092/2418/27 1091/2414/87
f 1094/2421/234 1095/2422/44 1031/2423/445 1093/2424/234
f 1097/2425/234 1094/2421/234 1093/2424/234 1089/2426/234
f 1096/2427/223 1137/2428/46 1095/2429/44 1094/2430/234
f 1099/2431/223 1096/2427/223 1094/2430/234 1097/2432/234
f 1100/2433/45 1099/2431/223 1097/2432/234 1098/2434/42
f 1098/2435/42 1097/2425/234 1089/2426/234 1135/2436/448
f 1102/2437/449 1101/2438/223 1099/2439/223 1100/2440/45
f 1101/2438/223 1104/2441/223 1096/2442/223 1099/2439/223
f 1101/2443/223 1102/2444/449 1127/2445/43 1103/2446/87
f 1104/2447/223 1101/2443/223 1103/2446/87 1105/2448/87
f 1029/2449/444 1104/2447/223 1105/2448/87 1027/2450/27
f 1104/2441/223 1029/2451/444 1137/2452/46 1096/2442/223
f 1105/2448/87 1103/2446/87 1107/2453/87 1106/2454/87
f 1027/2450/27 1105/2448/87 1106/2454/87 1109/2455/27
f 1106/2454/87 1107/2453/87 1136/2456/223 1108/2457/223
f 1109/2455/27 1106/2454/87 1108/2457/223 1110/2458/46
f 1020/2266/444 1109/2290/27 1110/2459/46 1111/2267/7
f 1112/2460/9 1111/2461/7 1110/2462/46 1108/2463/223
f 1114/2464/9 1019/2465/7 1111/2461/7 1112/2460/9
f 1113/2466/9 1112/2460/9 1108/2463/223 1136/2467/223
f 1116/2468/9 1114/2464/9 1112/2460/9 1113/2466/9
f 1115/2469/36 1017/2470/3 1019/2465/7 1114/2464/9
f 1117/2471/36 1115/2469/36 1114/2464/9 1116/2468/9
f 1119/2472/4 1117/2471/36 1116/2468/9 1118/2473/5
f 1118/2473/5 1116/2468/9 1113/2466/9 1121/2474/5
f 1120/2475/6 1132/2476/1 1119/2477/4 1118/2478/5
f 1123/2479/6 1120/2475/6 1118/2478/5 1121/2480/5
f 1121/2474/5 1113/2466/9 1136/2467/223 1122/2481/45
f 1124/2482/43 1123/2479/6 1121/2480/5 1122/2483/45
f 1127/2484/43 1125/2485/6 1123/2479/6 1124/2482/43
f 1125/2485/6 1128/2486/6 1120/2475/6 1123/2479/6
f 1126/2487/6 1130/2488/6 1128/2486/6 1125/2485/6
f 1102/2489/449 1126/2487/6 1125/2485/6 1127/2484/43
f 1128/2486/6 1129/2217/434 1132/2476/1 1120/2475/6
f 1130/2488/6 995/2212/6 1129/2217/434 1128/2486/6
f 1126/2487/6 1134/2396/6 1078/2392/6 1130/2488/6
f 1130/2488/6 1078/2392/6 1076/2213/6 995/2212/6
f 996/2490/4 998/2241/435 1131/2491/36 1129/2492/434
f 1129/2493/434 1131/2494/36 1133/2495/67 1132/2496/1
f 1132/2496/1 1133/2495/67 1117/2497/36 1119/2498/4
f 1133/2495/67 1016/2257/67 1115/2263/36 1117/2497/36
f 1131/2494/36 1012/2254/36 1016/2257/67 1133/2495/67
f 998/2241/435 1008/2240/9 1012/2251/36 1131/2491/36
f 1103/2446/87 1127/2445/43 1124/2499/43 1107/2453/87
f 1102/2489/449 1135/2500/448 1134/2396/6 1126/2487/6
f 1134/2396/6 1135/2500/448 1090/2402/43 1079/2397/6
f 1100/2501/45 1098/2502/42 1135/2500/448 1102/2489/449
f 1107/2453/87 1124/2499/43 1122/2503/45 1136/2456/223
f 1095/2504/44 1137/2505/46 1029/2292/444 1031/2293/445
f 1087/2410/87 1046/2419/27 1048/2506/44 1050/2411/234
f 1043/2362/227 1060/2350/67 1053/2351/37 1138/9/39
f 1139/2507/227 1041/2313/227 1034/2314/227 1140/2508/227
f 1014/2273/227 1139/2507/227 1140/2508/227 1022/2274/227
f 1141/2509/9 1153/2510/47 1142/2511/48
f 1141/2509/9 1142/2511/48 1143/2512/49
f 1141/2509/9 1143/2512/49 1144/2513/50
f 1141/2509/9 1144/2513/50 1145/2514/51
f 1141/2509/9 1145/2514/51 1146/2515/52
f 1141/2509/9 1146/2515/52 1147/2516/53
f 1141/2509/9 1147/2516/53 1148/2517/54
f 1141/2509/9 1148/2517/54 1149/2518/13
f 1141/2509/9 1149/2518/13 1150/2519/14
f 1141/2509/9 1150/2519/14 1151/2520/55
f 1141/2509/9 1151/2520/55 1152/2521/56
f 1141/2509/9 1152/2521/56 1153/2510/47
f 1152/2522/56 1156/2523/57 1154/2524/58 1153/2525/47
f 1153/2525/47 1154/2524/58 1157/2526/59 1142/2527/48
f 1155/2528/25 1157/2529/59 1154/2530/58
f 1155/2528/25 1154/2530/58 1156/2531/57
f 1142/2527/48 1157/2526/59 1158/2532/60 1143/2533/49
f 1155/2528/25 1158/2534/60 1157/2529/59
f 1155/2528/25 1159/2535/61 1158/2534/60
f 1143/2533/49 1158/2532/60 1159/2536/61 1144/2537/50
f 1155/2528/25 1160/2538/62 1159/2535/61
f 1144/2539/50 1159/2540/61 1160/2541/62 1145/2542/51
f 1155/2528/25 1161/2543/63 1160/2538/62
f 1145/2542/51 1160/2541/62 1161/2544/63 1146/2545/52
f 1155/2528/25 1162/2546/64 1161/2543/63
f 1146/2547/52 1161/2548/63 1162/2549/64 1147/2550/53
f 1155/2528/25 1163/2551/65 1162/2546/64
f 1147/2550/53 1162/2549/64 1163/2552/65 1148/2553/54
f 1155/2528/25 1164/2554/16 1163/2551/65
f 1148/2553/54 1163/2552/65 1164/2555/16 1149/2556/13
f 1155/2528/25 1165/2557/15 1164/2554/16
f 1149/2558/13 1164/2559/16 1165/2560/15 1150/2561/14
f 1155/2528/25 1166/2562/66 1165/2557/15
f 1150/2561/14 1165/2560/15 1166/2563/66 1151/2564/55
f 1155/2528/25 1156/2531/57 1166/2562/66
f 1151/2564/55 1166/2563/66 1156/2565/57 1152/2566/56
f 1167/2567/9 1179/2568/450 1168/2569/451
f 1167/2567/9 1168/2569/451 1169/2570/452
f 1167/2567/9 1169/2570/452 1170/2571/453
f 1167/2567/9 1170/2571/453 1171/2572/454
f 1167/2567/9 1171/2572/454 1172/2573/455
f 1167/2567/9 1172/2573/455 1173/2574/456
f 1167/2567/9 1173/2574/456 1174/2575/457
f 1167/2567/9 1174/2575/457 1175/2576/458
f 1167/2567/9 1175/2576/458 1176/2577/459
f 1167/2567/9 1176/2577/459 1177/2578/460
f 1167/2567/9 1177/2578/460 1178/2579/461
f 1167/2567/9 1178/2579/461 1179/2568/450
f 1180/2580/462 1183/2581/463 1168/2569/451 1179/2568/450
f 1182/2582/464 1180/2580/462 1179/2568/450 1178/2579/461
f 1181/2583/465 1185/2584/87 1183/2585/463 1180/2586/462
f 1210/2587/466 1181/2583/465 1180/2586/462 1182/2588/464
f 1183/2581/463 1184/2589/467 1169/2570/452 1168/2569/451
f 1185/2584/87 1186/2590/468 1184/2591/467 1183/2585/463
f 1185/2584/87 1187/2592/87 1188/2593/468 1186/2590/468
f 1181/2583/465 1189/2594/465 1187/2592/87 1185/2584/87
f 1188/2593/468 1187/2592/87 1190/2595/469 1192/2596/470
f 1187/2592/87 1189/2594/465 1191/2597/471 1190/2595/469
f 1190/2598/469 1191/2599/471 1195/2600/472 1193/2601/473
f 1192/2602/470 1190/2598/469 1193/2601/473 1194/2603/474
f 1196/2604/25 1194/2603/474 1193/2601/473
f 1196/2604/25 1193/2601/473 1195/2600/472
f 1196/2604/25 1197/2605/475 1194/2603/474
f 1196/2604/25 1198/2606/476 1197/2605/475
f 1196/2604/25 1199/2607/477 1198/2606/476
f 1196/2604/25 1200/2608/478 1199/2607/477
f 1196/2604/25 1201/2609/479 1200/2608/478
f 1196/2604/25 1202/2610/480 1201/2609/479
f 1196/2604/25 1203/2611/481 1202/2610/480
f 1196/2604/25 1204/2612/482 1203/2611/481
f 1196/2604/25 1205/2613/483 1204/2612/482
f 1196/2604/25 1195/2600/472 1205/2613/483
f 1206/2614/484 1207/2615/485 1204/2612/482 1205/2613/483
f 1191/2599/471 1206/2614/484 1205/2613/483 1195/2600/472
f 1208/2616/466 1209/2617/98 1207/2618/485 1206/2619/484
f 1189/2594/465 1208/2620/466 1206/2621/484 1191/2597/471
f 1211/2622/98 1209/2617/98 1208/2616/466 1210/2623/466
f 1210/2587/466 1208/2620/466 1189/2594/465 1181/2583/465
f 1211/2622/98 1210/2623/466 1182/2624/464 1213/2625/486
f 1212/2626/487 1240/2627/487 1209/2617/98 1211/2622/98
f 1212/2626/487 1211/2622/98 1213/2625/486 1214/2628/488
f 1214/2629/488 1213/2630/486 1177/2578/460 1176/2577/459
f 1213/2630/486 1182/2582/464 1178/2579/461 1177/2578/460
f 1216/2631/489 1212/2626/487 1214/2628/488 1215/2632/490
f 1215/2633/490 1214/2629/488 1176/2577/459 1175/2576/458
f 1218/2634/67 1216/2635/489 1215/2636/490 1217/2637/491
f 1217/2638/491 1215/2633/490 1175/2576/458 1174/2575/457
f 1220/2639/492 1218/2634/67 1217/2637/491 1219/2640/493
f 1219/2641/493 1217/2638/491 1174/2575/457 1173/2574/456
f 1222/2642/494 1220/2639/492 1219/2640/493 1221/2643/495
f 1221/2644/495 1219/2641/493 1173/2574/456 1172/2573/455
f 1224/2645/6 1222/2646/494 1221/2647/495 1223/2648/496
f 1223/2602/496 1221/2644/495 1172/2573/455 1171/2572/454
f 1226/2649/497 1224/2645/6 1223/2648/496 1225/2650/498
f 1225/2651/498 1223/2602/496 1171/2572/454 1170/2571/453
f 1186/2590/468 1226/2652/497 1225/2653/498 1184/2591/467
f 1184/2589/467 1225/2651/498 1170/2571/453 1169/2570/452
f 1226/2649/497 1227/2654/497 1228/2655/6 1224/2645/6
f 1186/2590/468 1188/2593/468 1227/2656/497 1226/2652/497
f 1227/2656/497 1188/2593/468 1192/2596/470 1229/2657/499
f 1228/2655/6 1227/2654/497 1229/2658/499 1230/2659/500
f 1230/2660/500 1229/2661/499 1197/2605/475 1198/2606/476
f 1229/2661/499 1192/2602/470 1194/2603/474 1197/2605/475
f 1232/2662/494 1228/2655/6 1230/2659/500 1231/2663/501
f 1231/2664/501 1230/2660/500 1198/2606/476 1199/2607/477
f 1234/2665/492 1232/2666/494 1231/2667/501 1233/2668/502
f 1233/2669/502 1231/2664/501 1199/2607/477 1200/2608/478
f 1236/2670/67 1234/2665/492 1233/2668/502 1235/2671/503
f 1235/2672/503 1233/2669/502 1200/2608/478 1201/2609/479
f 1238/2673/489 1236/2670/67 1235/2671/503 1237/2674/504
f 1237/2675/504 1235/2672/503 1201/2609/479 1202/2610/480
f 1240/2627/487 1238/2676/489 1237/2677/504 1239/2678/505
f 1239/2679/505 1237/2675/504 1202/2610/480 1203/2611/481
f 1209/2617/98 1240/2627/487 1239/2678/505 1207/2618/485
f 1207/2615/485 1239/2679/505 1203/2611/481 1204/2612/482
f 1216/2631/489 1238/2676/489 1240/2627/487 1212/2626/487
f 1218/2634/67 1236/2670/67 1238/2673/489 1216/2635/489
f 1220/2639/492 1234/2665/492 1236/2670/67 1218/2634/67
f 1222/2642/494 1232/2666/494 1234/2665/492 1220/2639/492
f 1224/2645/6 1228/2655/6 1232/2662/494 1222/2646/494
f 1241/2680/506 1244/2681/507 1246/2682/508 1242/2683/509
f 1241/2684/506 1242/2685/509 1284/2686/510 1243/2687/511
f 1243/2688/511 1245/2689/512 1244/2690/507 1241/2691/506
f 1244/2692/507 1245/2693/512 1247/2694/513 1246/2695/508
f 1246/2695/508 1247/2694/513 1249/2696/9 1248/2697/514
f 1242/2683/509 1246/2682/508 1248/2698/514 1251/2699/515
f 1248/2697/514 1249/2696/9 1256/2700/516 1250/2701/517
f 1251/2699/515 1248/2698/514 1250/2702/517 1253/2703/518
f 1242/2685/509 1251/2704/515 1252/2705/25 1284/2686/510
f 1251/2704/515 1253/2706/518 1254/2707/519 1252/2705/25
f 1253/2708/518 1250/2709/517 1256/2710/516 1254/2711/519
f 1252/2705/25 1254/2707/519 1255/2712/41 1283/2713/25
f 1254/2711/519 1256/2710/516 1257/2714/5 1255/2715/41
f 1249/2696/9 1258/2716/9 1257/2717/5 1256/2700/516
f 1261/2718/9 1259/2719/520 1257/2717/5 1258/2716/9
f 1262/2720/521 1255/2715/41 1257/2714/5 1259/2721/520
f 1262/2720/521 1259/2721/520 1260/2722/522 1264/2723/523
f 1261/2718/9 1267/2724/524 1260/2725/522 1259/2719/520
f 1262/2726/521 1263/2727/25 1283/2713/25 1255/2712/41
f 1263/2727/25 1262/2726/521 1264/2728/523 1265/2729/525
f 1264/2730/523 1260/2731/522 1267/2732/524 1265/2733/525
f 1281/2734/25 1263/2727/25 1265/2729/525 1266/2735/526
f 1265/2733/525 1267/2732/524 1268/2736/527 1266/2737/526
f 1270/2738/9 1268/2739/527 1267/2724/524 1261/2718/9
f 1266/2737/526 1268/2736/527 1269/2740/528 1282/2741/529
f 1271/2742/530 1269/2743/528 1268/2739/527 1270/2738/9
f 1274/2744/36 1271/2742/530 1270/2738/9 1272/2745/531
f 1270/2738/9 1261/2718/9 1258/2716/9 1272/2745/531
f 1273/2746/532 1272/2747/531 1247/2748/513 1284/2749/510
f 1247/2694/513 1272/2745/531 1258/2716/9 1249/2696/9
f 1275/2750/37 1274/2751/36 1272/2752/531 1273/2753/532
f 1274/2751/36 1275/2750/37 1278/2754/39 1276/2755/3
f 1277/2756/46 1271/2742/530 1274/2744/36 1276/2757/3
f 1279/2758/44 1277/2759/46 1276/2760/3 1278/2761/39
f 1275/2762/37 1280/2763/533 1279/2764/44 1278/2765/39
f 1279/2766/44 1280/2767/533 1271/2768/530 1277/2769/46
f 1281/2734/25 1280/2763/533 1275/2762/37 1273/2770/532
f 1280/2763/533 1281/2734/25 1266/2735/526 1282/2771/529
f 1282/2772/529 1269/2773/528 1271/2774/530 1280/2775/533
f 1263/2727/25 1281/2734/25 1273/2770/532 1283/2713/25
f 1284/2686/510 1252/2705/25 1283/2713/25 1273/2770/532
f 1284/2776/510 1247/2777/513 1245/2778/512 1243/2779/511
f 1286/2780/512 1285/2781/507 1288/2782/506 1290/2783/511
f 1285/2784/507 1286/2785/512 1294/2786/534 1287/2787/535
f 1285/2788/507 1287/2789/535 1289/2790/536 1288/2791/506
f 1288/2792/506 1289/2793/536 1291/2794/537 1290/2795/511
f 1294/2796/534 1286/2797/512 1290/2798/511 1291/2799/537
f 1291/2794/537 1292/2800/25 1312/2801/25 1293/2802/538
f 1289/2793/536 1317/2803/515 1292/2800/25 1291/2794/537
f 1296/2804/539 1294/2805/534 1291/2806/537 1293/2807/538
f 1287/2787/535 1294/2786/534 1295/2808/9 1316/2809/514
f 1294/2786/534 1296/2810/539 1297/2811/9 1295/2808/9
f 1302/2812/9 1297/2811/9 1296/2810/539 1299/2813/9
f 1298/2814/36 1296/2815/539 1293/2816/538 1325/2817/37
f 1299/2813/9 1296/2810/539 1298/2818/36 1301/2819/530
f 1299/2813/9 1300/2820/527 1303/2821/524 1302/2812/9
f 1301/2819/530 1323/2822/528 1300/2820/527 1299/2813/9
f 1302/2812/9 1303/2821/524 1305/2823/522 1304/2824/520
f 1304/2824/520 1306/2825/5 1297/2811/9 1302/2812/9
f 1304/2826/520 1305/2827/522 1309/2828/523 1307/2829/521
f 1304/2826/520 1307/2829/521 1310/2830/41 1306/2831/5
f 1308/2832/25 1312/2801/25 1310/2833/41 1307/2834/521
f 1308/2832/25 1307/2834/521 1309/2835/523 1318/2836/525
f 1314/2837/516 1306/2831/5 1310/2830/41 1311/2838/519
f 1292/2800/25 1311/2839/519 1310/2833/41 1312/2801/25
f 1320/2840/25 1293/2802/538 1312/2801/25 1308/2832/25
f 1317/2803/515 1313/2841/518 1311/2839/519 1292/2800/25
f 1315/2842/517 1314/2837/516 1311/2838/519 1313/2843/518
f 1295/2808/9 1297/2811/9 1306/2825/5 1314/2844/516
f 1316/2809/514 1295/2808/9 1314/2844/516 1315/2845/517
f 1316/2846/514 1315/2847/517 1313/2848/518 1317/2849/515
f 1287/2789/535 1316/2846/514 1317/2849/515 1289/2790/536
f 1305/2850/522 1303/2851/524 1318/2852/525 1309/2853/523
f 1320/2840/25 1308/2832/25 1318/2836/525 1319/2854/526
f 1303/2851/524 1300/2855/527 1319/2856/526 1318/2852/525
f 1322/2857/533 1320/2840/25 1319/2854/526 1321/2858/529
f 1300/2855/527 1323/2859/528 1321/2860/529 1319/2856/526
f 1323/2861/528 1301/2862/530 1322/2863/533 1321/2864/529
f 1325/2865/37 1293/2802/538 1320/2840/25 1322/2857/533
f 1324/2866/44 1326/2867/39 1325/2865/37 1322/2857/533
f 1328/2868/46 1324/2869/44 1322/2870/533 1301/2871/530
f 1325/2817/37 1326/2872/39 1327/2873/3 1298/2814/36
f 1328/2874/46 1327/2875/3 1326/2876/39 1324/2877/44
f 1298/2818/36 1327/2878/3 1328/2879/46 1301/2819/530
f 1332/2880/540 1364/2881/541 1330/2882/87 1329/2883/542
f 1329/2883/542 1330/2882/87 1361/2884/543 1331/2885/544
f 1329/2886/542 1331/2887/544 1334/2888/6 1333/2889/6
f 1332/2890/540 1329/2886/542 1333/2889/6 1335/2891/6
f 1333/2889/6 1334/2888/6 1358/2892/6 1357/2893/6 1356/2894/6 1348/2895/6 1347/2896/6 1346/2897/6 1345/2898/6 1337/2899/6 1336/2900/6 1335/2891/6
f 1338/2901/545 1332/2890/540 1335/2891/6 1336/2900/6
f 1340/2902/546 1338/2901/545 1336/2900/6 1337/2899/6
f 1338/2903/545 1339/2904/547 1364/2905/541 1332/2906/540
f 1340/2907/546 1341/2908/9 1339/2904/547 1338/2903/545
f 1342/2909/548 1343/2910/549 1341/2908/9 1340/2907/546
f 1342/2911/548 1340/2902/546 1337/2899/6 1345/2898/6
f 1344/2912/550 1363/2913/551 1343/2914/549 1342/2915/548
f 1344/2916/550 1342/2911/548 1345/2898/6 1346/2897/6
f 1349/2917/552 1344/2916/550 1346/2897/6 1347/2896/6
f 1351/2918/553 1349/2917/552 1347/2896/6 1348/2895/6
f 1349/2919/552 1350/2920/67 1363/2913/551 1344/2912/550
f 1351/2921/553 1352/2922/554 1350/2920/67 1349/2919/552
f 1353/2923/555 1354/2924/556 1352/2922/554 1351/2921/553
f 1353/2925/555 1351/2918/553 1348/2895/6 1356/2894/6
f 1355/2926/557 1362/2927/25 1354/2928/556 1353/2929/555
f 1355/2930/557 1353/2925/555 1356/2894/6 1357/2893/6
f 1359/2931/558 1355/2930/557 1357/2893/6 1358/2892/6
f 1331/2887/544 1359/2931/558 1358/2892/6 1334/2888/6
f 1359/2932/558 1360/2933/559 1362/2927/25 1355/2926/557
f 1331/2885/544 1361/2884/543 1360/2934/559 1359/2935/558
f 1365/2936/542 1366/2937/87 1397/2938/543 1368/2939/544
f 1367/2940/540 1400/2941/541 1366/2937/87 1365/2936/542
f 1367/2942/540 1365/2943/542 1369/2944/6 1371/2945/6
f 1365/2943/542 1368/2946/544 1370/2947/6 1369/2944/6
f 1369/2944/6 1370/2947/6 1394/2948/6 1393/2949/6 1392/2950/6 1384/2951/6 1383/2952/6 1382/2953/6 1381/2954/6 1373/2955/6 1372/2956/6 1371/2945/6
f 1374/2957/545 1367/2942/540 1371/2945/6 1372/2956/6
f 1376/2958/546 1374/2957/545 1372/2956/6 1373/2955/6
f 1374/2959/545 1375/2960/547 1400/2961/541 1367/2962/540
f 1376/2963/546 1377/2964/9 1375/2960/547 1374/2959/545
f 1378/2965/548 1379/2966/549 1377/2964/9 1376/2963/546
f 1378/2967/548 1376/2958/546 1373/2955/6 1381/2954/6
f 1380/2968/550 1399/2969/551 1379/2970/549 1378/2971/548
f 1380/2972/550 1378/2967/548 1381/2954/6 1382/2953/6
f 1385/2973/552 1380/2972/550 1382/2953/6 1383/2952/6
f 1387/2974/553 1385/2973/552 1383/2952/6 1384/2951/6
f 1385/2975/552 1386/2976/67 1399/2969/551 1380/2968/550
f 1387/2977/553 1388/2978/554 1386/2976/67 1385/2975/552
f 1389/2979/555 1390/2980/556 1388/2978/554 1387/2977/553
f 1389/2981/555 1387/2974/553 1384/2951/6 1392/2950/6
f 1391/2982/557 1398/2983/25 1390/2984/556 1389/2985/555
f 1391/2986/557 1389/2981/555 1392/2950/6 1393/2949/6
f 1395/2987/558 1391/2986/557 1393/2949/6 1394/2948/6
f 1368/2946/544 1395/2987/558 1394/2948/6 1370/2947/6
f 1395/2988/558 1396/2989/559 1398/2983/25 1391/2982/557
f 1368/2939/544 1397/2938/543 1396/2990/559 1395/2991/558
f 1402/2992/433 1406/2993/10 1405/2994/36 1401/2995/36
f 1402/2992/433 1401/2995/36 1403/2996/4 1420/2997/38
f 1401/2998/36 1404/2999/223 1419/3000/45 1403/3001/4
f 1401/2998/36 1405/3002/36 1408/3003/223 1404/2999/223
f 1405/2994/36 1406/2993/10 1412/3004/39 1407/3005/3
f 1408/3003/223 1405/3002/36 1407/3006/3 1410/3007/46
f 1404/3008/223 1408/3009/223 1409/3010/560 1414/3011/561
f 1409/3010/560 1408/3009/223 1410/3012/46 1411/3013/44
f 1410/3014/46 1407/3015/3 1412/3016/39 1411/3017/44
f 1406/3018/10 1409/3019/560 1411/3020/44 1412/3021/39
f 1409/3022/560 1406/3023/10 1418/3024/39 1413/3025/44
f 1414/3011/561 1409/3010/560 1413/3026/44 1416/3027/42
f 1404/3008/223 1414/3011/561 1415/3028/42 1419/3029/45
f 1414/3030/561 1402/3031/433 1420/3032/38 1415/3033/42
f 1416/3034/42 1417/3035/38 1402/3036/433 1414/3037/561
f 1416/3038/42 1413/3039/44 1418/3040/39 1417/3041/38
f 1417/3042/38 1418/3043/39 1406/2993/10 1402/2992/433
f 1415/3044/42 1420/3045/38 1403/3046/4 1419/3047/45
f 1422/3048/433 1426/3049/10 1425/3050/36 1421/3051/36
f 1422/3048/433 1421/3051/36 1423/3052/4 1440/3053/38
f 1421/3054/36 1424/3055/223 1439/3056/45 1423/3057/4
f 1421/3054/36 1425/3058/36 1428/3059/223 1424/3055/223
f 1425/3050/36 1426/3049/10 1432/3060/39 1427/3061/3
f 1428/3059/223 1425/3058/36 1427/3062/3 1430/3063/46
f 1424/3064/223 1428/3065/223 1429/3066/560 1434/3067/561
f 1429/3066/560 1428/3065/223 1430/3068/46 1431/3069/44
f 1430/3070/46 1427/3071/3 1432/3072/39 1431/3073/44
f 1426/3074/10 1429/3075/560 1431/3076/44 1432/3077/39
f 1429/3078/560 1426/3079/10 1438/3080/39 1433/3081/44
f 1434/3067/561 1429/3066/560 1433/3082/44 1436/3083/42
f 1424/3064/223 1434/3067/561 1435/3084/42 1439/3085/45
f 1434/3086/561 1422/3087/433 1440/3088/38 1435/3089/42
f 1436/3090/42 1437/3091/38 1422/3092/433 1434/3093/561
f 1436/3094/42 1433/3095/44 1438/3096/39 1437/3097/38
f 1437/3098/38 1438/3099/39 1426/3049/10 1422/3048/433
f 1435/3100/42 1440/3101/38 1423/3102/4 1439/3103/45
f 1442/3104/1 1445/3105/10 1444/3106/67 1441/3107/1
f 1463/3108/43 1442/3109/1 1441/3110/1 1443/3111/562 1461/3112/45
f 1447/3113/433 1446/3114/67 1444/3106/67 1445/3105/10
f 1450/3115/227 1448/3116/227 1446/3114/67 1447/3113/433
f 1449/3117/563 1448/3118/227 1450/3119/227 1452/3120/27 1454/3121/46
f 1450/3115/227 1447/3113/433 1478/3122/222 1451/3123/227
f 1452/3120/27 1450/3119/227 1451/3124/227 1453/3125/27
f 1455/3126/561 1452/3127/27 1453/3128/27 1456/3129/564
f 1454/3130/46 1452/3127/27 1455/3126/561 1458/3131/565
f 1447/3132/433 1445/3133/10 1457/3134/560 1455/3135/561
f 1447/3136/433 1455/3137/561 1456/3138/564 1478/3139/222
f 1458/3131/565 1455/3126/561 1457/3140/560 1460/3141/565
f 1459/3142/9 1449/3143/563 1454/3144/46 1458/3145/565
f 1443/3146/562 1462/3147/9 1460/3148/565 1461/3149/45
f 1461/3150/45 1460/3141/565 1457/3140/560 1463/3151/43
f 1442/3109/1 1463/3108/43 1464/3152/43 1465/3153/1
f 1463/3151/43 1457/3140/560 1466/3154/566 1464/3155/43
f 1468/3156/567 1465/3153/1 1464/3152/43 1467/3157/42
f 1466/3154/566 1469/3158/234 1467/3159/42 1464/3155/43
f 1471/3160/37 1468/3161/567 1467/3162/42 1469/3163/234
f 1466/3154/566 1475/3164/46 1470/3165/44 1469/3158/234
f 1469/3163/234 1470/3166/44 1473/3167/39 1471/3160/37
f 1468/879/567 1471/3168/37 1472/3169/2 1465/3170/1
f 1471/3168/37 1473/3171/39 1474/3172/3 1472/3169/2
f 1474/3173/3 1473/3174/39 1470/3175/44 1475/3176/46
f 1472/3177/2 1474/3178/3 1475/2272/46 1466/3179/566
f 1445/3105/10 1442/3104/1 1465/3170/1 1472/3169/2
f 1457/3180/560 1445/3181/10 1472/3182/2 1466/3183/566
f 1456/3184/564 1476/3185/45 1479/3186/4 1478/3187/222
f 1477/3188/234 1483/3189/42 1476/3190/45 1456/3129/564
f 1484/3191/44 1477/3188/234 1456/3129/564 1453/3128/27
f 1451/3123/227 1478/3122/222 1480/3192/37 1481/2238/568
f 1478/3122/222 1479/3193/4 1482/3194/38 1480/3192/37
f 1481/2082/568 1480/3195/37 1477/3196/234 1484/3197/44
f 1480/3195/37 1482/3198/38 1483/3199/42 1477/3196/234
f 1482/3200/38 1479/3201/4 1476/3202/45 1483/3203/42
f 1451/3124/227 1481/3204/568 1484/3205/44 1453/3125/27
f 1485/3206/542 1488/3207/6 1516/3208/6 1486/3209/540
f 1485/3210/542 1486/3211/540 1513/3212/541 1487/3213/87
f 1489/3214/544 1485/3210/542 1487/3213/87 1491/3215/543
f 1489/3216/544 1492/3217/6 1488/3207/6 1485/3206/542
f 1490/3218/558 1493/3219/6 1492/3217/6 1489/3216/544
f 1490/3220/558 1489/3214/544 1491/3215/543 1500/3221/559
f 1488/3207/6 1492/3217/6 1493/3219/6 1494/3222/6 1495/3223/6 1520/3224/6 1519/3225/6 1518/3226/6 1517/3227/6 1515/3228/6 1514/3229/6 1516/3208/6
f 1496/3230/557 1494/3222/6 1493/3219/6 1490/3218/558
f 1497/3231/555 1495/3223/6 1494/3222/6 1496/3230/557
f 1497/3232/555 1496/3233/557 1498/3234/25 1499/3235/556
f 1496/3233/557 1490/3236/558 1500/3237/559 1498/3234/25
f 1502/3238/553 1497/3239/555 1499/3240/556 1501/3241/554
f 1504/3242/552 1502/3238/553 1501/3241/554 1503/3243/67
f 1506/3244/550 1504/3242/552 1503/3243/67 1505/3245/551
f 1508/3246/548 1506/3244/550 1505/3245/551 1507/3247/549
f 1510/3248/546 1508/3249/548 1507/3250/549 1509/3251/9
f 1512/3252/545 1510/3248/546 1509/3251/9 1511/3253/547
f 1486/3254/540 1512/3252/545 1511/3253/547 1513/3255/541
f 1486/3209/540 1516/3208/6 1514/3229/6 1512/3256/545
f 1512/3256/545 1514/3229/6 1515/3228/6 1510/3257/546
f 1510/3257/546 1515/3228/6 1517/3227/6 1508/3258/548
f 1508/3258/548 1517/3227/6 1518/3226/6 1506/3259/550
f 1506/3259/550 1518/3226/6 1519/3225/6 1504/3260/552
f 1504/3260/552 1519/3225/6 1520/3224/6 1502/3261/553
f 1502/3261/553 1520/3224/6 1495/3223/6 1497/3231/555
f 1522/3262/544 1526/3263/6 1525/3264/6 1521/3265/542
f 1522/3266/544 1521/3267/542 1523/3268/87 1554/3269/543
f 1521/3267/542 1524/3270/540 1556/3271/541 1523/3268/87
f 1521/3265/542 1525/3264/6 1527/3272/6 1524/3273/540
f 1525/3264/6 1526/3263/6 1550/3274/6 1549/3275/6 1548/3276/6 1540/3277/6 1539/3278/6 1538/3279/6 1537/3280/6 1529/3281/6 1528/3282/6 1527/3272/6
f 1524/3273/540 1527/3272/6 1528/3282/6 1530/3283/545
f 1530/3283/545 1528/3282/6 1529/3281/6 1532/3284/546
f 1524/3285/540 1530/3286/545 1531/3287/547 1556/3288/541
f 1530/3286/545 1532/3289/546 1533/3290/9 1531/3287/547
f 1532/3289/546 1534/3291/548 1535/3292/549 1533/3290/9
f 1532/3284/546 1529/3281/6 1537/3280/6 1534/3293/548
f 1534/3294/548 1536/3295/550 1555/3296/551 1535/3297/549
f 1534/3293/548 1537/3280/6 1538/3279/6 1536/2942/550
f 1536/2942/550 1538/3279/6 1539/3278/6 1541/3298/552
f 1541/3298/552 1539/3278/6 1540/3277/6 1543/3299/553
f 1536/3295/550 1541/3300/552 1542/3301/67 1555/3296/551
f 1541/3300/552 1543/3302/553 1544/3303/554 1542/3301/67
f 1543/3302/553 1545/3304/555 1546/3305/556 1544/3303/554
f 1543/3299/553 1540/3277/6 1548/3276/6 1545/3306/555
f 1545/3307/555 1547/3308/557 1553/3309/25 1546/3310/556
f 1545/3306/555 1548/3276/6 1549/3275/6 1547/3311/557
f 1547/3311/557 1549/3275/6 1550/3274/6 1551/3312/558
f 1551/3312/558 1550/3274/6 1526/3263/6 1522/3262/544
f 1547/3308/557 1551/3313/558 1552/3314/559 1553/3309/25
f 1551/3315/558 1522/3266/544 1554/3269/543 1552/3316/559
f 1557/3317/37 1558/3318/38 1574/3319/42 1560/3320/234
f 1559/3321/222 1575/3322/4 1558/3323/38 1557/3324/37
f 1559/3321/222 1557/3324/37 1561/3325/37 1563/3326/2
f 1557/3317/37 1560/3320/234 1564/3327/234 1561/3328/37
f 1564/3327/234 1565/3329/44 1562/3330/39 1561/3328/37
f 1561/3325/37 1562/3331/39 1576/3332/3 1563/3326/2
f 1566/3333/566 1567/3334/46 1565/3335/44 1564/3336/234
f 1560/3337/234 1569/3338/564 1566/3333/566 1564/3336/234
f 1563/3339/2 1576/3340/3 1567/3341/46 1566/3342/566
f 1566/3343/566 1568/3344/46 1573/3345/3 1563/3346/2
f 1569/3338/564 1571/3347/45 1568/3348/46 1566/3333/566
f 1569/3349/564 1570/3350/45 1575/3351/4 1559/3352/222
f 1560/3337/234 1574/3353/42 1570/3354/45 1569/3338/564
f 1571/3355/45 1569/3356/564 1559/3357/222 1572/3358/4
f 1571/3359/45 1572/3360/4 1573/3361/3 1568/3362/46
f 1572/3363/4 1559/3321/222 1563/3326/2 1573/3364/3
f 1570/3365/45 1574/3366/42 1558/3367/38 1575/3368/4
f 1565/3369/44 1567/3370/46 1576/3371/3 1562/3372/39
f 1577/3373/37 1578/3374/38 1594/3375/42 1580/3376/234
f 1579/3377/222 1595/3378/4 1578/3379/38 1577/3380/37
f 1579/3377/222 1577/3380/37 1581/3381/37 1583/3382/2
f 1577/3373/37 1580/3376/234 1584/3383/234 1581/3384/37
f 1584/3383/234 1585/3385/44 1582/3386/39 1581/3384/37
f 1581/3381/37 1582/3387/39 1596/3388/3 1583/3382/2
f 1586/3389/566 1587/3390/46 1585/3391/44 1584/3392/234
f 1580/3393/234 1589/3394/564 1586/3389/566 1584/3392/234
f 1583/3395/2 1596/3396/3 1587/3397/46 1586/3398/566
f 1586/3399/566 1588/3400/46 1593/3401/3 1583/3402/2
f 1589/3394/564 1591/3403/45 1588/3404/46 1586/3389/566
f 1589/3405/564 1590/3406/45 1595/3407/4 1579/3408/222
f 1580/3393/234 1594/3409/42 1590/3410/45 1589/3394/564
f 1591/3411/45 1589/3412/564 1579/3413/222 1592/3414/4
f 1591/3405/45 1592/3408/4 1593/3415/3 1588/3416/46
f 1592/3417/4 1579/3377/222 1583/3382/2 1593/3418/3
f 1590/3419/45 1594/3420/42 1578/3368/38 1595/3421/4
f 1585/3422/44 1587/3423/46 1596/3424/3 1582/3425/39
f 1615/3426/43 1613/3427/42 1598/3428/569 1597/3429/1 1599/3430/1
f 1599/3431/1 1597/3432/1 1600/3433/67 1601/3434/2
f 1603/3435/222 1601/3434/2 1600/3433/67 1602/3436/67
f 1605/3437/227 1603/3435/222 1602/3436/67 1604/3438/227
f 1606/3439/570 1607/3440/44 1629/3441/27 1605/3442/227 1604/3443/227
f 1608/3444/25 1609/3445/571 1607/2798/44 1606/3147/570
f 1607/3446/44 1609/3447/571 1610/3448/564 1629/3449/27
f 1609/3447/571 1611/3450/571 1612/3451/566 1610/3448/564
f 1613/3452/42 1615/3453/43 1612/3451/566 1611/3450/571
f 1598/3454/569 1613/3149/42 1611/3455/571 1614/3456/25
f 1615/3453/43 1616/3457/43 1618/3458/560 1612/3451/566
f 1599/3430/1 1617/3459/1 1616/3460/43 1615/3426/43
f 1620/3461/572 1619/3462/45 1616/3460/43 1617/3459/1
f 1618/3458/560 1616/3457/43 1619/3463/45 1621/3464/223
f 1622/3465/36 1621/3466/223 1619/3467/45 1620/3468/572
f 1618/3458/560 1621/3464/223 1623/3469/46 1624/3470/44
f 1621/3466/223 1622/3465/36 1625/2082/3 1623/3471/46
f 1626/3472/39 1624/3473/44 1623/3474/46 1625/3475/3
f 1622/3476/36 1627/3477/10 1626/3478/39 1625/3479/3
f 1627/3480/10 1618/3481/560 1624/3482/44 1626/3483/39
f 1612/3484/566 1618/3485/560 1627/3486/10 1601/3487/2
f 1601/3434/2 1627/3477/10 1617/3488/1 1599/3431/1
f 1620/3489/572 1617/3488/1 1627/3477/10 1622/3476/36
f 1603/3490/222 1610/3491/564 1612/3492/566 1601/3493/2
f 1610/3448/564 1628/3494/561 1630/3495/27 1629/3449/27
f 1603/3201/222 1637/3496/433 1628/3497/561 1610/3202/564
f 1629/3441/27 1630/3498/27 1631/3499/227 1605/3442/227
f 1631/3499/227 1630/3498/27 1632/3500/46 1633/3501/573
f 1632/3502/46 1630/3495/27 1628/3494/561 1634/3503/223
f 1633/3504/573 1632/3505/46 1634/3506/223 1636/3507/36
f 1634/3503/223 1628/3494/561 1640/3508/42 1635/3509/45
f 1636/3507/36 1634/3506/223 1635/3510/45 1638/3511/4
f 1631/3512/227 1633/1012/573 1636/3513/36 1637/3514/433
f 1637/3514/433 1636/3513/36 1638/3515/4 1639/3516/38
f 1638/3517/4 1635/3518/45 1640/3519/42 1639/3520/38
f 1628/3521/561 1637/3522/433 1639/3523/38 1640/3524/42
f 1605/3437/227 1631/3512/227 1637/3514/433 1603/3435/222
f 1641/3525/67 1642/3526/574 1647/3527/575 1645/3528/576
f 1643/3529/67 1664/3530/577 1642/3526/574 1641/3525/67
f 1689/3531/227 1643/3529/67 1641/3525/67 1644/3532/227
f 1644/3532/227 1641/3525/67 1645/3528/576 1646/3533/243
f 1646/3534/243 1645/3535/576 1648/3536/25 1649/3537/25
f 1645/3535/576 1647/3538/575 1650/3539/25 1648/3536/25
f 1651/3540/25 1649/3537/25 1648/3536/25
f 1651/3540/25 1648/3536/25 1650/3539/25
f 1651/3540/25 1652/3541/25 1649/3537/25
f 1651/3540/25 1653/3542/25 1652/3541/25
f 1651/3540/25 1654/3543/25 1653/3542/25
f 1651/3540/25 1655/3544/25 1654/3543/25
f 1651/3540/25 1656/3545/25 1655/3544/25
f 1651/3540/25 1650/3539/25 1656/3545/25
f 1657/3546/578 1658/3547/579 1655/3544/25 1656/3545/25
f 1647/3538/575 1657/3546/578 1656/3545/25 1650/3539/25
f 1659/3548/580 1660/3549/581 1658/3550/579 1657/3551/578
f 1642/3552/574 1659/3548/580 1657/3551/578 1647/3553/575
f 1661/3554/582 1662/3555/583 1660/3549/581 1659/3548/580
f 1664/3556/577 1661/3554/582 1659/3548/580 1642/3552/574
f 1663/3557/584 1677/3558/585 1662/3555/583 1661/3554/582
f 1665/3559/586 1663/3557/584 1661/3554/582 1664/3556/577
f 1666/3560/587 1665/3561/586 1664/3530/577 1643/3529/67
f 1666/3562/587 1669/3563/588 1667/3564/589 1665/3565/586
f 1665/3565/586 1667/3564/589 1671/3566/590 1663/3567/584
f 1668/3568/234 2100/3569/44 1670/3570/591 1667/3564/589
f 1852/3571/234 1668/3568/234 1667/3564/589 1669/3563/588
f 1667/3564/589 1670/3570/591 1672/3572/592 1671/3566/590
f 1671/3566/590 1672/3572/592 1674/3573/593 1673/3574/594
f 1663/3567/584 1671/3566/590 1673/3574/594 1677/3575/585
f 1673/3574/594 1674/3573/593 1774/3576/39 1675/3577/37
f 1676/3578/595 1673/3574/594 1675/3577/37 1770/3579/37
f 1677/3575/585 1673/3574/594 1676/3578/595 1678/3580/596
f 1677/3581/585 1678/3582/596 1680/3583/87 1662/3584/583
f 1678/3580/596 1676/3578/595 1694/3585/597 1679/3586/598
f 1678/3582/596 1679/3587/598 1681/3588/27 1680/3583/87
f 1680/3583/87 1681/3588/27 1683/3589/27 1682/3590/87
f 1662/3584/583 1680/3583/87 1682/3590/87 1660/3591/581
f 1682/3590/87 1683/3589/27 1685/3592/242 1684/3593/599
f 1660/3591/581 1682/3590/87 1684/3593/599 1658/3594/579
f 1658/3547/579 1684/3595/599 1654/3543/25 1655/3544/25
f 1684/3595/599 1685/3596/242 1653/3542/25 1654/3543/25
f 1685/3596/242 1686/3597/244 1652/3541/25 1653/3542/25
f 1683/3598/27 1687/3599/98 1686/3600/244 1685/3601/242
f 1686/3597/244 1646/3534/243 1649/3537/25 1652/3541/25
f 1687/3599/98 1644/3602/227 1646/3603/243 1686/3600/244
f 1688/3604/98 1689/3605/227 1644/3602/227 1687/3599/98
f 1681/3606/27 1688/3604/98 1687/3599/98 1683/3598/27
f 1690/3607/600 1691/3608/601 1689/3605/227 1688/3604/98
f 1679/3609/598 1690/3607/600 1688/3604/98 1681/3606/27
f 1690/3610/600 1692/3611/602 1695/3612/603 1691/3613/601
f 1679/3586/598 1694/3585/597 1692/3611/602 1690/3610/600
f 1697/3614/604 1695/3612/603 1692/3611/602 1693/3615/605
f 1693/3615/605 1692/3611/602 1694/3585/597 1706/3616/606
f 1696/3617/234 1852/3571/234 1669/3563/588 1695/3612/603
f 1698/3618/42 1696/3617/234 1695/3612/603 1697/3614/604
f 1691/3613/601 1695/3612/603 1669/3563/588 1666/3562/587
f 1699/3619/607 1700/3620/608 1698/3621/42 1697/3622/604
f 1702/3623/609 1699/3619/607 1697/3622/604 1693/3624/605
f 1701/3625/610 1849/3626/611 1700/3620/608 1699/3619/607
f 1703/3627/612 1701/3625/610 1699/3619/607 1702/3623/609
f 1704/3628/613 1702/3623/609 1693/3624/605 1706/3629/606
f 1707/3630/614 1703/3627/612 1702/3623/609 1704/3628/613
f 1709/3631/615 1707/3630/614 1704/3628/613 1705/3632/616
f 1705/3632/616 1704/3628/613 1706/3629/606 1772/3633/38
f 1708/3634/617 1855/3635/618 1703/3627/612 1707/3630/614
f 1711/3636/619 1708/3634/617 1707/3630/614 1709/3631/615
f 1714/3637/620 1711/3638/619 1709/3639/615 1710/3640/621
f 1710/3641/621 1709/3642/615 1705/3643/616 1769/3644/622
f 1718/3645/623 1715/3646/624 1711/3636/619 1712/3647/625
f 1712/3647/625 1711/3636/619 1713/3648/626 1755/3649/627
f 1711/3650/619 1714/3651/620 1750/3652/628 1713/3653/626
f 1708/3634/617 1711/3636/619 1715/3646/624 1716/3654/629
f 2099/3655/9 1716/3656/629 1715/3657/624 1717/3658/9
f 1715/3657/624 1718/3659/623 1719/3660/36 1717/3658/9
f 1712/3661/625 1720/3662/67 1719/3663/36 1718/3664/623
f 1723/3665/67 1721/3666/36 1719/3663/36 1720/3662/67
f 1719/3660/36 1721/3667/36 1724/3668/9 1717/3658/9
f 1724/3668/9 1721/3667/36 1722/3669/36 1726/3670/9
f 1723/3665/67 1733/3671/67 1722/3672/36 1721/3666/36
f 1725/3673/9 2099/3655/9 1717/3658/9 1724/3668/9
f 1727/3674/9 1725/3673/9 1724/3668/9 1726/3670/9
f 1729/3675/630 1727/3674/9 1726/3670/9 1728/3676/631
f 1722/3669/36 1731/3677/632 1728/3676/631 1726/3670/9
f 1729/3678/630 1728/3679/631 1730/3680/633 1795/3681/634
f 1732/3682/635 1730/3680/633 1728/3679/631 1731/3683/632
f 1732/3684/635 1731/3685/632 1722/3672/36 1733/3671/67
f 1732/3684/635 1733/3671/67 1735/3686/636 1734/3687/637
f 1730/3680/633 1732/3682/635 1734/3688/637 1736/3689/638
f 1735/3686/636 1740/3690/639 1738/3691/639 1734/3687/637
f 1736/3692/638 1734/3693/637 1737/3694/640 1743/3695/641
f 1734/3687/637 1738/3691/639 1741/3696/642 1737/3697/640
f 1738/3698/639 1739/3699/643 1742/3700/644 1741/3701/642
f 1739/3699/643 1738/3698/639 1740/3702/639 1745/3703/643
f 1737/3704/640 1741/3705/642 1742/3706/644 1743/3707/641
f 1739/3708/643 1736/3709/638 1743/3710/641 1742/3711/644
f 1740/3702/639 1744/3712/639 1747/3713/643 1745/3703/643
f 1735/3686/636 1756/3714/636 1744/3715/639 1740/3690/639
f 1736/3709/638 1739/3708/643 1745/3716/643 1746/3717/628
f 1746/3717/628 1745/3716/643 1747/3718/643 1748/3719/628
f 1750/3652/628 1748/3719/628 1747/3718/643 1749/3720/643
f 1747/3713/643 1744/3712/639 1752/3721/639 1749/3722/643
f 1750/3652/628 1749/3720/643 1751/3723/643 1713/3653/626
f 1752/3721/639 1753/3724/639 1751/3725/643 1749/3722/643
f 1755/3726/627 1753/3727/639 1752/3728/639 1754/3729/636
f 1754/3729/636 1752/3728/639 1744/3715/639 1756/3714/636
f 1720/3662/67 1712/3661/625 1755/3726/627 1754/3729/636
f 1723/3665/67 1720/3662/67 1754/3729/636 1756/3714/636
f 1733/3671/67 1723/3665/67 1756/3714/636 1735/3686/636
f 1755/3726/627 1757/3730/645 1758/3731/646 1753/3727/639
f 1755/3732/627 1713/3733/626 1759/3734/647 1757/3735/645
f 1759/3736/647 1760/3737/648 1758/3738/646 1757/3739/645
f 1713/3653/626 1751/3723/643 1760/3740/648 1759/3741/647
f 1753/3724/639 1758/3742/646 1760/3743/648 1751/3725/643
f 1714/3651/620 1761/3744/620 1748/3719/628 1750/3652/628
f 1761/3744/620 1763/3745/620 1746/3717/628 1748/3719/628
f 1761/3746/620 1714/3637/620 1710/3640/621 1762/3747/621
f 1763/3748/620 1761/3746/620 1762/3747/621 1764/3749/621
f 1730/3750/633 1763/3748/620 1764/3749/621 1765/3751/649
f 1763/3745/620 1730/3752/633 1736/3709/638 1746/3717/628
f 1765/3753/649 1764/3754/621 1766/3755/622 1767/3756/650
f 1764/3754/621 1762/3757/621 1768/3758/622 1766/3755/622
f 1767/3756/650 1766/3755/622 1675/3759/37 1774/3760/39
f 1766/3755/622 1768/3758/622 1770/3761/37 1675/3759/37
f 1762/3757/621 1710/3641/621 1769/3644/622 1768/3758/622
f 1768/3758/622 1769/3644/622 1771/3762/37 1770/3761/37
f 1694/3585/597 1676/3578/595 1770/3579/37 1771/3763/37
f 1706/3616/606 1694/3585/597 1771/3763/37 1772/3764/38
f 1769/3644/622 1705/3643/616 1772/3765/38 1771/3762/37
f 1775/3766/651 1765/3767/649 1767/3768/650 1773/3769/652
f 1773/3769/652 1767/3768/650 1774/3770/39 1674/3771/593
f 1777/3772/653 1775/3766/651 1773/3769/652 1776/3773/654
f 1776/3773/654 1773/3769/652 1674/3771/593 1672/3774/592
f 1778/3775/655 1776/3773/654 1672/3774/592 1670/3776/591
f 1780/3777/656 1777/3772/653 1776/3773/654 1778/3775/655
f 1782/3778/657 1780/3777/656 1778/3775/655 1779/3779/658
f 1779/3779/658 1778/3775/655 1670/3776/591 2100/3780/44
f 1781/3781/659 1794/3782/660 1777/3772/653 1780/3777/656
f 1784/3783/661 1781/3781/659 1780/3777/656 1782/3778/657
f 1786/3784/662 1784/3785/661 1782/3786/657 1783/3787/663
f 1783/3788/663 1782/3789/657 1779/3790/658 1851/3791/664
f 1785/3792/665 1789/3793/666 1787/3794/667 1784/3783/661
f 1844/3795/37 1785/3796/665 1784/3785/661 1786/3784/662
f 1784/3783/661 1787/3794/667 1790/3797/668 1781/3781/659
f 1787/3798/667 1788/3799/9 1791/3800/9 1790/3801/668
f 1788/3799/9 1787/3798/667 1789/3802/666 2098/3803/9
f 1790/3801/668 1791/3800/9 1793/3804/9 1792/3805/669
f 1790/3797/668 1792/3806/669 1794/3782/660 1781/3781/659
f 1792/3805/669 1793/3804/9 1727/3674/9 1729/3675/630
f 1794/3782/660 1792/3806/669 1729/3678/630 1795/3681/634
f 1794/3782/660 1795/3681/634 1775/3766/651 1777/3772/653
f 1795/3681/634 1730/3680/633 1765/3767/649 1775/3766/651
f 1793/3804/9 1796/3807/9 1725/3673/9 1727/3674/9
f 1791/3800/9 1798/3808/9 1796/3807/9 1793/3804/9
f 1798/3808/9 1799/3809/9 1797/3810/9 1796/3807/9
f 1796/3807/9 1797/3810/9 2099/3655/9 1725/3673/9
f 1800/3811/9 1802/3812/9 1799/3809/9 1798/3808/9
f 1788/3799/9 1800/3811/9 1798/3808/9 1791/3800/9
f 1800/3811/9 1788/3799/9 2098/3803/9 1801/3813/9
f 1802/3812/9 1800/3811/9 1801/3813/9 1804/3814/9
f 1802/3812/9 1803/3815/670 1854/3816/671 1799/3809/9
f 1803/3815/670 1802/3812/9 1804/3814/9 1805/3817/672
f 1806/3818/223 1807/3819/45 1805/3817/672 1804/3814/9
f 1809/3820/223 1806/3818/223 1804/3814/9 1801/3813/9
f 1807/3821/45 1806/3822/223 1808/3823/87 1841/3824/43
f 1809/3825/223 1811/3826/87 1808/3823/87 1806/3822/223
f 1810/3827/223 1809/3820/223 1801/3813/9 2098/3803/9
f 1809/3825/223 1810/3828/223 1813/3829/87 1811/3826/87
f 1808/3823/87 1811/3826/87 1812/3830/87 1832/3831/87
f 1813/3829/87 1814/3832/87 1812/3830/87 1811/3826/87
f 1813/3829/87 1815/3833/27 1816/3834/566 1814/3832/87
f 1817/3835/46 1815/3833/27 1813/3829/87 1810/3828/223
f 1816/3836/566 1815/3837/27 1785/3792/665 1818/3838/673
f 1785/3792/665 1815/3837/27 1817/3839/46 1789/3793/666
f 1789/3802/666 1817/3840/46 1810/3827/223 2098/3803/9
f 1816/3841/566 1818/3842/673 1857/3843/674 1819/3844/675
f 1820/3845/234 1816/3834/566 1819/3846/675 1821/3847/676
f 1816/3834/566 1820/3845/234 1822/3848/234 1814/3832/87
f 1823/3849/677 1820/3850/234 1821/3851/676 1824/3852/678
f 1822/3853/234 1820/3850/234 1823/3849/677 1825/3854/37
f 1826/3855/67 1825/3856/37 1823/3857/677 1818/3858/673
f 1818/3859/673 1823/3860/677 1824/3861/678 1857/3862/674
f 1829/3863/67 1827/3864/37 1825/3856/37 1826/3855/67
f 1830/3865/234 1822/3853/234 1825/3854/37 1827/3866/37
f 1831/3867/234 1830/3865/234 1827/3866/37 1828/3868/37
f 1829/3863/67 1837/3869/67 1828/3870/37 1827/3864/37
f 1812/3830/87 1814/3832/87 1822/3848/234 1830/3871/234
f 1812/3830/87 1830/3871/234 1831/3872/234 1832/3831/87
f 1834/3873/43 1832/3831/87 1831/3872/234 1833/3874/42
f 1833/3875/42 1831/3867/234 1828/3868/37 1835/3876/38
f 1836/3877/1 1834/3878/43 1833/3879/42 1835/3880/38
f 1836/3881/1 1835/3882/38 1828/3870/37 1837/3869/67
f 1840/3883/37 1838/3884/679 1836/3881/1 1837/3869/67
f 1834/3878/43 1836/3877/1 1838/3885/679 1841/3886/43
f 1807/3887/45 1841/3886/43 1838/3885/679 1805/3888/672
f 1805/3888/672 1838/3885/679 1839/3889/680 1803/3890/670
f 1838/3891/679 1840/3892/37 1842/3893/662 1839/3894/680
f 1808/3823/87 1832/3831/87 1834/3873/43 1841/3824/43
f 1840/3892/37 1843/3895/37 1845/3896/662 1842/3893/662
f 1840/3883/37 1837/3869/67 1829/3863/67 1843/3897/37
f 1844/3898/37 1843/3897/37 1829/3863/67 1826/3855/67
f 1843/3895/37 1844/3795/37 1786/3784/662 1845/3896/662
f 1845/3896/662 1786/3784/662 1783/3787/663 1846/3899/663
f 1842/3893/662 1845/3896/662 1846/3899/663 1848/3900/663
f 1846/3901/663 1783/3788/663 1851/3791/664 1847/3902/664
f 1848/3903/663 1846/3901/663 1847/3902/664 1850/3904/664
f 1839/3894/680 1842/3893/662 1848/3900/663 1849/3905/611
f 1849/3906/611 1848/3903/663 1850/3904/664 1700/3907/608
f 1700/3907/608 1850/3904/664 1696/3908/234 1698/3909/42
f 1850/3904/664 1847/3902/664 1852/3910/234 1696/3908/234
f 1853/3911/681 1839/3889/680 1849/3626/611 1701/3625/610
f 1847/3902/664 1851/3791/664 1668/3912/234 1852/3910/234
f 1851/3791/664 1779/3790/658 2100/3913/44 1668/3912/234
f 1785/3914/665 1844/3898/37 1826/3855/67 1818/3858/673
f 1803/3890/670 1839/3889/680 1853/3911/681 1854/3915/671
f 1855/3635/618 1853/3911/681 1701/3625/610 1703/3627/612
f 1853/3911/681 1855/3635/618 1856/3916/682 1854/3915/671
f 1856/3916/682 1855/3635/618 1708/3634/617 1716/3654/629
f 1797/3810/9 1856/3917/682 1716/3656/629 2099/3655/9
f 1799/3809/9 1854/3816/671 1856/3917/682 1797/3810/9
f 1857/3918/674 1824/3919/678 1858/3920/683 1859/3921/684
f 1824/3852/678 1821/3851/676 1861/3922/685 1858/3923/683
f 1859/3921/684 1858/3920/683 1860/3924/686 2097/3925/687
f 1858/3923/683 1861/3922/685 1863/3926/688 1860/3927/686
f 1821/3847/676 1819/3846/675 1862/3928/689 1861/3929/685
f 1861/3929/685 1862/3928/689 1864/3930/690 1863/3931/688
f 1863/3931/688 1864/3930/690 1866/3932/43 1865/3933/27
f 1860/3934/686 1863/3935/688 1865/3936/27 1867/3937/227
f 1868/3938/691 1865/3933/27 1866/3932/43 1870/3939/692
f 1871/3940/693 1867/3937/227 1865/3936/27 1868/3941/691
f 1873/3942/694 1871/3943/693 1868/3944/691 1869/3945/695
f 1869/3946/695 1868/3938/691 1870/3939/692 1881/3947/696
f 1872/3948/697 2096/3949/1 1867/3950/227 1871/3951/693
f 1874/3952/698 1872/3948/697 1871/3951/693 1873/3953/694
f 1876/3954/699 1874/3952/698 1873/3953/694 1875/3955/700
f 1875/3956/700 1873/3942/694 1869/3945/695 1878/3957/701
f 1883/3958/702 1876/3959/699 1875/3960/700 1877/3961/703
f 1877/3962/703 1875/3956/700 1878/3957/701 1879/3963/223
f 1879/3964/223 1878/3965/701 1880/3966/704 1882/3967/560
f 1878/3965/701 1869/3946/695 1881/3947/696 1880/3966/704
f 1880/3968/704 1881/3969/696 1874/3970/698 1876/3971/699
f 1882/3972/560 1880/3968/704 1876/3971/699 1883/3973/702
f 1882/3974/560 1883/3975/702 1913/3976/705 1884/3977/27
f 1887/3978/87 1885/3979/87 1882/3967/560 1884/3980/27
f 1882/3967/560 1885/3979/87 1888/3981/223 1879/3964/223
f 1886/3982/87 1889/3983/223 1888/3981/223 1885/3979/87
f 1887/3978/87 1921/3984/87 1886/3982/87 1885/3979/87
f 1888/3985/223 1890/3986/36 1877/3962/703 1879/3963/223
f 1889/3987/223 1892/3988/36 1890/3986/36 1888/3985/223
f 1891/3989/67 1883/3990/702 1877/3991/703 1890/3992/36
f 1893/3993/67 1891/3989/67 1890/3992/36 1892/3994/36
f 1893/3993/67 1892/3994/36 1894/3995/36 1895/3996/67
f 1897/3997/223 1894/3998/36 1892/3988/36 1889/3987/223
f 1903/3999/1 1895/3996/67 1894/3995/36 1896/4000/4
f 1898/4001/45 1896/4002/4 1894/3998/36 1897/3997/223
f 1901/4003/43 1898/2181/45 1897/4004/223 1899/4005/87
f 1886/3982/87 1899/4005/87 1897/4004/223 1889/3983/223
f 1900/4006/87 1902/4007/43 1901/4003/43 1899/4005/87
f 1900/4006/87 1899/4005/87 1886/3982/87 1921/3984/87
f 1903/4008/1 1896/4009/4 1898/4010/45 1901/4011/43
f 1901/4011/43 1902/4012/43 1904/4013/706 1903/4008/1
f 1907/4014/36 1895/3996/67 1903/3999/1 1904/4015/706
f 1904/4016/706 1905/4017/707 1908/4018/708 1907/4019/36
f 1906/4020/709 1927/4021/710 1905/4022/707 1904/4013/706
f 2095/4023/42 1906/4020/709 1904/4013/706 1902/4012/43
f 1907/4019/36 1908/4018/708 1910/4024/708 1909/4025/36
f 1907/4014/36 1909/4026/36 1893/3993/67 1895/3996/67
f 1911/4027/36 1891/3989/67 1893/3993/67 1909/4026/36
f 1909/4025/36 1910/4024/708 1912/4028/708 1911/4029/36
f 1911/4029/36 1912/4028/708 1914/4030/711 1913/4031/705
f 1913/4032/705 1883/3990/702 1891/3989/67 1911/4027/36
f 1913/3976/705 1914/4033/711 1917/4034/712 1915/4035/713
f 1913/3976/705 1915/4035/713 1918/4036/44 1884/3977/27
f 1915/4037/713 1916/4038/25 1919/4039/234 1918/4040/44
f 2057/4041/25 1916/4038/25 1915/4037/713 1917/4042/712
f 1918/4043/44 1919/4044/234 1887/3978/87 1884/3980/27
f 1919/4039/234 1916/4038/25 1923/4045/25 1920/4046/234
f 1920/4047/234 1921/3984/87 1887/3978/87 1919/4044/234
f 1920/4047/234 1922/4048/234 1900/4006/87 1921/3984/87
f 1920/4046/234 1923/4045/25 1925/4049/25 1922/4050/234
f 1926/4051/25 1925/4049/25 1923/4045/25 1924/4052/25
f 1924/4052/25 1923/4045/25 1916/4038/25 2057/4041/25
f 1922/4050/234 1925/4049/25 1906/4053/709 2095/4054/42
f 1927/4055/710 1906/4053/709 1925/4049/25 1926/4051/25
f 1926/4051/25 1928/4056/25 1930/4057/714 1927/4055/710
f 1924/4052/25 1929/4058/25 1928/4056/25 1926/4051/25
f 1929/4058/25 1933/4059/25 1931/4060/25 1928/4056/25
f 1928/4056/25 1931/4060/25 1934/4061/715 1930/4057/714
f 1931/4060/25 1932/4062/25 1935/4063/716 1934/4061/715
f 1933/4059/25 2000/4064/25 1932/4062/25 1931/4060/25
f 1934/4065/715 1935/4066/716 1939/4067/717 1936/4068/718
f 1938/4069/719 1930/4070/714 1934/4065/715 1936/4068/718
f 1939/4067/717 1941/4071/720 1937/4072/721 1936/4068/718
f 1936/4068/718 1937/4072/721 1949/4073/722 1938/4069/719
f 1939/4067/717 1935/4066/716 2056/4074/723 1940/4075/724
f 1940/4075/724 1942/4076/725 1941/4071/720 1939/4067/717
f 1942/4076/725 1945/4077/726 1943/4078/727 1941/4071/720
f 1941/4071/720 1943/4078/727 1946/4079/728 1937/4072/721
f 1943/4078/727 1944/4080/729 1947/4081/730 1946/4079/728
f 1945/4077/726 2094/4082/4 1944/4080/729 1943/4078/727
f 1946/4079/728 1947/4081/730 1951/4083/731 1948/4084/732
f 1937/4072/721 1946/4079/728 1948/4084/732 1949/4073/722
f 1949/4073/722 1948/4084/732 1950/4085/733 2064/4086/734
f 1948/4084/732 1951/4083/731 1952/4087/45 1950/4085/733
f 1952/4088/45 1951/4089/731 1953/4090/735 1954/4091/223
f 1951/4089/731 1947/4092/730 1955/4093/736 1953/4090/735
f 1954/4091/223 1953/4090/735 1956/4094/737 2066/4095/223
f 1960/4096/738 1957/4097/739 1953/4090/735 1955/4093/736
f 1957/4097/739 1959/4098/740 1956/4094/737 1953/4090/735
f 1960/4099/738 1961/4100/98 1958/4101/227 1957/4102/739
f 1957/3527/739 1958/4103/227 2067/4104/67 1959/4105/740
f 1962/4106/741 1963/4107/27 1961/4100/98 1960/4099/738
f 1962/4108/741 1960/4096/738 1955/4093/736 1965/4109/742
f 1964/4110/743 2093/4111/87 1963/4112/27 1962/4113/741
f 1964/4114/743 1962/4108/741 1965/4109/742 1967/4115/744
f 1965/4109/742 1966/4116/36 1968/4117/36 1967/4115/744
f 1944/4118/729 2094/4119/4 1966/4116/36 1965/4109/742
f 1947/4092/730 1944/4118/729 1965/4109/742 1955/4093/736
f 1967/4115/744 1968/4117/36 1970/4120/36 1969/4121/745
f 1973/4122/746 1964/4114/743 1967/4115/744 1969/4121/745
f 1969/4121/745 1970/4120/36 2055/4123/3 1971/4124/747
f 1972/4125/748 1969/4121/745 1971/4124/747 1984/4126/749
f 1975/4127/750 1973/4122/746 1969/4121/745 1972/4125/748
f 1975/4128/750 1976/4129/751 1974/4130/752 1973/4131/746
f 1973/4132/746 1974/4133/752 2093/4111/87 1964/4110/743
f 1977/4134/753 1978/4135/754 1976/4129/751 1975/4128/750
f 1977/4136/753 1975/4127/750 1972/4125/748 1979/4137/755
f 1959/4105/740 2067/4104/67 1978/4138/754 1977/3533/753
f 1959/4098/740 1977/4136/753 1979/4137/755 1956/4094/737
f 2066/4095/223 1956/4094/737 1979/4137/755 1980/4139/223
f 1980/4139/223 1979/4137/755 1981/4140/756 1982/4141/46
f 1979/4137/755 1972/4125/748 1984/4126/749 1981/4140/756
f 2058/4142/757 1982/4143/46 1981/4144/756 1983/4145/758
f 1983/4145/758 1981/4144/756 1984/4146/749 1985/4147/759
f 1985/4147/759 1984/4146/749 1971/4148/747 1986/4149/760
f 1987/4150/761 1985/4147/759 1986/4149/760 1989/4151/762
f 1990/4152/763 1983/4145/758 1985/4147/759 1987/4150/761
f 1992/4153/764 1990/4152/763 1987/4150/761 1988/4154/765
f 1988/4154/765 1987/4150/761 1989/4151/762 2035/4155/766
f 1991/4156/767 2058/4142/757 1983/4145/758 1990/4152/763
f 1914/4033/711 1991/4156/767 1990/4152/763 1992/4153/764
f 1914/4033/711 1992/4153/764 1993/4157/768 1917/4034/712
f 1993/4157/768 1992/4153/764 1988/4154/765 1995/4158/769
f 1917/4042/712 1993/4159/768 1994/4160/25 2057/4041/25
f 1993/4159/768 1995/4161/769 1997/4162/25 1994/4160/25
f 1988/4154/765 2035/4155/766 1996/4163/770 1995/4158/769
f 1995/4161/769 1996/4164/770 1998/4165/25 1997/4162/25
f 1997/4162/25 1998/4165/25 2000/4064/25 1933/4059/25
f 1994/4160/25 1997/4162/25 1933/4059/25 1929/4058/25
f 1998/4165/25 1999/4166/25 2001/4167/25 2000/4064/25
f 1996/4164/770 2036/4168/771 1999/4166/25 1998/4165/25
f 2000/4064/25 2001/4167/25 2002/4169/25 1932/4062/25
f 2006/4170/37 2002/4169/25 2001/4167/25 2003/4171/37
f 2001/4167/25 1999/4166/25 2005/4172/37 2003/4171/37
f 2004/4173/67 2008/4174/67 2006/4175/37 2003/4176/37
f 2004/4173/67 2003/4176/37 2005/4177/37 2028/4178/67
f 2056/4179/723 2002/4169/25 2006/4170/37 2007/4180/772
f 2010/4181/773 2007/4182/772 2006/4175/37 2008/4174/67
f 2004/4173/67 2025/4183/774 2009/4184/774 2008/4174/67
f 2008/4174/67 2009/4184/774 2011/4185/775 2010/4181/773
f 2010/4186/773 2011/4187/775 2013/4188/776 1940/4075/724
f 2007/4189/772 2010/4186/773 1940/4075/724 2056/4074/723
f 2011/4185/775 2009/4184/774 2022/4190/777 2012/4191/777
f 2011/4185/775 2012/4191/777 2016/4192/778 2014/4193/779
f 2011/4194/775 2014/4195/779 2015/4196/780 2013/4197/776
f 2015/4198/780 2014/4199/779 2016/4200/778 2017/4201/781
f 2012/4202/777 2018/4203/782 2017/4204/781 2016/4205/778
f 2013/4206/776 2015/4207/780 2017/4208/781 2018/4209/782
f 2020/4210/783 2013/4206/776 2018/4209/782 2019/4211/782
f 2022/4212/777 2019/4213/782 2018/4203/782 2012/4202/777
f 2020/4210/783 2019/4211/782 2021/4214/782 2046/4215/783
f 2021/4216/782 2019/4213/782 2022/4212/777 2023/4217/777
f 2009/4184/774 2025/4183/774 2023/4218/777 2022/4190/777
f 2024/4219/777 2048/4220/782 2021/4216/782 2023/4217/777
f 2026/4221/774 2024/4222/777 2023/4218/777 2025/4183/774
f 2028/4178/67 2026/4221/774 2025/4183/774 2004/4173/67
f 2026/4221/774 2027/4223/784 2051/4224/777 2024/4222/777
f 2029/4225/785 2027/4223/784 2026/4221/774 2028/4178/67
f 2029/4225/785 2028/4178/67 2005/4177/37 2030/4226/786
f 2029/4227/785 2030/4228/786 2036/4229/771 2031/4230/787
f 2031/4230/787 2032/4231/788 2027/4232/784 2029/4227/785
f 2033/4233/789 2047/4234/783 2032/4235/788 2031/4236/787
f 2031/4237/787 2034/4238/790 2038/4239/791 2033/4240/789
f 2035/4155/766 1989/4151/762 2034/4241/790 2031/4230/787
f 1996/4163/770 2035/4155/766 2031/4230/787 2036/4229/771
f 2005/4172/37 1999/4166/25 2036/4168/771 2030/4242/786
f 2034/4243/790 2037/4244/792 2039/4245/793 2038/4246/791
f 1989/4151/762 1986/4149/760 2037/4247/792 2034/4241/790
f 2038/4246/791 2039/4245/793 2043/4248/793 2040/4249/791
f 2033/4240/789 2038/4239/791 2040/4250/791 2041/4251/789
f 2041/4251/789 2040/4250/791 2042/4252/791 2045/4253/789
f 2040/4249/791 2043/4248/793 2044/4254/793 2042/4255/791
f 2039/4245/793 1970/4256/36 1968/4257/36 2043/4248/793
f 2043/4248/793 1968/4257/36 1966/4258/36 2044/4254/793
f 2042/4255/791 2044/4254/793 1945/4259/726 1942/4260/725
f 2044/4254/793 1966/4258/36 2094/4261/4 1945/4259/726
f 2045/4253/789 2042/4252/791 1942/4262/725 1940/4263/724
f 1940/4264/724 2013/4206/776 2020/4210/783 2045/4265/789
f 2045/4265/789 2020/4210/783 2046/4215/783 2041/4266/789
f 2041/4266/789 2046/4215/783 2047/4234/783 2033/4233/789
f 2047/4234/783 2046/4215/783 2021/4214/782 2048/4267/782
f 2032/4235/788 2047/4234/783 2048/4267/782 2049/4268/782
f 2049/4269/782 2048/4220/782 2024/4219/777 2051/4270/777
f 2051/4270/777 2052/4271/794 2050/4272/795 2049/4269/782
f 2049/4268/782 2050/4273/795 2054/4274/796 2032/4235/788
f 2027/4223/784 2053/4275/797 2052/4276/794 2051/4224/777
f 2053/4277/797 2054/4278/796 2050/4279/795 2052/4280/794
f 2032/4281/788 2054/4282/796 2053/3694/797 2027/4283/784
f 2037/4244/792 2055/4284/3 1970/4256/36 2039/4245/793
f 1986/4149/760 1971/4148/747 2055/4285/3 2037/4247/792
f 1932/4062/25 2002/4169/25 2056/4179/723 1935/4063/716
f 2057/4041/25 1994/4160/25 1929/4058/25 1924/4052/25
f 2059/4286/798 2060/4287/799 2058/4288/757 1991/4289/767
f 1912/4028/708 2059/4290/798 1991/4291/767 1914/4030/711
f 2061/4292/798 2062/4293/799 2060/4287/799 2059/4286/798
f 1910/4024/708 2061/4294/798 2059/4290/798 1912/4028/708
f 1908/4018/708 2063/4295/798 2061/4294/798 1910/4024/708
f 2063/4296/798 2065/4297/799 2062/4293/799 2061/4292/798
f 2064/4298/734 1950/4299/733 2065/4297/799 2063/4296/798
f 1905/4017/707 2064/3905/734 2063/4295/798 1908/4018/708
f 2065/4297/799 1954/4300/223 2066/4301/223 2062/4293/799
f 1950/4299/733 1952/4302/45 1954/4300/223 2065/4297/799
f 1938/4069/719 1949/4073/722 2064/4086/734 1905/4022/707
f 2062/4293/799 2066/4301/223 1980/4303/223 2060/4287/799
f 2060/4287/799 1980/4303/223 1982/4304/46 2058/4288/757
f 2067/4104/67 2069/4305/67 2068/4306/800 1978/4138/754
f 1978/4135/754 2068/4307/800 2070/4308/801 1976/4129/751
f 2069/4305/67 2073/4309/802 2071/4310/803 2068/4306/800
f 2068/4307/800 2071/4311/803 2072/4312/804 2070/4308/801
f 2071/4313/803 2074/4314/9 2076/4315/9 2072/4316/804
f 2073/4317/802 2075/4318/9 2074/4314/9 2071/4313/803
f 2077/4319/9 2074/4314/9 2075/4318/9
f 2077/4319/9 2076/4315/9 2074/4314/9
f 2077/4319/9 2075/4318/9 2078/4320/9
f 2077/4319/9 2078/4320/9 2079/4321/9
f 2077/4319/9 2079/4321/9 2080/4322/9
f 2077/4319/9 2080/4322/9 2081/4323/9
f 2077/4319/9 2081/4323/9 2082/4324/9
f 2077/4319/9 2082/4324/9 2076/4315/9
f 2072/4316/804 2076/4315/9 2082/4324/9 2083/4325/805
f 2083/4325/805 2082/4324/9 2081/4323/9 2085/4326/806
f 2070/4308/801 2072/4312/804 2083/4327/805 2084/4328/807
f 2084/4329/807 2083/4330/805 2085/4331/806 2086/4332/87
f 2086/4332/87 2085/4331/806 2087/4333/239 2088/4334/27
f 2085/4326/806 2081/4323/9 2080/4322/9 2087/4335/239
f 2088/4336/27 2087/4337/239 2089/4338/238 2090/4339/98
f 2087/4335/239 2080/4322/9 2079/4321/9 2089/4340/238
f 2090/4339/98 2089/4338/238 2091/4341/237 2092/4342/227
f 2089/4340/238 2079/4321/9 2078/4320/9 2091/4343/237
f 2092/4344/227 2091/4345/237 2073/4309/802 2069/4305/67
f 2091/4343/237 2078/4320/9 2075/4318/9 2073/4317/802
f 1961/4100/98 2090/4339/98 2092/4342/227 1958/4101/227
f 1958/4103/227 2092/4344/227 2069/4305/67 2067/4104/67
f 1963/4107/27 2088/4336/27 2090/4339/98 1961/4100/98
f 2093/4111/87 2086/4332/87 2088/4334/27 1963/4112/27
f 1974/4133/752 2084/4329/807 2086/4332/87 2093/4111/87
f 1976/4129/751 2070/4308/801 2084/4328/807 1974/4130/752
f 1927/4021/710 1930/4070/714 1938/4069/719 1905/4022/707
f 2095/4346/42 1902/4007/43 1900/4006/87 1922/4048/234
f 1881/3969/696 1870/4347/692 1872/4348/697 1874/3970/698
f 1870/4349/692 1866/4350/43 2096/4351/1 1872/4352/697
f 2097/3925/687 1860/3924/686 1867/3950/227 2096/3949/1
f 1864/4353/690 2097/4354/687 2096/4351/1 1866/4350/43
f 1862/4355/689 1859/4356/684 2097/4357/687 1864/4358/690
f 1819/3844/675 1857/3843/674 1859/4356/684 1862/4355/689
f 1691/4359/601 1666/3560/587 1643/3529/67 1689/3531/227
f 2101/4360/808 2102/4361/25 2158/4362/809 2104/4363/810
f 2102/4361/25 2101/4360/808 2103/4364/811 2161/4365/812
f 2101/4366/808 2105/4367/813 2106/4368/814 2103/4369/811
f 2104/4370/810 2108/4371/815 2105/4367/813 2101/4366/808
f 2107/4372/816 2237/4373/817 2106/4374/814 2105/4375/813
f 2108/4376/815 2109/4377/818 2107/4378/816 2105/4379/813
f 2110/4380/819 2111/4381/820 2109/4382/818 2108/4383/815
f 2113/4384/821 2110/4385/819 2108/4371/815 2104/4370/810
f 2112/4386/822 2245/4387/823 2111/4388/820 2110/4389/819
f 2115/4390/824 2112/4391/822 2110/4385/819 2113/4384/821
f 2113/4392/821 2114/4393/809 2116/4394/825 2115/4395/824
f 2104/4396/810 2158/4397/809 2114/4398/809 2113/4399/821
f 2116/4400/825 2118/4401/826 2117/4402/827 2115/4403/824
f 2117/4404/827 2120/4405/828 2112/4391/822 2115/4390/824
f 2117/4402/827 2118/4401/826 2128/4406/829 2119/4407/830
f 2119/4408/830 2122/4409/831 2120/4405/828 2117/4404/827
f 2120/4410/828 2121/4411/832 2245/4412/823 2112/4413/822
f 2122/4414/831 2123/4415/833 2121/4411/832 2120/4410/828
f 2125/4416/834 2123/4417/833 2122/4418/831 2124/4419/835
f 2122/4409/831 2119/4408/830 2126/4420/836 2124/4421/835
f 2127/4422/837 2125/4423/834 2124/4424/835 2126/4425/836
f 2119/4426/830 2128/4427/829 2127/4428/837 2126/4429/836
f 2128/4430/829 2246/4431/838 2129/4432/839 2127/4433/837
f 2127/4433/837 2129/4432/839 2131/4434/840 2130/4435/841
f 2130/4436/841 2132/4437/842 2125/4438/834 2127/4439/837
f 2131/4440/840 2133/4441/843 2132/4442/842 2130/4443/841
f 2125/4444/834 2132/4445/842 2133/4446/843 2134/4447/844
f 2134/4448/844 2133/4449/843 2135/4450/845 2143/4451/846
f 2133/4452/843 2136/4453/847 2137/4454/848 2135/4455/845
f 2138/4456/849 2136/4457/847 2133/4458/843 2131/4459/840
f 2131/4460/840 2140/4461/850 2139/4462/851 2138/4463/849
f 2140/4464/850 2135/4465/845 2137/4466/848 2139/4467/851
f 2141/4468/852 2143/4469/846 2135/4465/845 2140/4464/850
f 2129/4470/839 2141/4471/852 2140/4472/850 2131/4473/840
f 2246/4474/838 2142/4475/853 2141/4471/852 2129/4470/839
f 2143/4469/846 2141/4468/852 2142/4476/853 2144/4477/854
f 2145/4478/855 2134/4448/844 2143/4451/846 2144/4479/854
f 2147/4480/856 2145/4481/855 2144/4482/854 2146/4483/857
f 2149/4484/858 2146/4485/857 2144/4477/854 2142/4476/853
f 2244/4486/859 2147/4480/856 2146/4483/857 2148/4487/860
f 2151/4488/861 2148/4489/860 2146/4485/857 2149/4484/858
f 2153/4490/862 2151/4491/861 2149/4492/858 2150/4493/863
f 2150/4493/863 2149/4492/858 2142/4494/853 2246/4495/838
f 2152/4496/864 2243/4497/865 2148/4489/860 2151/4488/861
f 2154/4498/866 2152/4499/864 2151/4500/861 2153/4501/862
f 2114/4393/809 2154/4498/866 2153/4501/862 2116/4394/825
f 2116/4400/825 2153/4502/862 2150/4503/863 2118/4401/826
f 2155/4504/867 2156/4505/868 2152/4506/864 2154/4507/866
f 2158/4397/809 2155/4504/867 2154/4507/866 2114/4398/809
f 2157/4508/25 2159/4509/869 2156/4510/868 2155/4511/867
f 2102/4361/25 2157/4508/25 2155/4511/867 2158/4362/809
f 2157/4508/25 2160/4512/812 2163/4513/870 2159/4509/869
f 2102/4361/25 2161/4365/812 2160/4512/812 2157/4508/25
f 2160/4514/812 2161/4515/812 2212/4516/812 2162/4517/812
f 2163/4518/870 2160/4514/812 2162/4517/812 2164/4519/871
f 2166/4520/872 2159/4521/869 2163/4522/870 2165/4523/873
f 2164/4524/871 2168/4525/874 2165/4523/873 2163/4522/870
f 2166/4526/872 2165/4527/873 2167/4528/817 2239/4529/875
f 2165/1559/873 2168/4530/874 2169/4531/817 2167/4532/817
f 2168/4533/874 2170/4534/876 2172/4535/9 2169/4536/817
f 2173/4537/877 2170/4538/876 2168/4525/874 2164/4524/871
f 2175/4539/878 2171/4540/879 2170/4538/876 2173/4537/877
f 2170/4534/876 2171/4541/879 2183/4542/9 2172/4535/9
f 2164/4543/871 2162/4544/812 2174/4545/25 2173/4546/877
f 2173/4546/877 2174/4545/25 2176/4547/25 2175/4548/878
f 2175/4548/878 2176/4547/25 2178/4549/25 2177/4550/880
f 2177/4551/880 2180/4552/881 2171/4540/879 2175/4539/878
f 2177/4550/880 2178/4549/25 2203/4553/882 2179/4554/883
f 2179/4555/883 2181/4556/884 2180/4552/881 2177/4551/880
f 2180/4557/881 2181/4558/884 2185/4559/885 2182/4560/9
f 2171/4541/879 2180/4557/881 2182/4560/9 2183/4542/9
f 2183/4542/9 2182/4560/9 2184/4561/9 2219/4562/9
f 2182/4560/9 2185/4559/885 2187/4563/885 2184/4561/9
f 2181/4558/884 2202/4564/886 2186/4565/885 2185/4559/885
f 2185/4559/885 2186/4565/885 2189/4566/885 2187/4563/885
f 2189/4566/885 2190/4567/887 2188/4568/888 2187/4563/885
f 2187/4563/885 2188/4568/888 2221/4569/9 2184/4561/9
f 2191/4570/889 2192/4571/890 2190/4567/887 2189/4566/885
f 2186/4565/885 2193/4572/891 2191/4570/889 2189/4566/885
f 2191/4573/889 2194/4574/892 2195/4575/893 2192/4576/890
f 2194/4574/892 2191/4573/889 2193/4577/891 2197/4578/894
f 2196/4579/882 2238/4580/895 2195/4581/893 2194/4582/892
f 2198/4583/882 2196/4579/882 2194/4582/892 2197/4584/894
f 2200/4585/896 2198/4583/882 2197/4584/894 2199/4586/897
f 2197/4578/894 2193/4577/891 2201/4587/898 2199/4588/897
f 2199/4589/897 2201/4590/898 2202/4591/886 2200/4592/896
f 2202/4564/886 2201/4593/898 2193/4572/891 2186/4565/885
f 2200/4592/896 2202/4591/886 2181/4556/884 2179/4555/883
f 2179/4554/883 2203/4553/882 2198/4583/882 2200/4585/896
f 2203/4553/882 2204/4594/882 2196/4579/882 2198/4583/882
f 2178/4549/25 2206/4595/25 2204/4594/882 2203/4553/882
f 2204/4594/882 2205/4596/899 2238/4580/895 2196/4579/882
f 2206/4595/25 2207/4597/25 2205/4596/899 2204/4594/882
f 2208/4598/25 2209/4599/900 2207/4597/25 2206/4595/25
f 2176/4547/25 2208/4598/25 2206/4595/25 2178/4549/25
f 2211/4600/901 2209/4599/900 2208/4598/25 2210/4601/25
f 2174/4545/25 2210/4601/25 2208/4598/25 2176/4547/25
f 2212/4602/812 2213/4603/902 2211/4600/901 2210/4601/25
f 2162/4544/812 2212/4602/812 2210/4601/25 2174/4545/25
f 2161/4515/812 2103/4604/811 2213/1700/902 2212/4516/812
f 2103/4369/811 2106/4368/814 2214/4605/903 2213/4606/902
f 2213/4606/902 2214/4605/903 2216/4607/904 2211/4608/901
f 2215/4609/817 2218/4610/9 2216/4611/904 2214/4612/903
f 2215/4613/817 2214/4614/903 2106/4615/814 2237/4616/817
f 2211/4608/901 2216/4607/904 2217/4617/905 2209/4618/900
f 2219/4562/9 2217/4619/905 2216/4611/904 2218/4610/9
f 2172/4535/9 2183/4542/9 2219/4562/9 2218/4610/9
f 2169/4536/817 2172/4535/9 2218/4610/9 2215/4609/817
f 2184/4561/9 2221/4569/9 2217/4619/905 2219/4562/9
f 2220/4620/906 2229/4621/907 2209/4622/900 2217/4623/905
f 2221/4569/9 2222/4624/9 2220/4625/906 2217/4619/905
f 2188/4568/888 2224/4626/908 2222/4624/9 2221/4569/9
f 2222/4624/9 2223/4627/909 2233/4628/910 2220/4625/906
f 2224/4626/908 2225/4629/911 2223/4627/909 2222/4624/9
f 2224/4630/908 2226/4631/912 2227/4632/913 2225/4633/911
f 2188/4634/888 2205/4635/899 2226/4631/912 2224/4630/908
f 2226/4636/912 2228/4637/25 2230/4638/914 2227/4639/913
f 2205/4596/899 2207/4597/25 2228/4637/25 2226/4636/912
f 2207/4597/25 2209/4599/900 2229/4640/907 2228/4637/25
f 2228/4637/25 2229/4640/907 2231/4641/915 2230/4638/914
f 2231/3046/915 2233/4642/910 2223/4643/909 2230/4644/914
f 2230/4644/914 2223/4643/909 2225/4645/911 2227/4646/913
f 2231/4641/915 2229/4640/907 2236/4647/916 2232/4648/917
f 2232/4649/917 2234/4650/918 2233/4651/910 2231/4652/915
f 2233/4628/910 2234/4653/918 2235/4654/919 2220/4625/906
f 2234/4650/918 2232/4649/917 2236/4655/916 2235/4656/919
f 2229/4657/907 2220/4658/906 2235/4659/919 2236/4660/916
f 2167/4532/817 2169/4531/817 2215/4613/817 2237/4616/817
f 2239/4529/875 2167/4528/817 2237/4373/817 2107/4372/816
f 2205/4661/899 2188/4662/888 2190/4663/887 2238/4664/895
f 2238/4664/895 2190/4663/887 2192/4665/890 2195/4666/893
f 2107/4378/816 2109/4377/818 2240/4667/920 2239/4668/875
f 2239/4668/875 2240/4667/920 2242/4669/921 2166/4670/872
f 2109/4382/818 2111/4381/820 2241/4671/922 2240/4672/920
f 2240/4672/920 2241/4671/922 2243/4673/865 2242/4674/921
f 2156/4675/868 2242/4676/921 2243/4497/865 2152/4496/864
f 2159/4521/869 2166/4520/872 2242/4676/921 2156/4675/868
f 2241/4677/922 2244/4678/859 2148/4679/860 2243/4680/865
f 2111/4388/820 2245/4387/823 2244/4678/859 2241/4677/922
f 2245/4681/823 2121/4682/832 2147/4683/856 2244/4684/859
f 2118/4401/826 2150/4503/863 2246/4685/838 2128/4406/829
f 2121/4411/832 2123/4415/833 2145/4686/855 2147/4687/856
f 2123/4688/833 2125/4444/834 2134/4447/844 2145/4689/855
f 2247/4690/923 2248/4691/924 2252/4692/925 2251/4693/926
f 2249/4694/9 2343/4695/927 2248/4696/924 2247/4697/923
f 2247/4697/923 2250/4698/928 2363/4699/929 2249/4694/9
f 2250/4700/928 2247/4690/923 2251/4693/926 2254/4701/930
f 2253/4702/931 2251/4703/926 2252/4704/925 2342/4705/932
f 2254/4706/930 2251/4707/926 2253/4708/931 2255/4709/933
f 2256/4710/934 2254/4711/930 2255/4712/933 2257/4713/935
f 2259/4714/936 2250/4700/928 2254/4701/930 2256/4715/934
f 2258/4716/937 2256/4717/934 2257/4718/935 2271/4719/938
f 2261/4720/939 2259/4714/936 2256/4715/934 2258/4721/937
f 2250/4722/928 2259/4723/936 2260/4724/929 2363/4725/929
f 2259/4726/936 2261/4395/939 2262/4727/940 2260/4728/929
f 2262/4729/940 2261/4730/939 2263/4731/941 2265/4732/942
f 2263/4733/941 2261/4720/939 2258/4721/937 2266/4734/943
f 2264/4735/944 2263/4733/941 2266/4734/943 2267/4736/945
f 2263/4731/941 2264/4737/944 2382/4738/946 2265/4732/942
f 2267/4739/945 2266/4740/943 2268/4741/947 2270/4742/948
f 2266/4740/943 2258/4743/937 2271/4744/938 2268/4741/947
f 2271/4745/938 2272/4746/949 2269/4747/950 2268/4748/947
f 2268/4741/947 2269/4749/950 2372/4750/951 2270/4742/948
f 2257/4718/935 2274/4751/952 2272/4752/949 2271/4719/938
f 2272/4753/949 2273/4754/953 2370/4755/954 2269/4756/950
f 2274/4751/952 2275/4757/955 2273/4758/953 2272/4752/949
f 2276/4759/956 2277/4760/957 2275/4761/955 2274/4762/952
f 2255/4712/933 2276/4759/956 2274/4762/952 2257/4713/935
f 2278/4763/958 2280/4764/959 2277/4765/957 2276/4766/956
f 2253/4708/931 2278/4763/958 2276/4766/956 2255/4709/933
f 2278/4767/958 2253/4702/931 2342/4705/932 2279/4768/932
f 2280/4769/959 2278/4767/958 2279/4768/932 2281/4770/960
f 2282/4771/961 2283/4772/962 2277/4773/957 2280/4774/959
f 2280/4774/959 2281/4775/960 2285/4776/963 2282/4771/961
f 2284/4777/9 2361/4778/964 2283/4779/962 2282/4780/961
f 2284/4777/9 2282/4780/961 2285/4781/963 2286/4782/927
f 2285/4783/963 2287/4784/965 2288/4785/927 2286/4786/927
f 2287/4787/965 2285/4776/963 2281/4775/960 2290/4788/966
f 2287/4789/965 2289/4790/967 2344/4791/9 2288/4792/927
f 2289/4793/967 2287/4787/965 2290/4788/966 2292/4794/968
f 2290/2019/966 2291/4795/932 2293/4796/25 2292/4797/968
f 2281/4798/960 2279/4799/932 2291/4800/932 2290/4801/966
f 2292/4797/968 2293/4796/25 2295/4802/25 2294/4803/878
f 2297/4804/879 2289/4793/967 2292/4794/968 2294/4805/878
f 2294/4803/878 2295/4802/25 2324/4806/25 2296/4807/969
f 2299/4808/970 2297/4804/879 2294/4805/878 2296/4809/969
f 2289/4790/967 2297/4810/879 2298/4811/9 2344/4791/9
f 2297/4810/879 2299/4812/970 2301/4813/9 2298/4811/9
f 2300/4814/971 2299/4808/970 2296/4809/969 2321/4815/972
f 2299/4812/970 2300/4816/971 2303/4817/973 2301/4813/9
f 2298/4811/9 2301/4813/9 2302/4818/9 2335/4819/9
f 2301/4813/9 2303/4817/973 2305/4820/973 2302/4818/9
f 2300/4816/971 2320/4821/974 2304/4822/973 2303/4817/973
f 2303/4817/973 2304/4822/973 2307/4823/973 2305/4820/973
f 2302/4818/9 2305/4820/973 2306/4824/975 2334/4825/9
f 2305/4820/973 2307/4823/973 2308/4826/976 2306/4824/975
f 2307/4823/973 2309/4827/889 2310/4828/977 2308/4826/976
f 2304/4822/973 2311/4829/891 2309/4827/889 2307/4823/973
f 2312/4830/892 2314/4831/978 2310/4832/977 2309/4833/889
f 2309/4833/889 2311/4834/891 2315/4835/894 2312/4830/892
f 2316/4836/979 2313/4837/979 2312/4838/892 2315/4839/894
f 2312/4838/892 2313/4837/979 2353/4840/980 2314/4841/978
f 2318/4842/981 2316/4836/979 2315/4839/894 2317/4843/982
f 2311/4834/891 2319/4844/983 2317/4845/982 2315/4835/894
f 2319/4846/983 2320/4847/974 2318/4848/981 2317/4849/982
f 2320/4821/974 2319/4850/983 2311/4829/891 2304/4822/973
f 2320/4847/974 2300/4814/971 2321/4815/972 2318/4848/981
f 2321/4851/972 2322/4852/979 2316/4836/979 2318/4842/981
f 2296/4807/969 2324/4806/25 2322/4852/979 2321/4851/972
f 2324/4806/25 2325/4853/25 2323/4854/979 2322/4852/979
f 2322/4852/979 2323/4854/979 2313/4837/979 2316/4836/979
f 2295/4802/25 2327/4855/25 2325/4853/25 2324/4806/25
f 2323/4854/979 2325/4853/25 2326/4856/25 2352/4857/984
f 2325/4853/25 2327/4855/25 2329/4858/900 2326/4856/25
f 2293/4796/25 2328/4859/25 2327/4855/25 2295/4802/25
f 2327/4855/25 2328/4859/25 2331/4860/985 2329/4858/900
f 2326/4856/25 2329/4858/900 2330/4861/907 2350/4862/25
f 2330/4863/907 2329/4864/900 2332/4865/905 2333/4866/906
f 2336/4867/986 2332/4868/905 2329/4869/900 2331/4870/985
f 2334/4825/9 2345/4871/9 2333/4872/906 2332/4873/905
f 2335/4819/9 2302/4818/9 2334/4825/9 2332/4873/905
f 2336/4874/986 2337/4875/9 2335/4819/9 2332/4873/905
f 2339/4876/927 2337/4875/9 2336/4874/986 2338/4877/987
f 2338/4878/987 2336/4867/986 2331/4870/985 2340/4879/988
f 2343/4880/927 2339/4881/927 2338/4882/987 2248/4883/924
f 2248/4691/924 2338/4878/987 2340/4879/988 2252/4692/925
f 2341/4884/932 2342/4885/932 2252/4886/925 2340/4887/988
f 2341/4888/932 2340/4889/988 2331/4860/985 2328/4859/25
f 2279/4799/932 2342/4885/932 2341/4884/932 2291/4800/932
f 2291/4795/932 2341/4888/932 2328/4859/25 2293/4796/25
f 2286/4786/927 2288/4785/927 2339/4881/927 2343/4880/927
f 2288/4792/927 2344/4791/9 2337/4875/9 2339/4876/927
f 2249/4694/9 2284/4777/9 2286/4782/927 2343/4695/927
f 2344/4791/9 2298/4811/9 2335/4819/9 2337/4875/9
f 2306/4824/975 2347/4890/989 2345/4871/9 2334/4825/9
f 2347/4890/989 2348/4891/911 2346/4892/909 2345/4871/9
f 2345/4871/9 2346/4892/909 2357/4893/910 2333/4872/906
f 2349/4894/990 2351/4895/913 2348/4896/911 2347/4897/989
f 2352/4898/984 2349/4894/990 2347/4897/989 2306/4899/975
f 2352/4857/984 2326/4856/25 2350/4862/25 2349/4900/990
f 2349/4900/990 2350/4862/25 2354/4901/914 2351/4902/913
f 2313/4837/979 2323/4854/979 2352/4857/984 2353/4840/980
f 2306/4903/975 2308/4904/976 2353/4905/980 2352/4906/984
f 2308/4904/976 2310/4907/977 2314/4908/978 2353/4905/980
f 2346/4909/909 2348/4910/911 2351/4911/913 2354/4912/914
f 2350/4862/25 2330/4861/907 2355/4913/915 2354/4901/914
f 2357/4914/910 2346/4909/909 2354/4912/914 2355/4915/915
f 2355/4913/915 2330/4861/907 2360/4916/916 2356/4917/917
f 2358/4918/918 2357/4919/910 2355/4920/915 2356/4921/917
f 2357/4893/910 2358/4922/918 2359/4923/919 2333/4872/906
f 2356/4921/917 2360/4924/916 2359/4925/919 2358/4918/918
f 2333/4926/906 2359/4927/919 2360/4928/916 2330/4929/907
f 2249/4694/9 2363/4699/929 2361/4778/964 2284/4777/9
f 2363/4725/929 2260/4724/929 2362/4930/991 2361/4931/964
f 2361/4931/964 2362/4930/991 2365/4932/992 2283/4933/962
f 2260/4728/929 2262/4727/940 2364/4934/993 2362/4935/991
f 2362/4935/991 2364/4934/993 2366/4936/994 2365/4937/992
f 2365/4938/992 2366/4939/994 2273/4940/953 2275/4941/955
f 2283/4772/962 2365/4938/992 2275/4941/955 2277/4773/957
f 2364/4942/993 2369/4943/995 2367/4944/996 2366/4945/994
f 2366/4939/994 2367/4946/996 2370/4947/954 2273/4940/953
f 2367/4946/996 2368/4948/997 2371/4949/998 2370/4947/954
f 2369/4943/995 2381/4950/999 2368/4951/997 2367/4944/996
f 2269/4756/950 2370/4755/954 2371/4952/998 2372/4953/951
f 2372/4954/951 2371/4955/998 2373/4956/1000 2374/4957/1001
f 2373/4958/1000 2371/4949/998 2368/4948/997 2376/4959/1002
f 2374/4957/1001 2373/4956/1000 2375/4960/1003 2388/4961/1004
f 2376/4959/1002 2377/4962/1005 2375/4963/1003 2373/4958/1000
f 2378/4964/1006 2379/4965/1007 2377/4966/1005 2376/4967/1002
f 2381/4968/999 2378/4964/1006 2376/4967/1002 2368/4969/997
f 2380/4970/1008 2384/4971/1009 2379/4972/1007 2378/4973/1006
f 2382/4974/946 2380/4970/1008 2378/4973/1006 2381/4975/999
f 2265/4732/942 2382/4738/946 2381/2667/999 2369/4976/995
f 2264/4977/944 2383/4978/1010 2380/4979/1008 2382/4980/946
f 2380/4981/1008 2383/4982/1010 2386/4983/1011 2385/4984/1012
f 2384/4985/1009 2380/4986/1008 2385/4987/1012 2387/4988/1013
f 2385/4989/1012 2374/4990/1001 2388/4991/1004 2387/4992/1013
f 2270/4993/948 2372/4994/951 2374/4990/1001 2385/4989/1012
f 2385/4995/1012 2386/4996/1011 2267/4997/945 2270/4998/948
f 2379/4999/1007 2384/5000/1009 2387/5001/1013 2388/5002/1004
f 2388/5003/1004 2375/5004/1003 2390/5005/1014 2389/5006/1015
f 2391/5007/1016 2379/5008/1007 2388/5009/1004 2389/5010/1015
f 2379/5011/1007 2391/5012/1016 2392/5013/1017 2377/5014/1005
f 2377/4962/1005 2392/5015/1017 2390/5016/1014 2375/4963/1003
f 2267/4736/945 2386/5017/1011 2383/5018/1010 2264/4735/944
f 2262/4729/940 2265/4732/942 2369/4976/995 2364/5019/993
f 2397/5020/59 2398/5021/60 2394/5022/49 2393/5023/48
f 2393/5024/48 2394/5025/49 2506/5026/1018 2395/5027/1019
f 2396/5028/47 2393/5024/48 2395/5027/1019 2404/5029/1020
f 2400/5030/58 2397/5020/59 2393/5023/48 2396/5031/47
f 2398/5032/60 2397/5033/59 2399/5034/1021 2504/5035/1022
f 2397/5033/59 2400/5036/58 2402/5037/1023 2399/5034/1021
f 2400/5036/58 2401/5038/57 2403/5039/1024 2402/5037/1023
f 2401/5040/57 2400/5030/58 2396/5031/47 2406/5041/56
f 2404/5042/1020 2402/5043/1023 2403/5044/1024 2405/5045/1025
f 2395/5046/1019 2399/5047/1021 2402/5043/1023 2404/5042/1020
f 2406/5048/56 2396/5028/47 2404/5029/1020 2405/5049/1025
f 2408/5050/55 2406/5048/56 2405/5049/1025 2407/5051/1026
f 2405/5052/1025 2403/5053/1024 2410/5054/1027 2407/5055/1026
f 2414/5056/14 2408/5050/55 2407/5051/1026 2409/5057/1028
f 2407/5055/1026 2410/5054/1027 2411/5058/1029 2409/5059/1028
f 2412/5060/66 2413/5061/15 2411/5062/1029 2410/5063/1027
f 2401/5038/57 2412/5060/66 2410/5063/1027 2403/5039/1024
f 2413/5064/15 2412/5065/66 2408/5066/55 2414/5067/14
f 2412/5065/66 2401/5068/57 2406/5069/56 2408/5066/55
f 2415/5070/1030 2413/5064/15 2414/5067/14 2417/5071/1031
f 2413/5061/15 2415/5072/1030 2419/5073/1032 2411/5062/1029
f 2415/5072/1030 2416/5074/1033 2434/5075/1034 2418/5076/1035
f 2417/5077/1031 2481/5078/1036 2416/5079/1033 2415/5080/1030
f 2415/5072/1030 2418/5076/1035 2420/5081/1037 2419/5073/1032
f 2421/5082/1038 2419/5083/1032 2420/5084/1037 2422/5085/1039
f 2409/5086/1028 2411/5087/1029 2419/5083/1032 2421/5082/1038
f 2417/5088/1031 2414/5056/14 2409/5057/1028 2421/5089/1038
f 2423/5090/1040 2417/5088/1031 2421/5089/1038 2422/5091/1039
f 2425/5092/1041 2423/5090/1040 2422/5091/1039 2424/5093/1042
f 2422/5085/1039 2420/5084/1037 2427/5094/1043 2424/5095/1042
f 2497/5096/52 2425/5092/1041 2424/5093/1042 2426/5097/1044
f 2424/5095/1042 2427/5094/1043 2428/5098/1045 2426/5099/1044
f 2429/5100/1046 2430/5101/63 2428/5102/1045 2427/5103/1043
f 2418/5076/1035 2429/5100/1046 2427/5103/1043 2420/5081/1037
f 2430/5104/63 2429/5105/1046 2425/5106/1041 2497/5107/52
f 2429/5108/1046 2431/5109/1047 2432/5110/1048 2425/5111/1041
f 2418/5076/1035 2434/5075/1034 2431/5112/1047 2429/5100/1046
f 2431/5109/1047 2433/5113/1049 2476/5114/1050 2432/5110/1048
f 2434/5075/1034 2435/5115/1051 2433/5116/1049 2431/5112/1047
f 2416/5074/1033 2437/5117/1052 2435/5115/1051 2434/5075/1034
f 2433/5118/1049 2435/5119/1051 2436/5120/1053 2471/5121/1054 2473/5122/1055
f 2436/5123/1053 2435/5124/1051 2437/5125/1052 2439/5126/1056 2441/5127/1057
f 2437/5125/1052 2438/5128/1058 2440/5129/1056 2439/5126/1056
f 2481/5078/1036 2438/5130/1058 2437/5131/1052 2416/5079/1033
f 2439/5132/1056 2440/5133/1056 2445/5134/1059 2442/5135/1059
f 2443/5136/1060 2441/5137/1057 2439/5132/1056 2442/5135/1059
f 2469/5138/1061 2443/5136/1060 2442/5135/1059 2444/5139/1059
f 2442/5135/1059 2445/5134/1059 2447/5140/1059 2444/5139/1059
f 2447/5140/1059 2445/5134/1059 2446/5141/1062 2449/5142/1063
f 2480/5143/1064 2446/5141/1062 2445/5134/1059 2440/5133/1056
f 2444/5139/1059 2447/5140/1059 2448/5144/1065 2488/5145/1065
f 2448/5144/1065 2447/5140/1059 2449/5142/1063 2452/5146/1066
f 2452/5147/1066 2449/5148/1063 2450/5149/1067 2454/5150/1068
f 2451/5151/1069 2483/5152/1070 2450/5153/1067 2449/5154/1063
f 2484/5155/1071 2451/5156/1069 2449/5142/1063 2446/5141/1062
f 2453/5157/1072 2490/5158/1073 2448/5144/1065 2452/5146/1066
f 2455/5159/1074 2453/5160/1072 2452/5147/1066 2454/5150/1068
f 2459/5161/1055 2455/5162/1074 2454/5163/1068 2456/5164/1055
f 2454/5163/1068 2450/5165/1067 2458/5166/1055 2456/5164/1055
f 2461/5167/1055 2459/5161/1055 2456/5164/1055 2457/5168/1055
f 2458/5166/1055 2472/5169/1055 2457/5168/1055 2456/5164/1055
f 2495/5170/1075 2455/5162/1074 2459/5161/1055 2460/5171/1076
f 2461/5167/1055 2462/5172/1076 2460/5171/1076 2459/5161/1055
f 2461/5167/1055 2463/5173/1077 2464/5174/1078 2462/5172/1076
f 2457/5168/1055 2466/5175/1079 2463/5173/1077 2461/5167/1055
f 2463/5176/1077 2465/5177/1080 2492/5178/1081 2464/5179/1078
f 2466/5180/1079 2467/5181/1082 2465/5177/1080 2463/5176/1077
f 2466/5180/1079 2468/5182/1083 2469/5183/1061 2467/5181/1082
f 2472/5169/1055 2468/5184/1083 2466/5175/1079 2457/5168/1055
f 2469/5185/1061 2468/5186/1083 2470/5187/1084 2487/5188/1085
f 2468/5184/1083 2471/5121/1054 2485/5189/1086 2470/5190/1084
f 2473/5122/1055 2471/5121/1054 2468/5184/1083 2472/5169/1055
f 2474/5191/1055 2473/5122/1055 2472/5169/1055 2458/5166/1055
f 2473/5122/1055 2474/5191/1055 2476/5192/1050 2433/5118/1049
f 2477/5193/1087 2476/5192/1050 2474/5191/1055 2475/5194/1088 2479/5195/1089
f 2450/5165/1067 2475/5194/1088 2474/5191/1055 2458/5166/1055
f 2432/5196/1048 2476/5197/1050 2477/5198/1087 2478/5199/1090
f 2478/5199/1090 2477/5198/1087 2438/5200/1058 2481/5201/1036
f 2480/5202/1064 2440/5129/1056 2438/5128/1058 2477/5203/1087 2479/5204/1089
f 2446/5205/1062 2480/5206/1064 2479/5207/1089 2475/5208/1088
f 2425/5092/1041 2432/5196/1048 2478/5199/1090 2423/5090/1040
f 2423/5090/1040 2478/5199/1090 2481/5201/1036 2417/5088/1031
f 2482/5209/1091 2484/5210/1071 2446/5211/1062 2475/5212/1088
f 2483/5213/1070 2482/5214/1091 2475/5194/1088 2450/5165/1067
f 2451/5215/1069 2484/5216/1071 2482/5217/1091 2483/5218/1070
f 2436/5219/1053 2441/5220/1057 2443/5221/1060 2471/5222/1054
f 2471/5223/1054 2443/5224/1060 2486/5225/1092 2485/5226/1086
f 2485/5227/1086 2486/5228/1092 2487/5229/1085 2470/5230/1084
f 2443/5136/1060 2469/5138/1061 2487/5231/1085 2486/5232/1092
f 2467/5233/1082 2469/5138/1061 2444/5139/1059 2488/5145/1065
f 2467/5233/1082 2488/5145/1065 2489/5234/1073 2465/5235/1080
f 2490/5158/1073 2489/5234/1073 2488/5145/1065 2448/5144/1065
f 2489/5234/1073 2490/5158/1073 2493/5236/1093 2491/5237/1093
f 2465/5235/1080 2489/5234/1073 2491/5237/1093 2492/5238/1081
f 2462/5239/1076 2464/5240/1078 2492/5241/1081 2491/5242/1093
f 2493/5243/1093 2460/5244/1076 2462/5239/1076 2491/5242/1093
f 2493/5236/1093 2490/5158/1073 2453/5157/1072 2494/5245/1094
f 2460/5244/1076 2493/5243/1093 2494/5246/1094 2495/5247/1075
f 2494/5248/1094 2453/5160/1072 2455/5159/1074 2495/5249/1075
f 2430/5101/63 2496/5250/62 2502/5251/1095 2428/5102/1045
f 2496/5252/62 2430/5253/63 2497/5254/52 2498/5255/51
f 2498/5256/51 2497/5096/52 2426/5097/1044 2500/5257/1096
f 2505/5258/61 2496/5252/62 2498/5255/51 2499/5259/50
f 2499/5260/50 2498/5256/51 2500/5257/1096 2501/5261/1097
f 2500/5262/1096 2502/5263/1095 2503/5264/1098 2501/5265/1097
f 2426/5266/1044 2428/5267/1045 2502/5263/1095 2500/5262/1096
f 2496/5250/62 2505/5268/61 2503/5269/1098 2502/5251/1095
f 2501/5265/1097 2503/5264/1098 2504/5270/1022 2506/5271/1018
f 2505/5268/61 2398/5032/60 2504/5035/1022 2503/5269/1098
f 2398/5021/60 2505/5272/61 2499/5273/50 2394/5022/49
f 2506/5274/1018 2504/5275/1022 2399/5047/1021 2395/5046/1019
f 2394/5025/49 2499/5260/50 2501/5261/1097 2506/5026/1018
f 2512/5276/1099 2510/5277/1100 2507/5278/1101 2508/5279/1102
f 2509/5280/1103 2515/5281/1104 2508/5282/1102 2507/5283/1101
f 2510/5284/1100 2511/5285/1105 2509/5286/1103 2507/5287/1101
f 2512/5288/1099 2513/5289/1106 2511/5290/1105 2510/5291/1100
f 2508/5292/1102 2515/5293/1104 2513/5294/1106 2512/5295/1099
f 2514/5296/1107 2518/5297/1108 2511/5290/1105 2513/5289/1106
f 2515/5293/1104 2516/5298/1109 2514/5299/1107 2513/5294/1106
f 2516/5300/1109 2515/5281/1104 2509/5280/1103 2517/5301/1110
f 2516/5302/1109 2517/5303/1110 2518/5304/1108 2514/5305/1107
f 2511/5285/1105 2518/5306/1108 2517/5307/1110 2509/5286/1103
f 2519/5308/36 2520/5309/1111 2524/5310/7 2523/5311/9
f 2521/5312/433 2665/5313/227 2520/5314/1111 2519/5315/36
f 2521/5312/433 2519/5315/36 2522/5316/425 2529/5317/567
f 2519/5308/36 2523/5311/9 2526/5318/5 2522/5319/425
f 2523/5311/9 2524/5310/7 2670/5320/46 2525/5321/223
f 2523/5311/9 2525/5321/223 2527/5322/45 2526/5318/5
f 2527/5323/45 2531/5324/42 2528/5325/41 2526/5326/5
f 2526/5326/5 2528/5325/41 2529/5327/567 2522/5328/425
f 2530/5329/41 2521/3645/433 2529/5330/567 2528/5331/41
f 2532/5332/561 2530/5329/41 2528/5331/41 2531/5333/42
f 2525/5334/223 2532/5335/561 2531/5336/42 2527/5337/45
f 2532/5335/561 2533/5338/27 2535/5339/223 2534/5340/43
f 2525/5334/223 2670/5341/46 2533/5338/27 2532/5335/561
f 2532/5342/561 2534/5343/43 2537/5344/6 2530/5345/41
f 2534/5340/43 2535/5339/223 2614/5346/43 2536/5347/43
f 2534/5343/43 2536/5348/43 2539/5349/6 2537/5344/6
f 2530/5345/41 2537/5344/6 2538/5350/1 2521/5351/433
f 2537/5344/6 2539/5349/6 2540/5352/1 2538/5350/1
f 2539/5349/6 2541/5353/6 2543/5354/1 2540/5352/1
f 2536/5348/43 2544/5355/43 2541/5353/6 2539/5349/6
f 2544/5355/43 2546/5356/43 2542/5357/6 2541/5353/6
f 2541/5353/6 2542/5357/6 2562/5358/1 2543/5354/1
f 2536/5347/43 2614/5346/43 2545/5359/43 2544/5360/43
f 2544/5360/43 2545/5359/43 2547/5361/234 2546/5362/43
f 2546/5362/43 2547/5361/234 2549/5363/27 2548/5364/564
f 2546/5356/43 2548/5365/564 2551/5366/5 2542/5357/6
f 2548/5364/564 2549/5363/27 2669/5367/44 2550/5368/234
f 2548/5364/564 2550/5368/234 2554/5369/42 2552/5370/45
f 2551/5371/5 2548/5372/564 2552/5373/45 2553/5374/5
f 2552/5375/45 2554/5376/42 2555/5377/41 2553/5378/5
f 2550/5379/234 2557/5380/25 2555/5381/41 2554/5382/42
f 2553/5378/5 2555/5377/41 2556/5383/432 2564/5384/572
f 2557/5380/25 2559/5385/37 2556/5386/432 2555/5381/41
f 2550/5379/234 2669/5387/44 2558/5388/40 2557/5380/25
f 2557/5380/25 2558/5388/40 2560/5389/1112 2559/5385/37
f 2559/5390/37 2560/5391/1112 2563/5392/227 2561/5393/222
f 2559/5390/37 2561/5393/222 2564/5394/572 2556/5395/432
f 2561/5396/222 2551/5371/5 2553/5374/5 2564/5397/572
f 2542/5357/6 2551/5366/5 2561/5398/222 2562/5358/1
f 2561/5393/222 2563/5392/227 2566/5399/10 2562/5400/1
f 2565/5401/98 2567/5402/40 2566/5403/10 2563/5404/227
f 2558/5405/40 2565/5401/98 2563/5404/227 2560/5406/1112
f 2562/5400/1 2566/5399/10 2568/5407/67 2543/5408/1
f 2566/5409/10 2567/5410/40 2571/5411/1113 2569/5412/1114
f 2568/5407/67 2566/5399/10 2569/5413/1114 2570/5414/1115
f 2571/5415/1113 2573/5416/1116 2570/5417/1115 2569/5418/1114
f 2571/5411/1113 2572/5419/1117 2577/5420/1118 2574/5421/1119
f 2567/5410/40 2547/5422/234 2572/5419/1117 2571/5411/1113
f 2573/5423/1116 2571/5424/1113 2574/5425/1119 2575/5426/1120
f 2575/5426/1120 2574/5425/1119 2576/5427/1121 2658/5428/1122
f 2574/5421/1119 2577/5420/1118 2579/5429/1123 2576/5430/1121
f 2572/5419/1117 2609/5431/1124 2578/5432/1125 2577/5420/1118
f 2577/5420/1118 2578/5432/1125 2580/5433/1126 2579/5429/1123
f 2579/5434/1123 2580/5435/1126 2583/5436/1127 2581/5437/1128
f 2576/5438/1121 2579/5434/1123 2581/5437/1128 2582/5439/1129
f 2582/5440/1129 2581/5441/1128 2584/5442/1130 2587/5443/1131
f 2581/5441/1128 2583/5444/1127 2586/5445/1132 2584/5442/1130
f 2585/5446/1133 2589/5447/1134 2587/5448/1131 2584/5449/1130
f 2596/5450/1135 2585/5446/1133 2584/5449/1130 2586/5451/1132
f 2660/5452/1136 2582/5440/1129 2587/5443/1131 2588/5453/1137
f 2589/5447/1134 2590/5454/1138 2588/5455/1137 2587/5448/1131
f 2590/5456/1138 2589/5457/1134 2591/5458/1139 2592/5459/1140
f 2589/5460/1134 2585/5461/1133 2593/5462/25 2591/5463/1139
f 2585/5461/1133 2596/5464/1135 2594/5465/1141 2593/5462/25
f 2596/5466/1135 2597/5467/1142 2595/5468/1143 2594/5469/1141
f 2597/5470/1142 2596/5450/1135 2586/5451/1132 2599/5471/1144
f 2597/5467/1142 2598/5472/1142 2667/5473/1143 2595/5468/1143
f 2598/5474/1142 2597/5470/1142 2599/5471/1144 2600/5475/1145
f 2601/5476/1146 2602/5477/1147 2600/5478/1145 2599/5479/1144
f 2583/5480/1127 2601/5476/1146 2599/5479/1144 2586/5481/1132
f 2603/5482/1148 2604/5483/1148 2602/5484/1147 2601/5485/1146
f 2580/5435/1126 2603/5482/1148 2601/5485/1146 2583/5436/1127
f 2605/5486/1149 2606/5487/1149 2604/5488/1148 2603/5489/1148
f 2578/5490/1125 2605/5486/1149 2603/5489/1148 2580/5491/1126
f 2607/5492/1150 2610/5493/1150 2606/5487/1149 2605/5486/1149
f 2609/5494/1124 2607/5492/1150 2605/5486/1149 2578/5490/1125
f 2608/5495/43 2612/5496/43 2610/5493/1150 2607/5492/1150
f 2668/5497/42 2608/5495/43 2607/5492/1150 2609/5494/1124
f 2610/5493/1150 2611/5498/1151 2616/5499/1152 2606/5487/1149
f 2612/5496/43 2613/5500/45 2611/5498/1151 2610/5493/1150
f 2614/5501/43 2535/5502/223 2613/5503/45 2612/5504/43
f 2545/5505/43 2614/5501/43 2612/5504/43 2608/5506/43
f 2535/5507/223 2615/5508/1153 2611/5509/1151 2613/5510/45
f 2611/5509/1151 2615/5508/1153 2617/5511/1154 2616/5512/1152
f 2616/5512/1152 2617/5511/1154 2619/5513/1155 2618/5514/1156
f 2606/5487/1149 2616/5499/1152 2618/5515/1156 2604/5488/1148
f 2618/5516/1156 2619/5517/1155 2621/5518/1157 2620/5519/1158
f 2604/5483/1148 2618/5516/1156 2620/5519/1158 2602/5484/1147
f 2620/5520/1158 2621/5521/1157 2623/5522/1159 2622/5523/1160
f 2602/5477/1147 2620/5524/1158 2622/5525/1160 2600/5478/1145
f 2626/5526/1161 2624/5527/1162 2622/5528/1160 2623/5529/1159
f 2624/5527/1162 2598/5474/1142 2600/5475/1145 2622/5528/1160
f 2598/5472/1142 2624/5530/1162 2625/5531/1163 2667/5473/1143
f 2624/5532/1162 2626/5533/1161 2628/5534/9 2625/5535/1163
f 2627/5536/1164 2626/5526/1161 2623/5529/1159 2636/5537/1165
f 2626/5533/1161 2627/5538/1164 2629/5539/1166 2628/5534/9
f 2627/5540/1164 2632/5541/1167 2630/5542/1168 2629/5543/1166
f 2632/5544/1167 2633/5545/1169 2631/5546/1170 2630/5547/1168
f 2633/5548/1169 2632/5549/1167 2634/5550/1171 2635/5551/1172
f 2632/5549/1167 2627/5536/1164 2636/5537/1165 2634/5550/1171
f 2637/5552/1173 2638/5553/1174 2635/5554/1172 2634/5555/1171
f 2640/5556/1175 2637/5552/1173 2634/5555/1171 2636/5557/1165
f 2639/5558/1176 2657/5559/1177 2638/5560/1174 2637/5561/1173
f 2641/5562/1178 2639/5558/1176 2637/5561/1173 2640/5563/1175
f 2619/5517/1155 2641/5562/1178 2640/5563/1175 2621/5518/1157
f 2621/5521/1157 2640/5556/1175 2636/5557/1165 2623/5522/1159
f 2642/5564/1179 2643/5565/1180 2639/5566/1176 2641/5567/1178
f 2617/5511/1154 2642/5568/1179 2641/5569/1178 2619/5513/1155
f 2615/5508/1153 2644/5570/1181 2642/5568/1179 2617/5511/1154
f 2644/5571/1181 2647/5572/1182 2643/5565/1180 2642/5564/1179
f 2647/5573/1182 2644/1990/1181 2645/5574/1183 2648/5575/1184
f 2646/5576/7 2664/5577/2 2645/5578/1183 2644/5570/1181
f 2535/5507/223 2646/5576/7 2644/5570/1181 2615/5508/1153
f 2647/5579/1182 2648/5580/1184 2650/5581/1185 2643/5582/1180
f 2664/5583/2 2649/5584/67 2648/5585/1184 2645/5586/1183
f 2649/5584/67 2568/5407/67 2570/5414/1115 2648/5585/1184
f 2648/5587/1184 2570/5588/1115 2653/5589/1186 2651/5590/1187
f 2650/5581/1185 2648/5580/1184 2651/5591/1187 2652/5592/1182
f 2651/5593/1187 2653/5594/1186 2654/5595/1188 2652/5596/1182
f 2570/5597/1115 2655/5598/1189 2654/5599/1188 2653/5600/1186
f 2655/5601/1189 2650/5602/1185 2652/5603/1182 2654/5604/1188
f 2650/5602/1185 2655/5601/1189 2656/5605/1190 2657/5606/1177
f 2655/5598/1189 2575/5607/1120 2658/5608/1122 2656/5609/1190
f 2570/5597/1115 2573/5610/1116 2575/5607/1120 2655/5598/1189
f 2657/5559/1177 2656/5611/1190 2659/5612/1191 2638/5560/1174
f 2656/5611/1190 2658/5613/1122 2660/5614/1136 2659/5612/1191
f 2659/5615/1191 2660/5452/1136 2588/5453/1137 2661/5616/1192
f 2638/5617/1174 2659/5618/1191 2661/5619/1192 2635/5620/1172
f 2662/5621/1193 2633/5548/1169 2635/5551/1172 2661/5622/1192
f 2590/5454/1138 2662/5621/1193 2661/5622/1192 2588/5455/1137
f 2662/5623/1193 2590/5624/1138 2592/5625/1140 2663/5626/1194
f 2633/5627/1169 2662/5628/1193 2663/5629/1194 2631/5630/1170
f 2658/5613/1122 2576/5438/1121 2582/5439/1129 2660/5614/1136
f 2643/5582/1180 2650/5581/1185 2657/5631/1177 2639/5632/1176
f 2543/5408/1 2568/5407/67 2649/5584/67 2540/5633/1
f 2540/5633/1 2649/5584/67 2664/5583/2 2538/5634/1
f 2538/5634/1 2664/5583/2 2665/5313/227 2521/5312/433
f 2646/5635/7 2666/5636/98 2665/5637/227 2664/5638/2
f 2666/5636/98 2524/5639/7 2520/5640/1111 2665/5637/227
f 2533/5641/27 2670/5642/46 2524/5639/7 2666/5636/98
f 2535/5643/223 2533/5641/27 2666/5636/98 2646/5635/7
f 2572/5419/1117 2547/5422/234 2668/5644/42 2609/5431/1124
f 2547/5645/234 2545/5505/43 2608/5506/43 2668/5646/42
f 2549/5647/27 2547/5648/234 2567/5402/40 2565/5401/98
f 2669/5649/44 2549/5647/27 2565/5401/98 2558/5405/40
f 2671/5650/25 2674/5651/1195 2672/5652/1196
f 2671/5650/25 2672/5652/1196 2673/5653/599
f 2671/5650/25 2673/5653/599 2679/5654/242
f 2671/5650/25 2675/5655/1197 2674/5651/1195
f 2671/5650/25 2676/5656/576 2675/5655/1197
f 2671/5650/25 2677/5657/243 2676/5656/576
f 2671/5650/25 2678/5658/244 2677/5657/243
f 2671/5650/25 2679/5654/242 2678/5658/244
f 2681/5659/1198 2678/5660/244 2679/5661/242 2680/5662/1199
f 2680/5663/1199 2679/5664/242 2673/5665/599 2682/5666/1200
f 2680/5662/1199 2683/5667/1201 2687/5668/1202 2681/5659/1198
f 2682/5666/1200 2686/5669/1203 2683/5670/1201 2680/5663/1199
f 2683/5671/1201 2684/5672/1204 2688/5673/1205 2687/5674/1202
f 2685/5675/1206 2935/5676/1207 2684/5672/1204 2683/5671/1201
f 2761/5677/1208 2685/5675/1206 2683/5671/1201 2686/5678/1203
f 2687/5674/1202 2688/5673/1205 2690/5679/1209 2689/5680/1210
f 2681/5659/1198 2687/5668/1202 2689/5681/1210 2693/5682/1211
f 2689/5680/1210 2690/5679/1209 2815/5683/1212 2691/5684/1213
f 2692/5685/1214 2689/5680/1210 2691/5684/1213 2931/5686/1215
f 2693/5687/1211 2689/5680/1210 2692/5685/1214 2694/5688/1216
f 2693/5682/1211 2677/5689/243 2678/5660/244 2681/5659/1198
f 2694/5690/1216 2676/5691/576 2677/5692/243 2693/5693/1211
f 2695/5694/1217 2675/5695/1197 2676/5691/576 2694/5690/1216
f 2694/5688/1216 2692/5685/1214 2697/5696/1218 2695/5697/1217
f 2696/5698/1219 2674/5699/1195 2675/5700/1197 2695/5701/1217
f 2695/5701/1217 2697/5702/1218 2700/5703/1220 2696/5698/1219
f 2701/5704/85 2700/5703/1220 2697/5702/1218 2698/5705/85
f 2698/5705/85 2697/5702/1218 2699/5706/1221 2891/5707/1222
f 2697/5696/1218 2692/5685/1214 2931/5686/1215 2699/5708/1221
f 2704/5709/85 2702/5710/1223 2700/5703/1220 2701/5704/85
f 2696/5698/1219 2700/5703/1220 2702/5710/1223 2705/5711/1224
f 2703/5712/1225 2761/5677/1208 2686/5678/1203 2702/5713/1223
f 2706/5714/1226 2703/5715/1225 2702/5710/1223 2704/5709/85
f 2705/5716/1224 2702/5717/1223 2686/5669/1203 2682/5666/1200
f 2705/5711/1224 2672/5718/1196 2674/5699/1195 2696/5698/1219
f 2682/5666/1200 2673/5665/599 2672/5719/1196 2705/5716/1224
f 2708/5720/1227 2706/5714/1226 2704/5709/85 2707/5721/6
f 2707/5721/6 2704/5709/85 2701/5704/85 2709/5722/6
f 2708/5720/1227 2707/5721/6 2710/5723/81 2711/5724/1228
f 2707/5721/6 2709/5722/6 2713/5725/81 2710/5723/81
f 2711/5724/1228 2710/5723/81 2712/5726/1229 2743/5727/1230
f 2710/5723/81 2713/5725/81 2715/5728/1231 2712/5726/1229
f 2713/5725/81 2714/5729/81 2716/5730/1232 2715/5728/1231
f 2709/5722/6 2892/5731/6 2714/5729/81 2713/5725/81
f 2720/5732/1233 2717/5733/1234 2715/5728/1231 2716/5730/1232
f 2717/5733/1234 2718/5734/1235 2712/5726/1229 2715/5728/1231
f 2718/5734/1235 2717/5733/1234 2719/5735/1236 3007/5736/1237
f 2717/5733/1234 2720/5732/1233 2721/5737/1238 2719/5735/1236
f 2720/5738/1233 2722/5739/1239 2723/5740/802 2721/5741/1238
f 2722/5742/1239 2720/5743/1233 2716/5744/1232 2725/5745/1240
f 2722/5739/1239 2724/5746/1241 3008/5747/237 2723/5740/802
f 2724/5748/1241 2722/5742/1239 2725/5745/1240 2727/5749/1242
f 2716/5744/1232 2888/5750/1243 2726/5751/1244 2725/5745/1240
f 2725/5745/1240 2726/5751/1244 2728/5752/1245 2727/5749/1242
f 2727/5749/1242 2728/5752/1245 2817/5753/1246 2729/5754/1247
f 2730/5755/1248 2727/5749/1242 2729/5754/1247 2731/5756/1249
f 2733/5757/1250 2724/5758/1241 2727/5759/1242 2730/5760/1248
f 2732/5761/1251 2730/5755/1248 2731/5756/1249 2797/5762/1252
f 2735/5763/1253 2733/5757/1250 2730/5760/1248 2732/5764/1251
f 2724/5758/1241 2733/5757/1250 2734/5765/238 3008/5766/237
f 2733/5757/1250 2735/5763/1253 2736/5767/239 2734/5765/238
f 2735/5768/1253 2737/5769/1254 2738/5770/806 2736/5771/239
f 2737/5772/1254 2735/5773/1253 2732/5761/1251 2739/5774/1255
f 2718/5775/1235 2737/5772/1254 2739/5774/1255 2712/5776/1229
f 2737/5769/1254 2718/5777/1235 3007/5778/1237 2738/5770/806
f 2743/5779/1230 2712/5776/1229 2739/5774/1255 2740/5780/1256
f 2740/5780/1256 2739/5774/1255 2732/5761/1251 2742/5781/1257
f 2744/5782/1258 2743/5783/1230 2740/5784/1256 2741/5785/1259
f 2741/5785/1259 2740/5784/1256 2742/5786/1257 2792/5787/1260
f 2745/5788/1261 2711/5789/1228 2743/5783/1230 2744/5782/1258
f 2749/5790/1262 2745/5791/1261 2744/5792/1258 2746/5793/1263
f 2746/5794/1263 2744/5795/1258 2741/5796/1259 2748/5797/1264
f 2750/5798/1265 2749/5799/1262 2746/5800/1263 2747/5801/1266
f 2747/5802/1266 2746/5794/1263 2748/5797/1264 2787/5803/1267
f 2753/5804/1268 2751/5805/1269 2749/5790/1262 2750/5806/1265
f 2751/5805/1269 2754/5807/1270 2745/5791/1261 2749/5790/1262
f 2751/5805/1269 2752/5808/1271 2755/5809/1272 2754/5807/1270
f 2753/5810/1268 2776/5811/1273 2752/5812/1271 2751/5813/1269
f 2754/5814/1270 2755/5815/1272 2706/5816/1226 2708/5817/1227
f 2754/5814/1270 2708/5817/1227 2711/5789/1228 2745/5788/1261
f 2755/5815/1272 2756/5818/1274 2703/5819/1225 2706/5816/1226
f 2752/5808/1271 2757/5820/1275 2756/5821/1274 2755/5809/1272
f 2757/5822/1275 2760/5823/1276 2758/5824/1277 2756/5825/1274
f 2756/5818/1274 2758/5826/1277 2761/5827/1208 2703/5819/1225
f 2758/5826/1277 2759/5828/1278 2685/5829/1206 2761/5827/1208
f 2760/5823/1276 2763/5830/1279 2759/5831/1278 2758/5824/1277
f 2762/5832/1280 2765/5833/1281 2763/5834/1279 2760/5835/1276
f 2775/5836/1282 2762/5832/1280 2760/5835/1276 2757/5837/1275
f 2763/5830/1279 2764/5838/1283 2936/5839/1284 2759/5831/1278
f 2765/5833/1281 2766/5840/1285 2764/5841/1283 2763/5834/1279
f 2767/5842/1286 2768/5843/1287 2766/5844/1285 2765/5845/1281
f 2770/5846/1288 2767/5842/1286 2765/5845/1281 2762/5847/1280
f 2769/5848/1289 2968/5849/1290 2768/5850/1287 2767/5851/1286
f 2771/5852/1291 2769/5848/1289 2767/5851/1286 2770/5853/1288
f 2773/5854/1292 2771/5852/1291 2770/5853/1288 2772/5855/1293
f 2772/5856/1293 2770/5846/1288 2762/5847/1280 2775/5857/1282
f 2777/5858/1294 2773/5854/1292 2772/5855/1293 2774/5859/1295
f 2774/5860/1295 2772/5861/1293 2775/5862/1282 2776/5863/1273
f 2776/5811/1273 2775/5836/1282 2757/5837/1275 2752/5812/1271
f 2778/5864/1296 2774/5860/1295 2776/5863/1273 2753/5804/1268
f 2779/5865/1297 2777/5858/1294 2774/5859/1295 2778/5866/1296
f 2779/5865/1297 2778/5866/1296 2780/5867/1298 2781/5868/1299
f 2778/5864/1296 2753/5804/1268 2750/5806/1265 2780/5869/1298
f 2781/5868/1299 2780/5867/1298 2782/5870/1300 2783/5871/1301
f 2780/5869/1298 2750/5806/1265 2747/5872/1266 2782/5873/1300
f 2783/5871/1301 2782/5870/1300 2784/5874/1302 2785/5875/1303
f 2782/5876/1300 2747/5802/1266 2787/5803/1267 2784/5877/1302
f 2785/5875/1303 2784/5874/1302 2786/5878/1304 2943/5879/1305
f 2784/5877/1302 2787/5803/1267 2788/5880/1306 2786/5881/1304
f 2787/5803/1267 2748/5797/1264 2790/5882/1307 2788/5880/1306
f 2786/5881/1304 2788/5880/1306 2789/5883/1308 2941/5884/1309
f 2788/5885/1306 2790/5886/1307 2791/5887/1310 2789/5888/1308
f 2790/5882/1307 2792/5889/1260 2793/5890/1311 2791/5891/1310
f 2748/5797/1264 2741/5796/1259 2792/5889/1260 2790/5882/1307
f 2792/5787/1260 2742/5786/1257 2795/5892/1312 2793/5893/1311
f 2791/5894/1310 2793/5895/1311 2794/5896/1313 2937/5897/1314
f 2793/5893/1311 2795/5892/1312 2796/5898/1315 2794/5899/1313
f 2742/5781/1257 2732/5761/1251 2797/5762/1252 2795/5900/1312
f 2795/5901/1312 2797/5902/1252 2798/5903/1316 2796/5904/1315
f 2797/5905/1252 2799/5906/1317 2802/5907/1318 2798/5908/1316
f 2731/5756/1249 2801/5909/1319 2799/5910/1317 2797/5762/1252
f 2799/5906/1317 2800/5911/1320 2803/5912/1321 2802/5907/1318
f 2801/5909/1319 2934/5913/1322 2800/5914/1320 2799/5910/1317
f 2802/5907/1318 2803/5912/1321 2805/5915/1323 2804/5916/1324
f 2798/5908/1316 2802/5907/1318 2804/5916/1324 2684/5917/1204
f 2804/5918/1324 2805/5919/1323 2807/5920/1325 2806/5921/1326
f 2684/5672/1204 2804/5918/1324 2806/5921/1326 2688/5673/1205
f 2806/5921/1326 2807/5920/1325 2809/5922/1327 2808/5923/1328
f 2688/5673/1205 2806/5921/1326 2808/5923/1328 2690/5679/1209
f 2808/5924/1328 2809/5925/1327 2811/5926/1329 2810/5927/1330
f 2690/5928/1209 2808/5924/1328 2810/5927/1330 2813/5929/1331
f 2810/5927/1330 2811/5926/1329 2932/5930/1332 2812/5931/1333
f 2813/5929/1331 2810/5927/1330 2812/5931/1333 2729/5932/1247
f 2690/5933/1209 2813/5934/1331 2814/5935/1334 2815/5936/1212
f 2729/5937/1247 2817/5938/1246 2814/5935/1334 2813/5934/1331
f 2815/5936/1212 2814/5935/1334 2816/5939/1335 2927/5940/1336
f 2817/5938/1246 2818/5941/1337 2816/5939/1335 2814/5935/1334
f 2728/5752/1245 2819/5942/1338 2818/5943/1337 2817/5753/1246
f 2818/5941/1337 2820/5944/1339 2821/5945/1340 2816/5939/1335
f 2819/5942/1338 2822/5946/1341 2820/5947/1339 2818/5943/1337
f 2820/5944/1339 2823/5948/1342 2824/5949/1343 2821/5945/1340
f 2822/5946/1341 2825/5950/1344 2823/5951/1342 2820/5947/1339
f 2823/5948/1342 2826/5952/1345 2827/5953/1346 2824/5949/1343
f 2825/5950/1344 2828/5954/1347 2826/5955/1345 2823/5951/1342
f 2826/5952/1345 2829/5956/1348 2830/5957/1349 2827/5953/1346
f 2828/5958/1347 2831/5959/1350 2829/5960/1348 2826/5961/1345
f 2829/5956/1348 2832/5962/1351 2833/5963/1352 2830/5957/1349
f 2831/5964/1350 2834/5965/1353 2832/5966/1351 2829/5967/1348
f 2832/5962/1351 2835/5968/1354 2836/5969/1355 2833/5963/1352
f 2834/5970/1353 2837/5971/1356 2835/5968/1354 2832/5962/1351
f 2835/5968/1354 2838/5972/1357 2839/5973/1358 2836/5969/1355
f 2837/5974/1356 2840/5975/1359 2838/5976/1357 2835/5977/1354
f 2838/5978/1357 2841/5979/1360 2842/5980/1361 2839/5981/1358
f 2840/5982/1359 2843/5983/1362 2841/5979/1360 2838/5978/1357
f 2844/5984/1363 2842/5980/1361 2841/5979/1360
f 2844/5984/1363 2841/5979/1360 2843/5983/1362
f 2844/5984/1363 2846/5985/1364 2845/5986/1365
f 2844/5984/1363 2845/5986/1365 2842/5980/1361
f 2844/5984/1363 2847/5987/1366 2846/5985/1364
f 2844/5984/1363 2848/5988/1367 2847/5987/1366
f 2844/5984/1363 2849/5989/1368 2848/5988/1367
f 2844/5984/1363 2850/5990/1369 2849/5989/1368
f 2844/5984/1363 2853/5991/1370 2850/5990/1369
f 2844/5984/1363 2843/5983/1362 2851/5992/1371
f 2844/5984/1363 2851/5992/1371 2852/5993/1372
f 2844/5984/1363 2852/5993/1372 2853/5991/1370
f 2855/5994/1373 2850/5990/1369 2853/5991/1370 2854/5995/1374
f 2854/5995/1374 2853/5991/1370 2852/5993/1372 2857/5996/1375
f 2930/5997/1376 2855/5998/1373 2854/5999/1374 2856/6000/1377
f 2856/6000/1377 2854/5999/1374 2857/6001/1375 2858/6002/1378
f 2858/6003/1378 2857/6004/1375 2859/6005/1379 2860/6006/1380
f 2857/5996/1375 2852/5993/1372 2851/5992/1371 2859/6007/1379
f 2860/6006/1380 2859/6005/1379 2840/5975/1359 2837/5974/1356
f 2859/6007/1379 2851/5992/1371 2843/5983/1362 2840/5982/1359
f 2863/6008/1381 2858/6009/1378 2860/6010/1380 2861/6011/1382
f 2861/6011/1382 2860/6010/1380 2837/6012/1356 2834/6013/1353
f 2864/6014/1383 2863/6015/1381 2861/6016/1382 2862/6017/1384
f 2862/6017/1384 2861/6016/1382 2834/5965/1353 2831/5964/1350
f 2867/6018/1385 2865/6019/1386 2863/6020/1381 2864/6021/1383
f 2865/6022/1386 2856/6023/1377 2858/6009/1378 2863/6008/1381
f 2866/6024/1387 2930/6025/1376 2856/6023/1377 2865/6022/1386
f 2868/6026/1388 2866/6027/1387 2865/6028/1386 2867/6029/1385
f 2872/6030/1389 2868/6031/1388 2867/6032/1385 2869/6033/1390
f 2869/6034/1390 2867/6035/1385 2864/6036/1383 2871/6037/1391
f 2874/6038/1392 2872/6030/1389 2869/6033/1390 2870/6039/1393
f 2870/6039/1393 2869/6033/1390 2871/6040/1391 2884/6041/1394
f 2872/6030/1389 2873/6042/1395 2904/6043/1396 2868/6031/1388
f 2874/6038/1392 2875/6044/1397 2873/6042/1395 2872/6030/1389
f 2876/6045/1398 2877/6046/1399 2875/6044/1397 2874/6038/1392
f 2876/6045/1398 2874/6038/1392 2870/6039/1393 2879/6047/1400
f 2878/6048/1401 2893/6049/1402 2877/6046/1399 2876/6045/1398
f 2878/6048/1401 2876/6045/1398 2879/6047/1400 2880/6050/1403
f 2880/6050/1403 2879/6047/1400 2881/6051/1404 2882/6052/1405
f 2879/6047/1400 2870/6039/1393 2884/6041/1394 2881/6051/1404
f 2882/6053/1405 2881/6054/1404 2883/6055/1406 2887/6056/1407
f 2881/6054/1404 2884/6057/1394 2885/6058/1408 2883/6055/1406
f 2884/6057/1394 2871/6059/1391 2886/6060/1409 2885/6058/1408
f 2883/6055/1406 2885/6058/1408 2825/5950/1344 2822/5946/1341
f 2885/6058/1408 2886/6060/1409 2828/5954/1347 2825/5950/1344
f 2886/6060/1409 2862/6017/1384 2831/5964/1350 2828/5954/1347
f 2871/6059/1391 2864/6014/1383 2862/6017/1384 2886/6060/1409
f 2887/6056/1407 2883/6055/1406 2822/5946/1341 2819/5942/1338
f 2888/5750/1243 2882/6053/1405 2887/6056/1407 2726/5751/1244
f 2726/5751/1244 2887/6056/1407 2819/5942/1338 2728/5752/1245
f 2889/6061/1410 2880/6050/1403 2882/6052/1405 2888/6062/1243
f 2714/5729/81 2889/6061/1410 2888/6062/1243 2716/5730/1232
f 2892/5731/6 2890/6063/1411 2889/6061/1410 2714/5729/81
f 2890/6063/1411 2878/6048/1401 2880/6050/1403 2889/6061/1410
f 2890/6063/1411 2891/5707/1222 2893/6049/1402 2878/6048/1401
f 2892/5731/6 2698/5705/85 2891/5707/1222 2890/6063/1411
f 2709/5722/6 2701/5704/85 2698/5705/85 2892/5731/6
f 2891/5707/1222 2699/5706/1221 2894/6064/1412 2893/6049/1402
f 2893/6049/1402 2894/6064/1412 2896/6065/1413 2877/6046/1399
f 2699/5708/1221 2931/5686/1215 2895/6066/1414 2894/6067/1412
f 2894/6067/1412 2895/6066/1414 2897/6068/1415 2896/6069/1413
f 2877/6046/1399 2896/6065/1413 2898/6070/1416 2875/6044/1397
f 2896/6069/1413 2897/6068/1415 2899/6071/1417 2898/6072/1416
f 2875/6044/1397 2898/6070/1416 2900/6073/1418 2873/6042/1395
f 2898/6072/1416 2899/6071/1417 2901/6074/1419 2900/6075/1418
f 2873/6076/1395 2900/6077/1418 2902/6078/1420 2904/6079/1396
f 2900/6075/1418 2901/6074/1419 2903/6080/1421 2902/6081/1420
f 2902/6081/1420 2903/6080/1421 2906/6082/1422 2905/6083/1423
f 2904/6084/1396 2902/6085/1420 2905/6086/1423 2907/6087/1424
f 2905/6088/1423 2906/6089/1422 2910/6090/1425 2908/6091/1426
f 2907/6092/1424 2905/6088/1423 2908/6091/1426 2909/6093/1427
f 2909/6094/1427 2908/6095/1426 2911/6096/1428 2913/6097/1429
f 2908/6098/1426 2910/6099/1425 2912/6100/1430 2911/6101/1428
f 2911/6102/1428 2912/6103/1430 2847/5987/1366 2848/5988/1367
f 2913/6104/1429 2911/6102/1428 2848/5988/1367 2849/5989/1368
f 2930/5997/1376 2909/6094/1427 2913/6097/1429 2855/5998/1373
f 2855/5994/1373 2913/6104/1429 2849/5989/1368 2850/5990/1369
f 2912/6103/1430 2914/6105/1431 2846/5985/1364 2847/5987/1366
f 2910/6099/1425 2915/6106/1432 2914/6107/1431 2912/6100/1430
f 2915/6106/1432 2917/6108/1433 2916/6109/1434 2914/6107/1431
f 2914/6105/1431 2916/6110/1434 2845/5986/1365 2846/5985/1364
f 2916/6110/1434 2839/5981/1358 2842/5980/1361 2845/5986/1365
f 2917/6111/1433 2836/5969/1355 2839/5973/1358 2916/6112/1434
f 2918/6113/1435 2833/5963/1352 2836/5969/1355 2917/6111/1433
f 2920/6114/1436 2918/6113/1435 2917/6111/1433 2915/6115/1432
f 2919/6116/1437 2830/5957/1349 2833/5963/1352 2918/6113/1435
f 2921/6117/1438 2919/6118/1437 2918/6119/1435 2920/6120/1436
f 2903/6080/1421 2921/6117/1438 2920/6120/1436 2906/6082/1422
f 2906/6089/1422 2920/6121/1436 2915/6122/1432 2910/6090/1425
f 2922/2165/1439 2924/6123/1440 2919/6124/1437 2921/6125/1438
f 2901/6074/1419 2922/6126/1439 2921/6117/1438 2903/6080/1421
f 2923/6127/1441 2925/6128/1442 2924/6129/1440 2922/6126/1439
f 2899/6071/1417 2923/6127/1441 2922/6126/1439 2901/6074/1419
f 2924/6130/1440 2827/5953/1346 2830/5957/1349 2919/6116/1437
f 2925/6131/1442 2824/5949/1343 2827/5953/1346 2924/6130/1440
f 2926/6132/1443 2821/5945/1340 2824/5949/1343 2925/6131/1442
f 2928/6133/1444 2926/6134/1443 2925/6128/1442 2923/6127/1441
f 2927/5940/1336 2816/5939/1335 2821/5945/1340 2926/6132/1443
f 2929/6135/1445 2927/6136/1336 2926/6134/1443 2928/6133/1444
f 2895/6066/1414 2929/6135/1445 2928/6133/1444 2897/6068/1415
f 2897/6068/1415 2928/6133/1444 2923/6127/1441 2899/6071/1417
f 2691/5684/1213 2815/5683/1212 2927/6136/1336 2929/6135/1445
f 2931/5686/1215 2691/5684/1213 2929/6135/1445 2895/6066/1414
f 2866/6024/1387 2907/6092/1424 2909/6093/1427 2930/6025/1376
f 2868/6026/1388 2904/6137/1396 2907/6138/1424 2866/6027/1387
f 2812/6139/1333 2932/6140/1332 2934/5913/1322 2801/5909/1319
f 2729/5754/1247 2812/6139/1333 2801/5909/1319 2731/5756/1249
f 2933/6141/98 2934/6142/1322 2932/6143/1332
f 2933/6141/98 2932/6143/1332 2811/6144/1329
f 2933/6141/98 2800/6145/1320 2934/6142/1322
f 2933/6141/98 2809/6146/1327 2807/6147/1325
f 2933/6141/98 2807/6147/1325 2805/6148/1323
f 2933/6141/98 2805/6148/1323 2803/6149/1321
f 2933/6141/98 2803/6149/1321 2800/6145/1320
f 2933/6141/98 2811/6144/1329 2809/6146/1327
f 2935/6150/1207 2796/5904/1315 2798/5903/1316 2684/6151/1204
f 2936/6152/1284 2794/5899/1313 2796/5898/1315 2935/6153/1207
f 2759/5828/1278 2936/6152/1284 2935/6153/1207 2685/5829/1206
f 2764/6154/1283 2937/5897/1314 2794/5896/1313 2936/6155/1284
f 2789/6156/1308 2791/5894/1310 2937/5897/1314 2938/6157/1446
f 2766/5840/1285 2938/6158/1446 2937/6159/1314 2764/5841/1283
f 2941/6160/1309 2789/6156/1308 2938/6157/1446 2939/6161/1447
f 2768/6162/1287 2939/6161/1447 2938/6157/1446 2766/6163/1285
f 2942/6164/1448 2941/6165/1309 2939/6166/1447 2940/6167/1449
f 2968/5849/1290 2940/6167/1449 2939/6166/1447 2768/5850/1287
f 2943/5879/1305 2786/5878/1304 2941/6165/1309 2942/6164/1448
f 2947/6168/1450 2943/6169/1305 2942/6170/1448 2944/6171/1451
f 2944/6172/1451 2942/6173/1448 2940/6174/1449 2946/6175/1452
f 2948/6176/1453 2947/6177/1450 2944/6178/1451 2945/6179/1454
f 2945/6179/1454 2944/6178/1451 2946/6180/1452 2963/6181/1455
f 2951/6182/1456 2949/6183/1457 2947/6177/1450 2948/6176/1453
f 2949/6184/1457 2785/6185/1303 2943/6169/1305 2947/6168/1450
f 2950/6186/1458 2783/6187/1301 2785/6185/1303 2949/6184/1457
f 2952/6188/1459 2950/6189/1458 2949/6183/1457 2951/6182/1456
f 2954/6190/1460 2952/6191/1459 2951/6192/1456 2953/6193/1461
f 2953/6193/1461 2951/6192/1456 2948/6194/1453 2956/6195/1462
f 2984/6196/1463 2954/6197/1460 2953/6198/1461 2955/6199/1464
f 2955/6199/1464 2953/6198/1461 2956/6200/1462 2957/6201/1465
f 2957/6201/1465 2956/6200/1462 2958/6202/1466 2959/6203/1467
f 2956/6195/1462 2948/6194/1453 2945/6204/1454 2958/6205/1466
f 2959/6203/1467 2958/6202/1466 2960/6206/1468 2961/6207/1469
f 2958/6208/1466 2945/6209/1454 2963/6210/1455 2960/6211/1468
f 2992/6212/1470 2961/6207/1469 2960/6206/1468 2962/6213/1471
f 2962/6214/1471 2960/6211/1468 2963/6210/1455 2964/6215/1472
f 2964/6216/1472 2963/6181/1455 2946/6180/1452 2966/6217/1473
f 3005/6218/1474 2962/6219/1471 2964/6220/1472 2965/6221/1475
f 2965/6222/1475 2964/6216/1472 2966/6217/1473 2967/6223/1476
f 2966/6224/1473 2946/6175/1452 2940/6174/1449 2968/6225/1290
f 2967/6226/1476 2966/6227/1473 2968/6228/1290 2769/6229/1289
f 2970/6230/1477 2965/6222/1475 2967/6223/1476 2969/6231/1478
f 2969/6232/1478 2967/6226/1476 2769/6229/1289 2771/6233/1291
f 2972/6234/1479 2970/6230/1477 2969/6231/1478 2971/6235/1480
f 2971/6236/1480 2969/6232/1478 2771/6233/1291 2773/6237/1292
f 2974/6238/1481 2972/6234/1479 2971/6235/1480 2973/6239/1482
f 2973/6240/1482 2971/6241/1480 2773/6242/1292 2777/6243/1294
f 2976/6244/1483 2974/6238/1481 2973/6239/1482 2975/6245/1484
f 2975/6246/1484 2973/6240/1482 2777/6243/1294 2779/6247/1297
f 2976/6244/1483 2975/6245/1484 2977/6248/1485 2978/6249/1486
f 2975/6246/1484 2779/6247/1297 2781/6250/1299 2977/6251/1485
f 2978/6249/1486 2977/6248/1485 2950/6189/1458 2952/6188/1459
f 2977/6251/1485 2781/6250/1299 2783/6252/1301 2950/5323/1458
f 2980/6253/1487 2976/6254/1483 2978/6255/1486 2979/6256/1488
f 2979/6256/1488 2978/6255/1486 2952/6257/1459 2954/6258/1460
f 2982/6259/1489 2980/6260/1487 2979/6261/1488 2981/6262/1490
f 2981/6262/1490 2979/6261/1488 2954/6197/1460 2984/6196/1463
f 2983/6263/82 3001/6264/83 2982/6265/1489 2981/6266/1490
f 2985/6267/84 2983/6263/82 2981/6266/1490 2984/6268/1463
f 2987/6269/95 2985/6270/84 2984/6271/1463 2955/6272/1464
f 2986/6273/87 2983/6274/82 2985/6275/84
f 2986/6273/87 2985/6275/84 2987/6276/95
f 2986/6273/87 2987/6276/95 2988/6277/94
f 2988/6278/94 2987/6269/95 2955/6272/1464 2957/6279/1465
f 2986/6273/87 2988/6277/94 2989/6280/93
f 2989/6281/93 2988/6278/94 2957/6279/1465 2959/6282/1467
f 2986/6273/87 2989/6280/93 2990/6283/92
f 2990/6284/92 2989/6285/93 2959/6286/1467 2961/6287/1469
f 2986/6273/87 2990/6283/92 2991/6288/114
f 2990/6284/92 2961/6287/1469 2992/6289/1470 2991/6290/114
f 2986/6273/87 2991/6288/114 2993/6291/113
f 2991/6292/114 2992/6293/1470 2994/6294/1491 2993/6295/113
f 2986/6273/87 2993/6291/113 2995/6296/112
f 2993/6295/113 2994/6294/1491 2996/6297/1492 2995/6298/112
f 2986/6273/87 2995/6296/112 2997/6299/88
f 2995/6298/112 2996/6297/1492 2998/6300/1493 2997/6301/88
f 2986/6273/87 2997/6299/88 2999/6302/86
f 2997/6303/88 2998/6304/1493 3000/6305/1494 2999/6306/86
f 2986/6273/87 2999/6302/86 3001/6307/83
f 2999/6306/86 3000/6305/1494 2982/6265/1489 3001/6264/83
f 2986/6273/87 3001/6307/83 2983/6274/82
f 2982/6259/1489 3000/6308/1494 3002/6309/1495 2980/6260/1487
f 3000/6308/1494 2998/6310/1493 3003/6311/1496 3002/6309/1495
f 2980/6253/1487 3002/6312/1495 2974/6313/1481 2976/6254/1483
f 3002/6312/1495 3003/6314/1496 2972/6315/1479 2974/6313/1481
f 3003/6316/1496 3004/6317/1497 2970/6318/1477 2972/6319/1479
f 2998/6310/1493 2996/6320/1492 3004/6321/1497 3003/6311/1496
f 2996/6320/1492 2994/6322/1491 3005/6323/1474 3004/6321/1497
f 3004/6317/1497 3005/6218/1474 2965/6221/1475 2970/6318/1477
f 2994/6322/1491 2992/6212/1470 2962/6213/1471 3005/6323/1474
f 3006/6324/9 2736/6325/239 2738/6326/806
f 3006/6324/9 2738/6326/806 3007/6327/1237
f 3006/6324/9 3007/6327/1237 2719/6328/1236
f 3006/6324/9 2719/6328/1236 2721/6329/1238
f 3006/6324/9 2721/6329/1238 2723/6330/802
f 3006/6324/9 2723/6330/802 3008/6331/237
f 3006/6324/9 3008/6331/237 2734/6332/238
f 3006/6324/9 2734/6332/238 2736/6325/239
f 3009/6333/1498 3012/6334/1499 3010/6335/1500
f 3009/6333/1498 3010/6335/1500 3011/6336/1501
f 3009/6333/1498 3011/6336/1501 3021/6337/1502
f 3009/6333/1498 3013/6338/1503 3012/6334/1499
f 3009/6333/1498 3014/6339/1504 3013/6338/1503
f 3009/6333/1498 3015/6340/1505 3014/6339/1504
f 3009/6333/1498 3016/6341/1506 3015/6340/1505
f 3009/6333/1498 3017/6342/1507 3016/6341/1506
f 3009/6333/1498 3018/6343/1508 3017/6342/1507
f 3009/6333/1498 3019/6344/1509 3018/6343/1508
f 3009/6333/1498 3020/6345/1510 3019/6344/1509
f 3009/6333/1498 3021/6337/1502 3020/6345/1510
f 3023/6346/1511 3020/6347/1510 3021/6348/1502 3022/6349/1512
f 3022/6350/1512 3021/6351/1502 3011/6352/1501 3024/6353/1513
f 3024/6353/1513 3011/6352/1501 3010/6354/1500 3025/6355/1514
f 3025/6356/1514 3010/6357/1500 3012/6358/1499 3026/6359/1515
f 3026/6359/1515 3012/6358/1499 3013/6360/1503 3027/6361/25
f 3027/6361/25 3013/6360/1503 3014/6362/1504 3028/6363/1516
f 3028/6363/1516 3014/6362/1504 3015/6364/1505 3029/6365/1517
f 3029/6366/1517 3015/6367/1505 3016/6368/1506 3030/6369/1518
f 3030/6369/1518 3016/6368/1506 3017/6370/1507 3031/6371/1519
f 3031/6372/1519 3017/6373/1507 3018/6374/1508 3032/6375/1520
f 3032/6375/1520 3018/6374/1508 3019/6376/1509 3033/6377/9
f 3033/6377/9 3019/6376/1509 3020/6347/1510 3023/6346/1511
