# Blender 4.0.2
# www.blender.org
mtllib M249_magazine.mtl
o M249_magazine
v 0.014438 0.049632 0.226568
v -0.012730 0.049632 0.226568
v 0.014438 0.049517 0.201606
v 0.011228 0.044133 0.222852
v 0.011228 0.044133 0.201606
v -0.009519 0.044133 0.222852
v -0.009519 0.044133 0.201606
v -0.012730 0.049517 0.201606
v 0.016376 0.056388 0.232100
v 0.016376 0.064929 0.234389
v 0.016376 0.056388 0.234777
v 0.016376 0.047847 0.234389
v 0.013919 0.056388 0.232100
v 0.013919 0.056388 0.241579
v 0.013919 0.047847 0.234389
v 0.013919 0.064929 0.234389
v 0.013919 0.060189 0.242598
v 0.013919 0.071181 0.240641
v 0.013919 0.073469 0.249182
v 0.013919 0.062972 0.245380
v 0.016376 0.071181 0.240641
v 0.016376 0.073469 0.249182
v 0.016376 0.068863 0.241979
v 0.016376 0.070792 0.249182
v 0.016376 0.063590 0.236707
v 0.018813 0.068863 0.241979
v 0.018813 0.070792 0.249182
v 0.018813 0.063590 0.236707
v 0.018813 0.065854 0.243716
v 0.018813 0.067319 0.249182
v 0.018813 0.061853 0.239715
v 0.014803 0.065854 0.243716
v 0.014803 0.067319 0.249182
v 0.014803 0.062198 0.245827
v 0.014803 0.061853 0.239715
v 0.014803 0.056388 0.238251
v 0.014803 0.059742 0.243372
v 0.000000 0.059742 0.243372
v 0.014803 0.056388 0.242473
v 0.000000 0.056388 0.242473
v 0.014803 0.053034 0.243372
v 0.014803 0.050923 0.239715
v 0.014803 0.050578 0.245827
v 0.000000 0.053034 0.243372
v 0.000000 0.050578 0.245827
v -0.014803 0.053034 0.243372
v -0.014803 0.050923 0.239715
v -0.014803 0.056388 0.242473
v -0.014803 0.050578 0.245827
v -0.014803 0.049680 0.249182
v -0.014803 0.046922 0.243716
v -0.018813 0.046922 0.243716
v -0.014803 0.045457 0.249182
v -0.014803 0.046922 0.254647
v -0.018813 0.045457 0.249182
v -0.018813 0.041984 0.249182
v -0.018813 0.046922 0.254647
v -0.018813 0.050923 0.258648
v -0.018813 0.043914 0.256384
v -0.018813 0.049186 0.261656
v -0.016376 0.043914 0.256384
v -0.016376 0.049186 0.261656
v -0.016376 0.041595 0.257722
v -0.016376 0.041984 0.249182
v -0.016376 0.039307 0.249182
v -0.016376 0.043914 0.241979
v -0.016376 0.041595 0.240641
v -0.016376 0.049186 0.236707
v -0.018813 0.043914 0.241979
v -0.018813 0.049186 0.236707
v -0.018813 0.056388 0.234777
v -0.018813 0.050923 0.239715
v -0.018813 0.056388 0.238251
v -0.018813 0.061853 0.239715
v -0.014803 0.056388 0.238251
v -0.014803 0.061853 0.239715
v -0.014803 0.059742 0.243372
v -0.014803 0.065854 0.243716
v -0.014803 0.062198 0.245827
v -0.014803 0.067319 0.249182
v -0.018813 0.065854 0.243716
v -0.018813 0.068863 0.241979
v -0.018813 0.067319 0.249182
v -0.018813 0.070792 0.249182
v -0.018813 0.065854 0.254647
v -0.018813 0.068863 0.256384
v -0.018813 0.061853 0.258648
v -0.014803 0.065854 0.254647
v -0.014803 0.062198 0.252536
v -0.014803 0.061853 0.258648
v -0.014803 0.059742 0.254991
v -0.014803 0.056388 0.260112
v -0.014803 0.056388 0.255890
v -0.014803 0.050923 0.258648
v -0.018813 0.056388 0.260112
v -0.018813 0.056388 0.263586
v -0.018813 0.063590 0.261656
v -0.016376 0.056388 0.263586
v -0.016376 0.063590 0.261656
v -0.016376 0.056388 0.266263
v -0.016376 0.064929 0.263974
v -0.016376 0.047847 0.263974
v -0.013919 0.056388 0.266263
v -0.013919 0.064929 0.263974
v -0.013919 0.056388 0.256784
v -0.013919 0.047847 0.263974
v -0.013919 0.052587 0.255765
v -0.013919 0.041595 0.257722
v -0.013919 0.049804 0.252983
v -0.013919 0.039307 0.249182
v -0.013919 0.048786 0.249182
v -0.013919 0.041595 0.240641
v -0.013919 0.049804 0.245380
v -0.013919 0.047847 0.234389
v -0.013919 0.052587 0.242598
v -0.013919 0.056388 0.232100
v -0.016376 0.047847 0.234389
v -0.016376 0.056388 0.232100
v -0.016376 0.056388 0.234777
v -0.016376 0.064929 0.234389
v -0.016376 0.063590 0.236707
v -0.016376 0.071181 0.240641
v -0.013919 0.064929 0.234389
v -0.013919 0.060189 0.242598
v -0.013919 0.071181 0.240641
v -0.013919 0.062972 0.245380
v -0.013919 0.073469 0.249182
v -0.013919 0.063990 0.249182
v -0.013919 0.071181 0.257722
v -0.016376 0.073469 0.249182
v -0.016376 0.070792 0.249182
v -0.016376 0.071181 0.257722
v -0.016376 0.068863 0.256384
v -0.016376 0.068863 0.241979
v -0.013919 0.062972 0.252983
v 0.013919 0.062972 0.252983
v -0.013919 0.060189 0.255765
v 0.013919 0.060189 0.255765
v 0.013919 0.056388 0.256784
v 0.013919 0.064929 0.263974
v 0.013919 0.056388 0.266263
v 0.013919 0.071181 0.257722
v 0.016376 0.064929 0.263974
v 0.016376 0.056388 0.266263
v 0.016376 0.063590 0.261656
v 0.016376 0.071181 0.257722
v 0.016376 0.068863 0.256384
v 0.018813 0.068863 0.256384
v 0.018813 0.063590 0.261656
v 0.018813 0.065854 0.254647
v 0.018813 0.061853 0.258648
v 0.014803 0.065854 0.254647
v 0.014803 0.061853 0.258648
v 0.014803 0.062198 0.252536
v 0.014803 0.059742 0.254991
v 0.014803 0.063097 0.249182
v 0.000000 0.062198 0.252536
v 0.000000 0.059742 0.254991
v 0.000000 0.063097 0.249182
v 0.000000 0.062198 0.245827
v -0.014803 0.063097 0.249182
v 0.000000 0.056388 0.255890
v 0.000000 0.053034 0.254991
v 0.014803 0.056388 0.255890
v 0.014803 0.053034 0.254991
v 0.014803 0.056388 0.260112
v 0.014803 0.050923 0.258648
v 0.018813 0.056388 0.260112
v 0.018813 0.056388 0.263586
v 0.018813 0.050923 0.258648
v 0.018813 0.046922 0.254647
v 0.018813 0.049186 0.261656
v 0.018813 0.043914 0.256384
v 0.016376 0.049186 0.261656
v 0.016376 0.043914 0.256384
v 0.016376 0.047847 0.263974
v 0.016376 0.056388 0.263586
v 0.016376 0.041595 0.257722
v 0.013919 0.047847 0.263974
v 0.013919 0.041595 0.257722
v 0.013919 0.052587 0.255765
v 0.013919 0.049804 0.252983
v 0.013919 0.048786 0.249182
v 0.013919 0.049804 0.245380
v 0.013919 0.039307 0.249182
v 0.013919 0.041595 0.240641
v 0.016376 0.039307 0.249182
v 0.016376 0.041595 0.240641
v 0.016376 0.041984 0.249182
v 0.016376 0.043914 0.241979
v 0.018813 0.041984 0.249182
v 0.018813 0.043914 0.241979
v 0.018813 0.045457 0.249182
v 0.018813 0.046922 0.243716
v 0.014803 0.045457 0.249182
v 0.014803 0.046922 0.243716
v 0.014803 0.049680 0.249182
v 0.014803 0.046922 0.254647
v 0.014803 0.050578 0.252536
v 0.000000 0.050578 0.252536
v 0.000000 0.049680 0.249182
v -0.014803 0.050578 0.252536
v -0.014803 0.053034 0.254991
v 0.018813 0.050923 0.239715
v 0.018813 0.049186 0.236707
v 0.018813 0.056388 0.238251
v 0.018813 0.056388 0.234777
v 0.016376 0.049186 0.236707
v 0.013919 0.052587 0.242598
v 0.013919 0.063990 0.249182
v -0.013919 0.056388 0.241579
v -0.018813 0.063590 0.236707
v -0.034886 0.055475 0.306334
v -0.034886 0.055475 0.302523
v -0.034886 0.053569 0.303034
v -0.034886 0.052174 0.304429
v -0.034886 0.051664 0.306334
v -0.034886 0.052174 0.308240
v -0.034886 0.053569 0.309635
v -0.034886 0.055475 0.310146
v -0.034886 0.057381 0.309635
v -0.034886 0.058776 0.308240
v -0.034886 0.059286 0.306334
v -0.034886 0.058776 0.304429
v -0.034886 0.057381 0.303034
v 0.034652 0.057381 0.303034
v 0.034652 0.055475 0.306334
v 0.034652 0.058776 0.304429
v 0.034652 0.055475 0.302523
v 0.034652 0.053569 0.303034
v 0.034652 0.052174 0.304429
v 0.034652 0.051664 0.306334
v 0.034652 0.052174 0.308240
v 0.034652 0.053569 0.309635
v 0.034652 0.055475 0.310146
v 0.034652 0.057381 0.309635
v 0.034652 0.058776 0.308240
v 0.034652 0.059286 0.306334
v 0.017356 0.055507 0.306340
v 0.017356 0.055507 0.298237
v 0.017356 0.051455 0.299322
v 0.017356 0.048490 0.302288
v 0.017356 0.047404 0.306340
v 0.017356 0.048490 0.310391
v 0.017356 0.051455 0.313357
v 0.017356 0.055507 0.314442
v 0.017356 0.059558 0.313357
v 0.017356 0.062524 0.310391
v 0.017356 0.063610 0.306340
v 0.017356 0.062524 0.302100
v 0.017356 0.059558 0.299322
v 0.023719 0.059558 0.299322
v 0.023719 0.055507 0.306340
v 0.023719 0.062524 0.302100
v 0.023719 0.055507 0.298237
v 0.023719 0.051455 0.299322
v 0.023719 0.048490 0.302288
v 0.023719 0.047404 0.306340
v 0.023719 0.048490 0.310391
v 0.023719 0.051455 0.313357
v 0.023719 0.055507 0.314442
v 0.023719 0.059558 0.313357
v 0.023719 0.061611 0.316348
v 0.017356 0.061611 0.316348
v 0.023719 0.065643 0.314401
v 0.023719 0.061611 0.324822
v 0.017356 0.061611 0.324822
v 0.023719 0.065643 0.324741
v 0.017356 0.065643 0.324741
v 0.023719 0.069976 0.324658
v 0.017356 0.069976 0.324658
v 0.023719 0.069976 0.312411
v 0.023719 0.069809 0.307547
v 0.023719 0.062524 0.310391
v 0.017356 0.069976 0.312411
v 0.017356 0.069809 0.307547
v 0.000000 0.069976 0.312411
v 0.000000 0.069976 0.324658
v 0.000000 0.069809 0.307547
v 0.000000 0.069805 0.303308
v 0.000000 0.062524 0.302100
v 0.017356 0.069805 0.303308
v 0.023719 0.069805 0.303308
v 0.000000 0.063610 0.306340
v 0.000000 0.062524 0.310391
v 0.000000 0.059558 0.313357
v 0.000000 0.055507 0.314442
v 0.000000 0.061611 0.316348
v 0.000000 0.061611 0.324822
v 0.000000 0.065643 0.324741
v 0.023719 0.063610 0.306340
v -0.021179 0.069847 0.324868
v -0.021179 0.095359 0.324868
v -0.015471 0.069847 0.324868
v -0.021179 0.069847 0.314125
v -0.021179 0.095359 0.314125
v -0.021179 0.069847 0.309934
v -0.015471 0.069847 0.314125
v 0.015431 0.069847 0.314125
v -0.015471 0.069847 0.309934
v -0.015471 0.095359 0.309934
v 0.015431 0.069847 0.309934
v 0.015431 0.095359 0.309934
v 0.021140 0.069847 0.309934
v 0.021140 0.095359 0.309934
v 0.021140 0.069847 0.314125
v 0.021140 0.095359 0.314125
v 0.021140 0.069847 0.324868
v 0.021140 0.095359 0.324868
v 0.015431 0.069847 0.324868
v 0.015431 0.095359 0.324868
v 0.015431 0.095359 0.314125
v -0.015471 0.095359 0.324868
v 0.015431 0.116065 0.324868
v -0.015471 0.116065 0.324868
v 0.015431 0.116065 0.314125
v -0.015471 0.116065 0.314125
v -0.015471 0.095359 0.314125
v -0.021179 0.095359 0.309934
v 0.032321 -0.025189 0.331833
v 0.032321 -0.025189 0.338814
v 0.034553 -0.024285 0.331833
v 0.037359 -0.037634 0.331833
v 0.042470 -0.035565 0.331833
v 0.042398 -0.050078 0.331833
v 0.042398 -0.050078 0.338814
v 0.044631 -0.049175 0.331833
v 0.044631 -0.049175 0.338814
v 0.042470 -0.035565 0.338814
v 0.034553 -0.024285 0.338814
v 0.037359 -0.037634 0.338814
v -0.032321 -0.025189 0.331833
v -0.034553 -0.024285 0.331833
v -0.032321 -0.025189 0.338814
v -0.037359 -0.037634 0.331833
v -0.042470 -0.035565 0.331833
v -0.042398 -0.050078 0.331833
v -0.044631 -0.049175 0.331833
v -0.042398 -0.050078 0.338814
v -0.037359 -0.037634 0.338814
v -0.044631 -0.049175 0.338814
v -0.042470 -0.035565 0.338814
v -0.034553 -0.024285 0.338814
v -0.007822 0.015223 0.350566
v -0.007822 0.028943 0.350566
v -0.007822 0.015223 0.344956
v -0.003117 0.015223 0.350566
v -0.003117 0.028943 0.350566
v -0.003117 0.015223 0.344956
v 0.003117 0.015223 0.350566
v 0.007822 0.015223 0.350566
v 0.003117 0.015223 0.344956
v 0.003117 0.028943 0.350566
v 0.007822 0.028943 0.350566
v 0.003117 0.039162 0.348243
v 0.007822 0.039162 0.348243
v 0.003512 0.043132 0.344823
v -0.003117 0.039162 0.348243
v -0.007822 0.039162 0.348243
v -0.003512 0.043132 0.344823
v -0.007822 0.043132 0.344823
v -0.003512 0.045357 0.335652
v -0.003512 0.039430 0.342291
v -0.007822 0.039684 0.341375
v -0.003117 0.037424 0.343166
v -0.003512 0.040540 0.335652
v 0.003512 0.039430 0.342291
v 0.007822 0.039684 0.341375
v 0.003512 0.040540 0.335652
v 0.003117 0.037424 0.343166
v 0.007822 0.037424 0.343166
v 0.003117 0.028943 0.344956
v 0.007822 0.028943 0.344956
v -0.003117 0.028943 0.344956
v -0.007822 0.028943 0.344956
v -0.007822 0.037424 0.343166
v 0.007822 0.015223 0.344956
v 0.007822 0.040540 0.335652
v 0.003512 0.045357 0.335652
v 0.007822 0.045357 0.335652
v 0.007822 0.043132 0.344823
v -0.007822 0.040540 0.335652
v -0.007822 0.045357 0.335652
v 0.000000 0.088646 0.323847
v 0.000000 0.109305 0.323847
v 0.010329 0.106537 0.323847
v 0.017891 0.098975 0.323847
v 0.020658 0.088646 0.323847
v 0.017891 0.078317 0.323847
v 0.010329 0.070756 0.323847
v 0.000000 0.067988 0.323847
v -0.010329 0.070756 0.323847
v -0.017891 0.078317 0.323847
v -0.020658 0.088646 0.323847
v -0.017891 0.098975 0.323847
v -0.010329 0.106537 0.323847
v -0.010329 0.106537 0.331665
v -0.017891 0.098975 0.331665
v -0.010329 0.106537 0.338649
v 0.000000 0.109305 0.331665
v 0.010329 0.106537 0.331665
v 0.000000 0.109305 0.338649
v 0.000000 0.109305 0.344797
v 0.010329 0.106537 0.338649
v 0.010329 0.106537 0.344797
v 0.017891 0.098975 0.338649
v 0.017891 0.098975 0.344797
v 0.020658 0.088646 0.338649
v 0.017891 0.098975 0.331665
v 0.020658 0.088646 0.331665
v 0.017891 0.078317 0.331665
v 0.017891 0.078317 0.338649
v 0.010329 0.070756 0.331665
v 0.010329 0.070756 0.338649
v 0.011087 0.062552 0.331665
v 0.013505 0.059313 0.331665
v 0.011087 0.062552 0.323847
v 0.011087 0.062552 0.338649
v 0.011087 0.062552 0.344797
v 0.013505 0.059313 0.338649
v 0.013505 0.059313 0.344797
v 0.013507 0.053755 0.338649
v 0.013507 0.053755 0.344797
v 0.013510 0.048576 0.338816
v 0.013507 0.053755 0.331665
v 0.013507 0.053755 0.323847
v 0.013510 0.048576 0.331749
v 0.013510 0.048576 0.323847
v 0.013510 0.040101 0.331749
v 0.013510 0.040101 0.323847
v 0.013510 0.040101 0.338816
v 0.013510 0.029394 0.332173
v 0.013510 0.029394 0.323847
v 0.007465 0.029302 0.332173
v 0.015561 0.023142 0.332173
v 0.013510 0.029394 0.338140
v 0.013510 0.029394 0.344797
v 0.007465 0.029302 0.338140
v 0.015561 0.023142 0.338140
v 0.010882 0.023050 0.338140
v 0.010882 0.023050 0.332173
v 0.007465 0.029302 0.344797
v 0.007465 0.040010 0.338816
v 0.007465 0.048484 0.338816
v 0.007465 0.040010 0.345048
v 0.007465 0.040010 0.331749
v 0.007465 0.040010 0.323847
v 0.007465 0.048484 0.331749
v 0.007465 0.048484 0.323847
v 0.007463 0.053663 0.331665
v 0.007463 0.053663 0.323847
v 0.006625 0.059221 0.331665
v 0.007463 0.053663 0.338649
v 0.007463 0.053663 0.344797
v 0.006625 0.059221 0.338649
v 0.000000 0.062460 0.338649
v 0.006625 0.059221 0.344797
v 0.000000 0.062460 0.344797
v 0.006625 0.059221 0.348850
v 0.000000 0.062460 0.348850
v 0.012969 0.059313 0.348850
v 0.007463 0.053663 0.348850
v 0.012971 0.053755 0.348850
v 0.007465 0.048484 0.348850
v 0.012974 0.048576 0.348850
v 0.007465 0.048484 0.345048
v 0.013510 0.048576 0.345048
v 0.013510 0.040101 0.345048
v 0.012974 0.040101 0.348344
v 0.007465 0.040010 0.348344
v 0.012974 0.029394 0.345743
v 0.007465 0.029302 0.345743
v 0.011087 0.062552 0.348850
v 0.010329 0.070756 0.348850
v 0.000000 0.088646 0.348850
v 0.017891 0.078317 0.348850
v 0.010329 0.070756 0.344797
v 0.000000 0.067988 0.348850
v -0.010329 0.070756 0.348850
v -0.017891 0.078317 0.348850
v -0.010329 0.070756 0.344797
v -0.011087 0.062552 0.348850
v -0.012969 0.059313 0.348850
v -0.011087 0.062552 0.344797
v -0.013505 0.059313 0.344797
v -0.011087 0.062552 0.338649
v -0.013505 0.059313 0.338649
v -0.011087 0.062552 0.331665
v -0.010329 0.070756 0.338649
v -0.017891 0.078317 0.338649
v -0.010329 0.070756 0.331665
v -0.017891 0.078317 0.331665
v -0.020658 0.088646 0.331665
v -0.020658 0.088646 0.338649
v -0.020658 0.088646 0.344797
v -0.017891 0.098975 0.338649
v -0.017891 0.098975 0.344797
v -0.017891 0.098975 0.348850
v -0.010329 0.106537 0.344797
v -0.010329 0.106537 0.348850
v 0.000000 0.109305 0.348850
v 0.010329 0.106537 0.348850
v 0.017891 0.098975 0.348850
v 0.020658 0.088646 0.348850
v 0.020658 0.088646 0.344797
v 0.017891 0.078317 0.344797
v -0.020658 0.088646 0.348850
v -0.017891 0.078317 0.344797
v -0.011087 0.062552 0.323847
v -0.013505 0.059313 0.331665
v -0.013505 0.059313 0.323847
v -0.013503 0.053755 0.331665
v -0.013503 0.053755 0.323847
v -0.013501 0.048576 0.331749
v -0.013503 0.053755 0.338649
v -0.013503 0.053755 0.344797
v -0.013501 0.048576 0.338816
v -0.013501 0.048576 0.345048
v -0.013501 0.040133 0.338816
v -0.013501 0.040133 0.345048
v -0.013501 0.040133 0.331749
v -0.013501 0.029394 0.338140
v -0.013501 0.029394 0.344797
v -0.007140 0.029302 0.338140
v -0.013501 0.029394 0.332173
v -0.015572 0.023142 0.338140
v -0.010528 0.023050 0.338140
v -0.015572 0.023142 0.332173
v -0.010528 0.023050 0.332173
v -0.007140 0.029302 0.332173
v -0.007140 0.040041 0.331749
v -0.007140 0.029302 0.323847
v -0.007140 0.040041 0.323847
v -0.013501 0.029394 0.323847
v -0.013501 0.040133 0.323847
v -0.013501 0.048576 0.323847
v -0.007140 0.048484 0.323847
v -0.007143 0.053663 0.323847
v -0.007140 0.048484 0.331749
v -0.007140 0.048484 0.338816
v -0.007143 0.053663 0.331665
v -0.006309 0.059221 0.331665
v -0.007143 0.053663 0.338649
v -0.007143 0.053663 0.344797
v -0.006309 0.059221 0.338649
v -0.006309 0.059221 0.344797
v -0.006309 0.059221 0.348850
v -0.007143 0.053663 0.348850
v -0.012968 0.053755 0.348850
v -0.007140 0.048484 0.348850
v -0.012965 0.048576 0.348850
v -0.007140 0.048484 0.345048
v -0.007140 0.040041 0.345048
v -0.007140 0.040041 0.348344
v -0.007140 0.040041 0.338816
v -0.007140 0.029302 0.344797
v -0.007140 0.029302 0.345743
v -0.012965 0.029394 0.345743
v -0.012965 0.040133 0.348344
v 0.000000 0.062460 0.331665
v -0.006309 0.059221 0.323847
v 0.000000 0.062460 0.323847
v 0.006625 0.059221 0.323847
v 0.013505 0.059313 0.323847
v 0.007465 0.029302 0.323847
v -0.011339 0.055475 0.330892
v 0.011105 0.055475 0.330892
v -0.011339 0.058197 0.331622
v -0.011339 0.052753 0.331622
v 0.011105 0.052753 0.331622
v -0.011339 0.050760 0.333614
v 0.011105 0.050760 0.333614
v -0.011339 0.050031 0.336336
v 0.011105 0.050031 0.336336
v -0.011339 0.050760 0.339058
v 0.011105 0.050760 0.339058
v -0.011339 0.052753 0.341051
v 0.011105 0.052753 0.341051
v -0.011339 0.055475 0.341780
v 0.011105 0.055475 0.341780
v -0.011339 0.058197 0.341051
v 0.011105 0.058197 0.341051
v -0.011339 0.060190 0.339058
v 0.011105 0.060190 0.339058
v -0.011339 0.060919 0.336336
v 0.011105 0.060919 0.336336
v -0.011339 0.060190 0.333614
v 0.011105 0.060190 0.333614
v 0.011105 0.058197 0.331622
v 0.000000 0.102209 0.423258
v -0.007543 0.100188 0.423258
v 0.000000 0.102209 0.430260
v 0.007543 0.100188 0.423258
v 0.000000 0.094532 0.423258
v -0.003704 0.093539 0.423258
v 0.003704 0.093539 0.423258
v 0.000000 0.093510 0.426549
v -0.003194 0.092654 0.426549
v 0.003194 0.092654 0.426549
v 0.000000 0.087123 0.426549
v 0.005531 0.090317 0.426549
v 0.006387 0.087123 0.426549
v 0.005531 0.083929 0.426549
v 0.003194 0.081592 0.426549
v 0.000000 0.080736 0.426549
v -0.003194 0.081592 0.426549
v -0.005531 0.083929 0.426549
v -0.006387 0.087123 0.426549
v -0.005531 0.090317 0.426549
v -0.006416 0.090827 0.423258
v -0.013065 0.094666 0.423258
v -0.007409 0.087123 0.423258
v -0.006416 0.083419 0.423258
v -0.015086 0.087123 0.423258
v -0.013065 0.079580 0.423258
v -0.015086 0.087123 0.430260
v -0.018746 0.087123 0.430260
v -0.013065 0.094666 0.430260
v -0.013065 0.079580 0.430260
v -0.016235 0.077750 0.430260
v -0.007543 0.074058 0.430260
v 0.000000 0.072037 0.430260
v -0.009373 0.070888 0.430260
v -0.007543 0.074058 0.423258
v 0.000000 0.072037 0.423258
v -0.003704 0.080707 0.423258
v 0.000000 0.079714 0.423258
v 0.003704 0.080707 0.423258
v 0.006416 0.083419 0.423258
v 0.007543 0.074058 0.423258
v 0.007543 0.074058 0.430260
v 0.013065 0.079580 0.423258
v 0.015086 0.087123 0.423258
v 0.013065 0.079580 0.430260
v 0.016235 0.077750 0.430260
v 0.015086 0.087123 0.430260
v 0.013065 0.094666 0.430260
v 0.018746 0.087123 0.430260
v 0.016235 0.096496 0.430260
v 0.018746 0.087123 0.420096
v 0.016235 0.096496 0.420096
v 0.016235 0.077750 0.420096
v 0.011221 0.084935 0.417227
v 0.009717 0.079324 0.417227
v 0.009717 0.090545 0.417227
v 0.011221 0.084935 0.397825
v 0.009717 0.079324 0.397825
v 0.009717 0.090545 0.397825
v 0.008739 0.086312 0.396204
v 0.007568 0.081943 0.396204
v 0.007568 0.090682 0.396204
v 0.008739 0.086312 0.391787
v 0.007568 0.081943 0.391787
v 0.007568 0.090682 0.391787
v 0.009434 0.086312 0.388464
v 0.008170 0.081595 0.388464
v 0.008170 0.091030 0.388464
v 0.010663 0.086029 0.366216
v 0.009234 0.091360 0.366216
v 0.009234 0.080697 0.366216
v 0.013608 0.086191 0.361961
v 0.011785 0.092995 0.361961
v 0.011785 0.079387 0.361961
v 0.019266 0.086191 0.360590
v 0.016685 0.095824 0.360590
v 0.016685 0.076558 0.360590
v 0.019266 0.086191 0.357551
v 0.016685 0.095824 0.357551
v 0.016685 0.076558 0.357551
v 0.016395 0.086191 0.355890
v 0.014199 0.094389 0.355890
v 0.014199 0.077993 0.355890
v 0.016395 0.086191 0.353620
v 0.014199 0.094389 0.353620
v 0.014199 0.077993 0.353620
v 0.018898 0.086191 0.352040
v 0.016366 0.095640 0.352040
v 0.016366 0.076742 0.352040
v 0.018898 0.086191 0.348960
v 0.016366 0.095640 0.348960
v 0.016366 0.076742 0.348960
v 0.015126 0.086191 0.346326
v 0.013100 0.093754 0.346326
v 0.013100 0.078628 0.346326
v 0.007563 0.073091 0.346326
v 0.000000 0.071065 0.346326
v 0.009449 0.069825 0.348960
v 0.000000 0.067293 0.348960
v 0.009449 0.069825 0.352040
v 0.008198 0.071992 0.353620
v 0.000000 0.067293 0.352040
v 0.000000 0.069796 0.353620
v -0.009449 0.069825 0.352040
v -0.016366 0.076742 0.352040
v -0.008198 0.071992 0.353620
v -0.009449 0.069825 0.348960
v -0.016366 0.076742 0.348960
v -0.007563 0.073091 0.346326
v -0.013100 0.078628 0.346326
v -0.015126 0.086191 0.346326
v -0.018898 0.086191 0.348960
v -0.013100 0.093754 0.346326
v -0.007563 0.099291 0.346326
v -0.016366 0.095640 0.348960
v -0.016366 0.095640 0.352040
v -0.009449 0.102557 0.348960
v 0.000000 0.105089 0.348960
v -0.009449 0.102557 0.352040
v 0.000000 0.105089 0.352040
v -0.008198 0.100390 0.353620
v 0.000000 0.102586 0.353620
v -0.008198 0.100390 0.355890
v -0.014199 0.094389 0.353620
v -0.014199 0.094389 0.355890
v -0.016395 0.086191 0.353620
v -0.016395 0.086191 0.355890
v -0.014199 0.077993 0.353620
v -0.018898 0.086191 0.352040
v -0.014199 0.077993 0.355890
v -0.016685 0.076558 0.357551
v -0.008198 0.071992 0.355890
v -0.009633 0.069506 0.357551
v 0.000000 0.069796 0.355890
v 0.000000 0.066925 0.357551
v 0.008198 0.071992 0.355890
v 0.009633 0.069506 0.357551
v 0.009633 0.069506 0.360590
v 0.006804 0.074406 0.361961
v 0.000000 0.066925 0.360590
v -0.009633 0.069506 0.360590
v 0.000000 0.072583 0.361961
v -0.006804 0.074406 0.361961
v 0.000000 0.075366 0.366216
v -0.005331 0.076795 0.366216
v 0.000000 0.076878 0.388464
v 0.005331 0.076795 0.366216
v 0.004717 0.078142 0.388464
v 0.004369 0.078745 0.391787
v 0.004369 0.078745 0.396204
v 0.000000 0.077574 0.391787
v -0.004369 0.078745 0.391787
v 0.000000 0.077574 0.396204
v -0.004369 0.078745 0.396204
v 0.000000 0.073714 0.397825
v 0.000000 0.073714 0.417227
v 0.005610 0.075217 0.397825
v -0.005610 0.075217 0.397825
v -0.005610 0.075217 0.417227
v -0.009717 0.079324 0.397825
v -0.011221 0.084935 0.397825
v -0.009717 0.079324 0.417227
v -0.007568 0.081943 0.396204
v -0.008739 0.086312 0.396204
v -0.007568 0.081943 0.391787
v -0.008739 0.086312 0.391787
v -0.008170 0.081595 0.388464
v -0.009434 0.086312 0.388464
v -0.004717 0.078142 0.388464
v -0.009234 0.080697 0.366216
v -0.010663 0.086029 0.366216
v -0.011785 0.079387 0.361961
v -0.013608 0.086191 0.361961
v -0.016685 0.076558 0.360590
v -0.019266 0.086191 0.360590
v -0.016685 0.095824 0.360590
v -0.019266 0.086191 0.357551
v -0.016685 0.095824 0.357551
v -0.009633 0.102876 0.357551
v 0.000000 0.105457 0.357551
v -0.009633 0.102876 0.360590
v 0.000000 0.105457 0.360590
v -0.006804 0.097976 0.361961
v 0.000000 0.099799 0.361961
v -0.005331 0.095263 0.366216
v -0.011785 0.092995 0.361961
v -0.009234 0.091360 0.366216
v -0.008170 0.091030 0.388464
v -0.007568 0.090682 0.391787
v -0.004717 0.094483 0.388464
v 0.000000 0.095747 0.388464
v -0.004369 0.093880 0.391787
v 0.000000 0.095051 0.391787
v -0.004369 0.093880 0.396204
v -0.005610 0.094652 0.397825
v -0.007568 0.090682 0.396204
v 0.000000 0.095051 0.396204
v 0.000000 0.096155 0.397825
v 0.004369 0.093880 0.396204
v 0.005610 0.094652 0.397825
v 0.004369 0.093880 0.391787
v 0.004717 0.094483 0.388464
v 0.005331 0.095263 0.366216
v 0.000000 0.096692 0.366216
v 0.006804 0.097976 0.361961
v 0.009633 0.102876 0.360590
v 0.009633 0.102876 0.357551
v 0.008198 0.100390 0.355890
v 0.000000 0.102586 0.355890
v 0.008198 0.100390 0.353620
v 0.009449 0.102557 0.352040
v 0.009449 0.102557 0.348960
v 0.007563 0.099291 0.346326
v 0.000000 0.101317 0.346326
v 0.005610 0.094652 0.417227
v 0.009373 0.103358 0.420096
v 0.000000 0.096155 0.417227
v 0.000000 0.105869 0.420096
v -0.005610 0.094652 0.417227
v -0.009373 0.103358 0.420096
v -0.009717 0.090545 0.417227
v -0.016235 0.096496 0.420096
v -0.011221 0.084935 0.417227
v -0.009717 0.090545 0.397825
v -0.018746 0.087123 0.420096
v -0.016235 0.077750 0.420096
v -0.009373 0.070888 0.420096
v 0.000000 0.068377 0.420096
v 0.000000 0.068377 0.430260
v 0.009373 0.070888 0.420096
v 0.009373 0.070888 0.430260
v 0.005610 0.075217 0.417227
v -0.016235 0.096496 0.430260
v -0.009373 0.103358 0.430260
v -0.007543 0.100188 0.430260
v 0.000000 0.105869 0.430260
v 0.009373 0.103358 0.430260
v 0.007543 0.100188 0.430260
v 0.013065 0.094666 0.423258
v 0.006416 0.090827 0.423258
v 0.007409 0.087123 0.423258
vn -0.6623 0.3077 0.6831
vn -0.4012 -0.8369 0.3723
vn 0.4012 -0.8369 0.3723
vn 0.6623 0.3077 0.6831
vn 0.7238 0.4110 -0.5542
vn -0.7238 0.4110 -0.5542
vn 0.3924 -0.6874 -0.6111
vn -0.3924 -0.6874 -0.6111
vn -0.6532 0.3786 -0.6557
vn 0.6532 0.3786 -0.6557
vn 0.6532 -0.0000 -0.7572
vn -0.6532 -0.0000 -0.7572
vn 0.7703 0.3189 -0.5523
vn 0.7703 -0.0000 -0.6377
vn 0.6532 -0.3786 -0.6557
vn 0.7703 -0.3189 -0.5523
vn -0.6532 -0.3786 -0.6557
vn -0.7703 -0.0000 -0.6377
vn -0.7703 0.3189 -0.5523
vn -0.7703 -0.3189 -0.5523
vn -0.7703 0.5523 -0.3189
vn -0.6532 0.6557 -0.3786
vn 0.6532 0.6557 -0.3786
vn -0.6532 0.7572 -0.0000
vn 0.6532 0.7572 -0.0000
vn -0.7703 0.6377 -0.0000
vn 0.7703 0.6377 -0.0000
vn 0.7703 0.5523 -0.3189
vn 0.7703 -0.6377 -0.0000
vn 0.7703 -0.5523 0.3189
vn 0.7703 -0.3189 0.5523
vn 0.6532 -0.7572 -0.0000
vn 0.6532 -0.6557 0.3786
vn 0.6532 -0.3786 0.6557
vn 0.6532 -0.0000 0.7572
vn 0.7703 -0.0000 0.6377
vn -0.0000 -0.8660 0.5000
vn -0.0000 -0.5000 0.8660
vn -0.0000 -0.0000 1.0000
vn -0.0000 0.5000 0.8660
vn 0.7703 0.3189 0.5523
vn 0.6532 0.3786 0.6557
vn 0.6532 0.6557 0.3786
vn 0.7703 0.5523 0.3189
vn -0.0000 0.8660 0.5000
vn -0.7703 -0.0000 0.6377
vn -0.7703 0.3189 0.5523
vn -0.7703 0.5523 0.3189
vn -0.6532 0.6557 0.3786
vn -0.6532 0.3786 0.6557
vn -0.6532 -0.0000 0.7572
vn -0.0000 1.0000 -0.0000
vn -0.6532 -0.6557 0.3786
vn -0.6532 -0.7572 -0.0000
vn -0.6532 -0.6557 -0.3786
vn -0.6532 -0.3786 0.6557
vn -0.7703 -0.3189 0.5523
vn -0.7703 -0.5523 0.3189
vn -0.7703 -0.6377 -0.0000
vn -0.7703 -0.5523 -0.3189
vn 0.6532 -0.6557 -0.3786
vn 0.7703 -0.5523 -0.3189
vn -0.0000 -0.5000 -0.8660
vn -0.0000 -0.8660 -0.5000
vn -0.0000 -1.0000 -0.0000
vn -0.0000 -0.0000 -1.0000
vn -0.0000 0.5000 -0.8660
vn -0.0000 0.8660 -0.5000
vn -1.0000 -0.0000 -0.0000
vn 1.0000 -0.0000 -0.0000
vn -0.6563 0.3665 -0.6595
vn -0.6021 -0.4023 0.6897
vn -0.6543 -0.7563 -0.0042
vn -0.5552 0.0143 -0.8316
vn 0.7786 0.2778 -0.5628
vn 0.6563 0.3665 -0.6595
vn 0.7117 -0.1956 0.6747
vn 0.8673 -0.4010 0.2949
vn -0.0000 -0.8056 0.5925
vn 0.5763 -0.5720 0.5837
vn -0.0000 -0.6999 0.7142
vn 0.7072 0.0139 0.7069
vn -0.0000 0.0197 0.9998
vn 0.5784 0.5823 0.5713
vn -0.0000 0.7139 0.7003
vn 0.7033 0.7108 -0.0122
vn -0.0000 0.9999 -0.0171
vn 0.7109 0.7032 -0.0124
vn -0.0000 0.9998 -0.0176
vn -0.0000 0.7624 -0.6471
vn -0.0000 -0.7370 -0.6759
vn 0.5865 0.6175 -0.5241
vn -0.0000 -1.0000 -0.0056
vn -0.0000 -0.9998 -0.0204
vn -0.5774 -0.5774 0.5774
vn -0.5774 0.5774 0.5774
vn -0.7071 0.7071 -0.0000
vn -0.7071 -0.7071 -0.0000
vn -0.0000 -0.7071 0.7071
vn -0.3015 0.3015 0.9045
vn -0.5774 0.5774 -0.5774
vn -0.5774 -0.5774 -0.5774
vn -0.0000 -0.7071 -0.7071
vn -0.0000 0.7071 -0.7071
vn 0.5774 0.5774 -0.5774
vn 0.5774 -0.5774 -0.5774
vn 0.7071 -0.7071 -0.0000
vn 0.7071 0.7071 -0.0000
vn 0.5774 0.5774 0.5774
vn 0.5774 -0.5774 0.5774
vn 0.3015 0.3015 0.9045
vn 0.3015 0.9045 -0.3015
vn -0.3015 0.9045 -0.3015
vn -0.2654 0.6554 -0.7071
vn -0.2654 0.6554 0.7071
vn 0.2285 0.7742 0.5903
vn 0.2285 0.7742 -0.5903
vn 0.6966 0.2820 -0.6597
vn 0.2654 -0.6554 -0.7071
vn 0.7028 -0.3971 -0.5903
vn 0.2654 -0.6554 0.7071
vn 0.7028 -0.3971 0.5903
vn 0.6966 0.2820 0.6597
vn 0.2654 0.6554 -0.7071
vn -0.6966 0.2820 -0.6597
vn -0.2285 0.7742 -0.5903
vn -0.2285 0.7742 0.5903
vn 0.2654 0.6554 0.7071
vn -0.2654 -0.6554 -0.7071
vn -0.7028 -0.3971 -0.5903
vn -0.2654 -0.6554 0.7071
vn -0.7028 -0.3971 0.5903
vn -0.6966 0.2820 0.6597
vn -0.0000 0.1115 0.9938
vn -0.6828 0.0815 0.7260
vn -0.7312 -0.0708 -0.6784
vn 0.6828 0.0815 0.7260
vn 0.6566 0.3398 0.6734
vn -0.0000 0.4505 0.8928
vn 0.6443 0.6524 0.3990
vn -0.2494 0.9208 0.2999
vn 0.2494 0.9208 0.2999
vn -0.6566 0.3398 0.6734
vn -0.6443 0.6524 0.3990
vn 0.6470 0.7410 0.1798
vn -0.6470 0.7410 0.1798
vn 0.7378 -0.6666 -0.1060
vn 0.4034 -0.3787 -0.8330
vn -0.4034 -0.3787 -0.8330
vn -0.7969 -0.5209 -0.3060
vn -0.7421 -0.6620 -0.1053
vn 0.0160 -0.3340 -0.9424
vn -0.7487 -0.2459 -0.6156
vn -0.0160 -0.3340 -0.9424
vn 0.7487 -0.2459 -0.6156
vn 0.7969 -0.5209 -0.3060
vn -0.7378 -0.6666 -0.1060
vn 0.7421 -0.6620 -0.1053
vn 0.7312 -0.0708 -0.6784
vn -0.0000 -0.1038 -0.9946
vn -0.3786 0.6557 -0.6532
vn -0.0000 0.7572 -0.6532
vn 0.3786 0.6557 -0.6532
vn 0.6557 0.3786 -0.6532
vn 0.7572 -0.0000 -0.6532
vn 0.6557 -0.3786 -0.6532
vn 0.5433 -0.1962 -0.8163
vn -0.5433 -0.1962 -0.8163
vn -0.6557 -0.3786 -0.6532
vn -0.7572 -0.0000 -0.6532
vn -0.6557 0.3786 -0.6532
vn -0.8660 0.5000 -0.0000
vn -0.5000 0.8660 -0.0000
vn 0.5000 0.8660 -0.0000
vn 0.8660 0.5000 -0.0000
vn 0.8660 -0.5000 -0.0000
vn 0.9405 -0.3397 -0.0000
vn 0.9335 0.3585 -0.0000
vn 0.5917 0.2272 -0.7735
vn 0.9490 0.3152 -0.0000
vn 0.7271 0.2415 -0.6426
vn 0.9384 0.3454 0.0142
vn 0.9531 0.2988 0.0487
vn 0.9978 0.0012 0.0657
vn 1.0000 0.0004 -0.0000
vn 0.9007 -0.2717 0.3389
vn 1.0000 0.0002 -0.0000
vn 0.7071 0.0003 -0.7071
vn 0.7072 0.0002 -0.7071
vn 0.7071 -0.0000 -0.7071
vn 0.9070 -0.2105 -0.3647
vn 0.5813 -0.5725 -0.5782
vn 0.9070 -0.2105 0.3647
vn -0.8686 -0.4490 -0.2098
vn -0.5733 -0.5821 -0.5766
vn 0.6739 -0.4781 -0.5633
vn -0.3987 -0.6875 -0.6069
vn 0.6739 -0.4781 0.5633
vn 0.7575 -0.6462 0.0928
vn -0.7016 -0.7126 0.0016
vn -0.8686 -0.4490 0.2098
vn 0.8885 0.2599 0.3781
vn -0.3987 -0.6875 0.6069
vn -0.9063 0.3005 0.2972
vn -1.0000 -0.0002 -0.0000
vn -0.9027 -0.3027 0.3058
vn -0.7071 -0.0002 -0.7072
vn -0.7071 -0.0000 -0.7071
vn -0.9972 -0.0749 -0.0000
vn -0.6876 -0.0517 -0.7243
vn -0.8064 -0.5914 -0.0000
vn -0.4522 -0.3316 -0.8280
vn 0.0098 -1.0000 -0.0000
vn -0.4522 -0.3316 0.8280
vn 0.0056 -0.5679 0.8231
vn -0.6876 -0.0517 0.7243
vn 0.6916 0.2142 0.6898
vn 0.6029 0.2125 0.7690
vn 0.6584 0.0014 0.7527
vn -0.5729 -0.5823 0.5768
vn 0.5382 -0.5793 0.6121
vn 0.4905 0.5091 0.7072
vn 0.4815 -0.6881 0.5429
vn -0.5696 0.5041 0.6492
vn -0.5856 -0.6381 0.4999
vn 0.5433 -0.1962 0.8163
vn 0.6557 -0.3786 0.6532
vn -0.5433 -0.1962 0.8163
vn -0.6029 0.2125 0.7690
vn -0.6557 -0.3786 0.6532
vn -0.9405 -0.3397 -0.0000
vn -0.8660 -0.5000 -0.0000
vn -0.9383 0.3454 0.0142
vn -0.6917 0.2140 0.6898
vn 0.4585 -0.3291 0.8255
vn -0.9532 0.2984 0.0488
vn -0.9335 0.3585 -0.0000
vn -0.9491 0.3149 -0.0000
vn -0.5917 0.2272 -0.7735
vn -0.6557 0.3786 0.6532
vn -0.3786 0.6557 0.6532
vn -0.7572 -0.0000 0.6532
vn -0.0000 0.7572 0.6532
vn 0.3786 0.6557 0.6532
vn 0.6557 0.3786 0.6532
vn 0.7572 -0.0000 0.6532
vn -0.7273 0.2413 -0.6426
vn -0.7071 -0.0003 -0.7071
vn -1.0000 -0.0004 -0.0000
vn -0.9978 0.0004 0.0657
vn -0.9005 -0.2723 0.3390
vn -0.8886 0.2599 0.3779
vn -0.9069 -0.2097 0.3655
vn -0.7573 -0.6465 0.0927
vn -0.9069 -0.2097 -0.3655
vn 0.8690 -0.4479 0.2102
vn 0.7019 -0.7123 0.0015
vn -0.6743 -0.4777 0.5631
vn 0.4004 -0.6866 0.6068
vn -0.6743 -0.4777 -0.5631
vn 0.4004 -0.6866 -0.6068
vn 0.8690 -0.4479 -0.2102
vn 0.5735 -0.5819 -0.5766
vn -0.5811 -0.5728 -0.5781
vn 0.6876 -0.0511 -0.7243
vn 0.9972 -0.0741 -0.0000
vn 0.8123 -0.5832 -0.0000
vn 0.4585 -0.3291 -0.8255
vn 0.9029 -0.3022 0.3056
vn 0.6876 -0.0511 0.7243
vn -0.6584 0.0008 0.7527
vn -0.5377 -0.5798 0.6121
vn 0.5734 -0.5818 0.5768
vn 0.9062 0.3005 0.2974
vn -0.4907 0.5091 0.7071
vn 0.5694 0.5046 0.6489
vn 0.5858 -0.6378 0.5001
vn -0.4812 -0.6883 0.5430
vn 0.0056 -0.5679 -0.8231
vn -0.0000 -0.7572 0.6532
vn 0.3786 -0.6557 0.6532
vn -0.2608 0.4516 0.8532
vn -0.0000 0.5215 0.8532
vn -0.0000 -0.6377 0.7703
vn 0.3189 -0.5523 0.7703
vn -0.3189 -0.5523 0.7703
vn -0.3786 -0.6557 0.6532
vn 0.2608 0.4516 0.8532
vn -0.3250 0.5629 0.7599
vn -0.0000 0.6500 0.7599
vn 0.3250 0.5629 0.7599
vn 0.5629 0.3250 0.7599
vn 0.6500 -0.0000 0.7599
vn 0.5629 -0.3250 0.7599
vn 0.3250 -0.5629 0.7599
vn -0.0000 -0.6500 0.7599
vn -0.3250 -0.5629 0.7599
vn -0.5629 -0.3250 0.7599
vn -0.6500 -0.0000 0.7599
vn -0.5629 0.3250 0.7599
vn -0.4516 0.2608 0.8532
vn -0.5215 -0.0000 0.8532
vn -0.4516 -0.2608 0.8532
vn 0.6377 -0.0000 0.7703
vn 0.5523 0.3189 0.7703
vn 0.5523 -0.3189 0.7703
vn 0.3189 0.5523 0.7703
vn -0.0000 0.6377 0.7703
vn -0.0000 -0.5215 0.8532
vn -0.2608 -0.4516 0.8532
vn 0.2608 -0.4516 0.8532
vn 0.4516 -0.2608 0.8532
vn -0.3189 0.5523 0.7703
vn -0.5523 0.3189 0.7703
vn 0.5215 -0.0000 0.8532
vn -0.6377 -0.0000 0.7703
vn -0.5523 -0.3189 0.7703
vn 0.7243 0.4239 -0.5437
vn 0.8488 0.0071 -0.5287
vn 0.7498 -0.4237 -0.5083
vn 0.7900 -0.0134 -0.6130
vn 0.6743 0.3785 -0.6341
vn 0.6939 -0.4177 -0.5866
vn 0.7498 -0.4454 -0.4894
vn 0.8921 -0.0171 -0.4516
vn 0.8077 0.4411 -0.3913
vn 0.7278 -0.3973 -0.5590
vn 0.8654 0.0307 -0.5001
vn 0.7684 0.4860 -0.4163
vn 0.8613 -0.4972 0.1048
vn 0.9945 -0.0000 0.1048
vn 0.8613 0.4972 0.1048
vn 0.8589 -0.4948 0.1320
vn 0.9917 0.0011 0.1288
vn 0.8587 0.4969 0.1256
vn 0.8143 -0.4739 0.3351
vn 0.9408 -0.0037 0.3389
vn 0.8152 0.4670 0.3426
vn 0.5230 0.0017 0.8524
vn 0.4480 0.2603 0.8553
vn 0.4579 -0.2626 0.8493
vn 0.8196 -0.0000 0.5729
vn 0.7098 0.4098 0.5729
vn 0.7098 -0.4098 0.5729
vn 0.8843 -0.0000 -0.4669
vn 0.7658 0.4421 -0.4669
vn 0.7658 -0.4421 -0.4669
vn 0.8424 -0.0000 -0.5389
vn 0.7295 0.4212 -0.5389
vn 0.7295 -0.4212 -0.5389
vn 0.8543 -0.0000 0.5198
vn 0.7398 0.4271 0.5198
vn 0.7398 -0.4271 0.5198
vn 0.8921 -0.0000 0.4519
vn 0.7726 0.4460 0.4519
vn 0.7726 -0.4460 0.4519
vn 0.9011 -0.0000 -0.4336
vn 0.7804 0.4505 -0.4336
vn 0.7804 -0.4505 -0.4336
vn 0.5726 -0.0000 -0.8199
vn 0.4958 0.2863 -0.8199
vn 0.4958 -0.2863 -0.8199
vn 0.4505 -0.7804 -0.4336
vn 0.2863 -0.4958 -0.8199
vn -0.0000 -0.9011 -0.4336
vn -0.0000 -0.5726 -0.8199
vn 0.4460 -0.7726 0.4519
vn -0.0000 -0.8921 0.4519
vn 0.4271 -0.7398 0.5198
vn -0.0000 -0.8543 0.5198
vn -0.4271 -0.7398 0.5198
vn -0.4460 -0.7726 0.4519
vn -0.4505 -0.7804 -0.4336
vn -0.7726 -0.4460 0.4519
vn -0.7804 -0.4506 -0.4336
vn -0.7398 -0.4271 0.5198
vn -0.4958 -0.2863 -0.8199
vn -0.2863 -0.4958 -0.8199
vn -0.9011 -0.0000 -0.4336
vn -0.5726 -0.0000 -0.8199
vn -0.7804 0.4505 -0.4336
vn -0.4958 0.2863 -0.8199
vn -0.4505 0.7804 -0.4336
vn -0.2863 0.4958 -0.8199
vn -0.7726 0.4460 0.4519
vn -0.4460 0.7726 0.4519
vn -0.8921 -0.0000 0.4519
vn -0.0000 0.9011 -0.4336
vn -0.0000 0.5726 -0.8199
vn -0.0000 0.8921 0.4519
vn -0.4271 0.7398 0.5198
vn -0.0000 0.8543 0.5198
vn -0.7398 0.4271 0.5198
vn -0.4212 0.7295 -0.5389
vn -0.0000 0.8424 -0.5389
vn -0.7295 0.4212 -0.5389
vn -0.8424 -0.0000 -0.5389
vn -0.8543 -0.0000 0.5198
vn -0.7295 -0.4212 -0.5389
vn -0.4212 -0.7295 -0.5389
vn -0.7658 -0.4422 -0.4669
vn -0.8843 -0.0000 -0.4669
vn -0.4421 -0.7658 -0.4669
vn -0.0000 -0.8843 -0.4669
vn -0.0000 -0.8424 -0.5389
vn 0.4421 -0.7658 -0.4669
vn 0.4212 -0.7295 -0.5389
vn 0.4098 -0.7098 0.5729
vn -0.0000 -0.8196 0.5729
vn 0.2666 -0.4599 0.8470
vn -0.0000 -0.5329 0.8462
vn -0.4098 -0.7098 0.5729
vn -0.2666 -0.4599 0.8470
vn -0.0000 -0.9435 0.3312
vn -0.4700 -0.8178 0.3323
vn 0.4700 -0.8178 0.3323
vn -0.0000 -0.9908 0.1352
vn -0.4959 -0.8579 0.1343
vn 0.4959 -0.8579 0.1343
vn 0.4972 -0.8613 0.1048
vn -0.0000 -0.9945 0.1048
vn 0.4117 -0.6942 -0.5904
vn -0.0000 -0.8000 -0.6001
vn -0.4972 -0.8613 0.1048
vn -0.4117 -0.6942 -0.5904
vn -0.0000 -0.8571 -0.5151
vn -0.4259 -0.7480 -0.5090
vn 0.4259 -0.7480 -0.5090
vn -0.0000 -0.8324 -0.5543
vn -0.4040 -0.7206 -0.5635
vn 0.4040 -0.7206 -0.5635
vn -0.6939 -0.4177 -0.5866
vn -0.7498 -0.4454 -0.4894
vn -0.7278 -0.3973 -0.5590
vn -0.8921 -0.0171 -0.4516
vn -0.8654 0.0307 -0.5001
vn -0.7900 -0.0134 -0.6130
vn -0.9945 -0.0000 0.1048
vn -0.8613 -0.4972 0.1048
vn -0.9917 0.0011 0.1288
vn -0.8589 -0.4948 0.1320
vn -0.9408 -0.0037 0.3389
vn -0.8143 -0.4739 0.3351
vn -0.5230 0.0017 0.8524
vn -0.4579 -0.2626 0.8493
vn -0.7098 -0.4098 0.5729
vn -0.8196 -0.0000 0.5729
vn -0.7098 0.4098 0.5729
vn -0.7658 0.4421 -0.4669
vn -0.4480 0.2603 0.8553
vn -0.4098 0.7098 0.5729
vn -0.4422 0.7658 -0.4669
vn -0.0000 0.8843 -0.4669
vn -0.0000 0.8196 0.5729
vn -0.2566 0.4461 0.8574
vn -0.0000 0.5134 0.8582
vn -0.4708 0.8119 0.3452
vn -0.0000 0.9382 0.3462
vn -0.8152 0.4670 0.3426
vn -0.8587 0.4969 0.1256
vn -0.4957 0.8597 0.1233
vn -0.8613 0.4972 0.1048
vn -0.4972 0.8613 0.1048
vn -0.0000 0.9925 0.1225
vn -0.0000 0.9945 0.1048
vn -0.4464 0.8281 -0.3390
vn -0.0000 0.9510 -0.3092
vn -0.7684 0.4860 -0.4163
vn -0.4894 0.8117 -0.3188
vn -0.0000 0.9595 -0.2817
vn -0.8077 0.4411 -0.3913
vn 0.4894 0.8117 -0.3188
vn 0.4464 0.8281 -0.3390
vn 0.4972 0.8613 0.1048
vn 0.4957 0.8597 0.1233
vn 0.4708 0.8119 0.3452
vn 0.2566 0.4461 0.8574
vn 0.4098 0.7098 0.5729
vn 0.4422 0.7658 -0.4669
vn 0.4212 0.7295 -0.5389
vn 0.4271 0.7398 0.5198
vn 0.4460 0.7726 0.4519
vn 0.4505 0.7804 -0.4336
vn 0.2863 0.4958 -0.8199
vn 0.3854 0.6582 -0.6467
vn -0.0000 0.7592 -0.6509
vn 0.4146 0.7231 -0.5525
vn -0.0000 0.8316 -0.5554
vn -0.4146 0.7231 -0.5525
vn -0.3854 0.6582 -0.6467
vn -0.7243 0.4239 -0.5437
vn -0.6743 0.3785 -0.6341
vn -0.8488 0.0071 -0.5287
vn -0.7498 -0.4237 -0.5083
vn -0.4414 -0.7530 -0.4881
vn -0.0000 -0.8778 -0.4790
vn 0.4414 -0.7530 -0.4881
vn 0.4516 0.2608 0.8532
vt 0.829468 0.970575
vt 0.834410 0.973466
vt 0.834410 0.992119
vt 0.829468 0.995000
vt 0.462597 0.923561
vt 0.462597 0.947986
vt 0.440165 0.947986
vt 0.440165 0.923560
vt 0.692238 0.944853
vt 0.687318 0.941480
vt 0.687407 0.922379
vt 0.692238 0.922410
vt 0.789127 0.788350
vt 0.807780 0.788350
vt 0.807780 0.807451
vt 0.789127 0.807451
vt 0.920325 0.482241
vt 0.915488 0.482273
vt 0.915400 0.463172
vt 0.920325 0.459798
vt 0.992914 0.178175
vt 0.997754 0.181062
vt 0.997754 0.199710
vt 0.992914 0.202594
vt 0.879255 0.656398
vt 0.881464 0.656398
vt 0.881414 0.664057
vt 0.879206 0.664058
vt 0.809438 0.908608
vt 0.813413 0.915493
vt 0.811088 0.916116
vt 0.807736 0.910310
vt 0.802553 0.904634
vt 0.801930 0.906959
vt 0.881464 0.671755
vt 0.879255 0.671755
vt 0.839357 0.918129
vt 0.839357 0.914591
vt 0.847589 0.912385
vt 0.847589 0.920334
vt 0.837588 0.921193
vt 0.843615 0.927219
vt 0.837588 0.911527
vt 0.843615 0.905500
vt 0.879390 0.650828
vt 0.881598 0.650828
vt 0.807844 0.599961
vt 0.805635 0.599961
vt 0.805637 0.592339
vt 0.807846 0.592339
vt 0.834524 0.909758
vt 0.836730 0.901526
vt 0.813413 0.923443
vt 0.809438 0.930327
vt 0.807736 0.928625
vt 0.811088 0.922820
vt 0.387103 0.907288
vt 0.384912 0.907287
vt 0.384914 0.900860
vt 0.387105 0.900860
vt 0.879361 0.728720
vt 0.881551 0.728720
vt 0.881438 0.733417
vt 0.879248 0.733417
vt 0.802649 0.118991
vt 0.799297 0.124797
vt 0.797089 0.122588
vt 0.799632 0.118183
vt 0.802649 0.112287
vt 0.799632 0.113096
vt 0.963388 0.054903
vt 0.966993 0.054903
vt 0.966993 0.059813
vt 0.963388 0.059813
vt 0.298391 0.971427
vt 0.301996 0.971426
vt 0.301991 0.975020
vt 0.298387 0.975021
vt 0.844294 0.016442
vt 0.841751 0.012036
vt 0.845417 0.011054
vt 0.846978 0.013757
vt 0.848700 0.018985
vt 0.849682 0.015318
vt 0.301991 0.979933
vt 0.298387 0.979934
vt 0.853787 0.018985
vt 0.852804 0.015318
vt 0.975473 0.060351
vt 0.975473 0.073660
vt 0.973267 0.073656
vt 0.973267 0.060347
vt 0.970252 0.073655
vt 0.970252 0.060346
vt 0.967236 0.073656
vt 0.967236 0.060347
vt 0.858192 0.016442
vt 0.855508 0.013757
vt 0.860736 0.012036
vt 0.857069 0.011054
vt 0.254230 0.973270
vt 0.254230 0.959961
vt 0.256495 0.959960
vt 0.256495 0.973269
vt 0.970252 0.086964
vt 0.967236 0.086965
vt 0.254230 0.946652
vt 0.256495 0.946650
vt 0.822765 0.012036
vt 0.826432 0.011054
vt 0.827993 0.013757
vt 0.825309 0.016442
vt 0.830697 0.015318
vt 0.829714 0.018985
vt 0.259531 0.946650
vt 0.259531 0.959959
vt 0.822765 0.006949
vt 0.826432 0.007932
vt 0.044007 0.981243
vt 0.044007 0.976297
vt 0.047612 0.976297
vt 0.047612 0.981244
vt 0.044009 0.984934
vt 0.047613 0.984935
vt 0.825309 0.002544
vt 0.827993 0.005228
vt 0.044009 0.971419
vt 0.047613 0.971420
vt 0.774279 0.124797
vt 0.772070 0.122588
vt 0.774614 0.118183
vt 0.777630 0.118991
vt 0.774614 0.113096
vt 0.777630 0.112287
vt 0.264230 0.822704
vt 0.264144 0.826268
vt 0.260540 0.826269
vt 0.260626 0.822704
vt 0.768473 0.128148
vt 0.767665 0.125132
vt 0.242460 0.953681
vt 0.240269 0.953682
vt 0.240275 0.948945
vt 0.242466 0.948944
vt 0.766684 0.962609
vt 0.768875 0.962609
vt 0.768875 0.969079
vt 0.766684 0.969079
vt 0.366103 0.900860
vt 0.366726 0.903185
vt 0.360921 0.906537
vt 0.359219 0.904835
vt 0.357569 0.912342
vt 0.355244 0.911720
vt 0.357569 0.919046
vt 0.355244 0.919669
vt 0.768875 0.975560
vt 0.766684 0.975560
vt 0.360921 0.924852
vt 0.359219 0.926553
vt 0.881551 0.773580
vt 0.879361 0.773580
vt 0.879248 0.768797
vt 0.881438 0.768797
vt 0.772070 0.108690
vt 0.774279 0.106482
vt 0.879206 0.762307
vt 0.881396 0.762306
vt 0.767665 0.106147
vt 0.768473 0.103130
vt 0.986824 0.327005
vt 0.986828 0.331919
vt 0.983223 0.331921
vt 0.983219 0.327006
vt 0.762578 0.106147
vt 0.761769 0.103130
vt 0.986824 0.322092
vt 0.983219 0.322094
vt 0.833819 0.015318
vt 0.834801 0.018985
vt 0.836523 0.013757
vt 0.839207 0.016442
vt 0.986828 0.318498
vt 0.983223 0.318499
vt 0.838084 0.011054
vt 0.841750 0.012036
vt 0.765053 0.981627
vt 0.765053 0.976717
vt 0.768657 0.976717
vt 0.768657 0.981627
vt 0.758172 0.108690
vt 0.755964 0.106482
vt 0.755629 0.113096
vt 0.752612 0.112287
vt 0.755629 0.118183
vt 0.752612 0.118991
vt 0.765053 0.986544
vt 0.768657 0.986544
vt 0.758172 0.122588
vt 0.755964 0.124797
vt 0.264144 0.836095
vt 0.264230 0.839725
vt 0.260626 0.839725
vt 0.260540 0.836096
vt 0.838084 0.007932
vt 0.841750 0.006949
vt 0.836523 0.005228
vt 0.839207 0.002544
vt 0.833819 0.003667
vt 0.834801 0.000000
vt 0.264112 0.831170
vt 0.260509 0.831170
vt 0.830697 0.003667
vt 0.829714 0.000000
vt 0.762578 0.125132
vt 0.761769 0.128148
vt 0.242466 0.966631
vt 0.240275 0.966632
vt 0.240269 0.960156
vt 0.242460 0.960155
vt 0.380937 0.904835
vt 0.379235 0.906537
vt 0.373430 0.903185
vt 0.374053 0.900860
vt 0.911073 0.239142
vt 0.911080 0.246823
vt 0.908871 0.246824
vt 0.908864 0.239143
vt 0.911073 0.231465
vt 0.908864 0.231466
vt 0.888672 0.909976
vt 0.890878 0.901744
vt 0.897762 0.905719
vt 0.891736 0.911745
vt 0.901737 0.912603
vt 0.893505 0.914809
vt 0.901737 0.920553
vt 0.893505 0.918347
vt 0.911080 0.225849
vt 0.908871 0.225850
vt 0.897762 0.927437
vt 0.891736 0.921411
vt 0.967465 0.327042
vt 0.967465 0.334715
vt 0.965256 0.334715
vt 0.965256 0.327042
vt 0.890878 0.931412
vt 0.888672 0.923180
vt 0.967465 0.319357
vt 0.965256 0.319357
vt 0.882928 0.931412
vt 0.885134 0.923180
vt 0.881464 0.698354
vt 0.881598 0.704026
vt 0.879390 0.704026
vt 0.879255 0.698354
vt 0.876044 0.927437
vt 0.882070 0.921411
vt 0.881414 0.690657
vt 0.879206 0.690657
vt 0.366726 0.928203
vt 0.366103 0.930528
vt 0.373430 0.928203
vt 0.374053 0.930528
vt 0.881464 0.682997
vt 0.879255 0.682997
vt 0.379235 0.924852
vt 0.380937 0.926553
vt 0.881598 0.677427
vt 0.879390 0.677427
vt 0.872069 0.920553
vt 0.880301 0.918347
vt 0.872069 0.912603
vt 0.880301 0.914809
vt 0.876044 0.905719
vt 0.882070 0.911745
vt 0.177116 0.877046
vt 0.177118 0.869424
vt 0.179327 0.869424
vt 0.179325 0.877046
vt 0.882928 0.901744
vt 0.885134 0.909976
vt 0.177116 0.884776
vt 0.179325 0.884776
vt 0.382587 0.919046
vt 0.384912 0.919669
vt 0.382587 0.912342
vt 0.384912 0.911719
vt 0.177118 0.890543
vt 0.179327 0.890543
vt 0.908864 0.293548
vt 0.911055 0.293548
vt 0.911055 0.300067
vt 0.908864 0.300067
vt 0.911057 0.304931
vt 0.908866 0.304930
vt 0.908866 0.287121
vt 0.911057 0.287121
vt 0.881438 0.755847
vt 0.879248 0.755848
vt 0.879361 0.751150
vt 0.881551 0.751150
vt 0.347679 0.578497
vt 0.347679 0.553469
vt 0.351119 0.553468
vt 0.351119 0.578497
vt 0.353686 0.553467
vt 0.353686 0.578496
vt 0.678672 0.971021
vt 0.678672 0.945993
vt 0.682091 0.945991
vt 0.682090 0.971020
vt 0.827923 0.911527
vt 0.826154 0.914591
vt 0.817921 0.912385
vt 0.821896 0.905500
vt 0.830986 0.909758
vt 0.828781 0.901526
vt 0.661498 0.901085
vt 0.663707 0.901084
vt 0.663714 0.908764
vt 0.661505 0.908765
vt 0.807846 0.613459
vt 0.805637 0.613458
vt 0.805635 0.607691
vt 0.807844 0.607691
vt 0.794604 0.934302
vt 0.787719 0.930327
vt 0.789421 0.928625
vt 0.795227 0.931977
vt 0.802553 0.934302
vt 0.801930 0.931977
vt 0.387103 0.913806
vt 0.384912 0.913806
vt 0.387105 0.918670
vt 0.384914 0.918670
vt 0.793491 0.128148
vt 0.786788 0.128148
vt 0.787596 0.125132
vt 0.792683 0.125132
vt 0.883765 0.172181
vt 0.887368 0.172180
vt 0.887454 0.175810
vt 0.883851 0.175810
vt 0.963388 0.049985
vt 0.966993 0.049985
vt 0.841751 0.006949
vt 0.844294 0.002543
vt 0.846978 0.005228
vt 0.845417 0.007931
vt 0.966277 0.642741
vt 0.966277 0.629436
vt 0.968505 0.629384
vt 0.968505 0.642689
vt 0.343312 0.669233
vt 0.343312 0.682542
vt 0.340294 0.682542
vt 0.340294 0.669233
vt 0.966277 0.616131
vt 0.968505 0.616078
vt 0.343312 0.695851
vt 0.340294 0.695851
vt 0.337281 0.682542
vt 0.337281 0.669233
vt 0.337281 0.695851
vt 0.975473 0.086969
vt 0.973267 0.086965
vt 0.963254 0.642760
vt 0.963255 0.629454
vt 0.963254 0.616149
vt 0.960246 0.616129
vt 0.960246 0.629435
vt 0.960246 0.642740
vt 0.848700 0.000000
vt 0.853787 0.000000
vt 0.852804 0.003667
vt 0.849682 0.003667
vt 0.883765 0.162354
vt 0.887368 0.162353
vt 0.887337 0.167255
vt 0.883733 0.167255
vt 0.780982 0.124797
vt 0.777630 0.118991
vt 0.780647 0.118183
vt 0.783190 0.122588
vt 0.883851 0.158789
vt 0.887454 0.158789
vt 0.777630 0.112287
vt 0.780647 0.113096
vt 0.947237 0.946718
vt 0.949428 0.946717
vt 0.949422 0.951453
vt 0.947232 0.951454
vt 0.949422 0.957927
vt 0.947232 0.957928
vt 0.783745 0.923443
vt 0.783745 0.915493
vt 0.786070 0.916116
vt 0.786070 0.922820
vt 0.949428 0.964404
vt 0.947237 0.964405
vt 0.661505 0.887791
vt 0.663714 0.887790
vt 0.663707 0.893407
vt 0.661498 0.893408
vt 0.826154 0.918129
vt 0.827923 0.921193
vt 0.821896 0.927219
vt 0.817921 0.920334
vt 0.685507 0.971021
vt 0.685507 0.945993
vt 0.688007 0.945997
vt 0.688007 0.971025
vt 0.830986 0.922962
vt 0.828781 0.931194
vt 0.970664 0.465048
vt 0.970664 0.440019
vt 0.974079 0.440019
vt 0.974079 0.465048
vt 0.977499 0.440019
vt 0.977499 0.465048
vt 0.834524 0.922962
vt 0.836730 0.931194
vt 0.496879 0.903933
vt 0.499088 0.903933
vt 0.499088 0.911618
vt 0.496879 0.911618
vt 0.499088 0.919290
vt 0.496879 0.919290
vt 0.787719 0.908608
vt 0.794604 0.904634
vt 0.795227 0.906959
vt 0.789421 0.910310
vt 0.538640 0.963783
vt 0.540830 0.963783
vt 0.540830 0.970264
vt 0.538640 0.970264
vt 0.540830 0.976734
vt 0.538640 0.976734
vt 0.780982 0.106482
vt 0.786788 0.103130
vt 0.787596 0.106147
vt 0.783190 0.108690
vt 0.678554 0.976929
vt 0.674949 0.976929
vt 0.674949 0.971982
vt 0.678554 0.971982
vt 0.674950 0.967105
vt 0.678555 0.967105
vt 0.860736 0.006949
vt 0.857069 0.007932
vt 0.858192 0.002544
vt 0.855508 0.005228
vt 0.958059 0.642687
vt 0.958059 0.629381
vt 0.259531 0.973268
vt 0.262524 0.959960
vt 0.262524 0.973269
vt 0.262524 0.946651
vt 0.958059 0.616076
vt 0.678555 0.980620
vt 0.674950 0.980619
vt 0.793491 0.103130
vt 0.792683 0.106147
vt 0.799297 0.106482
vt 0.797089 0.108690
vt 0.301996 0.984847
vt 0.298391 0.984849
vt 0.881396 0.739876
vt 0.879206 0.739876
vt 0.881438 0.746367
vt 0.879248 0.746367
vt 0.881551 0.751150
vt 0.879361 0.751150
vt 0.881598 0.677426
vt 0.879390 0.677427
vt 0.968509 0.848520
vt 0.968509 0.873542
vt 0.965984 0.873601
vt 0.965984 0.848580
vt 0.962559 0.873622
vt 0.962559 0.848601
vt 0.344287 0.578497
vt 0.344287 0.553468
vt 0.959150 0.848578
vt 0.959150 0.873600
vt 0.956671 0.873539
vt 0.956671 0.848518
vt 0.943299 0.056835
vt 0.944186 0.060144
vt 0.942412 0.060144
vt 0.940876 0.059258
vt 0.939989 0.057721
vt 0.939989 0.055948
vt 0.940876 0.054412
vt 0.942412 0.053525
vt 0.944186 0.053525
vt 0.945722 0.054412
vt 0.946609 0.055948
vt 0.946609 0.057721
vt 0.945722 0.059258
vt 0.396705 0.778320
vt 0.396705 0.715820
vt 0.397947 0.715850
vt 0.397947 0.778351
vt 0.399656 0.715861
vt 0.399656 0.778362
vt 0.949919 0.056835
vt 0.952342 0.059258
vt 0.950806 0.060144
vt 0.949032 0.060144
vt 0.401374 0.715851
vt 0.401374 0.778351
vt 0.953229 0.057721
vt 0.953229 0.055948
vt 0.402639 0.715821
vt 0.402639 0.778322
vt 0.952342 0.054412
vt 0.970650 0.627985
vt 0.970650 0.565467
vt 0.972365 0.565467
vt 0.972365 0.627985
vt 0.950806 0.053525
vt 0.974077 0.565467
vt 0.974077 0.627985
vt 0.949032 0.053525
vt 0.807961 0.019489
vt 0.807961 0.082008
vt 0.806707 0.082006
vt 0.806707 0.019487
vt 0.947496 0.054412
vt 0.804994 0.082005
vt 0.804994 0.019486
vt 0.946609 0.055948
vt 0.803281 0.082006
vt 0.803281 0.019487
vt 0.946609 0.057721
vt 0.179414 0.720362
vt 0.179414 0.782880
vt 0.178127 0.782881
vt 0.178127 0.720362
vt 0.947496 0.059258
vt 0.176403 0.782881
vt 0.176403 0.720363
vt 0.174702 0.782881
vt 0.174702 0.720362
vt 0.937489 0.900661
vt 0.935603 0.893624
vt 0.939374 0.893624
vt 0.942640 0.895510
vt 0.944525 0.898776
vt 0.944525 0.902546
vt 0.942640 0.905812
vt 0.939374 0.907698
vt 0.935603 0.907698
vt 0.932337 0.905812
vt 0.930452 0.902546
vt 0.930452 0.898775
vt 0.932381 0.895347
vt 0.959842 0.298922
vt 0.959850 0.304641
vt 0.957206 0.304585
vt 0.957198 0.298865
vt 0.953572 0.304565
vt 0.953565 0.298846
vt 0.879353 0.938696
vt 0.879490 0.931412
vt 0.883113 0.932457
vt 0.885732 0.935004
vt 0.949921 0.304593
vt 0.949914 0.298874
vt 0.875830 0.932320
vt 0.873113 0.934935
vt 0.947231 0.304660
vt 0.947223 0.298941
vt 0.872069 0.938559
vt 0.774596 0.991495
vt 0.768875 0.991495
vt 0.768875 0.987850
vt 0.774596 0.987850
vt 0.872977 0.942219
vt 0.768875 0.984210
vt 0.774596 0.984210
vt 0.875592 0.944935
vt 0.451369 0.953707
vt 0.451369 0.947986
vt 0.454033 0.947991
vt 0.454033 0.953711
vt 0.879216 0.945980
vt 0.457675 0.947992
vt 0.457675 0.953713
vt 0.882876 0.945072
vt 0.463161 0.947995
vt 0.463161 0.953716
vt 0.888328 0.946113
vt 0.884670 0.947796
vt 0.394984 0.976491
vt 0.394984 0.982212
vt 0.387365 0.982212
vt 0.387365 0.976491
vt 0.888153 0.955408
vt 0.884527 0.955413
vt 0.402505 0.976491
vt 0.402505 0.982212
vt 0.398879 0.982212
vt 0.398880 0.976491
vt 0.394984 0.982212
vt 0.394984 0.976491
vt 0.892256 0.944398
vt 0.892050 0.955407
vt 0.313652 0.944382
vt 0.313652 0.950103
vt 0.302645 0.950103
vt 0.302645 0.944382
vt 0.318020 0.944382
vt 0.318020 0.950103
vt 0.885592 0.942456
vt 0.886636 0.938833
vt 0.892189 0.940023
vt 0.313652 0.965707
vt 0.302645 0.965707
vt 0.318020 0.965707
vt 0.321830 0.950103
vt 0.321830 0.965707
vt 0.966378 0.298941
vt 0.959821 0.283323
vt 0.966357 0.283341
vt 0.966385 0.304660
vt 0.321830 0.944382
vt 0.892256 0.936212
vt 0.198874 0.991483
vt 0.195066 0.991483
vt 0.195066 0.975879
vt 0.198874 0.975879
vt 0.191420 0.991483
vt 0.191420 0.975879
vt 0.874501 0.635160
vt 0.877191 0.635097
vt 0.877191 0.650696
vt 0.874501 0.650759
vt 0.880842 0.635074
vt 0.880842 0.650674
vt 0.463161 0.969320
vt 0.457675 0.969317
vt 0.387365 0.960887
vt 0.394984 0.960887
vt 0.398880 0.960887
vt 0.402505 0.960887
vt 0.394984 0.960887
vt 0.953941 0.770522
vt 0.953941 0.747586
vt 0.963600 0.747586
vt 0.963600 0.770522
vt 0.712971 0.835954
vt 0.712971 0.858891
vt 0.707839 0.858891
vt 0.707839 0.835954
vt 0.929561 0.707951
vt 0.929561 0.702819
vt 0.939220 0.702819
vt 0.939220 0.707951
vt 0.967368 0.747586
vt 0.967368 0.770522
vt 0.925793 0.707951
vt 0.925793 0.702819
vt 0.929561 0.675036
vt 0.939220 0.675036
vt 0.925793 0.675036
vt 0.847589 0.906656
vt 0.870525 0.906661
vt 0.870525 0.934436
vt 0.847589 0.934431
vt 0.847589 0.901526
vt 0.870525 0.901531
vt 0.870525 0.939567
vt 0.847589 0.939562
vt 0.925793 0.669904
vt 0.929561 0.669904
vt 0.967408 0.190083
vt 0.967408 0.213019
vt 0.963640 0.213019
vt 0.963640 0.190083
vt 0.953981 0.213020
vt 0.953981 0.190083
vt 0.939220 0.669904
vt 0.745886 0.835954
vt 0.745886 0.858891
vt 0.740754 0.858891
vt 0.740754 0.835954
vt 0.954321 0.595522
vt 0.963980 0.595522
vt 0.963980 0.614138
vt 0.954321 0.614138
vt 0.945681 0.908669
vt 0.945681 0.913801
vt 0.936025 0.913801
vt 0.936025 0.908669
vt 0.740754 0.877507
vt 0.712971 0.877507
vt 0.837888 0.958977
vt 0.837888 0.931194
vt 0.847544 0.931194
vt 0.847544 0.958977
vt 0.930452 0.893620
vt 0.930452 0.865845
vt 0.949068 0.865849
vt 0.949068 0.893624
vt 0.859600 0.529149
vt 0.849941 0.529149
vt 0.849941 0.510533
vt 0.859600 0.510533
vt 0.949448 0.941585
vt 0.949448 0.946717
vt 0.945681 0.946717
vt 0.945681 0.941585
vt 0.936025 0.946717
vt 0.936025 0.941585
vt 0.949448 0.913802
vt 0.949448 0.908669
vt 0.970512 0.624887
vt 0.970512 0.631161
vt 0.968505 0.631140
vt 0.968505 0.624866
vt 0.788701 0.995444
vt 0.786536 0.995445
vt 0.783745 0.983377
vt 0.788701 0.983375
vt 0.788701 0.971306
vt 0.786536 0.971306
vt 0.200881 0.975879
vt 0.200881 0.982155
vt 0.198874 0.982158
vt 0.198874 0.975881
vt 0.088709 0.922904
vt 0.088701 0.935146
vt 0.082424 0.935139
vt 0.082433 0.922897
vt 0.688586 0.995167
vt 0.686421 0.995167
vt 0.683629 0.983096
vt 0.688586 0.983096
vt 0.688586 0.971025
vt 0.686421 0.971025
vt 0.088709 0.945309
vt 0.082433 0.945301
vt 0.796510 0.971306
vt 0.796510 0.983377
vt 0.791554 0.983377
vt 0.794345 0.971306
vt 0.280954 0.964689
vt 0.282961 0.964667
vt 0.282961 0.970942
vt 0.280954 0.970963
vt 0.796510 0.995448
vt 0.794345 0.995448
vt 0.200881 0.982160
vt 0.200881 0.988436
vt 0.198874 0.988434
vt 0.683629 0.971025
vt 0.678672 0.983096
vt 0.681464 0.971025
vt 0.927229 0.981367
vt 0.920953 0.981376
vt 0.920942 0.969137
vt 0.927219 0.969129
vt 0.920953 0.958989
vt 0.927229 0.958980
vt 0.683629 0.995167
vt 0.681464 0.995167
vt 0.952012 0.814364
vt 0.952008 0.826698
vt 0.947778 0.826697
vt 0.947782 0.814362
vt 0.960521 0.334715
vt 0.956267 0.323137
vt 0.961001 0.321397
vt 0.965256 0.332975
vt 0.237344 0.995414
vt 0.237344 0.991184
vt 0.242388 0.991184
vt 0.242388 0.995414
vt 0.957617 0.814366
vt 0.957613 0.826700
vt 0.237344 0.985579
vt 0.242388 0.985579
vt 0.961847 0.814367
vt 0.961843 0.826702
vt 0.237344 0.981349
vt 0.242388 0.981349
vt 0.961843 0.835891
vt 0.957613 0.835890
vt 0.952009 0.835888
vt 0.961847 0.839462
vt 0.957972 0.839461
vt 0.951657 0.839459
vt 0.947778 0.835886
vt 0.947782 0.839458
vt 0.987094 0.340217
vt 0.983219 0.340217
vt 0.983219 0.331921
vt 0.987094 0.331921
vt 0.971328 0.983779
vt 0.975537 0.982757
vt 0.975537 0.991242
vt 0.971766 0.989815
vt 0.957434 0.693814
vt 0.957368 0.697121
vt 0.951055 0.697100
vt 0.951121 0.693793
vt 0.659360 0.985538
vt 0.663235 0.986363
vt 0.663235 0.991511
vt 0.659360 0.991511
vt 0.957067 0.692002
vt 0.961296 0.692015
vt 0.961327 0.694063
vt 0.951464 0.691983
vt 0.947235 0.691969
vt 0.947266 0.694017
vt 0.043738 0.985759
vt 0.047613 0.984935
vt 0.047613 0.990907
vt 0.043738 0.990907
vt 0.957896 0.840890
vt 0.961667 0.839462
vt 0.961667 0.847948
vt 0.957458 0.846926
vt 0.947223 0.684330
vt 0.951452 0.684344
vt 0.957055 0.684362
vt 0.957098 0.672028
vt 0.951495 0.672010
vt 0.947266 0.671996
vt 0.961327 0.672042
vt 0.961284 0.684376
vt 0.955057 0.313793
vt 0.959881 0.313685
vt 0.956712 0.309382
vt 0.960691 0.311222
vt 0.964520 0.567207
vt 0.960265 0.578784
vt 0.955530 0.577044
vt 0.959785 0.565467
vt 0.959145 0.586496
vt 0.954321 0.586388
vt 0.959955 0.588959
vt 0.955976 0.590799
vt 0.915073 0.220091
vt 0.911198 0.220091
vt 0.911198 0.211795
vt 0.915073 0.211795
vt 0.964519 0.591456
vt 0.963026 0.595521
vt 0.963762 0.304660
vt 0.965256 0.308725
vt 0.066309 0.735775
vt 0.057029 0.719691
vt 0.066313 0.717202
vt 0.075597 0.719691
vt 0.082392 0.726489
vt 0.084877 0.735775
vt 0.082388 0.745061
vt 0.075590 0.751859
vt 0.066305 0.754347
vt 0.057022 0.751859
vt 0.050227 0.745061
vt 0.047742 0.735775
vt 0.050231 0.726489
vt 0.332422 0.939822
vt 0.339451 0.939822
vt 0.339428 0.946628
vt 0.332399 0.946628
vt 0.499684 0.963429
vt 0.499684 0.956403
vt 0.508972 0.956468
vt 0.508972 0.963495
vt 0.345730 0.939822
vt 0.345707 0.946628
vt 0.499684 0.950126
vt 0.508972 0.950192
vt 0.518257 0.956402
vt 0.518257 0.963429
vt 0.518257 0.950126
vt 0.508972 0.944666
vt 0.518257 0.944600
vt 0.499684 0.944600
vt 0.759677 0.920430
vt 0.765205 0.920430
vt 0.765224 0.927249
vt 0.759696 0.927249
vt 0.753398 0.920430
vt 0.753418 0.927249
vt 0.765231 0.936543
vt 0.759703 0.936543
vt 0.753425 0.936543
vt 0.746369 0.920430
vt 0.746389 0.927249
vt 0.746396 0.936543
vt 0.753418 0.945822
vt 0.746388 0.945822
vt 0.759696 0.945822
vt 0.976701 0.024557
vt 0.976701 0.017528
vt 0.983500 0.017508
vt 0.983500 0.024537
vt 0.976701 0.011249
vt 0.983500 0.011230
vt 0.930452 0.908669
vt 0.923423 0.908668
vt 0.923422 0.901291
vt 0.930452 0.901292
vt 0.917144 0.908666
vt 0.917144 0.901289
vt 0.917138 0.898370
vt 0.923417 0.898371
vt 0.930446 0.898373
vt 0.911616 0.901288
vt 0.911610 0.898369
vt 0.911616 0.908665
vt 0.911612 0.893372
vt 0.917139 0.893373
vt 0.923418 0.893375
vt 0.911387 0.888716
vt 0.916990 0.888717
vt 0.923344 0.888719
vt 0.930447 0.893376
vt 0.930448 0.888720
vt 0.923345 0.881099
vt 0.930450 0.881101
vt 0.916992 0.881098
vt 0.922966 0.871472
vt 0.930452 0.871474
vt 0.917601 0.871471
vt 0.016460 0.984413
vt 0.016460 0.991899
vt 0.011025 0.991899
vt 0.011025 0.984413
vt 0.021648 0.986027
vt 0.021648 0.991942
vt 0.017626 0.990710
vt 0.917597 0.865845
vt 0.922962 0.865846
vt 0.301996 0.984849
vt 0.301996 0.990834
vt 0.296561 0.990834
vt 0.296561 0.984849
vt 0.911389 0.881097
vt 0.911617 0.871470
vt 0.974381 0.175299
vt 0.969192 0.176915
vt 0.970358 0.170617
vt 0.974381 0.169384
vt 0.070471 0.958195
vt 0.070471 0.963560
vt 0.066264 0.963560
vt 0.066264 0.958195
vt 0.717470 0.940063
vt 0.722835 0.940063
vt 0.722845 0.945680
vt 0.717480 0.945680
vt 0.711260 0.930436
vt 0.716863 0.930436
vt 0.711485 0.940063
vt 0.723216 0.930436
vt 0.716863 0.922817
vt 0.723216 0.922817
vt 0.711260 0.922817
vt 0.730321 0.922817
vt 0.730321 0.930436
vt 0.730321 0.940063
vt 0.723292 0.918160
vt 0.730321 0.918160
vt 0.717013 0.918160
vt 0.723289 0.913165
vt 0.730318 0.913165
vt 0.717010 0.913165
vt 0.711483 0.913165
vt 0.711485 0.918160
vt 0.248557 0.962108
vt 0.242601 0.962100
vt 0.242601 0.955822
vt 0.248557 0.955830
vt 0.242601 0.950294
vt 0.248557 0.950302
vt 0.242601 0.946650
vt 0.248557 0.946658
vt 0.707839 0.913165
vt 0.707842 0.918160
vt 0.156384 0.831665
vt 0.150427 0.834578
vt 0.144723 0.834495
vt 0.146415 0.831583
vt 0.149674 0.839575
vt 0.144722 0.839492
vt 0.149672 0.844231
vt 0.144719 0.844148
vt 0.707842 0.922816
vt 0.079362 0.894931
vt 0.082780 0.895413
vt 0.082780 0.900366
vt 0.079362 0.900366
vt 0.976793 0.724468
vt 0.982228 0.724550
vt 0.982228 0.732170
vt 0.976793 0.732087
vt 0.907969 0.893373
vt 0.907970 0.888717
vt 0.908427 0.881097
vt 0.910767 0.871471
vt 0.179423 0.988651
vt 0.179423 0.994086
vt 0.176461 0.994087
vt 0.176461 0.989134
vt 0.937045 0.472288
vt 0.941998 0.472369
vt 0.941998 0.481994
vt 0.937045 0.481913
vt 0.301514 0.991684
vt 0.296561 0.991684
vt 0.710635 0.940063
vt 0.708297 0.930436
vt 0.907968 0.898369
vt 0.907972 0.901287
vt 0.147097 0.824207
vt 0.156384 0.826696
vt 0.907973 0.908664
vt 0.156384 0.808123
vt 0.140299 0.817409
vt 0.976701 0.005721
vt 0.976701 0.002078
vt 0.983500 0.002058
vt 0.983500 0.005702
vt 0.165670 0.824207
vt 0.166352 0.831583
vt 0.172469 0.817409
vt 0.983701 0.867039
vt 0.983701 0.870682
vt 0.976903 0.870663
vt 0.976903 0.867019
vt 0.915313 0.482450
vt 0.918957 0.482449
vt 0.918956 0.489825
vt 0.915313 0.489826
vt 0.168044 0.834495
vt 0.162056 0.834578
vt 0.918950 0.492740
vt 0.915308 0.492741
vt 0.924484 0.489824
vt 0.924478 0.492739
vt 0.924485 0.482448
vt 0.930763 0.489822
vt 0.930756 0.492737
vt 0.930763 0.482446
vt 0.983701 0.861511
vt 0.976903 0.861491
vt 0.983701 0.855232
vt 0.976903 0.855213
vt 0.983701 0.848203
vt 0.976903 0.848183
vt 0.937792 0.482445
vt 0.937792 0.489820
vt 0.332422 0.921249
vt 0.339451 0.921249
vt 0.339460 0.930533
vt 0.332430 0.930533
vt 0.345730 0.921249
vt 0.345738 0.930533
vt 0.351258 0.921249
vt 0.351266 0.930533
vt 0.351258 0.939822
vt 0.351235 0.946628
vt 0.354901 0.939822
vt 0.354878 0.946628
vt 0.354910 0.930533
vt 0.499684 0.940958
vt 0.508972 0.941023
vt 0.156384 0.789549
vt 0.165670 0.792038
vt 0.172469 0.798836
vt 0.518257 0.940958
vt 0.147097 0.792038
vt 0.140299 0.798836
vt 0.768848 0.920430
vt 0.768868 0.927249
vt 0.137811 0.808123
vt 0.768875 0.936543
vt 0.768868 0.945822
vt 0.765224 0.945822
vt 0.174957 0.808123
vt 0.354901 0.921249
vt 0.937785 0.492736
vt 0.937787 0.497732
vt 0.930757 0.497734
vt 0.924479 0.497736
vt 0.937788 0.502388
vt 0.930683 0.502390
vt 0.924330 0.502392
vt 0.918951 0.497737
vt 0.918727 0.502393
vt 0.924332 0.509983
vt 0.918729 0.509984
vt 0.930685 0.509981
vt 0.924941 0.519638
vt 0.918957 0.519639
vt 0.930306 0.519637
vt 0.978894 0.773641
vt 0.978894 0.767657
vt 0.984613 0.767657
vt 0.984613 0.773642
vt 0.978917 0.557826
vt 0.984371 0.559546
vt 0.984371 0.565467
vt 0.980041 0.564119
vt 0.930301 0.525259
vt 0.924937 0.525261
vt 0.859630 0.644622
vt 0.859630 0.649987
vt 0.855096 0.649987
vt 0.855096 0.644622
vt 0.987680 0.730389
vt 0.982228 0.732109
vt 0.983351 0.725815
vt 0.987680 0.724468
vt 0.939367 0.784331
vt 0.934003 0.784331
vt 0.934011 0.778720
vt 0.939376 0.778720
vt 0.939749 0.793986
vt 0.933395 0.793986
vt 0.946854 0.793986
vt 0.946854 0.784331
vt 0.958449 0.260140
vt 0.958449 0.252654
vt 0.964168 0.252655
vt 0.964168 0.260141
vt 0.054165 0.779390
vt 0.059882 0.779473
vt 0.059880 0.789127
vt 0.054163 0.789045
vt 0.937790 0.509980
vt 0.937792 0.519635
vt 0.054167 0.771799
vt 0.059884 0.771882
vt 0.054166 0.767143
vt 0.059883 0.767226
vt 0.946854 0.806233
vt 0.939824 0.806234
vt 0.939749 0.801577
vt 0.946854 0.801577
vt 0.933395 0.801577
vt 0.933546 0.806234
vt 0.939822 0.811228
vt 0.933544 0.811228
vt 0.946851 0.811228
vt 0.928016 0.811228
vt 0.928018 0.806234
vt 0.927792 0.801577
vt 0.254230 0.950294
vt 0.254230 0.955822
vt 0.254230 0.962100
vt 0.254230 0.946650
vt 0.924372 0.811228
vt 0.924374 0.806234
vt 0.168042 0.839492
vt 0.162805 0.839575
vt 0.168040 0.844148
vt 0.162803 0.844231
vt 0.924374 0.801578
vt 0.967586 0.258373
vt 0.964168 0.258373
vt 0.964168 0.253136
vt 0.967586 0.252654
vt 0.939989 0.060062
vt 0.934271 0.060144
vt 0.934271 0.052553
vt 0.939989 0.052470
vt 0.927792 0.793986
vt 0.987575 0.766807
vt 0.987575 0.772526
vt 0.984613 0.772043
vt 0.984613 0.766806
vt 0.928018 0.784331
vt 0.924829 0.793986
vt 0.927168 0.784331
vt 0.978894 0.766806
vt 0.984131 0.766806
vt 0.899875 0.225461
vt 0.894638 0.225546
vt 0.894638 0.215893
vt 0.899875 0.215808
vt 0.918108 0.519639
vt 0.915767 0.509985
vt 0.915309 0.497737
vt 0.915310 0.502394
vt 0.254230 0.969129
vt 0.248557 0.969138
vt 0.066304 0.759317
vt 0.060633 0.762229
vt 0.054165 0.762147
vt 0.056339 0.759234
vt 0.076270 0.759234
vt 0.078442 0.762147
vt 0.072259 0.762229
vt 0.242601 0.969129
vt 0.078443 0.767143
vt 0.073010 0.767226
vt 0.078444 0.771799
vt 0.073011 0.771882
vt 0.078443 0.779418
vt 0.073010 0.779501
vt 0.078440 0.789045
vt 0.073008 0.789127
vt 0.886616 0.975646
vt 0.886616 0.955473
vt 0.889070 0.955457
vt 0.889070 0.975631
vt 0.884175 0.975630
vt 0.884175 0.955456
vt 0.890877 0.955415
vt 0.890877 0.975589
vt 0.521828 0.979129
vt 0.521828 0.999308
vt 0.519379 0.999308
vt 0.519379 0.979129
vt 0.516934 0.999308
vt 0.516934 0.979129
vt 0.989350 0.909225
vt 0.989350 0.929404
vt 0.987560 0.929401
vt 0.987560 0.909222
vt 0.985113 0.929400
vt 0.985113 0.909221
vt 0.982665 0.929401
vt 0.982665 0.909222
vt 0.971328 0.969032
vt 0.971328 0.989212
vt 0.969490 0.989213
vt 0.969490 0.969033
vt 0.967026 0.989213
vt 0.967026 0.969034
vt 0.964597 0.989213
vt 0.964597 0.969033
vt 0.882400 0.975587
vt 0.882400 0.955413
vt 0.855049 0.815440
vt 0.848968 0.811929
vt 0.853849 0.807048
vt 0.856835 0.808772
vt 0.359789 0.638489
vt 0.359794 0.645271
vt 0.353499 0.645271
vt 0.353493 0.638489
vt 0.359794 0.631707
vt 0.353499 0.631707
vt 0.862070 0.815440
vt 0.860283 0.808772
vt 0.019414 0.973909
vt 0.019438 0.970578
vt 0.022417 0.971037
vt 0.022396 0.973909
vt 0.019438 0.977239
vt 0.022417 0.976779
vt 0.390964 0.822237
vt 0.386904 0.818177
vt 0.389478 0.816691
vt 0.385418 0.820751
vt 0.385418 0.823724
vt 0.386904 0.826298
vt 0.389478 0.827784
vt 0.392451 0.827784
vt 0.395025 0.826298
vt 0.396511 0.823724
vt 0.396511 0.820751
vt 0.395025 0.818177
vt 0.392451 0.816691
vt 0.635089 0.884114
vt 0.635086 0.887445
vt 0.632131 0.887444
vt 0.632133 0.884572
vt 0.019502 0.968139
vt 0.022472 0.968934
vt 0.845458 0.805849
vt 0.845458 0.798828
vt 0.852125 0.800614
vt 0.852125 0.804062
vt 0.635089 0.890774
vt 0.632133 0.890314
vt 0.848968 0.792747
vt 0.853849 0.797628
vt 0.882411 0.987413
vt 0.882411 0.980626
vt 0.888706 0.980630
vt 0.888706 0.987418
vt 0.882400 0.994189
vt 0.888696 0.994194
vt 0.899846 0.720179
vt 0.904208 0.712624
vt 0.906535 0.714951
vt 0.903024 0.721031
vt 0.899846 0.728904
vt 0.903024 0.728052
vt 0.911764 0.708262
vt 0.912615 0.711440
vt 0.882400 0.975646
vt 0.888696 0.975651
vt 0.987718 0.562496
vt 0.987671 0.555715
vt 0.993964 0.555715
vt 0.994012 0.562496
vt 0.920488 0.708262
vt 0.919636 0.711440
vt 0.855049 0.789237
vt 0.862070 0.789237
vt 0.860283 0.795904
vt 0.856835 0.795904
vt 0.302608 0.871083
vt 0.302605 0.874414
vt 0.299649 0.874414
vt 0.299651 0.871543
vt 0.302615 0.868645
vt 0.299657 0.869441
vt 0.868150 0.792747
vt 0.863269 0.797628
vt 0.302608 0.877744
vt 0.299651 0.877285
vt 0.302615 0.880182
vt 0.299657 0.879387
vt 0.871660 0.798828
vt 0.864993 0.800614
vt 0.802818 0.975784
vt 0.802805 0.980754
vt 0.796510 0.980760
vt 0.796522 0.975790
vt 0.987718 0.548932
vt 0.994012 0.548933
vt 0.871660 0.805849
vt 0.864993 0.804062
vt 0.802805 0.987538
vt 0.796510 0.987544
vt 0.932406 0.720179
vt 0.932406 0.728904
vt 0.929227 0.728052
vt 0.929227 0.721031
vt 0.928043 0.712624
vt 0.925717 0.714951
vt 0.802818 0.994318
vt 0.796522 0.994324
vt 0.928043 0.736459
vt 0.925717 0.734132
vt 0.126979 0.957760
vt 0.136116 0.957767
vt 0.136116 0.966201
vt 0.126979 0.966194
vt 0.136103 0.974621
vt 0.126966 0.974614
vt 0.904207 0.769020
vt 0.899846 0.761465
vt 0.905936 0.757820
vt 0.908546 0.762342
vt 0.899846 0.752741
vt 0.905936 0.752598
vt 0.740230 0.814858
vt 0.745270 0.814861
vt 0.745270 0.832306
vt 0.740230 0.832302
vt 0.735182 0.814861
vt 0.735182 0.832306
vt 0.803281 0.007136
vt 0.805891 0.002614
vt 0.807178 0.005409
vt 0.805145 0.008931
vt 0.803281 0.012358
vt 0.805145 0.012998
vt 0.207184 0.957250
vt 0.203259 0.957244
vt 0.203262 0.953273
vt 0.207187 0.953279
vt 0.211115 0.957250
vt 0.211118 0.953279
vt 0.202950 0.950286
vt 0.207187 0.950293
vt 0.211432 0.950293
vt 0.202155 0.930287
vt 0.206944 0.930294
vt 0.211741 0.930294
vt 0.207085 0.926476
vt 0.213207 0.926476
vt 0.200973 0.926467
vt 0.142727 0.897077
vt 0.142727 0.903410
vt 0.137811 0.904727
vt 0.137811 0.895760
vt 0.145893 0.908895
vt 0.142294 0.912492
vt 0.743441 0.894829
vt 0.743441 0.886161
vt 0.746174 0.886163
vt 0.746174 0.894831
vt 0.743454 0.877507
vt 0.746187 0.877509
vt 0.268920 0.913184
vt 0.264438 0.905420
vt 0.266968 0.904755
vt 0.270782 0.911363
vt 0.264438 0.896453
vt 0.266968 0.897125
vt 0.908864 0.281708
vt 0.908864 0.274332
vt 0.910904 0.274333
vt 0.910904 0.281709
vt 0.908876 0.266967
vt 0.910916 0.266969
vt 0.641052 0.921928
vt 0.648682 0.921928
vt 0.649264 0.924104
vt 0.640469 0.924104
vt 0.655290 0.918113
vt 0.656881 0.919706
vt 0.215018 0.899883
vt 0.215018 0.908385
vt 0.212249 0.908383
vt 0.212249 0.899881
vt 0.215005 0.916874
vt 0.212236 0.916872
vt 0.207841 0.898041
vt 0.212236 0.905658
vt 0.208901 0.906529
vt 0.205383 0.900433
vt 0.212236 0.914453
vt 0.208901 0.913569
vt 0.207839 0.922069
vt 0.205382 0.919666
vt 0.200224 0.926467
vt 0.199287 0.923185
vt 0.850292 0.484250
vt 0.850285 0.475754
vt 0.853054 0.475754
vt 0.853061 0.484250
vt 0.850310 0.490469
vt 0.853079 0.490469
vt 0.659105 0.911505
vt 0.659105 0.903875
vt 0.661278 0.903295
vt 0.661278 0.912090
vt 0.655290 0.897267
vt 0.656881 0.895678
vt 0.850292 0.467259
vt 0.853061 0.467259
vt 0.850310 0.461040
vt 0.853079 0.461040
vt 0.648682 0.893451
vt 0.649264 0.891280
vt 0.191432 0.926467
vt 0.183818 0.922069
vt 0.186155 0.919666
vt 0.192250 0.923185
vt 0.179423 0.914453
vt 0.182637 0.913569
vt 0.179423 0.905658
vt 0.182637 0.906529
vt 0.183820 0.898041
vt 0.186157 0.900433
vt 0.496879 0.886942
vt 0.496895 0.880717
vt 0.499663 0.880714
vt 0.499648 0.886940
vt 0.496879 0.895440
vt 0.499648 0.895438
vt 0.191434 0.893644
vt 0.192251 0.896913
vt 0.971507 0.631920
vt 0.971447 0.640417
vt 0.968679 0.640417
vt 0.968739 0.631920
vt 0.630629 0.903875
vt 0.630629 0.911505
vt 0.628455 0.912090
vt 0.628455 0.903295
vt 0.634444 0.897267
vt 0.632852 0.895678
vt 0.010958 0.891555
vt 0.010906 0.898926
vt 0.008866 0.898926
vt 0.008918 0.891555
vt 0.910918 0.261564
vt 0.910904 0.266965
vt 0.908864 0.266967
vt 0.908878 0.261566
vt 0.910918 0.254192
vt 0.908878 0.254194
vt 0.641052 0.893451
vt 0.640469 0.891280
vt 0.910904 0.246824
vt 0.908864 0.246826
vt 0.496895 0.903933
vt 0.499663 0.903931
vt 0.587934 0.645026
vt 0.587949 0.639630
vt 0.589990 0.639630
vt 0.589974 0.645026
vt 0.293408 0.888686
vt 0.297890 0.896451
vt 0.295436 0.897123
vt 0.291622 0.890515
vt 0.285646 0.884204
vt 0.285016 0.886701
vt 0.276682 0.884204
vt 0.277388 0.886701
vt 0.587928 0.652396
vt 0.589968 0.652396
vt 0.268920 0.888688
vt 0.270782 0.890517
vt 0.587934 0.659766
vt 0.589974 0.659766
vt 0.587949 0.665162
vt 0.589990 0.665162
vt 0.850292 0.454700
vt 0.850285 0.446039
vt 0.853018 0.446039
vt 0.853024 0.454700
vt 0.850310 0.461040
vt 0.853043 0.461040
vt 0.151378 0.912061
vt 0.157711 0.912061
vt 0.159025 0.916975
vt 0.150059 0.916975
vt 0.850292 0.437378
vt 0.853024 0.437378
vt 0.163195 0.908895
vt 0.166790 0.912492
vt 0.095473 0.800397
vt 0.100266 0.800401
vt 0.101590 0.804220
vt 0.095473 0.804216
vt 0.090679 0.800401
vt 0.089356 0.804220
vt 0.095473 0.780399
vt 0.099714 0.780403
vt 0.091232 0.780403
vt 0.088127 0.780412
vt 0.087170 0.800411
vt 0.084877 0.804233
vt 0.091544 0.777417
vt 0.095473 0.777414
vt 0.088668 0.777425
vt 0.091544 0.773446
vt 0.095473 0.773442
vt 0.088668 0.773454
vt 0.099401 0.777417
vt 0.099401 0.773446
vt 0.815633 0.000000
vt 0.820155 0.002609
vt 0.818287 0.005406
vt 0.814766 0.003374
vt 0.810413 0.000002
vt 0.810700 0.003375
vt 0.088406 0.954862
vt 0.088402 0.959906
vt 0.070957 0.959906
vt 0.070961 0.954862
vt 0.088402 0.949818
vt 0.070957 0.949818
vt 0.088391 0.963598
vt 0.070947 0.963598
vt 0.822765 0.007130
vt 0.820320 0.008927
vt 0.822765 0.012352
vt 0.820320 0.012993
vt 0.215518 0.948949
vt 0.220561 0.948944
vt 0.220561 0.966389
vt 0.215518 0.966393
vt 0.651061 0.924416
vt 0.654987 0.924295
vt 0.655106 0.928264
vt 0.651180 0.928385
vt 0.102277 0.773454
vt 0.102277 0.777425
vt 0.655195 0.931248
vt 0.650957 0.931379
vt 0.102818 0.780412
vt 0.655538 0.951245
vt 0.650748 0.951393
vt 0.103775 0.800411
vt 0.655795 0.955056
vt 0.649683 0.955244
vt 0.106068 0.804233
vt 0.166362 0.903410
vt 0.171274 0.904727
vt 0.166362 0.897077
vt 0.171274 0.895760
vt 0.850310 0.431038
vt 0.853043 0.431038
vt 0.635074 0.860442
vt 0.635089 0.869101
vt 0.632357 0.869103
vt 0.632341 0.860445
vt 0.635089 0.877764
vt 0.632357 0.877767
vt 0.163195 0.891593
vt 0.166790 0.887995
vt 0.297890 0.905418
vt 0.295436 0.904753
vt 0.635074 0.884111
vt 0.632341 0.884114
vt 0.293408 0.913183
vt 0.291622 0.911362
vt 0.285646 0.917667
vt 0.285016 0.915177
vt 0.942013 0.690039
vt 0.941952 0.698701
vt 0.939220 0.698701
vt 0.939281 0.690039
vt 0.157711 0.888426
vt 0.151378 0.888426
vt 0.150059 0.883512
vt 0.159025 0.883512
vt 0.875294 0.589213
vt 0.870500 0.589180
vt 0.870499 0.585282
vt 0.876617 0.585325
vt 0.878805 0.589306
vt 0.881098 0.585443
vt 0.660330 0.951106
vt 0.661911 0.954878
vt 0.877849 0.609309
vt 0.874742 0.609227
vt 0.659435 0.931125
vt 0.877307 0.612303
vt 0.874430 0.612228
vt 0.659034 0.928150
vt 0.870501 0.609197
vt 0.870501 0.612200
vt 0.874430 0.616197
vt 0.870501 0.616170
vt 0.658915 0.924180
vt 0.661792 0.924104
vt 0.661911 0.928073
vt 0.875545 0.617636
vt 0.870500 0.617600
vt 0.820155 0.016874
vt 0.815633 0.019486
vt 0.814766 0.018550
vt 0.818287 0.016515
vt 0.865457 0.617636
vt 0.866573 0.616197
vt 0.866573 0.612228
vt 0.214000 0.957244
vt 0.214003 0.953273
vt 0.805891 0.016879
vt 0.807178 0.016519
vt 0.863699 0.612303
vt 0.863157 0.609309
vt 0.866260 0.609227
vt 0.214546 0.950286
vt 0.215261 0.930287
vt 0.865708 0.589213
vt 0.862201 0.589306
vt 0.859907 0.585443
vt 0.864383 0.585325
vt 0.145893 0.891593
vt 0.142294 0.887995
vt 0.743454 0.901188
vt 0.746187 0.901190
vt 0.942013 0.707361
vt 0.939281 0.707361
vt 0.276682 0.917667
vt 0.277388 0.915178
vt 0.010958 0.906295
vt 0.008918 0.906295
vt 0.908876 0.287119
vt 0.910916 0.287121
vt 0.634444 0.918113
vt 0.632852 0.919706
vt 0.971507 0.648911
vt 0.968739 0.648911
vt 0.215005 0.893646
vt 0.212236 0.893644
vt 0.200227 0.893644
vt 0.199289 0.896913
vt 0.731479 0.814872
vt 0.731479 0.832316
vt 0.870500 0.635039
vt 0.865457 0.635074
vt 0.911760 0.773382
vt 0.913067 0.764953
vt 0.920481 0.773381
vt 0.918287 0.764952
vt 0.928034 0.769019
vt 0.922808 0.762341
vt 0.875545 0.635074
vt 0.932395 0.761463
vt 0.925418 0.757818
vt 0.225606 0.948949
vt 0.229303 0.948961
vt 0.229303 0.966406
vt 0.225606 0.966393
vt 0.932395 0.752739
vt 0.925418 0.752596
vt 0.928034 0.745183
vt 0.922808 0.748074
vt 0.572125 0.976202
vt 0.562987 0.976210
vt 0.562972 0.967786
vt 0.572110 0.967777
vt 0.562972 0.959356
vt 0.572110 0.959348
vt 0.920481 0.740822
vt 0.918287 0.745464
vt 0.967594 0.229631
vt 0.958456 0.229631
vt 0.958474 0.223462
vt 0.967611 0.223462
vt 0.967587 0.238058
vt 0.958449 0.238058
vt 0.911760 0.740822
vt 0.913067 0.745464
vt 0.904207 0.745185
vt 0.908546 0.748075
vt 0.967594 0.246485
vt 0.958456 0.246485
vt 0.967611 0.252654
vt 0.958474 0.252654
vt 0.088391 0.946125
vt 0.070947 0.946125
vt 0.562987 0.953180
vt 0.572125 0.953172
vt 0.904208 0.736459
vt 0.906535 0.734132
vt 0.911764 0.740822
vt 0.912615 0.737643
vt 0.541327 0.963517
vt 0.550462 0.963517
vt 0.550402 0.971945
vt 0.541267 0.971945
vt 0.550462 0.980371
vt 0.541327 0.980371
vt 0.920488 0.740822
vt 0.919636 0.737643
vt 0.126966 0.951573
vt 0.136103 0.951580
vt 0.359809 0.626743
vt 0.353513 0.626743
vt 0.359808 0.650235
vt 0.353513 0.650235
vt 0.868150 0.811929
vt 0.863269 0.807048
vt 0.019502 0.979676
vt 0.022472 0.978880
vt 0.050278 0.713716
vt 0.050281 0.717049
vt 0.047324 0.716592
vt 0.047322 0.713718
vt 0.050281 0.710388
vt 0.047324 0.710850
s 1
usemtl M249_Gun
f 2/1/1 6/2/2 4/3/3 1/4/4
f 3/5/5 8/6/6 2/7/1 1/8/4
f 1/9/4 4/10/3 5/11/7 3/12/5
f 7/13/8 5/14/7 4/15/3 6/16/2
f 8/17/6 7/18/8 6/19/2 2/20/1
f 3/21/5 5/22/7 7/23/8 8/24/6
f 16/25/9 10/26/10 9/27/11 13/28/12
f 9/29/11 10/30/10 25/31/13 11/32/14
f 12/33/15 9/29/11 11/32/14 208/34/16
f 13/28/12 9/27/11 12/35/15 15/36/17
f 14/37/18 17/38/19 16/39/9 13/40/12
f 209/41/20 14/37/18 13/40/12 15/42/17
f 17/38/19 20/43/21 18/44/22 16/39/9
f 18/45/22 21/46/23 10/26/10 16/25/9
f 19/47/24 22/48/25 21/49/23 18/50/22
f 20/43/21 210/51/26 19/52/24 18/44/22
f 21/53/23 22/54/25 24/55/27 23/56/28
f 10/30/10 21/53/23 23/56/28 25/31/13
f 24/57/27 27/58/25 26/59/23 23/60/28
f 23/61/28 26/62/23 28/63/10 25/64/13
f 26/65/23 27/66/25 30/67/29 29/68/30
f 28/69/10 26/65/23 29/68/30 31/70/31
f 30/71/29 33/72/32 32/73/33 29/74/30
f 29/75/30 32/76/33 35/77/34 31/78/31
f 32/79/33 33/80/32 156/81/29 34/82/30
f 35/83/34 32/79/33 34/82/30 37/84/31
f 31/78/31 35/77/34 36/85/35 206/86/36
f 36/87/35 35/83/34 37/84/31 39/88/36
f 34/89/30 160/90/37 38/91/38 37/92/31
f 37/92/31 38/91/38 40/93/39 39/94/36
f 39/94/36 40/93/39 44/95/40 41/96/41
f 42/97/42 36/87/35 39/88/36 41/98/41
f 196/99/43 42/97/42 41/98/41 43/100/44
f 41/101/41 44/102/40 45/103/45 43/104/44
f 48/105/46 46/106/47 44/95/40 40/93/39
f 46/107/47 49/108/48 45/103/45 44/102/40
f 51/109/49 49/110/48 46/111/47 47/112/50
f 47/112/50 46/111/47 48/113/46 75/114/51
f 49/108/48 50/115/26 201/116/52 45/103/45
f 53/117/24 50/118/26 49/110/48 51/109/49
f 52/119/48 55/120/26 53/121/24 51/122/49
f 72/123/47 52/119/48 51/122/49 47/124/50
f 54/125/22 202/126/21 50/118/26 53/117/24
f 55/120/26 57/127/21 54/128/22 53/121/24
f 59/129/53 57/130/21 55/131/26 56/132/54
f 56/132/54 55/131/26 52/133/48 69/134/55
f 57/135/21 58/136/19 94/137/9 54/138/22
f 60/139/56 58/140/19 57/130/21 59/129/53
f 62/141/57 60/142/56 59/143/53 61/144/58
f 61/145/58 59/146/53 56/147/54 64/148/59
f 102/149/56 62/150/57 61/151/58 63/152/53
f 63/152/53 61/151/58 64/153/59 65/154/54
f 65/154/54 64/153/59 66/155/60 67/156/55
f 64/148/59 56/147/54 69/157/55 66/158/60
f 67/156/55 66/155/60 68/159/20 117/160/17
f 66/161/60 69/162/55 70/163/17 68/164/20
f 69/134/55 52/133/48 72/165/47 70/166/17
f 68/164/20 70/163/17 71/167/12 119/168/18
f 70/166/17 72/165/47 73/169/46 71/170/12
f 73/171/46 72/172/47 47/173/50 75/174/51
f 71/170/12 73/169/46 74/175/57 212/176/9
f 74/177/57 73/171/46 75/174/51 76/178/56
f 75/114/51 48/113/46 77/179/57 76/180/56
f 76/180/56 77/179/57 79/181/58 78/182/53
f 81/183/58 74/177/57 76/178/56 78/184/53
f 78/182/53 79/181/58 161/185/59 80/186/54
f 83/187/59 81/188/58 78/189/53 80/190/54
f 212/176/9 74/175/57 81/191/58 82/192/22
f 82/192/22 81/191/58 83/193/59 84/194/24
f 84/194/24 83/193/59 85/195/60 86/196/49
f 85/197/60 83/187/59 80/190/54 88/198/55
f 86/196/49 85/195/60 87/199/20 97/200/50
f 87/201/20 85/202/60 88/203/55 90/204/17
f 80/186/54 161/185/59 89/205/60 88/206/55
f 88/206/55 89/205/60 91/207/20 90/208/17
f 90/208/17 91/207/20 93/209/18 92/210/12
f 95/211/18 87/201/20 90/204/17 92/212/12
f 92/210/12 93/209/18 203/213/19 94/214/9
f 58/136/19 95/211/18 92/212/12 94/137/9
f 97/200/50 87/199/20 95/215/18 96/216/51
f 96/216/51 95/215/18 58/140/19 60/139/56
f 99/217/47 97/218/50 96/219/51 98/220/46
f 98/220/46 96/219/51 60/142/56 62/141/57
f 101/221/50 99/222/47 98/223/46 100/224/51
f 100/224/51 98/223/46 62/150/57 102/149/56
f 103/225/35 104/226/42 101/227/50 100/228/51
f 106/229/34 103/225/35 100/228/51 102/230/56
f 137/231/41 104/232/42 103/233/35 105/234/36
f 105/234/36 103/233/35 106/235/34 107/236/31
f 107/236/31 106/235/34 108/237/33 109/238/30
f 108/239/33 106/229/34 102/230/56 63/240/53
f 109/238/30 108/237/33 110/241/32 111/242/29
f 110/243/32 108/244/33 63/245/53 65/246/54
f 111/242/29 110/241/32 112/247/61 113/248/62
f 112/249/61 110/243/32 65/246/54 67/250/55
f 113/248/62 112/247/61 114/251/15 115/252/16
f 114/253/15 112/254/61 67/255/55 117/256/17
f 115/252/16 114/251/15 116/257/11 211/258/14
f 116/259/11 114/253/15 117/256/17 118/260/12
f 117/160/17 68/159/20 119/261/18 118/262/12
f 118/262/12 119/261/18 121/263/19 120/264/9
f 123/265/10 116/259/11 118/260/12 120/266/9
f 120/264/9 121/263/19 134/267/21 122/268/22
f 125/269/23 123/265/10 120/266/9 122/270/22
f 211/258/14 116/257/11 123/271/10 124/272/13
f 124/272/13 123/271/10 125/273/23 126/274/28
f 126/274/28 125/273/23 127/275/25 128/276/27
f 127/277/25 125/278/23 122/279/22 130/280/24
f 128/276/27 127/275/25 129/281/43 135/282/44
f 129/283/43 127/277/25 130/280/24 132/284/49
f 122/268/22 134/267/21 131/285/26 130/286/24
f 130/286/24 131/285/26 133/287/48 132/288/49
f 132/288/49 133/287/48 99/222/47 101/221/50
f 104/289/42 129/283/43 132/284/49 101/290/50
f 131/291/26 84/292/24 86/293/49 133/294/48
f 133/294/48 86/293/49 97/295/50 99/296/47
f 134/297/21 82/298/22 84/292/24 131/291/26
f 121/299/19 212/300/9 82/301/22 134/302/21
f 135/282/44 129/281/43 104/232/42 137/231/41
f 210/303/26 128/304/27 135/305/44 136/306/48
f 136/306/48 135/305/44 137/307/41 138/308/47
f 138/309/47 137/310/41 105/311/36 139/312/46
f 138/313/47 139/314/46 141/315/51 140/316/50
f 136/317/48 138/313/47 140/316/50 142/318/49
f 141/319/51 144/320/35 143/321/42 140/322/50
f 140/323/50 143/324/42 146/325/43 142/326/49
f 143/327/42 144/328/35 177/329/36 145/330/41
f 146/331/43 143/327/42 145/330/41 147/332/44
f 142/326/49 146/325/43 22/48/25 19/47/24
f 22/54/25 146/331/43 147/332/44 24/55/27
f 147/333/44 148/334/43 27/58/25 24/57/27
f 145/335/41 149/336/42 148/334/43 147/333/44
f 148/337/43 149/338/42 151/339/16 150/340/62
f 27/66/25 148/337/43 150/340/62 30/67/29
f 151/341/16 153/342/15 152/343/61 150/344/62
f 150/345/62 152/346/61 33/72/32 30/71/29
f 152/347/61 153/348/15 155/349/16 154/350/62
f 33/80/32 152/347/61 154/350/62 156/81/29
f 155/351/16 158/352/63 157/353/64 154/354/62
f 154/355/62 157/356/64 159/357/65 156/358/29
f 91/359/20 89/360/60 157/353/64 158/352/63
f 89/361/60 161/362/59 159/357/65 157/356/64
f 156/358/29 159/357/65 160/363/37 34/364/30
f 161/362/59 79/365/58 160/363/37 159/357/65
f 79/366/58 77/367/57 38/91/38 160/90/37
f 164/368/14 162/369/66 158/352/63 155/351/16
f 93/370/18 91/359/20 158/352/63 162/369/66
f 203/371/19 93/370/18 162/369/66 163/372/67
f 165/373/13 163/372/67 162/369/66 164/368/14
f 166/374/11 167/375/10 165/376/13 164/377/14
f 153/348/15 166/374/11 164/377/14 155/349/16
f 170/378/13 167/379/10 166/380/11 168/381/14
f 168/381/14 166/380/11 153/342/15 151/341/16
f 169/382/35 172/383/34 170/384/13 168/385/14
f 149/338/42 169/382/35 168/385/14 151/339/16
f 171/386/28 198/387/23 167/379/10 170/378/13
f 172/383/34 173/388/33 171/389/28 170/384/13
f 175/390/30 173/391/33 172/392/34 174/393/31
f 174/393/31 172/392/34 169/394/35 177/395/36
f 176/396/34 178/397/33 175/398/30 174/399/31
f 144/328/35 176/396/34 174/399/31 177/329/36
f 177/395/36 169/394/35 149/400/42 145/401/41
f 180/402/53 178/403/33 176/404/34 179/405/56
f 179/405/56 176/404/34 144/320/35 141/319/51
f 181/406/57 182/407/58 180/408/53 179/409/56
f 139/314/46 181/406/57 179/409/56 141/315/51
f 181/410/57 107/411/31 109/412/30 182/413/58
f 139/312/46 105/311/36 107/411/31 181/410/57
f 182/407/58 183/414/59 185/415/54 180/408/53
f 182/416/58 109/417/30 111/418/29 183/419/59
f 183/419/59 111/418/29 113/420/62 184/421/60
f 183/414/59 184/422/60 186/423/55 185/415/54
f 186/424/55 188/425/61 187/426/32 185/427/54
f 185/427/54 187/426/32 178/428/33 180/429/53
f 187/430/32 188/431/61 190/432/62 189/433/29
f 178/397/33 187/430/32 189/433/29 175/398/30
f 190/434/62 192/435/61 191/436/32 189/437/29
f 189/437/29 191/436/32 173/438/33 175/439/30
f 191/440/32 192/441/61 194/442/44 193/443/27
f 173/388/33 191/440/32 193/443/27 171/389/28
f 194/444/44 196/445/43 195/446/25 193/447/27
f 193/447/27 195/446/25 198/448/23 171/449/28
f 195/450/25 196/99/43 43/100/44 197/451/27
f 198/452/23 195/450/25 197/451/27 199/453/28
f 167/375/10 198/452/23 199/453/28 165/376/13
f 199/454/28 200/455/68 163/372/67 165/373/13
f 197/456/27 201/116/52 200/457/68 199/458/28
f 50/115/26 202/459/21 200/457/68 201/116/52
f 202/460/21 203/371/19 163/372/67 200/455/68
f 94/214/9 203/213/19 202/126/21 54/125/22
f 43/104/44 45/103/45 201/116/52 197/456/27
f 204/461/41 42/462/42 196/445/43 194/444/44
f 192/441/61 205/463/15 204/464/41 194/442/44
f 205/463/15 207/465/11 206/466/36 204/464/41
f 206/86/36 36/85/35 42/467/42 204/468/41
f 207/465/11 28/69/10 31/70/31 206/466/36
f 25/64/13 28/63/10 207/469/11 11/470/14
f 11/470/14 207/469/11 205/471/15 208/472/16
f 208/472/16 205/471/15 192/473/61 190/474/62
f 188/431/61 12/33/15 208/34/16 190/432/62
f 15/36/17 12/35/15 188/475/61 186/476/55
f 184/422/60 209/41/20 15/42/17 186/423/55
f 184/477/60 113/478/62 115/479/16 209/480/20
f 209/480/20 115/479/16 211/481/14 14/482/18
f 210/51/26 136/317/48 142/318/49 19/52/24
f 20/483/21 126/484/28 128/304/27 210/303/26
f 17/485/19 124/486/13 126/487/28 20/488/21
f 14/482/18 211/481/14 124/486/13 17/485/19
f 119/168/18 71/167/12 212/300/9 121/299/19
f 77/367/57 48/105/46 40/93/39 38/91/38
f 213/489/69 225/490/9 214/491/12
f 213/489/69 214/491/12 215/492/17
f 213/489/69 215/492/17 216/493/55
f 213/489/69 216/493/55 217/494/54
f 213/489/69 217/494/54 218/495/53
f 213/489/69 218/495/53 219/496/56
f 213/489/69 219/496/56 220/497/51
f 213/489/69 220/497/51 221/498/50
f 213/489/69 221/498/50 222/499/49
f 213/489/69 222/499/49 223/500/24
f 213/489/69 223/500/24 224/501/22
f 213/489/69 224/501/22 225/490/9
f 224/502/22 228/503/23 226/504/10 225/505/9
f 225/505/9 226/504/10 229/506/11 214/507/12
f 227/508/70 229/509/11 226/510/10
f 227/508/70 226/510/10 228/511/23
f 214/507/12 229/506/11 230/512/15 215/513/17
f 227/508/70 230/514/15 229/509/11
f 227/508/70 231/515/61 230/514/15
f 215/513/17 230/512/15 231/516/61 216/517/55
f 227/508/70 232/518/32 231/515/61
f 216/519/55 231/520/61 232/521/32 217/522/54
f 227/508/70 233/523/33 232/518/32
f 217/522/54 232/521/32 233/524/33 218/525/53
f 227/508/70 234/526/34 233/523/33
f 218/527/53 233/528/33 234/529/34 219/530/56
f 227/508/70 235/531/35 234/526/34
f 219/530/56 234/529/34 235/532/35 220/533/51
f 227/508/70 236/534/42 235/531/35
f 220/533/51 235/532/35 236/535/42 221/536/50
f 227/508/70 237/537/43 236/534/42
f 221/538/50 236/539/42 237/540/43 222/541/49
f 227/508/70 238/542/25 237/537/43
f 222/541/49 237/540/43 238/543/25 223/544/24
f 227/508/70 228/511/23 238/542/25
f 223/544/24 238/543/25 228/545/23 224/546/22
f 239/547/69 251/548/71 240/549/12
f 239/547/69 240/549/12 241/550/17
f 239/547/69 241/550/17 242/551/55
f 239/547/69 242/551/55 243/552/54
f 239/547/69 243/552/54 244/553/53
f 239/547/69 244/553/53 245/554/56
f 239/547/69 245/554/56 246/555/72
f 239/547/69 246/555/72 247/556/17
f 239/547/69 247/556/17 248/557/55
f 239/547/69 248/557/55 249/558/73
f 239/547/69 249/558/73 250/559/74
f 239/547/69 250/559/74 251/548/71
f 250/560/74 254/561/75 252/562/76 251/563/71
f 251/563/71 252/562/76 255/564/11 240/565/12
f 253/566/70 255/567/11 252/568/76
f 253/566/70 252/568/76 254/569/75
f 240/565/12 255/564/11 256/570/15 241/571/17
f 253/566/70 256/572/15 255/567/11
f 253/566/70 257/573/61 256/572/15
f 241/571/17 256/570/15 257/574/61 242/575/55
f 253/566/70 258/576/32 257/573/61
f 242/577/55 257/578/61 258/579/32 243/580/54
f 253/566/70 259/581/33 258/576/32
f 243/580/54 258/579/32 259/582/33 244/583/53
f 253/566/70 260/584/34 259/581/33
f 244/585/53 259/586/33 260/587/34 245/588/56
f 253/566/70 261/589/77 260/584/34
f 245/588/56 260/587/34 261/590/77 246/591/72
f 253/566/70 262/592/70 261/589/77
f 246/591/72 261/590/77 263/593/78 264/594/79
f 261/589/77 262/592/70 265/595/70 263/596/78
f 264/597/79 263/598/78 266/599/80 267/600/81
f 263/596/78 265/595/70 268/601/82 266/602/80
f 267/603/81 266/604/80 268/605/82 269/606/83
f 269/606/83 268/605/82 270/607/84 271/608/85
f 265/595/70 272/609/86 270/610/84 268/601/82
f 272/611/86 275/612/87 271/613/85 270/614/84
f 275/612/87 272/611/86 273/615/88 276/616/89
f 274/617/70 291/618/70 273/619/88 272/609/86
f 262/592/70 274/617/70 272/609/86 265/595/70
f 271/613/85 275/612/87 277/620/87 278/621/85
f 275/612/87 276/616/89 279/622/89 277/620/87
f 276/616/89 282/623/90 280/624/90 279/622/89
f 282/625/90 250/560/74 281/626/91 280/627/90
f 254/561/75 250/560/74 282/625/90 283/628/92
f 276/616/89 273/615/88 283/629/92 282/623/90
f 291/618/70 254/569/75 283/630/92 273/619/88
f 250/631/74 249/632/73 284/633/93 281/634/91
f 249/632/73 248/635/55 285/636/64 284/633/93
f 248/637/55 247/638/17 286/639/63 285/640/64
f 247/638/17 246/641/72 287/642/94 286/639/63
f 246/591/72 264/594/79 288/643/79 287/644/94
f 264/597/79 267/600/81 289/645/81 288/646/79
f 267/603/81 269/606/83 290/647/83 289/648/81
f 269/606/83 271/608/85 278/649/85 290/647/83
f 253/566/70 291/618/70 274/617/70
f 253/566/70 274/617/70 262/592/70
f 253/566/70 254/569/75 291/618/70
f 292/650/95 293/651/96 296/652/97 295/653/98
f 294/654/99 313/655/100 293/656/96 292/657/95
f 295/658/98 298/659/65 294/660/99 292/661/95
f 295/653/98 296/652/97 319/662/101 297/663/102
f 297/664/102 300/665/103 298/659/65 295/658/98
f 298/659/65 299/666/65 310/667/99 294/660/99
f 300/665/103 302/668/103 299/666/65 298/659/65
f 300/669/103 301/670/104 303/671/104 302/672/103
f 297/673/102 319/674/101 301/670/104 300/669/103
f 302/672/103 303/671/104 305/675/105 304/676/106
f 302/668/103 304/677/106 306/678/107 299/666/65
f 304/679/106 305/680/105 307/681/108 306/682/107
f 306/682/107 307/681/108 309/683/109 308/684/110
f 299/666/65 306/678/107 308/685/110 310/667/99
f 308/686/110 309/687/109 311/688/111 310/689/99
f 310/689/99 311/688/111 313/655/100 294/654/99
f 311/690/111 312/691/112 316/692/105 314/693/109
f 307/694/108 312/695/112 311/696/111 309/697/109
f 313/655/100 311/688/111 314/698/109 315/699/96
f 316/700/105 317/701/101 315/702/96 314/703/109
f 312/704/112 318/705/113 317/706/101 316/707/105
f 318/708/113 313/709/100 315/710/96 317/711/101
f 301/712/104 319/713/101 296/714/97 318/715/113
f 318/715/113 296/714/97 293/716/96 313/717/100
f 303/718/104 301/712/104 318/715/113 312/695/112
f 305/719/105 303/718/104 312/695/112 307/694/108
f 320/720/114 321/721/115 330/722/116 322/723/117
f 320/724/114 322/725/117 324/726/118 323/727/66
f 325/728/119 323/727/66 324/726/118 327/729/120
f 326/730/121 325/731/119 327/732/120 328/733/122
f 327/734/120 324/735/118 329/736/123 328/737/122
f 326/738/121 328/739/122 329/740/123 331/741/39
f 321/742/115 331/741/39 329/740/123 330/743/116
f 324/735/118 322/744/117 330/745/116 329/736/123
f 332/746/124 335/747/66 336/748/125 333/749/126
f 332/750/124 333/751/126 343/752/127 334/753/128
f 337/754/129 338/755/130 336/748/125 335/747/66
f 339/732/131 341/756/132 338/757/130 337/758/129
f 339/759/131 340/740/39 342/760/133 341/761/132
f 338/762/130 341/763/132 342/764/133 336/765/125
f 336/765/125 342/764/133 343/766/127 333/767/126
f 334/768/128 343/769/127 342/760/133 340/740/39
f 347/770/99 348/771/134 345/772/135 344/773/95
f 344/774/95 345/775/135 375/776/136 346/777/102
f 346/778/102 349/779/103 347/780/99 344/781/95
f 350/782/99 353/783/134 348/771/134 347/770/99
f 349/779/103 352/784/103 350/785/99 347/780/99
f 351/786/110 354/787/137 353/783/134 350/782/99
f 352/784/103 377/788/106 351/789/110 350/785/99
f 353/783/134 354/787/137 356/790/138 355/791/139
f 348/771/134 353/783/134 355/791/139 358/792/139
f 355/791/139 356/790/138 381/793/140 357/794/141
f 358/792/139 355/791/139 357/794/141 360/795/142
f 345/772/135 348/771/134 358/792/139 359/796/143
f 359/796/143 358/792/139 360/795/142 361/797/144
f 361/798/144 360/799/142 362/800/145 383/801/146
f 366/802/147 362/803/145 360/804/142 363/805/148
f 363/806/148 360/807/142 357/808/141 367/809/149
f 363/810/148 364/811/150 382/812/151 366/813/147
f 365/814/152 376/815/153 364/816/150 363/806/148
f 370/817/154 365/814/152 363/806/148 367/809/149
f 371/818/155 370/817/154 367/809/149 368/819/156
f 368/820/156 367/821/149 369/822/157 378/823/158
f 367/824/149 357/825/141 379/826/146 369/827/157
f 373/828/159 372/829/160 370/817/154 371/818/155
f 372/829/160 374/830/160 365/814/152 370/817/154
f 349/831/103 374/830/160 372/829/160 352/832/103
f 352/832/103 372/829/160 373/828/159 377/833/106
f 346/834/102 375/835/136 374/830/160 349/831/103
f 374/830/160 375/835/136 376/815/153 365/814/152
f 375/776/136 345/775/135 359/836/143 376/837/153
f 376/837/153 359/836/143 361/838/144 364/839/150
f 377/840/106 373/841/159 354/842/137 351/843/110
f 354/842/137 373/841/159 371/844/155 356/845/138
f 356/845/138 371/844/155 368/846/156 381/847/140
f 357/848/141 381/849/140 380/850/145 379/851/146
f 381/847/140 368/846/156 378/852/158 380/853/145
f 364/839/150 361/838/144 383/854/146 382/855/151
f 384/856/66 396/857/161 385/858/162
f 384/856/66 385/858/162 386/859/163
f 384/856/66 386/859/163 387/860/164
f 384/856/66 387/860/164 388/861/165
f 384/856/66 388/861/165 389/862/166
f 384/856/66 389/862/166 390/863/167
f 384/856/66 390/863/167 391/864/66
f 384/856/66 391/864/66 392/865/168
f 384/856/66 392/865/168 393/866/169
f 384/856/66 393/866/169 394/867/170
f 384/856/66 394/867/170 395/868/171
f 384/856/66 395/868/171 396/857/161
f 395/869/171 398/870/172 397/871/173 396/872/161
f 396/873/161 397/874/173 400/875/52 385/876/162
f 398/870/172 496/877/172 399/878/173 397/871/173
f 397/874/173 399/879/173 402/880/52 400/875/52
f 385/876/162 400/875/52 401/881/174 386/882/163
f 400/875/52 402/880/52 404/883/174 401/881/174
f 402/880/52 403/884/52 405/885/174 404/883/174
f 399/879/173 499/886/173 403/884/52 402/880/52
f 404/887/174 405/888/174 407/889/175 406/890/175
f 401/891/174 404/887/174 406/890/175 409/892/175
f 406/890/175 407/889/175 505/893/70 408/894/70
f 409/892/175 406/890/175 408/894/70 410/895/70
f 386/896/163 401/891/174 409/892/175 387/897/164
f 387/897/164 409/892/175 410/895/70 388/898/165
f 388/898/165 410/895/70 411/899/176 389/900/166
f 410/895/70 408/894/70 412/901/176 411/899/176
f 389/902/166 411/903/176 413/904/177 390/905/167
f 411/903/176 412/906/176 414/907/177 413/904/177
f 390/908/167 413/909/177 415/910/178 417/911/179
f 413/909/177 414/912/177 418/913/178 415/910/178
f 418/913/178 420/914/180 416/915/180 415/910/178
f 415/910/178 416/915/180 564/916/181 417/911/179
f 419/917/182 421/918/183 420/914/180 418/913/178
f 414/912/177 477/919/177 419/917/182 418/913/178
f 420/914/180 421/918/183 423/920/184 422/921/185
f 416/915/180 420/914/180 422/921/185 425/922/185
f 422/921/185 423/920/184 467/923/186 424/924/187
f 425/922/185 422/921/185 424/924/187 427/925/187
f 564/916/181 416/915/180 425/922/185 426/926/188
f 426/926/188 425/922/185 427/925/187 428/927/189
f 428/927/189 427/925/187 429/928/70 430/929/190
f 427/925/187 424/924/187 431/930/70 429/928/70
f 430/929/190 429/928/70 432/931/191 433/932/192
f 429/928/70 431/930/70 436/933/193 432/931/191
f 433/934/192 432/935/191 434/936/194 565/937/195
f 434/934/194 432/938/191 435/939/196 441/940/197
f 432/931/191 436/933/193 439/941/198 435/942/196
f 436/943/193 437/944/199 442/945/200 438/946/201
f 431/930/70 468/947/202 437/948/199 436/933/193
f 436/949/193 438/950/201 440/951/203 439/952/198
f 435/953/196 439/954/198 440/955/203 441/956/197
f 438/957/201 434/958/194 441/959/197 440/960/203
f 445/961/204 443/962/69 438/957/201 442/963/200
f 443/962/69 446/964/69 434/958/194 438/957/201
f 444/965/205 448/966/205 446/964/69 443/962/69
f 466/967/206 444/965/205 443/962/69 445/961/204
f 448/966/205 449/968/207 447/969/208 446/964/69
f 446/964/69 447/969/208 565/970/195 434/958/194
f 450/971/209 451/972/210 449/968/207 448/966/205
f 453/973/209 450/971/209 448/966/205 444/965/205
f 452/974/211 563/975/212 451/972/210 450/971/209
f 455/976/211 452/974/211 450/971/209 453/973/209
f 457/977/211 455/976/211 453/973/209 454/978/209
f 454/978/209 453/973/209 444/965/205 466/967/206
f 560/979/213 452/980/211 455/981/211 456/982/213
f 456/982/213 455/981/211 457/983/211 458/984/213
f 458/984/213 457/983/211 459/985/214 460/986/215
f 459/987/214 457/977/211 454/978/209 462/988/216
f 460/989/215 459/990/214 461/991/217 473/992/218
f 461/991/217 459/990/214 462/993/216 463/994/219
f 463/994/219 462/993/216 464/995/220 465/996/221
f 462/988/216 454/978/209 466/967/206 464/997/220
f 467/998/186 465/999/221 464/1000/220 466/1001/206
f 467/1002/186 466/1003/206 445/1004/204 468/1005/202
f 423/920/184 463/1006/219 465/1007/221 467/923/186
f 424/924/187 467/923/186 468/947/202 431/930/70
f 437/948/199 468/947/202 469/1008/222 471/1009/223
f 468/1010/202 445/1011/204 470/1012/224 469/1013/222
f 469/1014/222 470/1015/224 472/1016/225 471/1017/223
f 442/945/200 437/944/199 471/1018/223 472/1019/225
f 445/961/204 442/963/200 472/1020/225 470/1021/224
f 421/918/183 461/1022/217 463/1006/219 423/920/184
f 473/1023/218 461/1022/217 421/918/183 419/917/182
f 474/1024/226 478/1025/39 460/989/215 473/992/218
f 477/919/177 474/1026/226 473/1023/218 419/917/182
f 475/1027/39 478/1025/39 474/1024/226
f 475/1027/39 474/1024/226 476/1028/227
f 506/1029/176 476/1030/227 474/1031/226 477/1032/177
f 475/1027/39 479/1033/228 478/1025/39
f 478/1025/39 479/1033/228 482/1034/229 460/989/215
f 475/1027/39 480/1035/230 479/1033/228
f 481/1036/231 479/1037/228 480/1038/230 508/1039/232
f 479/1040/228 481/1041/231 484/1042/233 482/1043/229
f 482/1034/229 483/1044/234 547/1045/235 460/989/215
f 484/1042/233 485/1046/236 483/1047/234 482/1043/229
f 486/1048/237 487/1049/238 485/1046/236 484/1042/233
f 481/1041/231 489/1050/231 486/1048/237 484/1042/233
f 488/1051/237 510/1052/238 487/1049/238 486/1048/237
f 489/1050/231 491/1053/231 488/1051/237 486/1048/237
f 489/1054/231 481/1036/231 508/1039/232 490/1055/232
f 491/1056/231 489/1054/231 490/1055/232 492/1057/232
f 392/1058/168 491/1056/231 492/1057/232 393/1059/169
f 491/1053/231 392/1060/168 509/1061/239 488/1051/237
f 393/1062/169 492/1063/232 493/1064/69 394/1065/170
f 492/1063/232 490/1066/232 494/1067/69 493/1064/69
f 394/1065/170 493/1064/69 398/870/172 395/869/171
f 493/1064/69 494/1067/69 496/877/172 398/870/172
f 490/1066/232 508/1068/232 495/1069/69 494/1067/69
f 494/1067/69 495/1069/69 497/1070/172 496/877/172
f 496/877/172 497/1070/172 499/1071/173 399/878/173
f 497/1070/172 498/1072/240 500/1073/241 499/1071/173
f 495/1069/69 507/1074/242 498/1072/240 497/1070/172
f 499/886/173 500/1075/241 501/1076/243 403/884/52
f 475/1027/39 501/1077/243 500/1078/241
f 475/1027/39 500/1078/241 498/1079/240
f 403/884/52 501/1076/243 502/1080/244 405/885/174
f 475/1027/39 502/1081/244 501/1077/243
f 475/1027/39 503/1082/245 502/1081/244
f 405/888/174 502/1083/244 503/1084/245 407/889/175
f 475/1027/39 504/1085/246 503/1082/245
f 407/889/175 503/1084/245 504/1086/246 505/893/70
f 475/1027/39 476/1028/227 504/1085/246
f 505/893/70 504/1086/246 476/1087/227 506/1088/176
f 408/894/70 505/893/70 506/1088/176 412/901/176
f 412/906/176 506/1029/176 477/1032/177 414/907/177
f 475/1027/39 498/1079/240 507/1089/242
f 475/1027/39 507/1089/242 480/1035/230
f 508/1068/232 480/1090/230 507/1074/242 495/1069/69
f 509/1061/239 511/1091/247 510/1052/238 488/1051/237
f 510/1052/238 511/1091/247 513/1092/248 512/1093/249
f 487/1049/238 510/1052/238 512/1093/249 515/1094/249
f 512/1093/249 513/1092/248 536/1095/207 514/1096/205
f 515/1094/249 512/1093/249 514/1096/205 517/1097/205
f 485/1046/236 487/1049/238 515/1094/249 516/1098/250
f 516/1098/250 515/1094/249 517/1097/205 518/1099/251
f 518/1099/251 517/1097/205 519/1100/69 520/1101/252
f 517/1097/205 514/1096/205 521/1102/69 519/1100/69
f 520/1101/252 519/1100/69 522/1103/253 523/1104/254
f 519/1100/69 521/1102/69 525/1105/255 522/1103/253
f 524/1106/256 556/1107/257 523/1108/254 522/1109/253
f 524/1110/256 522/1111/253 526/1112/258 527/1113/259
f 522/1103/253 525/1105/255 528/1114/260 526/1115/258
f 529/1116/261 527/1117/259 526/1118/258 528/1119/260
f 525/1120/255 530/1121/262 529/1122/261 528/1123/260
f 530/1124/262 524/1125/256 527/1126/259 529/1127/261
f 531/1128/70 555/1129/70 524/1125/256 530/1124/262
f 533/1130/190 531/1128/70 530/1124/262 532/1131/263
f 532/1132/263 530/1133/262 525/1134/255 534/1135/264
f 535/1136/208 533/1137/190 532/1138/263 534/1139/264
f 521/1102/69 535/1140/208 534/1141/264 525/1105/255
f 536/1142/207 537/1143/189 533/1137/190 535/1136/208
f 514/1096/205 536/1095/207 535/1140/208 521/1102/69
f 513/1144/248 538/1145/265 537/1143/189 536/1142/207
f 538/1146/265 541/1147/266 539/1148/187 537/1149/189
f 537/1149/189 539/1148/187 531/1128/70 533/1130/190
f 539/1148/187 540/1150/187 555/1129/70 531/1128/70
f 541/1147/266 543/1151/266 540/1150/187 539/1148/187
f 542/1152/267 545/1153/267 543/1151/266 541/1147/266
f 561/1154/268 542/1152/267 541/1147/266 538/1146/265
f 545/1153/267 546/1155/267 544/1156/266 543/1151/266
f 543/1151/266 544/1156/266 552/1157/269 540/1150/187
f 458/984/213 546/1158/267 545/1159/267 456/982/213
f 456/982/213 545/1159/267 542/1160/267 560/979/213
f 460/986/215 547/1161/235 546/1158/267 458/984/213
f 546/1155/267 547/1162/235 548/1163/270 544/1156/266
f 547/1045/235 483/1044/234 549/1164/271 548/1165/270
f 548/1165/270 549/1164/271 551/1166/272 550/1167/273
f 544/1156/266 548/1163/270 550/1168/273 552/1157/269
f 552/1169/269 550/1170/273 551/1171/272 518/1172/251
f 552/1173/269 518/1174/251 520/1175/252 553/1176/274
f 540/1150/187 552/1157/269 553/1177/274 555/1129/70
f 553/1178/274 520/1179/252 559/1180/275 554/1181/276
f 556/1182/257 553/1177/274 554/1183/276 557/1184/277
f 555/1129/70 553/1177/274 556/1182/257 524/1125/256
f 523/1108/254 556/1107/257 557/1185/277 558/1186/278
f 554/1187/276 559/1188/275 558/1189/278 557/1190/277
f 520/1101/252 523/1104/254 558/1191/278 559/1192/275
f 549/1193/271 516/1098/250 518/1099/251 551/1194/272
f 483/1047/234 485/1046/236 516/1098/250 549/1193/271
f 560/979/213 542/1160/267 561/1195/268 562/1196/279
f 562/1197/279 561/1198/268 511/1199/247 509/1200/239
f 511/1199/247 561/1198/268 538/1145/265 513/1144/248
f 417/1201/179 564/1202/181 563/1203/212 562/1197/279
f 391/864/66 390/863/167 417/1201/179 562/1197/279
f 392/865/168 391/864/66 562/1197/279 509/1200/239
f 562/1196/279 563/1204/212 452/980/211 560/979/213
f 563/1203/212 564/1202/181 426/1205/188 451/1206/210
f 451/1206/210 426/1205/188 428/1207/189 449/1208/207
f 449/1208/207 428/1207/189 430/1209/190 447/1210/208
f 447/1210/208 430/1209/190 433/1211/192 565/1212/195
f 566/1213/66 567/1214/66 570/1215/63 569/1216/63
f 568/1217/67 589/1218/67 567/1214/66 566/1213/66
f 569/1216/63 570/1215/63 572/1219/64 571/1220/64
f 571/1221/64 572/1222/64 574/1223/65 573/1224/65
f 573/1224/65 574/1223/65 576/1225/37 575/1226/37
f 575/1227/37 576/1228/37 578/1229/38 577/1230/38
f 577/1230/38 578/1229/38 580/1231/39 579/1232/39
f 579/1232/39 580/1231/39 582/1233/40 581/1234/40
f 581/1235/40 582/1236/40 584/1237/45 583/1238/45
f 583/1238/45 584/1237/45 586/1239/52 585/1240/52
f 585/1240/52 586/1239/52 588/1241/68 587/1242/68
f 587/1243/68 588/1244/68 589/1218/67 568/1217/67
f 590/1245/280 591/1246/281 595/1247/282 594/1248/283
f 592/1249/284 824/1250/285 591/1251/281 590/1252/280
f 827/1253/286 592/1249/284 590/1252/280 593/1254/287
f 593/1255/287 590/1245/280 594/1248/283 596/1256/288
f 594/1257/283 595/1258/282 598/1259/289 597/1260/290
f 596/1261/288 594/1257/283 597/1260/290 599/1262/291
f 600/1263/39 597/1264/290 598/1265/289
f 600/1263/39 599/1266/291 597/1264/290
f 600/1263/39 601/1267/292 599/1266/291
f 600/1263/39 602/1268/293 601/1267/292
f 600/1263/39 603/1269/294 602/1268/293
f 600/1263/39 604/1270/295 603/1269/294
f 600/1263/39 605/1271/296 604/1270/295
f 600/1263/39 606/1272/297 605/1271/296
f 600/1263/39 607/1273/298 606/1272/297
f 600/1263/39 608/1274/299 607/1273/298
f 600/1263/39 609/1275/300 608/1274/299
f 600/1263/39 598/1265/289 609/1275/300
f 610/1276/301 612/1277/302 608/1278/299 609/1279/300
f 595/1258/282 610/1280/301 609/1281/300 598/1259/289
f 611/1282/227 614/1283/246 612/1284/302 610/1285/301
f 591/1246/281 611/1282/227 610/1285/301 595/1247/282
f 612/1277/302 613/1286/303 607/1287/298 608/1278/299
f 614/1283/246 615/1288/245 613/1289/303 612/1284/302
f 616/1290/304 619/1291/305 615/1292/245 614/1293/246
f 618/1294/306 616/1290/304 614/1293/246 611/1295/227
f 617/1296/242 620/1297/230 619/1298/305 616/1299/304
f 822/1300/240 617/1296/242 616/1299/304 618/1301/306
f 620/1297/230 623/1302/287 621/1303/307 619/1298/305
f 619/1291/305 621/1304/307 624/1305/244 615/1292/245
f 621/1306/307 622/1307/308 625/1308/243 624/1309/244
f 623/1302/287 818/1310/280 622/1311/308 621/1303/307
f 624/1312/244 625/1313/243 627/1314/309 626/1315/310
f 615/1288/245 624/1312/244 626/1315/310 613/1289/303
f 626/1316/310 627/1317/309 605/1318/296 606/1319/297
f 613/1320/303 626/1316/310 606/1319/297 607/1321/298
f 625/1313/243 630/1322/241 628/1323/311 627/1314/309
f 627/1317/309 628/1324/311 604/1325/295 605/1318/296
f 628/1324/311 629/1326/312 603/1327/294 604/1325/295
f 630/1322/241 632/1328/240 629/1329/312 628/1323/311
f 631/1330/313 634/1331/314 632/1332/240 630/1333/241
f 622/1307/308 631/1334/313 630/1335/241 625/1308/243
f 632/1328/240 633/1336/242 830/1337/315 629/1329/312
f 634/1331/314 636/1338/316 633/1339/242 632/1332/240
f 635/1340/227 638/1341/246 636/1342/316 634/1343/314
f 820/1344/281 635/1340/227 634/1343/314 631/1345/313
f 636/1338/316 637/1346/317 828/1347/230 633/1339/242
f 638/1341/246 639/1348/245 637/1349/317 636/1342/316
f 641/1350/318 639/1351/245 638/1352/246 640/1353/319
f 640/1353/319 638/1352/246 635/1354/227 642/1355/320
f 641/1356/318 640/1357/319 643/1358/321 645/1359/322
f 640/1357/319 642/1360/320 644/1361/323 643/1358/321
f 643/1362/321 644/1363/323 647/1364/324 646/1365/325
f 645/1366/322 643/1362/321 646/1365/325 648/1367/326
f 646/1368/325 647/1369/324 650/1370/327 649/1371/328
f 648/1372/326 646/1368/325 649/1371/328 651/1373/329
f 649/1374/328 650/1375/327 653/1376/330 652/1377/331
f 651/1378/329 649/1374/328 652/1377/331 654/1379/332
f 652/1377/331 653/1376/330 656/1380/333 655/1381/334
f 654/1379/332 652/1377/331 655/1381/334 657/1382/335
f 655/1381/334 656/1380/333 660/1383/336 658/1384/337
f 657/1382/335 655/1381/334 658/1384/337 659/1385/338
f 659/1385/338 658/1384/337 661/1386/339 662/1387/340
f 658/1384/337 660/1383/336 663/1388/341 661/1386/339
f 662/1389/340 661/1390/339 664/1391/342 665/1392/343
f 661/1390/339 663/1393/341 666/1394/344 664/1391/342
f 665/1395/343 664/1396/342 667/1397/345 668/1398/346
f 664/1396/342 666/1399/344 669/1400/347 667/1397/345
f 668/1401/346 667/1402/345 670/1403/348 671/1404/349
f 667/1402/345 669/1405/347 672/1406/350 670/1403/348
f 671/1407/349 670/1408/348 673/1409/351 674/1410/352
f 670/1408/348 672/1411/350 675/1412/353 673/1409/351
f 674/1413/352 673/1414/351 676/1415/354 677/1416/355
f 673/1414/351 675/1417/353 678/1418/356 676/1415/354
f 677/1419/355 676/1420/354 679/1421/357 680/1422/358
f 676/1420/354 678/1423/356 681/1424/359 679/1421/357
f 680/1425/358 679/1426/357 682/1427/360 683/1428/361
f 679/1426/357 681/1429/359 684/1430/362 682/1427/360
f 681/1429/359 687/1431/363 685/1432/364 684/1430/362
f 687/1431/363 688/1433/365 686/1434/366 685/1432/364
f 689/1435/367 691/1436/368 688/1437/365 687/1438/363
f 678/1439/356 689/1435/367 687/1438/363 681/1440/359
f 690/1441/369 692/1442/370 691/1443/368 689/1444/367
f 675/1417/353 690/1441/369 689/1444/367 678/1418/356
f 692/1442/370 695/1445/371 693/1446/372 691/1443/368
f 691/1436/368 693/1447/372 696/1448/373 688/1437/365
f 693/1447/372 694/1449/374 697/1450/375 696/1448/373
f 695/1445/371 717/1451/376 694/1452/374 693/1446/372
f 696/1453/373 697/1454/375 699/1455/377 698/1456/378
f 688/1433/365 696/1453/373 698/1456/378 686/1434/366
f 697/1454/375 701/1457/379 700/1458/380 699/1455/377
f 701/1457/379 704/1459/381 702/1460/382 700/1458/380
f 704/1459/381 706/1461/383 703/1462/384 702/1460/382
f 705/1463/385 708/1464/386 706/1465/383 704/1466/381
f 718/1467/387 705/1463/385 704/1466/381 701/1468/379
f 706/1461/383 707/1469/388 803/1470/389 703/1462/384
f 708/1471/386 709/1472/390 707/1473/388 706/1474/383
f 710/1475/391 711/1476/392 709/1477/390 708/1478/386
f 713/1479/393 710/1475/391 708/1478/386 705/1480/385
f 712/1481/394 798/1482/395 711/1483/392 710/1484/391
f 714/1485/396 712/1486/394 710/1487/391 713/1488/393
f 716/1489/397 714/1485/396 713/1488/393 715/1490/398
f 715/1491/398 713/1479/393 705/1480/385 718/1492/387
f 719/1493/399 716/1489/397 715/1490/398 717/1494/376
f 717/1451/376 715/1491/398 718/1492/387 694/1452/374
f 694/1495/374 718/1467/387 701/1468/379 697/1496/375
f 721/1497/400 719/1498/399 717/1499/376 695/1500/371
f 720/1501/401 766/1502/402 716/1503/397 719/1504/399
f 722/1505/403 720/1501/401 719/1504/399 721/1506/400
f 724/1507/404 722/1505/403 721/1506/400 723/1508/405
f 723/1509/405 721/1497/400 695/1500/371 692/1510/370
f 726/1511/406 724/1507/404 723/1508/405 725/1512/407
f 725/1513/407 723/1509/405 692/1510/370 690/1514/369
f 669/1405/347 726/1511/406 725/1512/407 672/1406/350
f 672/1515/350 725/1513/407 690/1514/369 675/1516/353
f 727/1517/408 729/1518/409 724/1519/404 726/1520/406
f 666/1521/344 727/1517/408 726/1520/406 669/1522/347
f 728/1523/410 731/1524/411 729/1525/409 727/1526/408
f 663/1393/341 728/1523/410 727/1526/408 666/1394/344
f 729/1518/409 730/1527/412 722/1528/403 724/1519/404
f 731/1524/411 732/1529/413 730/1530/412 729/1525/409
f 733/1531/414 734/1532/415 732/1533/413 731/1534/411
f 736/1535/416 733/1531/414 731/1534/411 728/1536/410
f 735/1537/417 758/1538/418 734/1532/415 733/1531/414
f 737/1539/419 735/1537/417 733/1531/414 736/1535/416
f 656/1540/333 737/1539/419 736/1535/416 660/1541/336
f 660/1541/336 736/1535/416 728/1536/410 663/1542/341
f 738/1543/420 740/1544/421 735/1537/417 737/1539/419
f 653/1545/330 738/1543/420 737/1539/419 656/1540/333
f 739/1546/422 742/1547/423 740/1544/421 738/1543/420
f 650/1548/327 739/1546/422 738/1543/420 653/1545/330
f 740/1544/421 741/1549/424 758/1538/418 735/1537/417
f 742/1547/423 743/1550/425 741/1549/424 740/1544/421
f 744/1551/426 747/1552/427 743/1553/425 742/1554/423
f 746/1555/428 744/1551/426 742/1554/423 739/1556/422
f 745/1557/429 748/1558/430 747/1559/427 744/1560/426
f 821/1561/431 745/1557/429 744/1560/426 746/1562/428
f 748/1558/430 751/1563/432 749/1564/433 747/1559/427
f 747/1552/427 749/1565/433 752/1566/434 743/1553/425
f 749/1565/433 750/1567/435 753/1568/436 752/1566/434
f 751/1569/432 812/1570/437 750/1571/435 749/1572/433
f 752/1573/434 753/1574/436 755/1575/438 754/1576/439
f 743/1550/425 752/1577/434 754/1578/439 741/1549/424
f 754/1576/439 755/1575/438 757/1579/440 756/1580/441
f 741/1549/424 754/1578/439 756/1581/441 758/1538/418
f 756/1580/441 757/1579/440 760/1582/442 759/1583/443
f 758/1538/418 756/1581/441 759/1584/443 734/1532/415
f 759/1583/443 760/1582/442 762/1585/444 761/1586/445
f 734/1532/415 759/1584/443 761/1587/445 732/1533/413
f 732/1529/413 761/1588/445 763/1589/446 730/1530/412
f 761/1588/445 762/1590/444 764/1591/447 763/1589/446
f 730/1527/412 763/1592/446 720/1593/401 722/1528/403
f 763/1594/446 764/1595/447 766/1596/402 720/1597/401
f 764/1595/447 765/1598/448 767/1599/449 766/1596/402
f 762/1590/444 775/1600/450 765/1601/448 764/1591/447
f 766/1502/402 767/1602/449 714/1603/396 716/1503/397
f 765/1598/448 770/1604/451 768/1605/452 767/1599/449
f 767/1602/449 768/1606/452 712/1607/394 714/1603/396
f 768/1606/452 769/1608/453 798/1609/395 712/1607/394
f 770/1610/451 771/1611/454 769/1612/453 768/1613/452
f 772/1614/455 773/1615/456 771/1616/454 770/1617/451
f 775/1600/450 772/1614/455 770/1617/451 765/1601/448
f 774/1618/457 793/1619/458 773/1620/456 772/1621/455
f 776/1622/459 774/1618/457 772/1621/455 775/1623/450
f 760/1582/442 776/1624/459 775/1625/450 762/1585/444
f 777/1626/460 779/1627/461 774/1618/457 776/1622/459
f 757/1579/440 777/1628/460 776/1624/459 760/1582/442
f 778/1629/462 781/1630/463 779/1627/461 777/1626/460
f 755/1575/438 778/1631/462 777/1628/460 757/1579/440
f 779/1627/461 780/1632/464 793/1619/458 774/1618/457
f 781/1630/463 782/1633/465 780/1632/464 779/1627/461
f 783/1634/466 786/1635/467 782/1633/465 781/1630/463
f 785/1636/468 783/1637/466 781/1638/463 778/1631/462
f 784/1639/469 787/1640/470 786/1635/467 783/1634/466
f 813/1641/471 784/1642/469 783/1643/466 785/1644/468
f 787/1640/470 789/1645/472 788/1646/473 786/1635/467
f 786/1635/467 788/1646/473 790/1647/474 782/1633/465
f 788/1648/473 651/1378/329 654/1379/332 790/1649/474
f 789/1650/472 648/1372/326 651/1373/329 788/1651/473
f 790/1647/474 654/1652/332 657/1653/335 791/1654/475
f 782/1633/465 790/1647/474 791/1654/475 780/1632/464
f 791/1655/475 657/1382/335 659/1385/338 792/1656/476
f 780/1632/464 791/1654/475 792/1657/476 793/1619/458
f 792/1657/476 659/1658/338 662/1659/340 794/1660/477
f 793/1619/458 792/1657/476 794/1660/477 773/1620/456
f 794/1661/477 662/1389/340 665/1392/343 795/1662/478
f 773/1615/456 794/1661/477 795/1662/478 771/1616/454
f 795/1663/478 665/1395/343 668/1398/346 796/1664/479
f 771/1611/454 795/1665/478 796/1666/479 769/1612/453
f 769/1608/453 796/1667/479 797/1668/480 798/1609/395
f 796/1667/479 668/1401/346 671/1404/349 797/1668/480
f 798/1482/395 797/1669/480 799/1670/481 711/1483/392
f 797/1671/480 671/1407/349 674/1410/352 799/1672/481
f 711/1476/392 799/1673/481 800/1674/482 709/1477/390
f 799/1673/481 674/1413/352 677/1416/355 800/1674/482
f 709/1472/390 800/1675/482 801/1676/483 707/1473/388
f 800/1677/482 677/1419/355 680/1422/358 801/1678/483
f 707/1469/388 801/1679/483 802/1680/484 803/1470/389
f 801/1679/483 680/1425/358 683/1428/361 802/1680/484
f 804/1681/485 645/1366/322 648/1367/326 789/1682/472
f 806/1683/486 804/1684/485 789/1645/472 787/1640/470
f 805/1685/487 641/1356/318 645/1359/322 804/1686/485
f 807/1687/488 805/1685/487 804/1686/485 806/1688/486
f 809/1689/489 807/1687/488 806/1688/486 808/1690/490
f 808/1691/490 806/1683/486 787/1640/470 784/1639/469
f 811/1692/491 809/1689/489 808/1690/490 810/1693/492
f 810/1694/492 808/1695/490 784/1696/469 813/1697/471
f 814/1698/493 811/1692/491 810/1693/492 812/1699/437
f 812/1570/437 810/1694/492 813/1697/471 750/1571/435
f 750/1567/435 813/1641/471 785/1644/468 753/1568/436
f 815/1700/494 814/1698/493 812/1699/437 751/1701/432
f 815/1702/494 620/1703/230 617/1704/242 814/1705/493
f 814/1705/493 617/1704/242 822/1706/240 811/1707/491
f 816/1708/495 815/1700/494 751/1701/432 748/1709/430
f 816/1710/495 623/1711/287 620/1712/230 815/1713/494
f 817/1714/496 818/1715/280 623/1711/287 816/1710/495
f 817/1716/496 816/1708/495 748/1709/430 745/1717/429
f 819/1718/497 817/1716/496 745/1717/429 821/1719/431
f 819/1720/497 820/1721/281 818/1715/280 817/1714/496
f 642/1722/320 635/1723/227 820/1721/281 819/1720/497
f 642/1360/320 819/1718/497 821/1719/431 644/1361/323
f 644/1724/323 821/1561/431 746/1562/428 647/1725/324
f 818/1310/280 820/1344/281 631/1345/313 622/1311/308
f 811/1707/491 822/1706/240 823/1726/241 809/1727/489
f 823/1728/241 822/1300/240 618/1301/306 824/1729/285
f 825/1730/243 823/1728/241 824/1729/285 592/1731/284
f 809/1732/489 823/1733/241 825/1734/243 807/1735/488
f 807/1735/488 825/1734/243 826/1736/244 805/1737/487
f 826/1738/244 825/1730/243 592/1731/284 827/1739/286
f 805/1740/487 826/1741/244 639/1351/245 641/1350/318
f 639/1348/245 826/1738/244 827/1739/286 637/1349/317
f 637/1742/317 827/1253/286 593/1254/287 828/1743/230
f 824/1250/285 618/1744/306 611/1745/227 591/1251/281
f 753/1574/436 785/1636/468 778/1631/462 755/1575/438
f 647/1369/324 746/1555/428 739/1556/422 650/1370/327
f 828/1746/230 593/1255/287 596/1256/288 829/1747/498
f 633/1336/242 828/1746/230 829/1747/498 830/1337/315
f 829/1748/498 596/1261/288 599/1262/291 601/1749/292
f 830/1750/315 829/1751/498 601/1752/292 602/1753/293
f 629/1754/312 830/1750/315 602/1753/293 603/1755/294
