# Blender 4.0.2
# www.blender.org
mtllib M249_grip_trigger.mtl
o M249_grip_trigger
v 0.000000 0.134043 0.071634
v 0.000000 0.117085 0.071634
v 0.008479 0.119357 0.071634
v 0.014686 0.125564 0.071634
v 0.016958 0.134043 0.071634
v 0.014686 0.142522 0.071634
v 0.008479 0.148729 0.071634
v 0.000000 0.151001 0.071634
v -0.008479 0.148729 0.071634
v -0.014686 0.142522 0.071634
v -0.016958 0.134043 0.071634
v -0.014686 0.125564 0.071634
v -0.008479 0.119357 0.071634
v -0.008479 0.119357 0.066239
v -0.008479 0.119357 0.060845
v -0.014686 0.125564 0.066239
v 0.000000 0.117085 0.066239
v 0.008479 0.119357 0.066239
v 0.000000 0.117085 0.060845
v 0.008479 0.119357 0.060845
v 0.000000 0.134043 0.060845
v 0.014686 0.125564 0.060845
v 0.016958 0.134043 0.060845
v 0.014686 0.142522 0.060845
v 0.008479 0.148729 0.060845
v 0.000000 0.151001 0.060845
v -0.008479 0.148729 0.060845
v -0.014686 0.142522 0.060845
v -0.016958 0.134043 0.060845
v -0.014686 0.125564 0.060845
v -0.016958 0.134043 0.066239
v -0.014686 0.142522 0.066239
v -0.008479 0.148729 0.066239
v 0.000000 0.151001 0.066239
v 0.008479 0.148729 0.066239
v 0.030523 0.159010 0.066187
v 0.014686 0.142522 0.066239
v 0.029108 0.153732 0.066187
v 0.016958 0.134043 0.066239
v 0.030523 0.148453 0.066187
v 0.014686 0.125564 0.066239
v 0.030523 0.148453 0.085170
v 0.034387 0.144589 0.066187
v 0.030523 0.148453 0.059374
v 0.029108 0.153732 0.059374
v 0.034387 0.144589 0.059374
v 0.039665 0.153732 0.059374
v 0.050223 0.153732 0.059374
v 0.048808 0.159010 0.059374
v 0.039665 0.143174 0.059374
v 0.044944 0.144589 0.059374
v 0.048808 0.148453 0.059374
v 0.030523 0.159010 0.059374
v 0.034387 0.162874 0.059374
v 0.039665 0.164289 0.059374
v 0.044944 0.162874 0.059374
v 0.044944 0.162874 0.066187
v 0.044944 0.162874 0.085170
v 0.039665 0.164289 0.066187
v 0.048808 0.159010 0.066187
v 0.048808 0.159010 0.085170
v 0.050223 0.153732 0.066187
v 0.050223 0.153732 0.085170
v 0.048808 0.148453 0.066187
v 0.048808 0.148453 0.085170
v 0.044944 0.144589 0.066187
v 0.044944 0.144589 0.085170
v 0.039665 0.143174 0.066187
v 0.039665 0.143174 0.085170
v 0.034387 0.144589 0.085170
v 0.039665 0.146352 0.088003
v 0.043355 0.147340 0.088003
v 0.039665 0.146352 0.089207
v 0.035975 0.147340 0.088003
v 0.033274 0.150042 0.088003
v 0.035975 0.147340 0.089207
v 0.033274 0.150042 0.089207
v 0.035627 0.146737 0.089420
v 0.032670 0.149693 0.089420
v 0.039665 0.145654 0.089420
v 0.035627 0.146737 0.090411
v 0.039665 0.153732 0.090695
v 0.039665 0.145654 0.090411
v 0.032670 0.149693 0.090411
v 0.031588 0.153732 0.090411
v 0.032670 0.157770 0.090411
v 0.031588 0.153732 0.089420
v 0.032285 0.153732 0.089207
v 0.032670 0.157770 0.089420
v 0.033274 0.157422 0.089207
v 0.035627 0.160727 0.089420
v 0.035975 0.160123 0.089207
v 0.039665 0.161809 0.089420
v 0.035627 0.160727 0.090411
v 0.039665 0.161809 0.090411
v 0.043704 0.160727 0.090411
v 0.046660 0.157770 0.090411
v 0.043704 0.160727 0.089420
v 0.043355 0.160123 0.089207
v 0.046660 0.157770 0.089420
v 0.046057 0.157422 0.089207
v 0.047743 0.153732 0.089420
v 0.047045 0.153732 0.089207
v 0.046660 0.149693 0.089420
v 0.047743 0.153732 0.090411
v 0.046660 0.149693 0.090411
v 0.043704 0.146737 0.090411
v 0.043704 0.146737 0.089420
v 0.043355 0.147340 0.089207
v 0.046057 0.150042 0.089207
v 0.046057 0.150042 0.088003
v 0.047045 0.153732 0.088003
v 0.046057 0.157422 0.088003
v 0.043355 0.160123 0.088003
v 0.039665 0.161112 0.088003
v 0.035975 0.160123 0.088003
v 0.039665 0.164289 0.085170
v 0.039665 0.161112 0.089207
v 0.034387 0.162874 0.085170
v 0.030523 0.159010 0.085170
v 0.034387 0.162874 0.066187
v 0.029108 0.153732 0.085170
v 0.033274 0.157422 0.088003
v 0.032285 0.153732 0.088003
v 0.000000 0.140134 0.060459
v 0.000000 0.127526 0.060459
v 0.006304 0.129215 0.060459
v 0.010918 0.133830 0.060459
v 0.012607 0.140134 0.060459
v 0.010918 0.146437 0.060459
v 0.006304 0.151052 0.060459
v 0.000000 0.152741 0.060459
v -0.006304 0.151052 0.060459
v -0.010918 0.146437 0.060459
v -0.012607 0.140134 0.060459
v -0.010918 0.133830 0.060459
v -0.006304 0.129215 0.060459
v -0.010543 0.121873 0.048412
v 0.000000 0.140134 0.048412
v -0.018261 0.129591 0.048412
v 0.000000 0.119048 0.048412
v 0.010543 0.121873 0.048412
v 0.018261 0.129591 0.048412
v 0.021086 0.140134 0.048412
v 0.018261 0.150676 0.048412
v 0.010543 0.158394 0.048412
v 0.000000 0.161219 0.048412
v -0.010543 0.158394 0.048412
v -0.018261 0.150676 0.048412
v -0.021086 0.140134 0.048412
v -0.023058 0.126033 -0.002118
v -0.023058 0.132756 0.001684
v 0.023058 0.126033 -0.002118
v -0.023058 0.126033 -0.014548
v -0.023058 0.133750 -0.014548
v -0.023058 0.126033 -0.075007
v 0.023058 0.126033 -0.014548
v 0.023058 0.133750 -0.014548
v 0.023058 0.126033 -0.075007
v 0.023058 0.133750 -0.075007
v -0.023058 0.133750 -0.075007
v 0.023058 0.133632 -0.014548
v 0.023058 0.132756 0.001684
v 0.023058 0.135381 -0.014548
v 0.023058 0.135381 0.001676
v -0.023058 0.135381 0.001676
v -0.023058 0.135381 -0.014548
v -0.023058 0.133632 -0.014548
v -0.003969 0.125142 -0.041420
v 0.003969 0.125142 -0.041420
v -0.003969 0.125142 -0.269011
v -0.003969 0.131032 -0.041420
v -0.003969 0.135954 -0.041420
v -0.003969 0.131032 -0.269011
v 0.003969 0.131032 -0.041420
v 0.003969 0.135954 -0.041420
v 0.003969 0.131032 -0.269011
v 0.003969 0.135954 -0.269011
v 0.003969 0.125142 -0.269011
v 0.003969 0.131032 -0.280577
v 0.003969 0.125142 -0.280577
v -0.003969 0.131032 -0.280577
v -0.003969 0.125142 -0.280577
v -0.003969 0.135954 -0.269011
v -0.019147 0.051454 -0.284521
v -0.019147 0.051454 -0.289138
v -0.019147 0.049145 -0.288519
v -0.019147 0.047456 -0.286829
v -0.019147 0.046837 -0.284521
v -0.019147 0.047456 -0.282213
v -0.019147 0.049145 -0.280524
v -0.019147 0.051454 -0.279905
v -0.019147 0.053762 -0.280524
v -0.019147 0.055451 -0.282213
v -0.019147 0.056070 -0.284521
v -0.019147 0.055451 -0.286829
v -0.019147 0.053762 -0.288519
v 0.019147 0.053762 -0.288519
v 0.019147 0.051454 -0.284521
v 0.019147 0.055451 -0.286829
v 0.019147 0.051454 -0.289138
v 0.019147 0.049145 -0.288519
v 0.019147 0.047456 -0.286829
v 0.019147 0.046837 -0.284521
v 0.019147 0.047456 -0.282213
v 0.019147 0.049145 -0.280524
v 0.019147 0.051454 -0.279905
v 0.019147 0.053762 -0.280524
v 0.019147 0.055451 -0.282213
v 0.019147 0.056070 -0.284521
v -0.021826 0.112525 -0.307086
v -0.021826 0.112525 -0.310396
v -0.021826 0.110870 -0.309953
v -0.021826 0.109658 -0.308741
v -0.021826 0.109214 -0.307086
v -0.021826 0.109658 -0.305431
v -0.021826 0.110870 -0.304219
v -0.021826 0.112525 -0.303775
v -0.021826 0.114180 -0.304219
v -0.021826 0.115392 -0.305431
v -0.021826 0.115835 -0.307086
v -0.021826 0.115392 -0.308741
v -0.021826 0.114180 -0.309953
v -0.021328 0.114896 -0.311193
v -0.020385 0.114896 -0.311193
v -0.021328 0.116632 -0.309457
v -0.021328 0.112525 -0.311828
v -0.021328 0.110154 -0.311193
v -0.020385 0.112525 -0.311828
v -0.020385 0.110154 -0.311193
v 0.020385 0.112525 -0.311828
v 0.020385 0.110154 -0.311193
v 0.020385 0.114896 -0.311193
v 0.021328 0.112525 -0.311828
v 0.021328 0.114896 -0.311193
v 0.021328 0.110154 -0.311193
v 0.021826 0.112525 -0.310396
v 0.021826 0.110870 -0.309953
v 0.021826 0.114180 -0.309953
v 0.021826 0.112525 -0.307086
v 0.021826 0.109658 -0.308741
v 0.021826 0.109214 -0.307086
v 0.021826 0.109658 -0.305431
v 0.021826 0.110870 -0.304219
v 0.021826 0.112525 -0.303775
v 0.021826 0.114180 -0.304219
v 0.021826 0.115392 -0.305431
v 0.021826 0.115835 -0.307086
v 0.021826 0.115392 -0.308741
v 0.021328 0.116632 -0.309457
v 0.021328 0.117267 -0.307086
v 0.020385 0.116632 -0.309457
v 0.020385 0.117267 -0.307086
v -0.020385 0.116632 -0.309457
v -0.020385 0.117267 -0.307086
v -0.020385 0.116632 -0.304715
v -0.021328 0.117267 -0.307086
v -0.021328 0.116632 -0.304715
v -0.021328 0.114896 -0.302979
v -0.020385 0.114896 -0.302979
v -0.021328 0.112525 -0.302343
v -0.020385 0.112525 -0.302343
v -0.021328 0.110154 -0.302979
v -0.020385 0.110154 -0.302979
v -0.021328 0.108418 -0.304715
v -0.020385 0.108418 -0.304715
v -0.021328 0.107782 -0.307086
v -0.020385 0.107782 -0.307086
v -0.021328 0.108418 -0.309457
v -0.020385 0.108418 -0.309457
v 0.020385 0.108418 -0.309457
v 0.020385 0.107782 -0.307086
v 0.021328 0.108418 -0.309457
v 0.021328 0.107782 -0.307086
v 0.021328 0.108418 -0.304715
v 0.020385 0.108418 -0.304715
v 0.021328 0.110154 -0.302979
v 0.020385 0.110154 -0.302979
v 0.021328 0.112525 -0.302343
v 0.020385 0.112525 -0.302343
v 0.021328 0.114896 -0.302979
v 0.020385 0.114896 -0.302979
v 0.021328 0.116632 -0.304715
v 0.020385 0.116632 -0.304715
v 0.011890 0.035579 -0.094461
v 0.013687 0.035579 -0.094461
v 0.011890 0.035579 -0.103474
v 0.011890 0.041664 -0.089616
v 0.011890 0.055080 -0.089019
v 0.013687 0.041664 -0.089616
v 0.011890 0.041756 -0.104808
v 0.011890 0.055376 -0.104973
v 0.011890 0.041809 -0.113439
v 0.011890 0.055545 -0.114036
v 0.013687 0.041809 -0.113439
v 0.011890 0.035579 -0.108594
v 0.013687 0.035579 -0.108594
v 0.013687 0.035579 -0.103474
v 0.013687 0.041756 -0.104808
v 0.013687 0.055376 -0.104973
v 0.013687 0.055080 -0.089019
v 0.013687 0.066339 -0.104973
v 0.013687 0.055545 -0.114036
v 0.013687 0.066601 -0.114036
v 0.013687 0.072039 -0.112206
v 0.011890 0.066601 -0.114036
v 0.011890 0.072039 -0.112206
v 0.011890 0.066339 -0.104973
v 0.011890 0.072941 -0.104973
v 0.011890 0.065878 -0.089019
v 0.011890 0.065878 -0.080968
v 0.011890 0.072381 -0.089019
v 0.013687 0.072381 -0.089019
v 0.011890 0.071649 -0.080968
v 0.013687 0.071649 -0.080968
v 0.011890 0.067846 -0.077455
v 0.013687 0.067846 -0.077455
v 0.011890 0.064752 -0.077455
v 0.013687 0.064752 -0.077455
v 0.011890 0.059615 -0.077455
v 0.013687 0.059615 -0.077455
v 0.011890 0.055080 -0.080968
v 0.013687 0.055080 -0.080968
v 0.013687 0.065878 -0.080968
v 0.013687 0.065878 -0.089019
v 0.013687 0.072941 -0.104973
v -0.011890 0.035579 -0.094461
v -0.011890 0.035579 -0.103474
v -0.013687 0.035579 -0.094461
v -0.011890 0.041664 -0.089616
v -0.013687 0.041664 -0.089616
v -0.011890 0.055080 -0.089019
v -0.011890 0.041756 -0.104808
v -0.011890 0.041809 -0.113439
v -0.011890 0.055376 -0.104973
v -0.011890 0.055545 -0.114036
v -0.011890 0.066339 -0.104973
v -0.011890 0.066601 -0.114036
v -0.011890 0.072941 -0.104973
v -0.011890 0.065878 -0.089019
v -0.011890 0.065878 -0.080968
v -0.011890 0.072381 -0.089019
v -0.013687 0.072381 -0.089019
v -0.011890 0.071649 -0.080968
v -0.011890 0.067846 -0.077455
v -0.013687 0.071649 -0.080968
v -0.013687 0.067846 -0.077455
v -0.013687 0.065878 -0.080968
v -0.013687 0.064752 -0.077455
v -0.013687 0.065878 -0.089019
v -0.013687 0.055080 -0.080968
v -0.013687 0.059615 -0.077455
v -0.011890 0.055080 -0.080968
v -0.013687 0.055080 -0.089019
v -0.013687 0.055376 -0.104973
v -0.013687 0.041756 -0.104808
v -0.013687 0.066339 -0.104973
v -0.013687 0.055545 -0.114036
v -0.013687 0.041809 -0.113439
v -0.013687 0.066601 -0.114036
v -0.013687 0.072039 -0.112206
v -0.011890 0.072039 -0.112206
v -0.013687 0.072941 -0.104973
v -0.013687 0.035579 -0.108594
v -0.011890 0.035579 -0.108594
v -0.013687 0.035579 -0.103474
v -0.011890 0.059615 -0.077455
v -0.011890 0.064752 -0.077455
v 0.025372 0.084765 0.195978
v 0.025372 0.057597 0.195978
v 0.025372 0.084765 0.189729
v 0.030756 0.081554 0.195978
v 0.030756 0.081554 0.189729
v 0.030756 0.060807 0.195978
v 0.030756 0.060807 0.189729
v 0.025372 0.057597 0.189729
v 0.025372 0.084765 0.183325
v 0.025372 0.057597 0.183325
v 0.025372 0.084765 0.177076
v 0.030756 0.081554 0.183325
v 0.030756 0.081554 0.177076
v 0.030756 0.060807 0.183325
v 0.030756 0.060807 0.177076
v 0.025372 0.057597 0.177076
v 0.025372 0.084765 0.170672
v 0.025372 0.057597 0.170672
v 0.025372 0.084765 0.164423
v 0.030756 0.081554 0.170672
v 0.030756 0.081554 0.164423
v 0.030756 0.060807 0.170672
v 0.030756 0.060807 0.164423
v 0.025372 0.057597 0.164423
v 0.025372 0.084765 0.158019
v 0.025372 0.057597 0.158019
v 0.025372 0.084765 0.151770
v 0.030756 0.081554 0.158019
v 0.030756 0.081554 0.151770
v 0.030756 0.060807 0.158019
v 0.030756 0.060807 0.151770
v 0.025372 0.057597 0.151770
v 0.025372 0.084765 0.145366
v 0.025372 0.057597 0.145366
v 0.025372 0.084765 0.139117
v 0.030756 0.081554 0.145366
v 0.030756 0.081554 0.139117
v 0.030756 0.060807 0.145366
v 0.030756 0.060807 0.139117
v 0.025372 0.057597 0.139117
v 0.025372 0.084765 0.132713
v 0.025372 0.057597 0.132713
v 0.025372 0.084765 0.126464
v 0.030756 0.081554 0.132713
v 0.030756 0.081554 0.126464
v 0.030756 0.060807 0.132713
v 0.030756 0.060807 0.126464
v 0.025372 0.057597 0.126464
v 0.025372 0.084765 0.120060
v 0.025372 0.057597 0.120060
v 0.025372 0.084765 0.113811
v 0.030756 0.081554 0.120060
v 0.030756 0.081554 0.113811
v 0.030756 0.060807 0.120060
v 0.030756 0.060807 0.113811
v 0.025372 0.057597 0.113811
v 0.025372 0.084765 0.107407
v 0.025372 0.057597 0.107407
v 0.025372 0.084765 0.101158
v 0.030756 0.081554 0.107407
v 0.030756 0.081554 0.101158
v 0.030756 0.060807 0.107407
v 0.030756 0.060807 0.101158
v 0.025372 0.057597 0.101158
v 0.025372 0.084765 0.094754
v 0.025372 0.057597 0.094754
v 0.025372 0.084765 0.088505
v 0.030756 0.081554 0.094754
v 0.030756 0.081554 0.088505
v 0.030756 0.060807 0.094754
v 0.030756 0.060807 0.088505
v 0.025372 0.057597 0.088505
v 0.025372 0.084765 0.082101
v 0.025372 0.057597 0.082101
v 0.025372 0.084765 0.075852
v 0.030756 0.081554 0.082101
v 0.030756 0.081554 0.075852
v 0.030756 0.060807 0.082101
v 0.030756 0.060807 0.075852
v 0.025372 0.057597 0.075852
v 0.025372 0.084765 0.069447
v 0.025372 0.057597 0.069447
v 0.025372 0.084765 0.063199
v 0.030756 0.081554 0.069447
v 0.030756 0.081554 0.063199
v 0.030756 0.060807 0.069447
v 0.030756 0.060807 0.063199
v 0.025372 0.057597 0.063199
v 0.025372 0.084765 0.056794
v 0.025372 0.057597 0.056794
v 0.025372 0.084765 0.050546
v 0.030756 0.081554 0.056794
v 0.030756 0.081554 0.050546
v 0.030756 0.060807 0.056794
v 0.030756 0.060807 0.050546
v 0.025372 0.057597 0.050546
v 0.025372 0.084765 0.044141
v 0.025372 0.057597 0.044141
v 0.025372 0.084765 0.037893
v 0.030756 0.081554 0.044141
v 0.030756 0.081554 0.037893
v 0.030756 0.060807 0.044141
v 0.030756 0.060807 0.037893
v 0.025372 0.057597 0.037893
v -0.025372 0.084765 0.195978
v -0.025372 0.084765 0.189729
v -0.025372 0.057597 0.195978
v -0.030756 0.081554 0.195978
v -0.030756 0.081554 0.189729
v -0.030756 0.060807 0.195978
v -0.030756 0.060807 0.189729
v -0.025372 0.057597 0.189729
v -0.025372 0.084765 0.183325
v -0.025372 0.084765 0.177076
v -0.025372 0.057597 0.183325
v -0.030756 0.081554 0.183325
v -0.030756 0.081554 0.177076
v -0.030756 0.060807 0.183325
v -0.030756 0.060807 0.177076
v -0.025372 0.057597 0.177076
v -0.025372 0.084765 0.170672
v -0.025372 0.084765 0.164423
v -0.025372 0.057597 0.170672
v -0.030756 0.081554 0.170672
v -0.030756 0.081554 0.164423
v -0.030756 0.060807 0.170672
v -0.030756 0.060807 0.164423
v -0.025372 0.057597 0.164423
v -0.025372 0.084765 0.158019
v -0.025372 0.084765 0.151770
v -0.025372 0.057597 0.158019
v -0.030756 0.081554 0.158019
v -0.030756 0.081554 0.151770
v -0.030756 0.060807 0.158019
v -0.030756 0.060807 0.151770
v -0.025372 0.057597 0.151770
v -0.025372 0.084765 0.145366
v -0.025372 0.084765 0.139117
v -0.025372 0.057597 0.145366
v -0.030756 0.081554 0.145366
v -0.030756 0.081554 0.139117
v -0.030756 0.060807 0.145366
v -0.030756 0.060807 0.139117
v -0.025372 0.057597 0.139117
v -0.025372 0.084765 0.132713
v -0.025372 0.084765 0.126464
v -0.025372 0.057597 0.132713
v -0.030756 0.081554 0.132713
v -0.030756 0.081554 0.126464
v -0.030756 0.060807 0.132713
v -0.030756 0.060807 0.126464
v -0.025372 0.057597 0.126464
v -0.025372 0.084765 0.120060
v -0.025372 0.084765 0.113811
v -0.025372 0.057597 0.120060
v -0.030756 0.081554 0.120060
v -0.030756 0.081554 0.113811
v -0.030756 0.060807 0.120060
v -0.030756 0.060807 0.113811
v -0.025372 0.057597 0.113811
v -0.025372 0.084765 0.107407
v -0.025372 0.084765 0.101158
v -0.025372 0.057597 0.107407
v -0.030756 0.081554 0.107407
v -0.030756 0.081554 0.101158
v -0.030756 0.060807 0.107407
v -0.030756 0.060807 0.101158
v -0.025372 0.057597 0.101158
v -0.025372 0.084765 0.094754
v -0.025372 0.084765 0.088505
v -0.025372 0.057597 0.094754
v -0.030756 0.081554 0.094754
v -0.030756 0.081554 0.088505
v -0.030756 0.060807 0.094754
v -0.030756 0.060807 0.088505
v -0.025372 0.057597 0.088505
v -0.025372 0.084765 0.082101
v -0.025372 0.084765 0.075852
v -0.025372 0.057597 0.082101
v -0.030756 0.081554 0.082101
v -0.030756 0.081554 0.075852
v -0.030756 0.060807 0.082101
v -0.030756 0.060807 0.075852
v -0.025372 0.057597 0.075852
v -0.025372 0.084765 0.069447
v -0.025372 0.084765 0.063199
v -0.025372 0.057597 0.069447
v -0.030756 0.081554 0.069447
v -0.030756 0.081554 0.063199
v -0.030756 0.060807 0.069447
v -0.030756 0.060807 0.063199
v -0.025372 0.057597 0.063199
v -0.025372 0.084765 0.056794
v -0.025372 0.084765 0.050546
v -0.025372 0.057597 0.056794
v -0.030756 0.081554 0.056794
v -0.030756 0.081554 0.050546
v -0.030756 0.060807 0.056794
v -0.030756 0.060807 0.050546
v -0.025372 0.057597 0.050546
v -0.025372 0.084765 0.044141
v -0.025372 0.084765 0.037893
v -0.025372 0.057597 0.044141
v -0.030756 0.081554 0.044141
v -0.030756 0.081554 0.037893
v -0.030756 0.060807 0.044141
v -0.030756 0.060807 0.037893
v -0.025372 0.057597 0.037893
v 0.025078 0.084765 0.211750
v 0.025078 0.057597 0.211750
v 0.025078 0.084765 0.201783
v 0.030461 0.081554 0.211750
v 0.030461 0.081554 0.201783
v 0.030461 0.060807 0.211750
v 0.030461 0.060807 0.201783
v 0.025078 0.057597 0.201783
v -0.025078 0.084765 0.211750
v -0.025078 0.084765 0.201783
v -0.025078 0.057597 0.211750
v -0.030461 0.081554 0.211750
v -0.030461 0.081554 0.201783
v -0.030461 0.060807 0.211750
v -0.030461 0.060807 0.201783
v -0.025078 0.057597 0.201783
v 0.014198 0.061132 0.037384
v 0.007099 0.061132 0.037384
v 0.012065 0.065535 0.037384
v 0.026134 0.061132 0.037384
v 0.014198 0.061132 0.210742
v 0.007099 0.061132 0.210742
v 0.014198 0.061132 0.211799
v 0.026134 0.061132 0.210742
v 0.026134 0.081187 0.210726
v 0.026134 0.061132 0.211799
v 0.026134 0.081187 0.211791
v 0.012068 0.081187 0.211791
v 0.012068 0.081187 0.210726
v 0.012069 0.065544 0.211799
v 0.006932 0.065544 0.211799
v 0.007099 0.057282 0.211799
v 0.000000 0.065543 0.211799
v 0.006932 0.065544 0.226065
v 0.007099 0.057282 0.226065
v 0.000000 0.065543 0.226065
v 0.000000 0.057282 0.226065
v -0.006932 0.065544 0.226065
v -0.007099 0.057282 0.226065
v -0.006932 0.065544 0.211799
v -0.007099 0.057282 0.211799
v -0.012069 0.065544 0.211799
v -0.014198 0.061132 0.211799
v -0.012068 0.081187 0.211791
v -0.026134 0.081187 0.211791
v -0.012068 0.081187 0.210726
v -0.026134 0.081187 0.210726
v -0.012068 0.081187 0.037363
v -0.026134 0.081187 0.037363
v -0.012065 0.065535 0.037384
v -0.014198 0.061132 0.037384
v -0.006032 0.065539 0.037384
v -0.007099 0.061132 0.037384
v -0.006032 0.065539 0.037384
v 0.000000 0.065543 0.037384
v 0.006032 0.065539 0.037384
v 0.000000 0.065543 0.037384
v 0.000000 0.065543 0.023121
v 0.006032 0.065539 0.037384
v 0.006032 0.065539 0.023121
v 0.007099 0.061132 0.037384
v 0.007099 0.061132 0.023121
v 0.007099 0.053472 0.037384
v 0.007099 0.053472 0.023121
v 0.000000 0.053472 0.037384
v 0.007099 0.053472 0.037384
v 0.007099 0.053472 0.210742
v 0.007099 0.048982 0.037384
v 0.000000 0.053472 0.037384
v 0.000000 0.048982 0.037384
v -0.007099 0.053472 0.037384
v -0.007099 0.048982 0.037384
v -0.007099 0.053472 0.210742
v -0.007099 0.053472 0.037384
v -0.007099 0.061132 0.037384
v -0.007099 0.053472 0.023121
v -0.007099 0.061132 0.023121
v 0.000000 0.053472 0.023121
v 0.000000 0.061132 0.023121
v -0.006032 0.065539 0.023121
v -0.007099 0.048982 0.210742
v -0.007099 0.053472 0.211799
v -0.007099 0.061132 0.210742
v -0.014198 0.061132 0.210742
v -0.026134 0.061132 0.210742
v -0.026134 0.061132 0.037384
v -0.026134 0.061132 0.211799
v -0.007099 0.053472 0.226065
v -0.007099 0.048982 0.211799
v -0.007099 0.048982 0.226065
v 0.000000 0.048982 0.211799
v 0.007099 0.048982 0.211799
v 0.000000 0.048982 0.210742
v 0.000000 0.048982 0.226065
v 0.000000 0.053472 0.226065
v 0.007099 0.048982 0.226065
v 0.007099 0.053472 0.226065
v 0.007099 0.053472 0.211799
v 0.007099 0.048982 0.210742
v 0.012068 0.081187 0.037363
v 0.026134 0.081187 0.037363
v 0.000000 0.061132 0.037384
v 0.000000 0.061132 0.037384
v 0.015000 0.087967 0.032094
v 0.015000 0.082653 0.034422
v 0.015000 0.088622 0.007228
v 0.012769 0.087967 0.032094
v 0.012769 0.088622 0.007228
v 0.012769 0.082653 0.034422
v 0.012769 0.085917 0.007228
v 0.012769 0.075376 0.034422
v 0.012769 0.079905 0.007228
v 0.012769 0.069270 0.032094
v 0.015000 0.075376 0.034422
v 0.015000 0.079905 0.007228
v 0.015000 0.069270 0.032094
v 0.015000 0.068428 0.007228
v 0.015000 0.068428 0.001053
v 0.012769 0.068428 0.007228
v 0.012769 0.068428 0.001053
v 0.012769 0.079905 0.001053
v 0.012769 0.068428 -0.068069
v 0.012769 0.069023 -0.077832
v 0.012769 0.079905 -0.068069
v 0.015000 0.068428 -0.068069
v 0.015000 0.079905 -0.068069
v 0.015000 0.069023 -0.077832
v 0.015000 0.078203 -0.080203
v 0.015000 0.082713 -0.080203
v 0.012769 0.078203 -0.080203
v 0.012769 0.082713 -0.080203
v 0.012769 0.088080 -0.078688
v 0.012769 0.085917 -0.068069
v 0.012769 0.088121 -0.068069
v 0.012769 0.085917 0.001053
v 0.015000 0.084652 0.001053
v 0.012769 0.088622 0.001053
v 0.015000 0.088622 0.001053
v 0.012769 0.094428 0.001053
v 0.012769 0.094428 -0.068069
v 0.015000 0.094428 0.001053
v 0.015000 0.094428 -0.068069
v 0.015000 0.088121 -0.068069
v 0.015000 0.084652 -0.068069
v 0.015000 0.088080 -0.078688
v 0.015000 0.079905 0.001053
v 0.015000 0.085917 0.007228
v -0.015000 0.087967 0.032094
v -0.015000 0.088622 0.007228
v -0.015000 0.082653 0.034422
v -0.012769 0.087967 0.032094
v -0.012769 0.082653 0.034422
v -0.012769 0.088622 0.007228
v -0.012769 0.085917 0.007228
v -0.012769 0.079905 0.007228
v -0.012769 0.085917 0.001053
v -0.015000 0.085917 0.007228
v -0.015000 0.079905 0.007228
v -0.015000 0.084652 0.001053
v -0.015000 0.079905 0.001053
v -0.015000 0.088622 0.001053
v -0.015000 0.084652 -0.068069
v -0.015000 0.082713 -0.080203
v -0.015000 0.088121 -0.068069
v -0.015000 0.079905 -0.068069
v -0.015000 0.078203 -0.080203
v -0.015000 0.068428 -0.068069
v -0.015000 0.069023 -0.077832
v -0.015000 0.068428 0.001053
v -0.012769 0.068428 -0.068069
v -0.012769 0.079905 -0.068069
v -0.012769 0.069023 -0.077832
v -0.012769 0.068428 0.001053
v -0.012769 0.068428 0.007228
v -0.012769 0.079905 0.001053
v -0.012769 0.069270 0.032094
v -0.015000 0.068428 0.007228
v -0.015000 0.069270 0.032094
v -0.015000 0.075376 0.034422
v -0.012769 0.075376 0.034422
v -0.012769 0.078203 -0.080203
v -0.012769 0.082713 -0.080203
v -0.012769 0.085917 -0.068069
v -0.012769 0.088080 -0.078688
v -0.012769 0.088121 -0.068069
v -0.015000 0.088080 -0.078688
v -0.012769 0.094428 -0.068069
v -0.012769 0.088622 0.001053
v -0.012769 0.094428 0.001053
v -0.015000 0.094428 0.001053
v -0.015000 0.094428 -0.068069
v 0.021523 0.096164 -0.022227
v 0.021523 0.104622 -0.022227
v 0.022396 0.096164 -0.021994
v 0.020651 0.096164 -0.021994
v 0.021523 0.096164 -0.022020
v 0.022292 0.096164 -0.021814
v 0.020754 0.096164 -0.021814
v 0.020191 0.096164 -0.021251
v 0.019985 0.096164 -0.020482
v 0.020012 0.096164 -0.021355
v 0.020012 0.104622 -0.021355
v 0.019778 0.096164 -0.020482
v 0.019778 0.104622 -0.020482
v 0.020012 0.096164 -0.019610
v 0.020012 0.104622 -0.019610
v 0.020651 0.096164 -0.018971
v 0.020191 0.096164 -0.019714
v 0.020754 0.096164 -0.019151
v 0.021523 0.096164 -0.018945
v 0.022292 0.096164 -0.019151
v 0.021523 0.096164 -0.018738
v 0.021523 0.104622 -0.018738
v 0.022396 0.096164 -0.018971
v 0.022396 0.104622 -0.018971
v 0.023034 0.096164 -0.019610
v 0.023034 0.104622 -0.019610
v 0.023268 0.096164 -0.020482
v 0.022855 0.096164 -0.019714
v 0.023061 0.096164 -0.020482
v 0.022855 0.096164 -0.021251
v 0.023034 0.096164 -0.021355
v 0.023034 0.104622 -0.021355
v 0.022396 0.104622 -0.021994
v 0.023268 0.104622 -0.020482
v 0.020651 0.104622 -0.018971
v 0.020651 0.104622 -0.021994
v 0.021523 0.096164 -0.007841
v 0.021523 0.104622 -0.007841
v 0.020651 0.096164 -0.007607
v 0.022396 0.096164 -0.007607
v 0.021523 0.096164 -0.007593
v 0.022272 0.096164 -0.007393
v 0.020774 0.096164 -0.007393
v 0.020226 0.096164 -0.006845
v 0.020026 0.096164 -0.006096
v 0.020012 0.096164 -0.006968
v 0.020012 0.104622 -0.006968
v 0.019778 0.096164 -0.006096
v 0.019778 0.104622 -0.006096
v 0.020012 0.096164 -0.005223
v 0.020012 0.104622 -0.005223
v 0.020651 0.096164 -0.004585
v 0.020226 0.096164 -0.005347
v 0.020774 0.096164 -0.004799
v 0.021523 0.096164 -0.004598
v 0.022272 0.096164 -0.004799
v 0.021523 0.096164 -0.004351
v 0.021523 0.104622 -0.004351
v 0.022396 0.096164 -0.004585
v 0.022396 0.104622 -0.004585
v 0.023034 0.096164 -0.005223
v 0.023034 0.104622 -0.005223
v 0.023268 0.096164 -0.006096
v 0.022820 0.096164 -0.005347
v 0.023021 0.096164 -0.006096
v 0.022820 0.096164 -0.006845
v 0.023034 0.096164 -0.006968
v 0.023034 0.104622 -0.006968
v 0.022396 0.104622 -0.007607
v 0.023268 0.104622 -0.006096
v 0.020651 0.104622 -0.004585
v 0.020651 0.104622 -0.007607
v 0.019944 0.105545 -0.001187
v 0.021872 0.105545 -0.001187
v 0.019944 0.102880 -0.001187
v 0.019944 0.105545 -0.011670
v 0.019944 0.114220 -0.001187
v 0.021872 0.114220 -0.001187
v 0.019944 0.116885 -0.001187
v 0.019944 0.114220 -0.011670
v 0.021872 0.114220 -0.011670
v 0.019944 0.116885 -0.011670
v 0.021872 0.116885 -0.011670
v 0.021872 0.116885 -0.001187
v 0.026903 0.114220 -0.011670
v 0.021872 0.105545 -0.011670
v 0.021872 0.102880 -0.011670
v 0.026903 0.105545 -0.011670
v 0.026903 0.105545 -0.001187
v 0.026903 0.114220 -0.001187
v 0.019944 0.102880 -0.011670
v 0.021872 0.102880 -0.001187
v 0.019944 0.105545 -0.015299
v 0.021872 0.105545 -0.015299
v 0.019944 0.102880 -0.015299
v 0.019944 0.105545 -0.025782
v 0.019944 0.114220 -0.015299
v 0.021872 0.114220 -0.015299
v 0.019944 0.116885 -0.015299
v 0.019944 0.114220 -0.025782
v 0.021872 0.114220 -0.025782
v 0.019944 0.116885 -0.025782
v 0.021872 0.116885 -0.025782
v 0.021872 0.116885 -0.015299
v 0.026903 0.114220 -0.025782
v 0.021872 0.105545 -0.025782
v 0.021872 0.102880 -0.025782
v 0.026903 0.105545 -0.025782
v 0.026903 0.105545 -0.015299
v 0.026903 0.114220 -0.015299
v 0.019944 0.102880 -0.025782
v 0.021872 0.102880 -0.015299
v 0.017316 0.098813 0.003660
v 0.019744 0.098813 0.003660
v 0.017316 0.098813 -0.271248
v 0.017316 0.101698 0.003660
v 0.019744 0.101698 0.003660
v 0.017316 0.118055 0.003660
v 0.019744 0.118055 0.003660
v 0.017316 0.120939 0.003660
v 0.017316 0.120939 -0.271248
v 0.019744 0.120939 0.003660
v 0.022545 0.120939 0.003660
v 0.019744 0.120939 -0.272950
v 0.022545 0.120939 -0.272950
v 0.017316 0.120939 -0.272950
v 0.019744 0.118055 -0.272950
v 0.022545 0.118055 -0.272950
v 0.019744 0.101698 -0.272950
v 0.017316 0.118055 -0.272950
v 0.017316 0.118055 -0.271248
v 0.017316 0.101698 -0.272950
v 0.017316 0.098813 -0.272950
v 0.017316 0.101698 -0.271248
v 0.019744 0.098813 -0.272950
v 0.022545 0.098813 -0.272950
v 0.022545 0.098813 0.003660
v 0.022545 0.101698 -0.272950
v 0.025347 0.098813 -0.272950
v 0.025347 0.098813 0.003660
v 0.025347 0.101698 -0.272950
v 0.025347 0.105488 -0.272950
v 0.025347 0.101698 0.003660
v 0.022545 0.101698 0.003660
v 0.025347 0.105489 0.003660
v 0.022545 0.105489 0.003660
v 0.022545 0.105488 -0.272950
v 0.022545 0.114264 -0.272950
v 0.025347 0.118055 -0.272950
v 0.022545 0.118055 0.003660
v 0.022545 0.114264 0.003660
v 0.025347 0.118055 0.003660
v 0.025347 0.120939 0.003660
v 0.025347 0.114264 0.003660
v 0.025347 0.114264 -0.272950
v 0.025347 0.120939 -0.272950
v -0.021523 0.096164 -0.022227
v -0.022396 0.096164 -0.021994
v -0.021523 0.104622 -0.022227
v -0.021523 0.096164 -0.022020
v -0.020651 0.096164 -0.021994
v -0.020012 0.096164 -0.021355
v -0.020651 0.104622 -0.021994
v -0.020754 0.096164 -0.021814
v -0.020191 0.096164 -0.021251
v -0.019985 0.096164 -0.020482
v -0.020191 0.096164 -0.019714
v -0.019778 0.096164 -0.020482
v -0.020012 0.096164 -0.019610
v -0.019778 0.104622 -0.020482
v -0.020012 0.104622 -0.019610
v -0.020012 0.104622 -0.021355
v -0.020651 0.104622 -0.018971
v -0.020651 0.096164 -0.018971
v -0.021523 0.104622 -0.018738
v -0.021523 0.096164 -0.018738
v -0.022396 0.104622 -0.018971
v -0.022396 0.096164 -0.018971
v -0.023034 0.104622 -0.019610
v -0.023034 0.096164 -0.019610
v -0.023268 0.104622 -0.020482
v -0.023268 0.096164 -0.020482
v -0.023034 0.104622 -0.021355
v -0.023034 0.096164 -0.021355
v -0.022396 0.104622 -0.021994
v -0.022855 0.096164 -0.021251
v -0.023061 0.096164 -0.020482
v -0.022292 0.096164 -0.021814
v -0.022855 0.096164 -0.019714
v -0.022292 0.096164 -0.019151
v -0.021523 0.096164 -0.018945
v -0.020754 0.096164 -0.019151
v -0.021523 0.096164 -0.007841
v -0.020651 0.096164 -0.007607
v -0.021523 0.104622 -0.007841
v -0.022396 0.096164 -0.007607
v -0.021523 0.096164 -0.007593
v -0.020774 0.096164 -0.007393
v -0.022272 0.096164 -0.007393
v -0.022820 0.096164 -0.006845
v -0.023021 0.096164 -0.006096
v -0.023034 0.096164 -0.006968
v -0.023034 0.104622 -0.006968
v -0.023268 0.096164 -0.006096
v -0.023268 0.104622 -0.006096
v -0.023034 0.096164 -0.005223
v -0.023034 0.104622 -0.005223
v -0.022396 0.096164 -0.004585
v -0.022820 0.096164 -0.005347
v -0.022272 0.096164 -0.004799
v -0.021523 0.096164 -0.004598
v -0.020774 0.096164 -0.004799
v -0.021523 0.096164 -0.004351
v -0.021523 0.104622 -0.004351
v -0.020651 0.096164 -0.004585
v -0.020651 0.104622 -0.004585
v -0.020012 0.096164 -0.005223
v -0.020012 0.104622 -0.005223
v -0.019778 0.096164 -0.006096
v -0.020226 0.096164 -0.005347
v -0.020026 0.096164 -0.006096
v -0.020226 0.096164 -0.006845
v -0.020012 0.096164 -0.006968
v -0.020012 0.104622 -0.006968
v -0.019778 0.104622 -0.006096
v -0.020651 0.104622 -0.007607
v -0.022396 0.104622 -0.004585
v -0.022396 0.104622 -0.007607
v -0.019944 0.105545 -0.001187
v -0.019944 0.102880 -0.001187
v -0.021872 0.105545 -0.001187
v -0.019944 0.105545 -0.011670
v -0.019944 0.114220 -0.001187
v -0.019944 0.116885 -0.001187
v -0.021872 0.114220 -0.001187
v -0.019944 0.114220 -0.011670
v -0.019944 0.116885 -0.011670
v -0.021872 0.114220 -0.011670
v -0.021872 0.116885 -0.011670
v -0.026903 0.114220 -0.011670
v -0.021872 0.105545 -0.011670
v -0.021872 0.102880 -0.011670
v -0.026903 0.105545 -0.011670
v -0.026903 0.105545 -0.001187
v -0.026903 0.114220 -0.001187
v -0.019944 0.102880 -0.011670
v -0.021872 0.102880 -0.001187
v -0.021872 0.116885 -0.001187
v -0.019944 0.105545 -0.015299
v -0.019944 0.102880 -0.015299
v -0.021872 0.105545 -0.015299
v -0.019944 0.105545 -0.025782
v -0.019944 0.114220 -0.015299
v -0.019944 0.116885 -0.015299
v -0.021872 0.114220 -0.015299
v -0.019944 0.114220 -0.025782
v -0.019944 0.116885 -0.025782
v -0.021872 0.114220 -0.025782
v -0.021872 0.116885 -0.025782
v -0.026903 0.114220 -0.025782
v -0.021872 0.105545 -0.025782
v -0.021872 0.102880 -0.025782
v -0.026903 0.105545 -0.025782
v -0.026903 0.105545 -0.015299
v -0.026903 0.114220 -0.015299
v -0.019944 0.102880 -0.025782
v -0.021872 0.102880 -0.015299
v -0.021872 0.116885 -0.015299
v -0.017316 0.098813 0.003660
v -0.017316 0.098813 -0.271248
v -0.019744 0.098813 0.003660
v -0.017316 0.101698 0.003660
v -0.019744 0.101698 0.003660
v -0.017316 0.118055 0.003660
v -0.019744 0.118055 0.003660
v -0.017316 0.120939 0.003660
v -0.019744 0.120939 0.003660
v -0.017316 0.120939 -0.271248
v -0.017316 0.120939 -0.272950
v -0.017316 0.118055 -0.271248
v -0.017316 0.118055 -0.272950
v -0.019744 0.118055 -0.272950
v -0.017316 0.101698 -0.272950
v -0.019744 0.101698 -0.272950
v -0.017316 0.098813 -0.272950
v -0.017316 0.101698 -0.271248
v -0.019744 0.098813 -0.272950
v -0.022545 0.098813 -0.272950
v -0.022545 0.098813 0.003660
v -0.022545 0.101698 -0.272950
v -0.025347 0.098813 -0.272950
v -0.025347 0.098813 0.003660
v -0.025347 0.101698 -0.272950
v -0.025347 0.101698 0.003660
v -0.025347 0.105488 -0.272950
v -0.022545 0.105488 -0.272950
v -0.025347 0.105489 0.003660
v -0.022545 0.105489 0.003660
v -0.022545 0.101698 0.003660
v -0.022545 0.118055 -0.272950
v -0.019744 0.120939 -0.272950
v -0.022545 0.120939 -0.272950
v -0.022545 0.120939 0.003660
v -0.025347 0.120939 -0.272950
v -0.025347 0.120939 0.003660
v -0.025347 0.118055 -0.272950
v -0.025347 0.114264 -0.272950
v -0.025347 0.118055 0.003660
v -0.022545 0.118055 0.003660
v -0.025347 0.114264 0.003660
v -0.022545 0.114264 0.003660
v -0.022545 0.114264 -0.272950
v 0.048727 0.109968 -0.124578
v 0.048727 0.112573 -0.123499
v 0.051197 0.109968 -0.124578
v 0.048727 0.107362 -0.123499
v 0.048534 0.109968 -0.124578
v 0.048534 0.107362 -0.123499
v 0.048534 0.112573 -0.123499
v 0.048534 0.109968 -0.123771
v 0.048534 0.107933 -0.122928
v 0.048534 0.112002 -0.122928
v 0.048534 0.109968 -0.120894
v 0.048534 0.107091 -0.120894
v 0.048534 0.107933 -0.118860
v 0.048534 0.109968 -0.118017
v 0.048534 0.112002 -0.118860
v 0.048534 0.112845 -0.120894
v 0.048534 0.113930 -0.120894
v 0.048534 0.112573 -0.118289
v 0.048727 0.113930 -0.120894
v 0.048727 0.112573 -0.118289
v 0.051197 0.113652 -0.120894
v 0.051197 0.112573 -0.118289
v 0.051309 0.113652 -0.120894
v 0.051197 0.112573 -0.123499
v 0.051309 0.112573 -0.123499
v 0.051309 0.109968 -0.124578
v 0.051324 0.113817 -0.125321
v 0.051324 0.113817 -0.127587
v 0.051324 0.109968 -0.125321
v 0.051324 0.114255 -0.125321
v 0.051324 0.113817 -0.120894
v 0.051324 0.114582 -0.120894
v 0.051324 0.113817 -0.116467
v 0.051324 0.114255 -0.116467
v 0.051324 0.113817 -0.114201
v 0.051324 0.109968 -0.116467
v 0.051309 0.112573 -0.118289
v 0.051309 0.109968 -0.117210
v 0.051309 0.107362 -0.118289
v 0.051197 0.109968 -0.117210
v 0.051197 0.107362 -0.118289
v 0.048727 0.109968 -0.117210
v 0.048727 0.107362 -0.118289
v 0.048534 0.109968 -0.117210
v 0.048534 0.107362 -0.118289
v 0.048534 0.106283 -0.120894
v 0.048727 0.106283 -0.120894
v 0.051197 0.106283 -0.120894
v 0.051197 0.107362 -0.123499
v 0.051309 0.106283 -0.120894
v 0.051309 0.107362 -0.123499
v 0.051324 0.106119 -0.120894
v 0.051324 0.105144 -0.120894
v 0.051324 0.106119 -0.116467
v 0.051324 0.106119 -0.125321
v 0.051324 0.106119 -0.127587
v 0.051324 0.105541 -0.125321
v 0.051324 0.105541 -0.127587
v 0.032762 0.105541 -0.125321
v 0.032762 0.105541 -0.127587
v 0.028846 0.105541 -0.126386
v 0.032762 0.105144 -0.120894
v 0.028846 0.105144 -0.120894
v 0.032762 0.105541 -0.116467
v 0.032762 0.105541 -0.114201
v 0.051324 0.105541 -0.116467
v 0.028846 0.105541 -0.115402
v 0.024930 0.105541 -0.112681
v 0.028846 0.105541 -0.112591
v 0.028846 0.106119 -0.112591
v 0.024930 0.105541 -0.108477
v 0.024930 0.105828 -0.094187
v 0.025634 0.105828 -0.108477
v 0.024930 0.106119 -0.108477
v 0.020123 0.105828 -0.108477
v 0.020123 0.105828 -0.112681
v 0.020123 0.106367 -0.108477
v 0.020123 0.105828 -0.094187
v 0.020123 0.106367 -0.094187
v 0.024930 0.106367 -0.094187
v 0.020123 0.109963 -0.094187
v 0.020123 0.113559 -0.094187
v 0.024930 0.109963 -0.094187
v 0.020123 0.109963 -0.108476
v 0.020123 0.109963 -0.112681
v 0.020123 0.113559 -0.108476
v 0.020123 0.113559 -0.112681
v 0.020123 0.113968 -0.108476
v 0.020123 0.113968 -0.112681
v 0.024930 0.114255 -0.108476
v 0.020123 0.113968 -0.094187
v 0.024930 0.113968 -0.094187
v 0.024930 0.113559 -0.094187
v 0.025634 0.113968 -0.094187
v 0.025634 0.113559 -0.094187
v 0.025634 0.113968 -0.108476
v 0.025634 0.116000 -0.094187
v 0.031514 0.113968 -0.094918
v 0.029719 0.113968 -0.106010
v 0.031514 0.113559 -0.094918
v 0.031514 0.116000 -0.094918
v 0.029719 0.116000 -0.106010
v 0.025634 0.116000 -0.108476
v 0.031514 0.109963 -0.094918
v 0.029719 0.113559 -0.106010
v 0.025634 0.113559 -0.108476
v 0.029719 0.109963 -0.106010
v 0.025634 0.109963 -0.108476
v 0.029719 0.106367 -0.106010
v 0.025634 0.106367 -0.108477
v 0.029719 0.105828 -0.106010
v 0.031514 0.106367 -0.094918
v 0.031514 0.105828 -0.094918
v 0.025634 0.106367 -0.094187
v 0.025634 0.105828 -0.094187
v 0.025634 0.109963 -0.094187
v 0.025634 0.103796 -0.094187
v 0.031514 0.103796 -0.094918
v 0.025634 0.103796 -0.108477
v 0.029719 0.103796 -0.106010
v 0.024930 0.109968 -0.108476
v 0.028846 0.109968 -0.112591
v 0.024930 0.113817 -0.108476
v 0.028846 0.113817 -0.112591
v 0.028846 0.114255 -0.112591
v 0.032762 0.113817 -0.114201
v 0.032762 0.114255 -0.114201
v 0.032762 0.109968 -0.114201
v 0.032762 0.106119 -0.114201
v 0.051324 0.109968 -0.114201
v 0.051324 0.106119 -0.114201
v 0.051324 0.105541 -0.114201
v 0.032762 0.114255 -0.116467
v 0.051324 0.114255 -0.114201
v 0.028846 0.114255 -0.115402
v 0.032762 0.114582 -0.120894
v 0.028846 0.114582 -0.120894
v 0.032762 0.114255 -0.125321
v 0.032762 0.114255 -0.127587
v 0.028846 0.114255 -0.126386
v 0.024930 0.114255 -0.129108
v 0.028846 0.114255 -0.129197
v 0.028846 0.113817 -0.129197
v 0.024930 0.114255 -0.133312
v 0.024930 0.113968 -0.184957
v 0.024930 0.113817 -0.133312
v 0.020123 0.113968 -0.133312
v 0.020123 0.113559 -0.133312
v 0.020123 0.113968 -0.184957
v 0.020123 0.113968 -0.129108
v 0.020123 0.113559 -0.129108
v 0.020123 0.114272 -0.120894
v 0.020123 0.113559 -0.120894
v 0.024930 0.114582 -0.120894
v 0.024930 0.114255 -0.112681
v 0.020123 0.109963 -0.120894
v 0.020123 0.106367 -0.120894
v 0.020123 0.109963 -0.129108
v 0.020123 0.106367 -0.129108
v 0.020123 0.109963 -0.133312
v 0.020123 0.109963 -0.184957
v 0.020123 0.106367 -0.133312
v 0.020123 0.105828 -0.133312
v 0.020123 0.106367 -0.184957
v 0.020123 0.105828 -0.184957
v 0.020123 0.106367 -0.208895
v 0.020123 0.105828 -0.208895
v 0.024930 0.106367 -0.208895
v 0.020123 0.109963 -0.208895
v 0.020123 0.113559 -0.208895
v 0.024930 0.109963 -0.208895
v 0.026056 0.109963 -0.208895
v 0.024930 0.113559 -0.208895
v 0.026056 0.113559 -0.208895
v 0.024930 0.113968 -0.208895
v 0.026056 0.113968 -0.208895
v 0.020123 0.113968 -0.208895
v 0.026056 0.113968 -0.184957
v 0.026056 0.120559 -0.208895
v 0.028036 0.113968 -0.208895
v 0.028036 0.120559 -0.208895
v 0.028036 0.113559 -0.208895
v 0.028036 0.113968 -0.184957
v 0.028036 0.120559 -0.195360
v 0.028036 0.113559 -0.184957
v 0.026056 0.113559 -0.184957
v 0.028036 0.109963 -0.184957
v 0.028036 0.106367 -0.184957
v 0.026056 0.109963 -0.184957
v 0.028036 0.109963 -0.208895
v 0.028036 0.106367 -0.208895
v 0.026056 0.106367 -0.208895
v 0.028036 0.105828 -0.208895
v 0.026056 0.105828 -0.208895
v 0.028036 0.105828 -0.184957
v 0.026056 0.105828 -0.184957
v 0.026056 0.106367 -0.184957
v 0.024930 0.105828 -0.184957
v 0.024930 0.105541 -0.133312
v 0.024930 0.106367 -0.184957
v 0.024930 0.105828 -0.208895
v 0.024930 0.106119 -0.133312
v 0.024930 0.109963 -0.184957
v 0.024930 0.113559 -0.184957
v 0.024930 0.109968 -0.133312
v 0.028846 0.109968 -0.129197
v 0.032762 0.109968 -0.127587
v 0.028846 0.106119 -0.129197
v 0.028846 0.105541 -0.129197
v 0.032762 0.106119 -0.127587
v 0.032762 0.113817 -0.127587
v 0.051324 0.109968 -0.127587
v 0.024930 0.105541 -0.129108
v 0.020123 0.105828 -0.129108
v 0.024930 0.105144 -0.120894
v 0.020123 0.105454 -0.120894
v 0.026056 0.120559 -0.195360
v 0.027746 0.126879 -0.196308
v 0.026346 0.125479 -0.196308
v 0.025317 0.130421 -0.196308
v 0.027746 0.126879 -0.208895
v 0.026346 0.125479 -0.208895
v 0.025317 0.130421 -0.208895
v 0.025317 0.128441 -0.208895
v 0.000000 0.130421 -0.208895
v 0.000000 0.128441 -0.208895
v 0.000000 0.130421 -0.196308
v -0.025317 0.130421 -0.208895
v -0.027746 0.126879 -0.208895
v -0.025317 0.128441 -0.208895
v -0.025317 0.130421 -0.196308
v -0.025317 0.128441 -0.196308
v -0.027746 0.126879 -0.196308
v -0.026346 0.125479 -0.196308
v -0.028036 0.120559 -0.195360
v -0.026056 0.120559 -0.195360
v -0.028036 0.113968 -0.184957
v -0.028036 0.120559 -0.208895
v -0.028036 0.113968 -0.208895
v -0.026056 0.120559 -0.208895
v -0.026346 0.125479 -0.208895
v -0.026056 0.113968 -0.208895
v -0.026056 0.113968 -0.184957
v -0.024930 0.113968 -0.208895
v -0.026056 0.113559 -0.208895
v -0.026056 0.109963 -0.208895
v -0.024930 0.113559 -0.208895
v -0.028036 0.113559 -0.208895
v -0.028036 0.109963 -0.208895
v -0.028036 0.113559 -0.184957
v -0.026056 0.113559 -0.184957
v -0.028036 0.109963 -0.184957
v -0.026056 0.109963 -0.184957
v -0.028036 0.106367 -0.184957
v -0.026056 0.106367 -0.184957
v -0.028036 0.105828 -0.184957
v -0.028036 0.106367 -0.208895
v -0.028036 0.105828 -0.208895
v -0.026056 0.106367 -0.208895
v -0.024930 0.106367 -0.208895
v -0.026056 0.105828 -0.208895
v -0.024930 0.105828 -0.208895
v -0.026056 0.105828 -0.184957
v -0.024930 0.105828 -0.184957
v -0.024930 0.105541 -0.133312
v -0.020123 0.105828 -0.184957
v -0.024930 0.106367 -0.184957
v -0.024930 0.106119 -0.133312
v -0.024930 0.109963 -0.184957
v -0.024930 0.109968 -0.133312
v -0.024930 0.113559 -0.184957
v -0.024930 0.113817 -0.133312
v -0.024930 0.113968 -0.184957
v -0.024930 0.114255 -0.133312
v -0.020123 0.113968 -0.184957
v -0.020123 0.113559 -0.184957
v -0.020123 0.113968 -0.133312
v -0.020123 0.113968 -0.208895
v -0.020123 0.113559 -0.208895
v -0.020123 0.109963 -0.208895
v -0.024930 0.109963 -0.208895
v -0.020123 0.106367 -0.208895
v -0.020123 0.109963 -0.184957
v -0.020123 0.109963 -0.133312
v -0.020123 0.106367 -0.184957
v -0.020123 0.106367 -0.133312
v -0.020123 0.105828 -0.133312
v -0.020123 0.106367 -0.129108
v -0.020123 0.109963 -0.129108
v -0.020123 0.105828 -0.129108
v -0.020123 0.106367 -0.120894
v -0.020123 0.106367 -0.112681
v -0.020123 0.109963 -0.120894
v -0.020123 0.105454 -0.120894
v -0.020123 0.105828 -0.112681
v -0.024930 0.105144 -0.120894
v -0.028846 0.105144 -0.120894
v -0.024930 0.105541 -0.129108
v -0.024930 0.105541 -0.112681
v -0.024930 0.105541 -0.108477
v -0.028846 0.105541 -0.115402
v -0.028846 0.105541 -0.112591
v -0.032762 0.105541 -0.116467
v -0.051324 0.105541 -0.116467
v -0.032762 0.105541 -0.114201
v -0.032762 0.105144 -0.120894
v -0.051324 0.105144 -0.120894
v -0.032762 0.105541 -0.125321
v -0.028846 0.105541 -0.126386
v -0.032762 0.105541 -0.127587
v -0.051324 0.105541 -0.125321
v -0.051324 0.105541 -0.127587
v -0.051324 0.106119 -0.125321
v -0.051324 0.106119 -0.127587
v -0.051324 0.106119 -0.120894
v -0.051324 0.109968 -0.125321
v -0.051309 0.107362 -0.123499
v -0.051197 0.107362 -0.123499
v -0.051309 0.109968 -0.124578
v -0.051309 0.106283 -0.120894
v -0.051197 0.106283 -0.120894
v -0.051309 0.107362 -0.118289
v -0.051197 0.107362 -0.118289
v -0.051309 0.109968 -0.117210
v -0.051324 0.106119 -0.116467
v -0.051324 0.106119 -0.114201
v -0.051324 0.109968 -0.116467
v -0.051324 0.109968 -0.114201
v -0.051324 0.113817 -0.116467
v -0.051324 0.113817 -0.114201
v -0.051324 0.114255 -0.116467
v -0.051324 0.113817 -0.120894
v -0.051309 0.112573 -0.118289
v -0.051197 0.112573 -0.118289
v -0.051309 0.113652 -0.120894
v -0.051197 0.113652 -0.120894
v -0.051309 0.112573 -0.123499
v -0.051197 0.112573 -0.123499
v -0.051324 0.113817 -0.125321
v -0.051324 0.113817 -0.127587
v -0.051324 0.114255 -0.125321
v -0.051324 0.114255 -0.127587
v -0.032762 0.114255 -0.125321
v -0.051324 0.114582 -0.120894
v -0.032762 0.114582 -0.120894
v -0.032762 0.114255 -0.116467
v -0.028846 0.114582 -0.120894
v -0.024930 0.114582 -0.120894
v -0.028846 0.114255 -0.115402
v -0.028846 0.114255 -0.126386
v -0.028846 0.114255 -0.129197
v -0.024930 0.114255 -0.129108
v -0.020123 0.113968 -0.129108
v -0.020123 0.113559 -0.129108
v -0.020123 0.114272 -0.120894
v -0.020123 0.113968 -0.112681
v -0.020123 0.113559 -0.120894
v -0.020123 0.113559 -0.112681
v -0.020123 0.113559 -0.108476
v -0.020123 0.109963 -0.112681
v -0.020123 0.109963 -0.108476
v -0.020123 0.106367 -0.108477
v -0.020123 0.109963 -0.094187
v -0.024930 0.109963 -0.094187
v -0.020123 0.113559 -0.094187
v -0.020123 0.106367 -0.094187
v -0.020123 0.105828 -0.094187
v -0.024930 0.106367 -0.094187
v -0.025634 0.106367 -0.094187
v -0.024930 0.105828 -0.094187
v -0.025634 0.105828 -0.094187
v -0.031514 0.105828 -0.094918
v -0.025634 0.105828 -0.108477
v -0.025634 0.103796 -0.094187
v -0.025634 0.103796 -0.108477
v -0.031514 0.103796 -0.094918
v -0.029719 0.103796 -0.106010
v -0.029719 0.105828 -0.106010
v -0.029719 0.106367 -0.106010
v -0.025634 0.106367 -0.108477
v -0.029719 0.109963 -0.106010
v -0.031514 0.106367 -0.094918
v -0.031514 0.109963 -0.094918
v -0.031514 0.113559 -0.094918
v -0.025634 0.109963 -0.094187
v -0.025634 0.113559 -0.094187
v -0.025634 0.113968 -0.094187
v -0.024930 0.113559 -0.094187
v -0.024930 0.113968 -0.094187
v -0.020123 0.113968 -0.094187
v -0.024930 0.114255 -0.108476
v -0.025634 0.113968 -0.108476
v -0.024930 0.113817 -0.108476
v -0.028846 0.114255 -0.112591
v -0.024930 0.114255 -0.112681
v -0.020123 0.113968 -0.108476
v -0.032762 0.114255 -0.114201
v -0.028846 0.113817 -0.112591
v -0.032762 0.113817 -0.114201
v -0.028846 0.109968 -0.112591
v -0.024930 0.109968 -0.108476
v -0.028846 0.106119 -0.112591
v -0.032762 0.109968 -0.114201
v -0.032762 0.106119 -0.114201
v -0.024930 0.106119 -0.108477
v -0.025634 0.109963 -0.108476
v -0.025634 0.113559 -0.108476
v -0.029719 0.113559 -0.106010
v -0.029719 0.113968 -0.106010
v -0.029719 0.116000 -0.106010
v -0.031514 0.113968 -0.094918
v -0.031514 0.116000 -0.094918
v -0.025634 0.116000 -0.094187
v -0.025634 0.116000 -0.108476
v -0.051324 0.114255 -0.114201
v -0.020123 0.105828 -0.108477
v -0.020123 0.113559 -0.133312
v -0.032762 0.114255 -0.127587
v -0.028846 0.113817 -0.129197
v -0.032762 0.113817 -0.127587
v -0.028846 0.109968 -0.129197
v -0.032762 0.109968 -0.127587
v -0.028846 0.106119 -0.129197
v -0.028846 0.105541 -0.129197
v -0.032762 0.106119 -0.127587
v -0.051324 0.109968 -0.127587
v -0.051197 0.109968 -0.124578
v -0.048727 0.112573 -0.123499
v -0.048727 0.109968 -0.124578
v -0.048727 0.113930 -0.120894
v -0.048534 0.112573 -0.123499
v -0.048534 0.113930 -0.120894
v -0.048534 0.109968 -0.124578
v -0.048534 0.112002 -0.122928
v -0.048534 0.109968 -0.123771
v -0.048534 0.112845 -0.120894
v -0.048534 0.109968 -0.120894
v -0.048534 0.107933 -0.122928
v -0.048534 0.107091 -0.120894
v -0.048534 0.107933 -0.118860
v -0.048534 0.109968 -0.118017
v -0.048534 0.112002 -0.118860
v -0.048534 0.112573 -0.118289
v -0.048727 0.112573 -0.118289
v -0.048534 0.109968 -0.117210
v -0.048727 0.109968 -0.117210
v -0.048534 0.107362 -0.118289
v -0.048727 0.107362 -0.118289
v -0.048534 0.106283 -0.120894
v -0.048727 0.106283 -0.120894
v -0.048534 0.107362 -0.123499
v -0.048727 0.107362 -0.123499
v -0.051197 0.109968 -0.117210
v -0.051324 0.105541 -0.114201
v -0.020123 0.105828 -0.208895
v 0.000000 0.128441 -0.196308
v 0.025317 0.128441 -0.196308
v 0.020123 0.113559 -0.184957
v 0.020123 0.106367 -0.112681
v 0.051324 0.114255 -0.127587
v 0.019311 0.125682 -0.277842
v 0.019311 0.125682 -0.300818
v 0.019311 0.098521 -0.277335
v 0.019311 0.127381 -0.277842
v 0.015390 0.125682 -0.277842
v 0.015390 0.099928 -0.277335
v 0.015390 0.125682 -0.300818
v 0.015390 0.125475 -0.277842
v 0.015390 0.125475 -0.300818
v 0.012896 0.126216 -0.277842
v 0.012896 0.126216 -0.300818
v 0.012896 0.131594 -0.277842
v 0.015452 0.128123 -0.277842
v 0.015452 0.128123 -0.300818
v 0.015452 0.129538 -0.277842
v 0.015452 0.129538 -0.301490
v 0.021569 0.130882 -0.277842
v 0.021569 0.130882 -0.303564
v 0.023674 0.131344 -0.277842
v 0.021021 0.133378 -0.277842
v 0.020898 0.133290 -0.302571
v 0.021103 0.133397 -0.277815
v 0.021170 0.133193 -0.302371
v 0.021119 0.144752 -0.277771
v 0.020451 0.143903 -0.302401
v 0.023674 0.144770 -0.277842
v 0.022874 0.144095 -0.305323
v 0.023674 0.131344 -0.304818
v 0.010289 0.143972 -0.307688
v 0.020764 0.150429 -0.305480
v 0.009549 0.150543 -0.305665
v 0.020493 0.150259 -0.302944
v 0.007739 0.148065 -0.303186
v 0.007800 0.143662 -0.304793
v 0.007356 0.144056 -0.330153
v 0.000000 0.148019 -0.304715
v 0.000000 0.144059 -0.330132
v 0.000000 0.150543 -0.305117
v 0.000000 0.146583 -0.330534
v 0.009549 0.146583 -0.330534
v 0.010289 0.143520 -0.328986
v 0.011266 0.128935 -0.324731
v 0.007750 0.143212 -0.328962
v 0.008856 0.127187 -0.324473
v 0.008708 0.130585 -0.303034
v 0.011062 0.126365 -0.324210
v 0.008988 0.130374 -0.302287
v 0.012572 0.126000 -0.323654
v 0.012041 0.128706 -0.324516
v 0.012704 0.130882 -0.306273
v 0.014293 0.128040 -0.323891
v 0.015452 0.127703 -0.323984
v 0.015452 0.129538 -0.306273
v 0.015452 0.128123 -0.305478
v 0.019311 0.127381 -0.305478
v 0.019311 0.127082 -0.323984
v 0.019311 0.125682 -0.305478
v 0.019311 0.127381 -0.300818
v 0.019311 0.125682 -0.323984
v 0.019311 0.098521 -0.299959
v 0.019311 0.098521 -0.296072
v 0.013999 0.096021 -0.298706
v 0.019311 0.098521 -0.315623
v 0.013999 0.096021 -0.313658
v 0.015390 0.099928 -0.315623
v 0.015390 0.125682 -0.323984
v 0.015390 0.099928 -0.299959
v 0.011443 0.097428 -0.313658
v 0.011443 0.097428 -0.298706
v 0.011443 0.094895 -0.313292
v 0.011443 0.087977 -0.311047
v 0.011443 0.094895 -0.298436
v 0.013999 0.094895 -0.313292
v 0.013999 0.094895 -0.298436
v 0.013999 0.087977 -0.311047
v 0.013999 0.087977 -0.296777
v 0.013999 0.077136 -0.307529
v 0.013999 0.077136 -0.294179
v 0.013999 0.066295 -0.304011
v 0.011443 0.077136 -0.307529
v 0.011443 0.066901 -0.304011
v 0.011443 0.077136 -0.294179
v 0.011443 0.087977 -0.296777
v 0.011443 0.077136 -0.290920
v 0.011443 0.066901 -0.291581
v 0.009996 0.064023 -0.290897
v 0.011443 0.066901 -0.288571
v 0.011443 0.066901 -0.274655
v 0.009996 0.064023 -0.287992
v 0.009996 0.064023 -0.274655
v 0.009996 0.043386 -0.283560
v 0.009996 0.043386 -0.273405
v 0.009996 0.043904 -0.287539
v 0.013069 0.043386 -0.283560
v 0.013069 0.043386 -0.273405
v 0.013069 0.063417 -0.287992
v 0.013069 0.043904 -0.287539
v 0.013069 0.063417 -0.290897
v 0.013069 0.046080 -0.295793
v 0.013069 0.063417 -0.302939
v 0.009996 0.046080 -0.295793
v 0.009996 0.064023 -0.302939
v 0.013999 0.066295 -0.291581
v 0.013999 0.066295 -0.288571
v 0.013999 0.066295 -0.274655
v 0.013999 0.077136 -0.290920
v 0.013999 0.077136 -0.275633
v 0.013999 0.087977 -0.293268
v 0.013999 0.087977 -0.276610
v 0.013999 0.094895 -0.294767
v 0.013999 0.094895 -0.277234
v 0.013999 0.096021 -0.295011
v 0.013999 0.096021 -0.277335
v 0.011443 0.097428 -0.277335
v 0.011443 0.097428 -0.295011
v 0.011443 0.094895 -0.277234
v 0.011443 0.087977 -0.276610
v 0.011443 0.094895 -0.294767
v 0.011443 0.087977 -0.293268
v 0.011443 0.087977 -0.267767
v 0.011443 0.077136 -0.275633
v 0.011443 0.078416 -0.266959
v 0.011443 0.081870 -0.241601
v 0.011443 0.068339 -0.266874
v 0.011443 0.074006 -0.242904
v 0.013999 0.068339 -0.266874
v 0.013999 0.074006 -0.242904
v 0.013999 0.078416 -0.266959
v 0.013999 0.087977 -0.267767
v 0.013999 0.081870 -0.241601
v 0.013999 0.087977 -0.243918
v 0.013999 0.091371 -0.247848
v 0.011443 0.087977 -0.243918
v 0.011443 0.091371 -0.247848
v 0.011443 0.091371 -0.267946
v 0.013999 0.091371 -0.267946
v 0.015390 0.099928 -0.296072
v 0.013069 0.063417 -0.274655
v 0.015390 0.125682 -0.305478
v 0.015403 0.125435 -0.305458
v 0.013081 0.126306 -0.305423
v 0.015390 0.125131 -0.323946
v 0.013826 0.125499 -0.323875
v 0.011633 0.129248 -0.304536
v 0.013035 0.131630 -0.301013
v 0.011758 0.131344 -0.306813
v -0.019202 0.125682 -0.277842
v -0.019202 0.098521 -0.277335
v -0.019202 0.125682 -0.300818
v -0.019202 0.127381 -0.277842
v -0.015280 0.125682 -0.277842
v -0.015280 0.099928 -0.277335
v -0.015280 0.125682 -0.300818
v -0.015280 0.125475 -0.277842
v -0.015280 0.125475 -0.300818
v -0.012786 0.126216 -0.277842
v -0.012786 0.126216 -0.300818
v -0.012786 0.131594 -0.277842
v -0.015343 0.128123 -0.277842
v -0.015343 0.128123 -0.300818
v -0.015343 0.129538 -0.277842
v -0.015343 0.129538 -0.301490
v -0.021459 0.130882 -0.277842
v -0.023564 0.131344 -0.277842
v -0.021459 0.130882 -0.303564
v -0.020911 0.133378 -0.277842
v -0.020993 0.133397 -0.277815
v -0.020788 0.133290 -0.302571
v -0.008878 0.130374 -0.302287
v -0.021060 0.133193 -0.302371
v -0.012925 0.131630 -0.301013
v -0.011523 0.129248 -0.304536
v -0.012462 0.126000 -0.323654
v -0.012971 0.126306 -0.305423
v -0.013717 0.125499 -0.323875
v -0.015293 0.125435 -0.305458
v -0.015280 0.125131 -0.323946
v -0.015280 0.125682 -0.305478
v -0.015280 0.099928 -0.299959
v -0.015280 0.125682 -0.323984
v -0.015280 0.099928 -0.315623
v -0.019202 0.125682 -0.323984
v -0.019202 0.127082 -0.323984
v -0.019202 0.125682 -0.305478
v -0.019202 0.098521 -0.315623
v -0.019202 0.098521 -0.299959
v -0.013889 0.096021 -0.313658
v -0.013889 0.096021 -0.298706
v -0.013889 0.094895 -0.313292
v -0.011333 0.097428 -0.313658
v -0.011333 0.097428 -0.298706
v -0.011333 0.094895 -0.313292
v -0.011333 0.094895 -0.298436
v -0.011333 0.087977 -0.311047
v -0.011333 0.087977 -0.296777
v -0.011333 0.077136 -0.307529
v -0.013889 0.087977 -0.311047
v -0.013889 0.087977 -0.296777
v -0.013889 0.077136 -0.307529
v -0.013889 0.066295 -0.304011
v -0.013889 0.077136 -0.294179
v -0.013889 0.077136 -0.290920
v -0.013889 0.066295 -0.291581
v -0.012960 0.063417 -0.290897
v -0.013889 0.066295 -0.288571
v -0.013889 0.066295 -0.274655
v -0.012960 0.063417 -0.287992
v -0.012960 0.063417 -0.274655
v -0.012960 0.043386 -0.283560
v -0.012960 0.043386 -0.273405
v -0.012960 0.043904 -0.287539
v -0.009886 0.043386 -0.283560
v -0.009886 0.064023 -0.287992
v -0.009886 0.043386 -0.273405
v -0.009886 0.043904 -0.287539
v -0.009886 0.064023 -0.290897
v -0.009886 0.046080 -0.295793
v -0.009886 0.064023 -0.302939
v -0.012960 0.046080 -0.295793
v -0.012960 0.063417 -0.302939
v -0.011333 0.066901 -0.304011
v -0.011333 0.066901 -0.291581
v -0.011333 0.066901 -0.288571
v -0.011333 0.077136 -0.294179
v -0.011333 0.077136 -0.290920
v -0.011333 0.077136 -0.275633
v -0.011333 0.087977 -0.293268
v -0.011333 0.094895 -0.294767
v -0.011333 0.087977 -0.276610
v -0.011333 0.087977 -0.267767
v -0.011333 0.094895 -0.277234
v -0.013889 0.087977 -0.276610
v -0.013889 0.087977 -0.267767
v -0.013889 0.077136 -0.275633
v -0.013889 0.087977 -0.293268
v -0.013889 0.094895 -0.277234
v -0.013889 0.094895 -0.294767
v -0.013889 0.096021 -0.277335
v -0.013889 0.096021 -0.295011
v -0.011333 0.097428 -0.277335
v -0.011333 0.097428 -0.295011
v -0.015280 0.099928 -0.296072
v -0.019202 0.098521 -0.296072
v -0.013889 0.094895 -0.298436
v -0.013889 0.078416 -0.266959
v -0.013889 0.081870 -0.241601
v -0.013889 0.068339 -0.266874
v -0.013889 0.074006 -0.242904
v -0.011333 0.068339 -0.266874
v -0.011333 0.078416 -0.266959
v -0.011333 0.074006 -0.242904
v -0.011333 0.066901 -0.274655
v -0.009886 0.064023 -0.274655
v -0.011333 0.081870 -0.241601
v -0.011333 0.087977 -0.243918
v -0.011333 0.091371 -0.247848
v -0.013889 0.087977 -0.243918
v -0.013889 0.091371 -0.247848
v -0.013889 0.091371 -0.267946
v -0.011333 0.091371 -0.267946
v -0.019202 0.127381 -0.305478
v -0.015343 0.128123 -0.305478
v -0.019202 0.127381 -0.300818
v -0.015343 0.129538 -0.306273
v -0.015343 0.127703 -0.323984
v -0.014183 0.128040 -0.323891
v -0.011931 0.128706 -0.324516
v -0.011156 0.128935 -0.324731
v -0.012594 0.130882 -0.306273
v -0.010952 0.126365 -0.324210
v -0.008746 0.127187 -0.324473
v -0.008598 0.130585 -0.303034
v -0.007640 0.143212 -0.328962
v -0.007690 0.143662 -0.304793
v -0.007246 0.144056 -0.330153
v -0.010179 0.143520 -0.328986
v -0.009439 0.146583 -0.330534
v -0.010179 0.143972 -0.307688
v -0.009439 0.150543 -0.305665
v -0.022764 0.144095 -0.305323
v -0.011649 0.131344 -0.306813
v -0.023564 0.131344 -0.304818
v -0.023564 0.144770 -0.277842
v -0.020654 0.150429 -0.305480
v -0.020341 0.143903 -0.302401
v -0.021009 0.144752 -0.277771
v -0.020383 0.150259 -0.302944
v -0.007629 0.148065 -0.303186
v 0.000110 0.148019 -0.304715
v 0.000110 0.144059 -0.330132
v 0.000110 0.150543 -0.305117
v 0.000110 0.146583 -0.330534
v -0.002059 0.145822 -0.352068
v -0.002059 0.141602 -0.350937
v -0.002059 0.145822 -0.348980
v -0.002059 0.150043 -0.350937
v 0.002059 0.145822 -0.352068
v 0.002059 0.141602 -0.350937
v 0.002059 0.145822 -0.348980
v 0.002059 0.150043 -0.350937
v 0.002059 0.153132 -0.347847
v 0.002059 0.148499 -0.348263
v 0.002059 0.150458 -0.346304
v -0.002059 0.148499 -0.348263
v -0.002059 0.150458 -0.346304
v -0.002059 0.153132 -0.347847
v -0.002059 0.151176 -0.343627
v -0.002059 0.154263 -0.343627
v -0.002059 0.150458 -0.340950
v 0.002059 0.151176 -0.343627
v 0.002059 0.150458 -0.340950
v 0.002059 0.154263 -0.343627
v 0.002059 0.153132 -0.339406
v -0.002059 0.153132 -0.339406
v 0.002059 0.150043 -0.336317
v 0.002062 0.146200 -0.333878
v -0.002059 0.150043 -0.336317
v 0.002059 0.145822 -0.335186
v 0.002059 0.148499 -0.338990
v 0.002059 0.145822 -0.338273
v -0.002059 0.148499 -0.338990
v -0.002059 0.145822 -0.338273
v -0.002059 0.145822 -0.335186
v -0.002059 0.143145 -0.338990
v -0.002059 0.141602 -0.336317
v -0.002059 0.141186 -0.340950
v 0.002059 0.143145 -0.338990
v 0.002059 0.141186 -0.340950
v 0.002059 0.141602 -0.336317
v 0.002059 0.138512 -0.339406
v 0.002062 0.140638 -0.333543
v -0.002041 0.140638 -0.333543
v 0.002062 0.140521 -0.333205
v 0.002062 0.145374 -0.334855
v 0.002062 0.145319 -0.334814
v 0.011559 0.145319 -0.334814
v 0.002062 0.145733 -0.333581
v -0.002038 0.145733 -0.333581
v 0.002062 0.146973 -0.329881
v -0.002038 0.146973 -0.329881
v 0.011559 0.146973 -0.329881
v 0.002062 0.128127 -0.323561
v 0.011559 0.129049 -0.323870
v 0.002407 0.095444 -0.312601
v -0.002038 0.128126 -0.323561
v -0.011559 0.129049 -0.323870
v -0.002379 0.095444 -0.312601
v -0.002379 0.067964 -0.303386
v -0.015362 0.095444 -0.312601
v -0.015362 0.093790 -0.317535
v -0.019043 0.096390 -0.312918
v -0.015362 0.067964 -0.303386
v -0.011559 0.063468 -0.300950
v -0.015362 0.066310 -0.308320
v -0.011559 0.061814 -0.306812
v -0.002379 0.066310 -0.308320
v 0.002407 0.066310 -0.308320
v -0.002379 0.093790 -0.317535
v -0.002038 0.061814 -0.306812
v -0.002038 0.041583 -0.300028
v 0.002062 0.061814 -0.306812
v 0.002062 0.041583 -0.300028
v 0.011559 0.061814 -0.306812
v 0.011559 0.041583 -0.300028
v 0.011559 0.063468 -0.300950
v 0.015362 0.066310 -0.308320
v 0.015362 0.067964 -0.303386
v 0.015362 0.093790 -0.317535
v 0.015362 0.095444 -0.312601
v 0.019043 0.094735 -0.317852
v 0.011559 0.127395 -0.328804
v 0.002407 0.093790 -0.317535
v 0.002062 0.126472 -0.328494
v -0.002038 0.126471 -0.328494
v -0.011559 0.127395 -0.328804
v -0.002038 0.140520 -0.333205
v -0.002038 0.145319 -0.334814
v -0.002041 0.145374 -0.334855
v -0.011559 0.145319 -0.334814
v -0.011559 0.146973 -0.329881
v -0.002041 0.146200 -0.333878
v -0.019043 0.126449 -0.328487
v -0.019043 0.094735 -0.317852
v -0.019043 0.128104 -0.323553
v 0.019043 0.126449 -0.328487
v 0.019043 0.128104 -0.323553
v 0.019043 0.096390 -0.312918
v 0.002407 0.067964 -0.303386
v 0.002062 0.063468 -0.300950
v -0.002038 0.063468 -0.300950
v 0.002062 0.043237 -0.292198
v 0.011559 0.043237 -0.292198
v -0.002038 0.043237 -0.292198
v -0.011559 0.043237 -0.292198
v -0.011559 0.041583 -0.300028
v 0.002059 0.137381 -0.343627
v -0.002059 0.138512 -0.339406
v -0.002059 0.137381 -0.343627
v -0.002059 0.138512 -0.347847
v -0.002059 0.140468 -0.343627
v -0.002059 0.141186 -0.346304
v 0.002059 0.140468 -0.343627
v 0.002059 0.141186 -0.346304
v 0.002059 0.143145 -0.348263
v 0.002059 0.138512 -0.347847
v -0.002059 0.143145 -0.348263
v -0.011632 0.041554 -0.299592
v -0.011632 0.027370 -0.327533
v -0.015012 0.052035 -0.303078
v 0.011632 0.041554 -0.299592
v 0.015012 0.052035 -0.303078
v 0.011632 0.027370 -0.327533
v 0.015012 0.039801 -0.328357
v 0.011632 0.135708 -0.334886
v -0.015012 0.039801 -0.328357
v -0.011632 0.135708 -0.334886
v -0.011632 0.135134 -0.330718
v 0.011632 0.135134 -0.330718
v -0.012058 0.035825 -0.085246
v 0.012058 0.035825 -0.085246
v -0.012058 0.035825 -0.242668
v -0.012058 0.042703 -0.085246
v -0.012058 0.064471 -0.085246
v -0.012058 0.042703 -0.248545
v 0.012058 0.042703 -0.085246
v 0.012058 0.064471 -0.085246
v 0.012058 0.042703 -0.248545
v 0.012058 0.064470 -0.242668
v 0.012058 0.035825 -0.242668
v 0.012058 0.042703 -0.291467
v 0.012058 0.064470 -0.291467
v -0.012058 0.042703 -0.291467
v -0.012058 0.064470 -0.291467
v -0.012058 0.064470 -0.242668
v -0.012370 0.068043 0.311913
v -0.012370 0.095981 0.311913
v 0.012370 0.068043 0.311913
v -0.012370 0.063971 0.297046
v 0.012370 0.063971 0.297046
v -0.012370 0.095981 0.297046
v -0.012370 0.063971 0.271912
v -0.012370 0.095981 0.271912
v -0.012370 0.063971 0.037447
v 0.012370 0.063971 0.271912
v 0.012370 0.063971 0.037447
v 0.012370 0.095981 0.271912
v 0.012370 0.095981 0.037447
v 0.025053 0.098592 0.271912
v 0.012370 0.095981 0.297046
v 0.012370 0.095981 0.311913
v 0.020471 0.098592 0.297046
v 0.020471 0.126402 0.297046
v 0.015822 0.098592 0.311913
v -0.015822 0.098592 0.311913
v 0.015822 0.126402 0.311913
v -0.015822 0.126402 0.311913
v -0.020471 0.126402 0.297046
v -0.020471 0.098592 0.297046
v -0.025053 0.126402 0.271912
v -0.028187 0.126402 0.037447
v 0.025053 0.126402 0.271912
v -0.025053 0.098592 0.271912
v -0.028187 0.098592 0.037447
v -0.012370 0.095981 0.037447
v -0.017760 0.098592 -0.008315
v -0.012370 0.095981 -0.008315
v -0.017760 0.098592 -0.303691
v -0.017760 0.126402 -0.008315
v -0.017760 0.126402 -0.303691
v 0.017760 0.126402 -0.008315
v 0.017760 0.126402 -0.303691
v 0.017760 0.098592 -0.008315
v 0.028187 0.126402 0.037447
v 0.028187 0.098592 0.037447
v 0.017760 0.098592 -0.303691
v 0.012370 0.095981 -0.008315
v 0.012370 0.095981 -0.303691
v 0.012370 0.063971 -0.008315
v 0.012370 0.063971 -0.303691
v -0.012370 0.063971 -0.008315
v -0.012370 0.063971 -0.303691
v -0.012370 0.095981 -0.303691
v 0.021352 0.126969 0.284960
v 0.021352 0.142073 0.284960
v 0.015310 0.126197 0.288484
v 0.021352 0.126969 0.079809
v 0.020087 0.126969 0.284201
v 0.014009 0.126197 0.287790
v 0.019955 0.142073 0.284500
v 0.020074 0.126969 0.079809
v 0.020074 0.142073 0.079809
v 0.020074 0.148818 0.079809
v 0.021352 0.142073 0.079809
v 0.021352 0.148818 0.079809
v 0.021352 0.152975 0.079809
v 0.021352 0.148818 0.284960
v 0.021352 0.152975 0.284960
v 0.015310 0.148269 0.288484
v 0.019980 0.148818 0.284468
v 0.020037 0.151789 0.284185
v 0.014002 0.148269 0.287799
v 0.014367 0.150720 0.287608
v 0.013810 0.142072 0.328010
v 0.013739 0.140089 0.340665
v 0.013811 0.144373 0.327790
v 0.013810 0.136286 0.328010
v 0.015088 0.142072 0.328017
v 0.015088 0.145639 0.328017
v 0.015017 0.140089 0.340669
v 0.015088 0.136286 0.328017
v 0.015310 0.141456 0.288484
v 0.015088 0.123328 0.328017
v 0.015017 0.134632 0.340669
v 0.015017 0.122410 0.340669
v 0.015017 0.132958 0.354827
v 0.015017 0.122410 0.354827
v 0.015017 0.131998 0.393942
v 0.015017 0.137668 0.354827
v 0.015017 0.140572 0.354827
v 0.015017 0.136279 0.393942
v 0.015017 0.138919 0.393942
v 0.013739 0.136279 0.393942
v 0.013739 0.137668 0.354827
v 0.013739 0.138919 0.393942
v 0.013739 0.131998 0.393942
v 0.013739 0.122410 0.393942
v 0.013739 0.132958 0.354827
v 0.013739 0.122410 0.354827
v 0.013739 0.134632 0.340665
v 0.013739 0.122410 0.340665
v 0.013810 0.123328 0.328010
v 0.015017 0.122410 0.393942
v 0.011627 0.139952 0.354718
v 0.013745 0.142202 0.340446
v 0.005923 0.142175 0.342230
v 0.005941 0.142175 0.355276
v 0.000000 0.142175 0.342329
v 0.005934 0.142182 0.339981
v 0.005941 0.143453 0.342329
v 0.000000 0.143453 0.342329
v 0.005941 0.143453 0.355276
v 0.005941 0.143453 0.340147
v 0.005969 0.145639 0.327622
v 0.015017 0.143453 0.340669
v 0.000000 0.143453 0.340147
v 0.000000 0.145639 0.327622
v -0.005941 0.143453 0.340147
v -0.015017 0.143453 0.340669
v -0.005969 0.145639 0.327622
v -0.005941 0.143453 0.342329
v -0.005941 0.143453 0.355276
v -0.015017 0.140572 0.354827
v -0.005923 0.142175 0.342230
v -0.005941 0.142175 0.355276
v -0.005934 0.142182 0.339981
v -0.011627 0.139952 0.354718
v -0.013739 0.137668 0.354827
v -0.013739 0.138919 0.393942
v -0.013745 0.142202 0.340446
v -0.013811 0.144373 0.327790
v -0.013739 0.140089 0.340665
v -0.013810 0.142072 0.328010
v -0.013739 0.134632 0.340665
v -0.013739 0.122410 0.340665
v -0.013739 0.132958 0.354827
v -0.013810 0.136286 0.328010
v -0.014063 0.141456 0.287695
v -0.013810 0.123328 0.328010
v -0.015088 0.136286 0.328017
v -0.015088 0.123328 0.328017
v -0.015310 0.141456 0.288484
v -0.015017 0.134632 0.340669
v -0.015088 0.142072 0.328017
v -0.015017 0.140089 0.340669
v -0.015088 0.145639 0.328017
v -0.015310 0.148269 0.288484
v -0.021352 0.148818 0.284960
v -0.015310 0.152469 0.288484
v -0.014002 0.148269 0.287799
v -0.014367 0.150720 0.287608
v -0.019980 0.148818 0.284468
v -0.020037 0.151789 0.284185
v -0.020074 0.148818 0.079809
v -0.019955 0.142073 0.284500
v -0.020087 0.126969 0.284201
v -0.020074 0.142073 0.079809
v -0.021352 0.142073 0.284960
v -0.021352 0.126969 0.284960
v -0.021352 0.142073 0.079809
v -0.021352 0.126969 0.079809
v -0.021352 0.148818 0.079809
v -0.021352 0.152975 0.079809
v -0.021352 0.152975 0.284960
v -0.008447 0.152975 0.079809
v -0.020074 0.151697 0.079809
v -0.008447 0.151697 0.079809
v -0.008447 0.151697 0.284869
v 0.000000 0.151697 0.079809
v 0.000000 0.151697 0.284869
v 0.008447 0.151697 0.079809
v 0.000000 0.152975 0.079809
v 0.008447 0.152975 0.079809
v 0.000000 0.152975 0.284960
v 0.008447 0.152975 0.284960
v 0.000000 0.152469 0.288484
v -0.008447 0.152975 0.284960
v -0.006057 0.152469 0.288484
v 0.006057 0.152469 0.288484
v 0.015310 0.152469 0.288484
v 0.008447 0.151697 0.284869
v 0.020074 0.151697 0.079809
v 0.006058 0.151207 0.288284
v 0.000000 0.151207 0.288284
v 0.005973 0.144380 0.327403
v 0.000000 0.144380 0.327403
v 0.000000 0.142175 0.340036
v -0.005973 0.144380 0.327403
v -0.006058 0.151207 0.288284
v -0.020074 0.126969 0.079809
v -0.015310 0.126197 0.288484
v -0.014009 0.126197 0.287790
v -0.015017 0.137668 0.354827
v -0.015017 0.136279 0.393942
v -0.015017 0.132958 0.354827
v -0.015017 0.122410 0.354827
v -0.015017 0.131998 0.393942
v -0.015017 0.122410 0.393942
v -0.013739 0.131998 0.393942
v -0.013739 0.122410 0.393942
v -0.013739 0.136279 0.393942
v -0.013739 0.122410 0.354827
v -0.015017 0.122410 0.340669
v -0.015017 0.138919 0.393942
v 0.000000 0.142175 0.355276
v 0.000000 0.143453 0.355276
v 0.014063 0.141456 0.287695
v -0.019866 0.132219 0.383931
v -0.019866 0.132219 0.379643
v -0.019866 0.130075 0.380217
v -0.019866 0.128505 0.381787
v -0.019866 0.127931 0.383931
v -0.019866 0.128505 0.386076
v -0.019866 0.130075 0.387646
v -0.019866 0.132219 0.388220
v -0.019866 0.134364 0.387646
v -0.019866 0.135934 0.386076
v -0.019866 0.136508 0.383931
v -0.019866 0.135934 0.381787
v -0.019866 0.134364 0.380217
v 0.019541 0.134364 0.380217
v 0.019541 0.132219 0.383931
v 0.019541 0.135934 0.381787
v 0.019541 0.132219 0.379643
v 0.019541 0.130075 0.380217
v 0.019541 0.128505 0.381787
v 0.019541 0.127931 0.383931
v 0.019541 0.128505 0.386076
v 0.019541 0.130075 0.387646
v 0.019541 0.132219 0.388220
v 0.019541 0.134364 0.387646
v 0.019541 0.135934 0.386076
v 0.019541 0.136508 0.383931
v 0.000000 0.084184 0.366416
v 0.000000 0.095993 0.366416
v 0.005904 0.094411 0.366416
v 0.010227 0.090088 0.366416
v 0.011809 0.084184 0.366416
v 0.010227 0.078279 0.366416
v 0.005904 0.073957 0.366416
v 0.000000 0.072375 0.366416
v -0.005904 0.073957 0.366416
v -0.010227 0.078279 0.366416
v -0.011809 0.084184 0.366416
v -0.010227 0.090088 0.366416
v -0.005904 0.094411 0.366416
v -0.008450 0.100486 0.366529
v -0.005904 0.094411 0.393971
v -0.008450 0.100486 0.393513
v 0.000000 0.084184 0.393971
v -0.010227 0.090088 0.393971
v 0.000000 0.095993 0.393971
v 0.005904 0.094411 0.393971
v 0.000000 0.099369 0.393513
v 0.000000 0.099369 0.397846
v 0.008450 0.100486 0.393513
v 0.008450 0.100486 0.397846
v 0.018167 0.108729 0.393513
v 0.008450 0.100486 0.366529
v 0.018167 0.108729 0.366529
v 0.008450 0.100486 0.363184
v 0.000000 0.099369 0.366529
v 0.000000 0.099369 0.363184
v -0.008450 0.100486 0.363184
v 0.000000 0.105148 0.362023
v -0.008080 0.107313 0.362023
v 0.008080 0.107313 0.362023
v 0.000000 0.105148 0.352117
v 0.008080 0.107313 0.352117
v -0.008080 0.107313 0.352117
v 0.000000 0.121307 0.352117
v 0.000000 0.137466 0.352117
v 0.008080 0.135301 0.352117
v 0.013994 0.129386 0.352117
v 0.016159 0.121307 0.352117
v 0.013994 0.113227 0.352117
v -0.013994 0.113227 0.352117
v -0.016159 0.121307 0.352117
v -0.013994 0.129386 0.352117
v -0.008080 0.135301 0.352117
v -0.008080 0.135301 0.362023
v 0.000000 0.137466 0.362023
v -0.008694 0.137384 0.363184
v -0.013994 0.129386 0.362023
v -0.018167 0.129706 0.363184
v -0.016159 0.121307 0.362023
v -0.020977 0.119217 0.363184
v -0.013994 0.113227 0.362023
v -0.018167 0.108729 0.363184
v -0.018167 0.108729 0.366529
v -0.018167 0.108729 0.393513
v -0.020977 0.119217 0.366529
v -0.020977 0.119217 0.393513
v -0.018167 0.129706 0.366529
v -0.018167 0.129706 0.393513
v -0.008694 0.137384 0.366529
v -0.008694 0.137384 0.393513
v -0.008694 0.139346 0.366529
v -0.008694 0.139346 0.393513
v 0.000000 0.139483 0.366529
v -0.008694 0.139346 0.363184
v 0.000000 0.139483 0.363184
v 0.000000 0.137521 0.363184
v 0.008694 0.139346 0.363184
v 0.008694 0.137384 0.363184
v 0.008694 0.139346 0.366529
v 0.008694 0.137384 0.366529
v 0.008694 0.139346 0.393513
v 0.008694 0.139346 0.397846
v 0.000000 0.139483 0.393513
v 0.008694 0.137384 0.393513
v 0.008694 0.137384 0.397846
v 0.018167 0.129706 0.393513
v 0.018167 0.129706 0.397846
v 0.020977 0.119217 0.393513
v 0.018167 0.129706 0.366529
v 0.020977 0.119217 0.366529
v 0.018167 0.129706 0.363184
v 0.020977 0.119217 0.363184
v 0.013994 0.129386 0.362023
v 0.016159 0.121307 0.362023
v 0.008080 0.135301 0.362023
v 0.013994 0.113227 0.362023
v 0.018167 0.108729 0.363184
v 0.020977 0.119217 0.397846
v 0.000000 0.119217 0.397846
v 0.018167 0.108729 0.397846
v 0.000000 0.137521 0.397846
v -0.008450 0.100486 0.397846
v -0.018167 0.108729 0.397846
v -0.020977 0.119217 0.397846
v -0.018167 0.129706 0.397846
v -0.008694 0.137384 0.397846
v -0.008694 0.139346 0.397846
v 0.000000 0.139483 0.397846
v 0.010227 0.090088 0.393971
v 0.011809 0.084184 0.393971
v 0.010227 0.078279 0.393971
v 0.005904 0.073957 0.393971
v 0.000000 0.072375 0.393971
v -0.005904 0.073957 0.393971
v -0.010227 0.078279 0.393971
v -0.011809 0.084184 0.393971
v 0.000000 0.133516 0.341188
v 0.000000 0.133516 0.355525
v 0.005910 0.131932 0.341188
v -0.005910 0.131932 0.341188
v 0.000000 0.132991 0.337667
v -0.005648 0.131478 0.337667
v 0.005648 0.131478 0.337667
v 0.000000 0.133728 0.333476
v 0.006016 0.132116 0.333476
v -0.006016 0.132116 0.333476
v 0.000000 0.133728 0.067189
v 0.006016 0.132116 0.067189
v -0.006016 0.132116 0.067189
v -0.010421 0.127711 0.067189
v -0.010421 0.127711 0.333476
v -0.012033 0.121695 0.067189
v -0.012033 0.121695 0.333476
v -0.010421 0.115678 0.067189
v -0.010421 0.115678 0.333476
v -0.006016 0.111274 0.067189
v -0.006016 0.111274 0.333476
v 0.000000 0.109662 0.067189
v 0.000000 0.109662 0.333476
v 0.006016 0.111274 0.067189
v 0.006016 0.111274 0.333476
v 0.010421 0.115678 0.067189
v 0.010421 0.115678 0.333476
v 0.012033 0.121695 0.067189
v 0.012033 0.121695 0.333476
v 0.010421 0.127711 0.067189
v 0.010421 0.127711 0.333476
v 0.009783 0.127343 0.337667
v 0.011297 0.121695 0.337667
v 0.010237 0.127605 0.341188
v 0.010237 0.127605 0.355525
v 0.011821 0.121695 0.341188
v 0.011821 0.121695 0.355525
v 0.010237 0.115784 0.341188
v 0.010237 0.115784 0.355525
v 0.005910 0.111458 0.341188
v 0.009783 0.116047 0.337667
v 0.005648 0.111912 0.337667
v 0.000000 0.110398 0.337667
v -0.005648 0.111912 0.337667
v 0.000000 0.109874 0.341188
v 0.000000 0.109874 0.355525
v -0.005910 0.111458 0.341188
v -0.005910 0.111458 0.355525
v -0.010237 0.115784 0.341188
v -0.010237 0.115784 0.355525
v -0.011821 0.121695 0.341188
v -0.009783 0.116047 0.337667
v -0.011297 0.121695 0.337667
v -0.009783 0.127343 0.337667
v -0.010237 0.127605 0.341188
v -0.010237 0.127605 0.355525
v -0.011821 0.121695 0.355525
v -0.005910 0.131932 0.355525
v 0.005910 0.111458 0.355525
v 0.005910 0.131932 0.355525
v 0.006782 0.135072 0.471932
v 0.005397 0.132675 0.474045
v 0.000000 0.136890 0.471932
v 0.011746 0.130108 0.471932
v 0.006782 0.135072 0.459406
v 0.000000 0.136890 0.459406
v 0.011746 0.130108 0.459406
v 0.005376 0.132637 0.453926
v 0.009311 0.128702 0.453926
v 0.000000 0.134078 0.453926
v 0.005376 0.132637 0.427700
v 0.009311 0.128702 0.427700
v 0.000000 0.134078 0.427700
v 0.006659 0.134861 0.422690
v 0.011534 0.129986 0.422690
v 0.000000 0.136645 0.422690
v 0.006659 0.134861 0.419950
v 0.011534 0.129986 0.419950
v 0.000000 0.136645 0.419950
v 0.005597 0.133021 0.418776
v 0.009695 0.128924 0.418776
v 0.000000 0.134521 0.418776
v 0.005597 0.133021 0.417993
v 0.009695 0.128924 0.417993
v 0.000000 0.134521 0.417993
v 0.006797 0.135100 0.416427
v 0.011773 0.130124 0.416427
v 0.000000 0.136921 0.416427
v 0.006797 0.135100 0.412904
v 0.000000 0.136921 0.412904
v 0.011773 0.130124 0.412904
v 0.004868 0.131758 0.410477
v 0.000000 0.133063 0.410477
v 0.008432 0.128195 0.410477
v 0.004868 0.131758 0.405858
v 0.000000 0.133063 0.405858
v 0.008432 0.128195 0.405858
v 0.006658 0.134858 0.398813
v 0.000000 0.136642 0.398813
v 0.011531 0.129984 0.398813
v 0.006658 0.134858 0.392969
v 0.000000 0.136642 0.392969
v 0.011531 0.129984 0.392969
v 0.013315 0.123327 0.392969
v 0.013315 0.123327 0.398813
v 0.011531 0.116669 0.392969
v 0.011531 0.116669 0.398813
v 0.006658 0.111795 0.392969
v 0.000000 0.110011 0.392969
v 0.006658 0.111795 0.398813
v 0.004868 0.114895 0.405858
v 0.000000 0.110011 0.398813
v 0.000000 0.113590 0.405858
v -0.006658 0.111795 0.398813
v -0.011531 0.116669 0.398813
v -0.004868 0.114895 0.405858
v -0.006658 0.111795 0.392969
v -0.011531 0.116669 0.392969
v -0.013315 0.123326 0.392969
v -0.011531 0.129984 0.392969
v -0.013315 0.123326 0.398813
v -0.011531 0.129984 0.398813
v -0.009736 0.123327 0.405858
v -0.008432 0.128195 0.405858
v -0.009736 0.123327 0.410477
v -0.008432 0.118458 0.405858
v -0.008432 0.118458 0.410477
v -0.011773 0.116529 0.412904
v -0.004868 0.114895 0.410477
v -0.006797 0.111553 0.412904
v 0.000000 0.113590 0.410477
v 0.000000 0.109732 0.412904
v 0.004868 0.114895 0.410477
v 0.006797 0.111553 0.412904
v 0.008432 0.118458 0.410477
v 0.011773 0.116529 0.412904
v 0.009736 0.123327 0.410477
v 0.008432 0.118458 0.405858
v 0.009736 0.123327 0.405858
v 0.013595 0.123327 0.412904
v 0.013595 0.123327 0.416427
v 0.011195 0.123327 0.417993
v 0.011773 0.116529 0.416427
v 0.006797 0.111553 0.416427
v 0.009695 0.117729 0.417993
v 0.005597 0.113632 0.417993
v 0.009695 0.117729 0.418776
v 0.005597 0.113632 0.418776
v 0.011534 0.116667 0.419950
v 0.011195 0.123327 0.418776
v 0.013319 0.123327 0.419950
v 0.013319 0.123327 0.422690
v 0.011534 0.116667 0.422690
v 0.010751 0.123327 0.427700
v 0.009311 0.117951 0.427700
v 0.010751 0.123327 0.453926
v 0.009311 0.117951 0.453926
v 0.013563 0.123327 0.459406
v 0.011746 0.116545 0.459406
v 0.013563 0.123327 0.471932
v 0.011746 0.116545 0.471932
v 0.010795 0.123327 0.474045
v 0.014124 0.123327 0.477020
v 0.009348 0.128724 0.474045
v 0.009348 0.117929 0.474045
v 0.005397 0.113978 0.474045
v 0.012232 0.116264 0.477020
v 0.007062 0.111095 0.477020
v 0.012232 0.116264 0.516307
v 0.014124 0.123327 0.516307
v 0.007062 0.111095 0.516307
v 0.009000 0.118130 0.516307
v 0.010392 0.123327 0.516307
v 0.005196 0.114327 0.516307
v 0.009000 0.118130 0.476590
v 0.005196 0.114327 0.476590
v 0.010392 0.123327 0.476590
v 0.000000 0.123327 0.476590
v 0.005196 0.132326 0.476590
v 0.000000 0.133719 0.476590
v 0.009000 0.128523 0.476590
v 0.000000 0.112934 0.476590
v -0.005196 0.114327 0.476590
v -0.009000 0.118130 0.476590
v -0.010392 0.123327 0.476590
v -0.009000 0.128523 0.476590
v -0.005196 0.132326 0.476590
v -0.005196 0.132326 0.516307
v -0.009000 0.128523 0.516307
v -0.007062 0.135558 0.516307
v 0.000000 0.133719 0.516307
v 0.000000 0.137451 0.516307
v 0.005196 0.132326 0.516307
v 0.007062 0.135558 0.516307
v 0.009000 0.128523 0.516307
v 0.012232 0.130389 0.516307
v 0.012232 0.130389 0.477020
v 0.007062 0.135558 0.477020
v 0.000000 0.137451 0.477020
v -0.007062 0.135558 0.477020
v 0.000000 0.134121 0.474045
v -0.005397 0.132675 0.474045
v -0.009348 0.128724 0.474045
v -0.006782 0.135072 0.471932
v -0.011746 0.130108 0.471932
v -0.006782 0.135072 0.459406
v -0.011746 0.130108 0.459406
v -0.005376 0.132637 0.453926
v -0.009311 0.128702 0.453926
v -0.005376 0.132637 0.427700
v -0.009311 0.128702 0.427700
v -0.006659 0.134861 0.422690
v -0.011534 0.129986 0.422690
v -0.006659 0.134861 0.419950
v -0.011534 0.129986 0.419950
v -0.005597 0.133021 0.418776
v -0.009695 0.128924 0.418776
v -0.005597 0.133021 0.417993
v -0.009695 0.128924 0.417993
v -0.006797 0.135100 0.416427
v -0.011773 0.130124 0.416427
v -0.006797 0.135100 0.412904
v -0.011773 0.130124 0.412904
v -0.004868 0.131758 0.410477
v -0.008432 0.128195 0.410477
v -0.004868 0.131758 0.405858
v -0.006658 0.134858 0.398813
v -0.006658 0.134858 0.392969
v -0.013595 0.123326 0.412904
v -0.013595 0.123326 0.416427
v -0.011195 0.123327 0.417993
v -0.011773 0.116529 0.416427
v -0.009695 0.117729 0.417993
v -0.006797 0.111553 0.416427
v -0.005597 0.113632 0.417993
v 0.000000 0.109732 0.416427
v 0.000000 0.112132 0.417993
v 0.000000 0.112132 0.418776
v -0.005597 0.113632 0.418776
v 0.000000 0.110008 0.419950
v -0.006659 0.111792 0.419950
v 0.000000 0.110008 0.422690
v 0.006659 0.111792 0.419950
v 0.006659 0.111792 0.422690
v 0.005376 0.114016 0.427700
v 0.005376 0.114016 0.453926
v 0.000000 0.112575 0.427700
v -0.005376 0.114016 0.427700
v 0.000000 0.112575 0.453926
v 0.000000 0.109763 0.459406
v -0.005376 0.114016 0.453926
v -0.006782 0.111581 0.459406
v -0.009311 0.117951 0.453926
v -0.010751 0.123327 0.453926
v -0.011746 0.116545 0.459406
v -0.009311 0.117951 0.427700
v -0.010751 0.123327 0.427700
v -0.011534 0.116667 0.422690
v -0.013319 0.123327 0.422690
v -0.006659 0.111792 0.422690
v -0.011534 0.116667 0.419950
v -0.013319 0.123326 0.419950
v -0.009695 0.117729 0.418776
v -0.011195 0.123327 0.418776
v -0.013563 0.123327 0.459406
v -0.011746 0.116545 0.471932
v -0.013563 0.123327 0.471932
v -0.009348 0.117929 0.474045
v -0.006782 0.111581 0.471932
v -0.005397 0.113978 0.474045
v 0.000000 0.109763 0.471932
v 0.000000 0.112532 0.474045
v 0.006782 0.111581 0.471932
v 0.006782 0.111581 0.459406
v 0.000000 0.109202 0.477020
v -0.007062 0.111095 0.477020
v 0.000000 0.109202 0.516307
v -0.007062 0.111095 0.516307
v 0.000000 0.112934 0.516307
v -0.005196 0.114327 0.516307
v -0.009000 0.118130 0.516307
v -0.012232 0.116264 0.516307
v -0.010392 0.123327 0.516307
v -0.014124 0.123327 0.516307
v -0.014124 0.123327 0.477020
v -0.012232 0.130389 0.516307
v -0.012232 0.130389 0.477020
v -0.012232 0.116264 0.477020
v -0.010795 0.123327 0.474045
v 0.000000 0.080005 -0.330237
v 0.011306 0.099525 -0.331794
v 0.000000 0.102545 -0.332034
v 0.019582 0.091275 -0.331136
v 0.022611 0.080005 -0.330237
v 0.019582 0.068735 -0.329339
v 0.011306 0.060485 -0.328681
v 0.000000 0.057465 -0.328441
v -0.011306 0.060485 -0.328681
v -0.019582 0.068735 -0.329339
v -0.022611 0.080005 -0.330237
v -0.019582 0.091275 -0.331136
v -0.011306 0.099525 -0.331794
v -0.011306 0.095931 -0.376873
v -0.019582 0.087681 -0.376216
v 0.000000 0.098951 -0.377114
v 0.011306 0.095931 -0.376873
v 0.019582 0.087681 -0.376216
v 0.022611 0.076411 -0.375317
v 0.019582 0.065141 -0.374419
v 0.011306 0.056891 -0.373761
v 0.000000 0.053871 -0.373520
v -0.011306 0.056891 -0.373761
v -0.019582 0.065141 -0.374419
v -0.022611 0.076411 -0.375317
v 0.012636 0.118248 -0.333955
v 0.012636 0.119734 -0.351462
v 0.017512 0.113352 -0.333837
v 0.005964 0.119965 -0.333955
v 0.005964 0.121451 -0.351462
v 0.008265 0.113352 -0.333837
v 0.000000 0.121500 -0.333955
v 0.000000 0.113352 -0.333837
v 0.000000 0.122986 -0.351462
v -0.005964 0.119965 -0.333955
v -0.005964 0.121451 -0.351462
v -0.012636 0.118248 -0.333955
v -0.008265 0.113352 -0.333837
v -0.008539 0.109975 -0.333777
v -0.017512 0.113352 -0.333837
v -0.017512 0.114453 -0.351373
v -0.018094 0.109975 -0.333777
v -0.018675 0.106598 -0.333717
v -0.018094 0.110743 -0.351327
v -0.018675 0.107033 -0.351282
v -0.018094 0.111680 -0.372732
v -0.018675 0.107564 -0.372704
v -0.018094 0.113693 -0.418735
v -0.017512 0.115795 -0.372760
v -0.012636 0.121546 -0.372814
v -0.017512 0.118680 -0.418725
v -0.012636 0.125441 -0.418705
v -0.017512 0.119225 -0.424888
v -0.012636 0.126176 -0.424854
v -0.017512 0.120681 -0.450600
v -0.018094 0.114073 -0.424906
v -0.018675 0.108921 -0.424923
v -0.018094 0.115088 -0.450637
v -0.018675 0.109496 -0.450674
v -0.018094 0.115648 -0.463417
v -0.018675 0.109813 -0.463464
v -0.018094 0.116045 -0.472500
v -0.017512 0.121482 -0.463370
v -0.012636 0.129224 -0.463277
v -0.017512 0.122052 -0.472445
v -0.017512 0.122453 -0.478839
v -0.012636 0.129993 -0.472338
v -0.012636 0.130535 -0.478721
v -0.005964 0.131710 -0.472338
v -0.005964 0.132252 -0.478721
v -0.005964 0.130941 -0.463277
v 0.000000 0.133245 -0.472338
v 0.005964 0.131710 -0.472338
v 0.000000 0.132476 -0.463277
v 0.000000 0.133787 -0.478721
v 0.005964 0.132252 -0.478721
v 0.000000 0.135419 -0.478721
v 0.005941 0.135400 -0.478721
v -0.005941 0.135400 -0.478721
v -0.015403 0.135379 -0.478721
v -0.005820 0.137420 -0.484902
v -0.005941 0.145843 -0.479041
v 0.000000 0.135400 -0.478721
v 0.000000 0.145843 -0.479041
v 0.005941 0.145843 -0.479041
v 0.000000 0.151700 -0.482238
v 0.000000 0.153560 -0.489005
v 0.005820 0.151700 -0.482238
v -0.005820 0.151700 -0.482238
v -0.005700 0.153560 -0.489005
v -0.005700 0.139441 -0.491084
v -0.005581 0.151234 -0.495519
v -0.005581 0.141430 -0.497171
v -0.005462 0.148269 -0.499528
v 0.000000 0.151234 -0.495519
v 0.000000 0.148269 -0.499528
v 0.005581 0.151234 -0.495519
v 0.005581 0.141430 -0.497171
v 0.005700 0.153560 -0.489005
v 0.005462 0.148269 -0.499528
v 0.005462 0.143420 -0.503258
v 0.006787 0.136349 -0.509681
v 0.020290 0.143420 -0.503258
v 0.000000 0.143420 -0.503258
v 0.000000 0.136349 -0.509681
v -0.005462 0.143420 -0.503258
v -0.020290 0.143420 -0.503258
v -0.006787 0.136349 -0.509681
v -0.020279 0.136349 -0.509681
v -0.006787 0.127599 -0.515249
v 0.000000 0.127599 -0.515249
v -0.020279 0.127599 -0.515249
v -0.006787 0.117390 -0.514719
v -0.020279 0.117390 -0.514719
v 0.000000 0.117390 -0.514719
v -0.006787 0.110628 -0.509283
v -0.020279 0.110628 -0.509283
v 0.000000 0.110628 -0.509283
v -0.006787 0.097478 -0.506154
v 0.000000 0.097478 -0.506154
v -0.020279 0.097478 -0.506154
v -0.006787 0.086527 -0.503549
v -0.006787 0.074963 -0.500797
v -0.020279 0.086527 -0.503549
v 0.000000 0.086527 -0.503549
v 0.006787 0.086527 -0.503549
v 0.000000 0.074963 -0.500797
v 0.006787 0.074963 -0.500797
v 0.000000 0.065063 -0.500637
v 0.006787 0.065063 -0.500637
v 0.000000 0.059043 -0.500540
v -0.006787 0.065063 -0.500637
v -0.020279 0.065063 -0.500637
v -0.006787 0.059043 -0.500540
v -0.020279 0.059043 -0.500540
v -0.006787 0.030145 -0.500072
v -0.006787 0.001247 -0.499604
v -0.020279 0.030145 -0.500072
v 0.000000 0.030145 -0.500072
v 0.006787 0.030145 -0.500072
v 0.000000 0.001247 -0.499604
v 0.006787 0.001247 -0.499604
v 0.000000 -0.011695 -0.493738
v 0.006660 -0.011684 -0.493524
v 0.000000 -0.016830 -0.493885
v -0.006660 -0.011684 -0.493524
v -0.006610 -0.016815 -0.493586
v -0.019194 -0.011664 -0.493130
v -0.018763 -0.016787 -0.493035
v -0.020279 0.001247 -0.499604
v -0.022157 -0.011388 -0.492259
v -0.021942 -0.016779 -0.492211
v -0.025120 -0.011112 -0.491387
v -0.022699 0.000630 -0.495496
v -0.025120 0.000014 -0.491387
v -0.022684 0.029716 -0.495914
v -0.022668 0.058801 -0.496333
v -0.025088 0.029286 -0.491757
v -0.027174 0.029286 -0.489362
v -0.025057 0.058558 -0.492126
v -0.024971 0.065288 -0.492126
v -0.027143 0.058558 -0.489731
v -0.027057 0.065288 -0.489731
v -0.027143 0.058558 -0.484257
v -0.027057 0.065288 -0.484257
v -0.027143 0.058558 -0.478783
v -0.027174 0.029286 -0.483888
v -0.027206 0.000014 -0.483518
v -0.027174 0.029286 -0.478413
v -0.018438 0.031809 -0.478413
v -0.027206 0.000014 -0.478044
v -0.017387 0.004233 -0.478044
v -0.027206 -0.013587 -0.478044
v -0.017387 -0.010393 -0.478044
v -0.027206 -0.020508 -0.478044
v -0.027206 -0.013588 -0.483518
v -0.027206 -0.013588 -0.488992
v -0.027206 -0.020508 -0.483518
v -0.027206 -0.020508 -0.488992
v -0.023764 -0.020511 -0.483518
v -0.023764 -0.020511 -0.488992
v -0.020322 -0.020513 -0.483518
v -0.023764 -0.020510 -0.478044
v -0.015187 -0.017857 -0.478044
v -0.020322 -0.020513 -0.478044
v -0.012987 -0.017881 -0.478044
v -0.007159 -0.020525 -0.478044
v -0.004575 -0.017970 -0.478044
v 0.000000 -0.020531 -0.478044
v -0.007159 -0.020525 -0.483518
v -0.007159 -0.020525 -0.488992
v 0.000000 -0.020531 -0.483518
v 0.007159 -0.020525 -0.483518
v 0.000000 -0.020531 -0.488992
v 0.007159 -0.020525 -0.488992
v 0.006610 -0.016815 -0.493586
v 0.020322 -0.020513 -0.488992
v 0.018763 -0.016787 -0.493035
v 0.020322 -0.020513 -0.483518
v 0.023764 -0.020511 -0.488992
v 0.023764 -0.020511 -0.483518
v 0.021942 -0.016779 -0.492211
v 0.027206 -0.020508 -0.488992
v 0.027206 -0.020508 -0.483518
v 0.027206 -0.013588 -0.488992
v 0.025120 -0.016772 -0.491387
v 0.025120 -0.011112 -0.491387
v 0.025120 0.000014 -0.491387
v 0.022157 -0.011388 -0.492259
v 0.019194 -0.011664 -0.493130
v 0.022699 0.000630 -0.495496
v 0.020279 0.001247 -0.499604
v 0.022684 0.029716 -0.495914
v 0.020279 0.030145 -0.500072
v 0.022668 0.058801 -0.496333
v 0.025088 0.029286 -0.491757
v 0.027174 0.029286 -0.489362
v 0.025057 0.058558 -0.492126
v 0.027143 0.058558 -0.489731
v 0.024970 0.065288 -0.492126
v 0.027057 0.065288 -0.489731
v 0.024891 0.075021 -0.492126
v 0.022625 0.065176 -0.496382
v 0.020279 0.065063 -0.500637
v 0.022585 0.074992 -0.496462
v 0.020279 0.074963 -0.500797
v 0.022578 0.086444 -0.497837
v 0.020279 0.086527 -0.503549
v 0.022632 0.096718 -0.499140
v 0.024877 0.086362 -0.492126
v 0.026964 0.086362 -0.489731
v 0.024984 0.095957 -0.492126
v 0.027070 0.095957 -0.489731
v 0.025081 0.103227 -0.492126
v 0.027167 0.103227 -0.489731
v 0.025081 0.110247 -0.492215
v 0.022680 0.106928 -0.500705
v 0.020279 0.110628 -0.509283
v 0.022680 0.113819 -0.503467
v 0.020279 0.117390 -0.514719
v 0.022680 0.122433 -0.503776
v 0.020279 0.127599 -0.515249
v 0.022689 0.131683 -0.501173
v 0.025081 0.117267 -0.492303
v 0.027167 0.117267 -0.489908
v 0.025099 0.127016 -0.492665
v 0.027185 0.127917 -0.490270
v 0.027185 0.125928 -0.484585
v 0.027202 0.139145 -0.490523
v 0.027185 0.132105 -0.499975
v 0.027202 0.141282 -0.496890
v 0.027185 0.136293 -0.509681
v 0.027202 0.143420 -0.503258
v 0.020279 0.136349 -0.509681
v 0.019077 0.141425 -0.497171
v 0.017865 0.139430 -0.491084
v 0.016634 0.137405 -0.484902
v 0.005700 0.139441 -0.491084
v 0.005820 0.137420 -0.484902
v 0.027202 0.137265 -0.484681
v 0.015403 0.135379 -0.478721
v 0.027202 0.135385 -0.478839
v 0.012636 0.130535 -0.478721
v 0.012636 0.129993 -0.472338
v 0.017512 0.122453 -0.478839
v 0.017512 0.122052 -0.472445
v 0.018094 0.116325 -0.478899
v 0.018094 0.116045 -0.472500
v 0.018675 0.110197 -0.478959
v 0.027185 0.123939 -0.478899
v 0.027167 0.112494 -0.478959
v 0.027167 0.107860 -0.478871
v 0.027167 0.114881 -0.484434
v 0.027167 0.109054 -0.484345
v 0.027167 0.103227 -0.484257
v 0.027167 0.110247 -0.489819
v 0.027070 0.095957 -0.484257
v 0.027167 0.103227 -0.478783
v 0.027070 0.095957 -0.478783
v 0.018675 0.101467 -0.478783
v 0.018675 0.101394 -0.472377
v 0.018675 0.105832 -0.478871
v 0.021915 0.094619 -0.478783
v 0.021915 0.094546 -0.472377
v 0.025491 0.085579 -0.478783
v 0.025491 0.085506 -0.472377
v 0.025030 0.074896 -0.478783
v 0.026964 0.086362 -0.478783
v 0.026977 0.075021 -0.478783
v 0.026964 0.086362 -0.484257
v 0.026977 0.075021 -0.484257
v 0.027057 0.065288 -0.484257
v 0.026977 0.075021 -0.489731
v 0.027143 0.058558 -0.484257
v 0.027057 0.065288 -0.478783
v 0.022379 0.065726 -0.478783
v 0.027143 0.058558 -0.478783
v 0.019489 0.059386 -0.478783
v 0.027174 0.029286 -0.478413
v 0.027206 0.000014 -0.478044
v 0.018438 0.031809 -0.478413
v 0.027174 0.029286 -0.483888
v 0.027206 0.000014 -0.483518
v 0.027206 0.000014 -0.488992
v 0.027206 -0.013588 -0.483518
v 0.027206 -0.013587 -0.478044
v 0.027206 -0.020508 -0.478044
v 0.017387 -0.010393 -0.478044
v 0.017387 -0.010466 -0.471637
v 0.017387 -0.017834 -0.478044
v 0.017387 0.004233 -0.478044
v 0.017387 0.004160 -0.471637
v 0.017387 0.004160 -0.464563
v 0.011959 0.004160 -0.469317
v 0.018438 0.031736 -0.472007
v 0.019489 0.059313 -0.472377
v 0.013019 0.029805 -0.469545
v 0.014079 0.055451 -0.469772
v 0.012922 0.029827 -0.462556
v 0.013884 0.055495 -0.462316
v 0.012784 0.029654 -0.448014
v 0.011959 0.004160 -0.462796
v 0.011959 0.003752 -0.447706
v 0.017387 0.003752 -0.448191
v 0.011324 0.015218 -0.422053
v 0.016751 0.015218 -0.420358
v 0.011315 0.017520 -0.416910
v 0.012217 0.035443 -0.423083
v 0.013110 0.055669 -0.424114
v 0.012119 0.036616 -0.417778
v 0.012923 0.055711 -0.418645
v 0.012329 0.055519 -0.376348
v 0.011934 0.055934 -0.376355
v 0.012723 0.055105 -0.376340
v 0.015636 0.058174 -0.372502
v 0.015636 0.057929 -0.351074
v 0.016883 0.058174 -0.372502
v 0.014388 0.058174 -0.372502
v 0.021523 0.064514 -0.372502
v 0.016741 0.058699 -0.418555
v 0.014388 0.057929 -0.351074
v 0.014388 0.057729 -0.333505
v 0.021523 0.064270 -0.351074
v 0.021523 0.064069 -0.333505
v 0.025030 0.073439 -0.351074
v 0.025030 0.073239 -0.333505
v 0.025491 0.084122 -0.351074
v 0.025030 0.073683 -0.372502
v 0.025030 0.074209 -0.418555
v 0.025491 0.084367 -0.372502
v 0.025491 0.084892 -0.418555
v 0.021915 0.093407 -0.372502
v 0.021915 0.093932 -0.418555
v 0.018675 0.100255 -0.372502
v 0.021915 0.093162 -0.351074
v 0.021915 0.092962 -0.333505
v 0.018675 0.100011 -0.351074
v 0.018675 0.099810 -0.333505
v 0.018675 0.103522 -0.351178
v 0.018675 0.103204 -0.333611
v 0.018675 0.103910 -0.372603
v 0.018675 0.107033 -0.351282
v 0.018675 0.106598 -0.333717
v 0.018094 0.110743 -0.351327
v 0.018675 0.107564 -0.372704
v 0.018094 0.111680 -0.372732
v 0.018675 0.108705 -0.418746
v 0.018094 0.113693 -0.418735
v 0.018675 0.104743 -0.418650
v 0.018675 0.108921 -0.424923
v 0.018094 0.114073 -0.424906
v 0.018675 0.109496 -0.450674
v 0.018675 0.104900 -0.424829
v 0.018675 0.100879 -0.424735
v 0.018675 0.105320 -0.450582
v 0.018675 0.101144 -0.450491
v 0.018675 0.105552 -0.463374
v 0.018675 0.101290 -0.463284
v 0.018675 0.105716 -0.472466
v 0.018675 0.109813 -0.463464
v 0.018094 0.115648 -0.463417
v 0.018675 0.110039 -0.472554
v 0.018094 0.115088 -0.450637
v 0.017512 0.121482 -0.463370
v 0.017512 0.120681 -0.450600
v 0.012636 0.129224 -0.463277
v 0.005964 0.130941 -0.463277
v 0.012636 0.128142 -0.450529
v 0.012636 0.126176 -0.424854
v 0.005964 0.129859 -0.450529
v 0.005964 0.127776 -0.424793
v 0.000000 0.131394 -0.450529
v 0.000000 0.129205 -0.424738
v -0.005964 0.129859 -0.450529
v -0.005964 0.127776 -0.424793
v -0.012636 0.128142 -0.450529
v -0.005964 0.127158 -0.418705
v 0.000000 0.128693 -0.418705
v -0.005964 0.123263 -0.372814
v 0.000000 0.124798 -0.372814
v 0.005964 0.123263 -0.372814
v 0.012636 0.121546 -0.372814
v 0.005964 0.127158 -0.418705
v 0.012636 0.125441 -0.418705
v 0.017512 0.118680 -0.418725
v 0.017512 0.115795 -0.372760
v 0.017512 0.119225 -0.424888
v 0.017512 0.114453 -0.351373
v 0.021915 0.094442 -0.463284
v 0.021915 0.094296 -0.450491
v 0.025491 0.085402 -0.463284
v 0.025491 0.085256 -0.450491
v 0.025030 0.074719 -0.463284
v 0.025030 0.074573 -0.450491
v 0.022301 0.065549 -0.463284
v 0.025030 0.074822 -0.472377
v 0.022379 0.065653 -0.472377
v 0.022192 0.065404 -0.450491
v 0.019025 0.059209 -0.463284
v 0.018372 0.059063 -0.449652
v 0.017185 0.058798 -0.424735
v 0.013609 0.055557 -0.448322
v 0.021992 0.065139 -0.424735
v 0.021918 0.065039 -0.418555
v 0.025030 0.074308 -0.424735
v 0.025491 0.084991 -0.424735
v 0.021915 0.094031 -0.424735
v 0.018675 0.100780 -0.418555
v 0.018094 0.109975 -0.333777
v 0.008539 0.109975 -0.333777
v 0.000000 0.109975 -0.333777
v 0.008814 0.106598 -0.333717
v 0.008814 0.103204 -0.333611
v 0.000000 0.106598 -0.333717
v 0.000000 0.103204 -0.333611
v -0.008814 0.106598 -0.333717
v -0.008814 0.103204 -0.333611
v -0.018675 0.103204 -0.333611
v -0.008814 0.099810 -0.333505
v 0.000000 0.099810 -0.333505
v -0.010343 0.092962 -0.333505
v -0.018675 0.099810 -0.333505
v -0.018675 0.100011 -0.351074
v -0.021915 0.092962 -0.333505
v -0.021915 0.093162 -0.351074
v -0.025491 0.083922 -0.333505
v -0.025491 0.084122 -0.351074
v -0.025030 0.073239 -0.333505
v -0.012030 0.083922 -0.333505
v 0.000000 0.083922 -0.333505
v -0.011813 0.073239 -0.333505
v 0.000000 0.073239 -0.333505
v -0.010158 0.064069 -0.333505
v 0.000000 0.064069 -0.333505
v -0.006791 0.057729 -0.333505
v -0.021523 0.064069 -0.333505
v -0.021523 0.064270 -0.351074
v -0.014388 0.057729 -0.333505
v -0.014388 0.057929 -0.351074
v -0.014388 0.057729 -0.328725
v -0.015636 0.057729 -0.333505
v -0.015636 0.057729 -0.328725
v -0.016883 0.057729 -0.333505
v -0.015636 0.057929 -0.351074
v -0.016883 0.057929 -0.351074
v -0.015636 0.058174 -0.372502
v -0.016883 0.058174 -0.372502
v -0.012329 0.055519 -0.376348
v -0.014388 0.058174 -0.372502
v -0.016741 0.058699 -0.418555
v -0.021523 0.064514 -0.372502
v -0.011934 0.055934 -0.376355
v -0.012923 0.055711 -0.418645
v -0.012119 0.036616 -0.417778
v -0.013110 0.055669 -0.424114
v -0.017185 0.058798 -0.424735
v -0.013609 0.055557 -0.448322
v -0.012217 0.035443 -0.423083
v -0.012784 0.029654 -0.448014
v -0.011324 0.015218 -0.422053
v -0.011315 0.017520 -0.416910
v -0.016751 0.015218 -0.420358
v -0.011959 0.003752 -0.447706
v -0.017387 0.003752 -0.448191
v -0.011959 0.004160 -0.462796
v -0.017387 0.004160 -0.464563
v -0.011959 0.004160 -0.469317
v -0.012922 0.029827 -0.462556
v -0.013884 0.055495 -0.462316
v -0.013019 0.029805 -0.469545
v -0.018438 0.031736 -0.472007
v -0.014079 0.055451 -0.469772
v -0.019489 0.059313 -0.472377
v -0.019489 0.059386 -0.478783
v -0.022379 0.065653 -0.472377
v -0.019025 0.059209 -0.463284
v -0.018372 0.059063 -0.449652
v -0.022301 0.065549 -0.463284
v -0.025030 0.074719 -0.463284
v -0.022192 0.065404 -0.450491
v -0.021992 0.065139 -0.424735
v -0.025030 0.074573 -0.450491
v -0.025030 0.074308 -0.424735
v -0.025491 0.085256 -0.450491
v -0.025491 0.084991 -0.424735
v -0.021915 0.094296 -0.450491
v -0.025491 0.085402 -0.463284
v -0.021915 0.094442 -0.463284
v -0.025491 0.085506 -0.472377
v -0.025491 0.085579 -0.478783
v -0.021915 0.094546 -0.472377
v -0.025030 0.074822 -0.472377
v -0.025030 0.074896 -0.478783
v -0.022379 0.065726 -0.478783
v -0.026977 0.075021 -0.478783
v -0.027057 0.065288 -0.478783
v -0.026964 0.086362 -0.478783
v -0.026977 0.075021 -0.484257
v -0.026977 0.075021 -0.489731
v -0.026964 0.086362 -0.484257
v -0.026964 0.086362 -0.489731
v -0.027070 0.095957 -0.484257
v -0.027070 0.095957 -0.489731
v -0.027167 0.103227 -0.484257
v -0.027070 0.095957 -0.478783
v -0.021915 0.094619 -0.478783
v -0.027167 0.103227 -0.478783
v -0.018675 0.101467 -0.478783
v -0.027167 0.107860 -0.478871
v -0.018675 0.105832 -0.478871
v -0.027167 0.112494 -0.478959
v -0.027167 0.109054 -0.484345
v -0.027167 0.110247 -0.489819
v -0.027167 0.114881 -0.484434
v -0.027167 0.117267 -0.489908
v -0.027185 0.125928 -0.484585
v -0.027185 0.127917 -0.490270
v -0.027202 0.137265 -0.484681
v -0.027185 0.123939 -0.478899
v -0.018094 0.116325 -0.478899
v -0.027202 0.135385 -0.478839
v -0.018675 0.110197 -0.478959
v -0.018675 0.110039 -0.472554
v -0.018675 0.105716 -0.472466
v -0.018675 0.101394 -0.472377
v -0.018675 0.105552 -0.463374
v -0.018675 0.101290 -0.463284
v -0.018675 0.105320 -0.450582
v -0.018675 0.101144 -0.450491
v -0.018675 0.104900 -0.424829
v -0.018675 0.100879 -0.424735
v -0.018675 0.104743 -0.418650
v -0.018675 0.100780 -0.418555
v -0.018675 0.103910 -0.372603
v -0.018675 0.108705 -0.418746
v -0.018675 0.100255 -0.372502
v -0.018675 0.103522 -0.351178
v -0.021915 0.093407 -0.372502
v -0.025491 0.084367 -0.372502
v -0.021915 0.093932 -0.418555
v -0.025491 0.084892 -0.418555
v -0.021915 0.094031 -0.424735
v -0.025030 0.074209 -0.418555
v -0.021918 0.065039 -0.418555
v -0.025030 0.073683 -0.372502
v -0.025030 0.073439 -0.351074
v -0.027202 0.139145 -0.490523
v -0.016634 0.137405 -0.484902
v -0.017865 0.139430 -0.491084
v -0.019077 0.141425 -0.497171
v -0.027202 0.141282 -0.496890
v -0.027202 0.143420 -0.503258
v -0.027185 0.132105 -0.499975
v -0.027185 0.136293 -0.509681
v -0.022689 0.131683 -0.501173
v -0.025099 0.127016 -0.492665
v -0.022680 0.122433 -0.503776
v -0.022680 0.113819 -0.503467
v -0.025081 0.117267 -0.492303
v -0.025081 0.110247 -0.492215
v -0.025081 0.103227 -0.492126
v -0.027167 0.103227 -0.489731
v -0.024984 0.095957 -0.492126
v -0.022680 0.106928 -0.500705
v -0.022632 0.096718 -0.499140
v -0.022578 0.086444 -0.497837
v -0.022585 0.074992 -0.496462
v -0.024877 0.086362 -0.492126
v -0.024891 0.075021 -0.492126
v -0.020279 0.074963 -0.500797
v -0.022625 0.065176 -0.496382
v -0.017387 0.004160 -0.471637
v -0.017387 -0.010466 -0.471637
v -0.017387 -0.017907 -0.471637
v -0.017387 -0.010466 -0.464563
v -0.017387 -0.000064 -0.448191
v -0.017387 -0.017907 -0.464563
v -0.017387 -0.002005 -0.448191
v -0.015187 -0.017930 -0.464563
v -0.012987 -0.017954 -0.464563
v -0.015187 -0.002005 -0.448191
v -0.015187 -0.017930 -0.471637
v -0.012987 -0.017954 -0.471637
v -0.004575 -0.018043 -0.471637
v 0.000000 -0.018091 -0.471637
v -0.004575 -0.018043 -0.464563
v 0.000000 -0.018091 -0.464563
v -0.004575 -0.002005 -0.448191
v 0.000000 -0.002005 -0.448191
v -0.004406 0.011235 -0.420124
v -0.012987 -0.002005 -0.448191
v -0.012505 0.011620 -0.420124
v -0.012505 -0.015113 -0.420124
v -0.014624 0.011721 -0.420124
v -0.014624 -0.015113 -0.420124
v -0.016742 0.011822 -0.420124
v -0.019377 0.011822 -0.420124
v -0.016742 -0.015113 -0.420124
v -0.016742 0.017390 -0.414778
v -0.016745 0.012967 -0.420203
v -0.019377 0.017185 -0.414614
v -0.019377 -0.011247 -0.414614
v -0.019377 0.058174 -0.372502
v -0.019377 0.018297 -0.372502
v -0.019377 0.057929 -0.351074
v -0.019377 0.018053 -0.351074
v -0.019377 0.057729 -0.333505
v -0.019377 0.017853 -0.333505
v -0.019377 0.057729 -0.328725
v -0.016883 0.057729 -0.328725
v -0.019377 0.017853 -0.327046
v -0.016875 0.017853 -0.327046
v -0.019377 0.008609 -0.322852
v -0.019377 0.006708 -0.327038
v -0.016875 0.008609 -0.322852
v -0.016742 0.006708 -0.327038
v -0.015624 0.008609 -0.322852
v -0.014373 0.008609 -0.322852
v -0.015624 0.017853 -0.327046
v -0.014624 0.006708 -0.327038
v -0.012505 0.006708 -0.327038
v -0.014624 0.001727 -0.338444
v -0.012505 0.001727 -0.338444
v -0.014624 0.018053 -0.351074
v -0.016742 0.001727 -0.338444
v -0.019377 0.001727 -0.338444
v -0.016742 0.018053 -0.351074
v -0.016742 0.018217 -0.372502
v -0.016742 -0.011257 -0.414614
v -0.014624 0.018152 -0.372502
v -0.014624 -0.011264 -0.414614
v -0.012505 0.018087 -0.372502
v -0.004406 0.017838 -0.372502
v -0.012505 -0.011272 -0.414614
v -0.012505 0.018053 -0.351074
v -0.004406 0.018053 -0.351074
v 0.000000 0.018053 -0.351074
v -0.004406 0.001727 -0.338444
v 0.000000 0.001727 -0.338444
v -0.004406 0.006708 -0.327038
v 0.000000 0.006708 -0.327038
v -0.006783 0.008609 -0.322852
v 0.000000 0.008609 -0.322852
v -0.006783 0.017853 -0.327046
v 0.000000 0.017853 -0.327046
v -0.006791 0.057729 -0.328725
v -0.014373 0.017853 -0.327046
v 0.000000 0.057729 -0.328725
v 0.006791 0.057729 -0.328725
v 0.000000 0.057729 -0.333505
v 0.006791 0.057729 -0.333505
v 0.010158 0.064069 -0.333505
v 0.011813 0.073239 -0.333505
v 0.012030 0.083922 -0.333505
v 0.010343 0.092962 -0.333505
v 0.025491 0.083922 -0.333505
v 0.000000 0.092962 -0.333505
v 0.008814 0.099810 -0.333505
v 0.006783 0.017853 -0.327046
v 0.014388 0.057729 -0.328725
v 0.015636 0.057729 -0.328725
v 0.014373 0.017853 -0.327046
v 0.015624 0.017853 -0.327046
v 0.014373 0.008609 -0.322852
v 0.015624 0.008609 -0.322852
v 0.006783 0.008609 -0.322852
v 0.012505 0.006708 -0.327038
v 0.012505 0.001727 -0.338444
v 0.004406 0.006708 -0.327038
v 0.014624 0.006708 -0.327038
v 0.014624 0.001727 -0.338444
v 0.016742 0.006708 -0.327038
v 0.019377 0.006708 -0.327038
v 0.016742 0.001727 -0.338444
v 0.016875 0.008609 -0.322852
v 0.019377 0.008609 -0.322852
v 0.016875 0.017853 -0.327046
v 0.016883 0.057729 -0.328725
v 0.019377 0.017853 -0.327046
v 0.019377 0.057729 -0.328725
v 0.019377 0.017853 -0.333505
v 0.019377 0.057729 -0.333505
v 0.019377 0.018053 -0.351074
v 0.019377 0.057929 -0.351074
v 0.019377 0.018297 -0.372502
v 0.019377 0.001727 -0.338444
v 0.016742 0.018053 -0.351074
v 0.016742 0.018217 -0.372502
v 0.014624 0.018053 -0.351074
v 0.012505 0.018053 -0.351074
v 0.014624 0.018152 -0.372502
v 0.014624 -0.011264 -0.414614
v 0.012505 0.018087 -0.372502
v 0.004406 0.017838 -0.372502
v 0.012505 -0.011272 -0.414614
v 0.004406 -0.011300 -0.414614
v 0.012505 -0.015113 -0.420124
v 0.004406 -0.015113 -0.420124
v 0.012505 0.011620 -0.420124
v 0.014624 -0.015113 -0.420124
v 0.014624 0.011721 -0.420124
v 0.016742 -0.015113 -0.420124
v 0.016742 -0.011257 -0.414614
v 0.019377 -0.015113 -0.420124
v 0.016742 0.011822 -0.420124
v 0.019377 0.011822 -0.420124
v 0.016742 0.017390 -0.414778
v 0.016745 0.012967 -0.420203
v 0.017387 -0.002005 -0.448191
v 0.017387 -0.000064 -0.448191
v 0.017387 -0.017907 -0.464563
v 0.015187 -0.002005 -0.448191
v 0.015187 -0.017930 -0.464563
v 0.012987 -0.002005 -0.448191
v 0.004575 -0.002005 -0.448191
v 0.012987 -0.017954 -0.464563
v 0.012987 -0.017954 -0.471637
v 0.004575 -0.018043 -0.464563
v 0.004575 -0.018043 -0.471637
v 0.004575 -0.017970 -0.478044
v 0.000000 -0.018018 -0.478044
v 0.007159 -0.020525 -0.478044
v 0.012987 -0.017881 -0.478044
v 0.020322 -0.020513 -0.478044
v 0.015187 -0.017857 -0.478044
v 0.015187 -0.017930 -0.471637
v 0.023764 -0.020510 -0.478044
v 0.017387 -0.017907 -0.471637
v 0.004406 0.011235 -0.420124
v 0.000000 0.011025 -0.420124
v 0.000000 -0.015113 -0.420124
v 0.000000 -0.011316 -0.414614
v -0.004406 -0.015113 -0.420124
v -0.004406 -0.011300 -0.414614
v 0.000000 0.017703 -0.372502
v 0.017387 -0.010466 -0.464563
v 0.019377 0.017185 -0.414614
v 0.019377 -0.011247 -0.414614
v 0.019377 0.058174 -0.372502
v 0.004406 0.018053 -0.351074
v 0.004406 0.001727 -0.338444
v 0.016883 0.057929 -0.351074
v 0.016883 0.057729 -0.333505
v 0.015636 0.057729 -0.333505
v -0.019377 -0.015113 -0.420124
v -0.017387 -0.017834 -0.478044
v -0.012723 0.055105 -0.376340
v 0.006787 0.127599 -0.515249
v 0.006787 0.117390 -0.514719
v 0.006787 0.110628 -0.509283
v 0.006787 0.097478 -0.506154
v 0.020279 0.097478 -0.506154
v 0.020279 0.059043 -0.500540
v 0.006787 0.059043 -0.500540
v -0.020322 -0.020513 -0.488992
v -0.025120 -0.016772 -0.491387
v -0.027206 0.000014 -0.488992
v -0.012636 0.119734 -0.351462
vn -0.0000 -0.0000 1.0000
vn -0.3786 -0.6557 0.6532
vn -0.0000 -0.7572 0.6532
vn 0.3786 -0.6557 0.6532
vn 0.6557 -0.3786 0.6532
vn 0.7572 -0.0000 0.6532
vn 0.6557 0.3786 0.6532
vn 0.3786 0.6557 0.6532
vn -0.0000 0.7572 0.6532
vn -0.3786 0.6557 0.6532
vn -0.6557 0.3786 0.6532
vn -0.7572 -0.0000 0.6532
vn -0.6557 -0.3786 0.6532
vn -0.8660 -0.5000 -0.0000
vn -0.5000 -0.8660 -0.0000
vn -0.0000 -1.0000 -0.0000
vn -0.3786 -0.6557 -0.6532
vn -0.0000 -0.7572 -0.6532
vn -0.6557 -0.3786 -0.6532
vn 0.5000 -0.8660 -0.0000
vn 0.3786 -0.6557 -0.6532
vn -0.0000 -0.0000 -1.0000
vn 0.6557 -0.3786 -0.6532
vn 0.5539 -0.3280 -0.7653
vn -0.0438 -0.0143 -0.9989
vn -0.0744 0.6094 -0.7894
vn -0.0000 0.7572 -0.6532
vn -0.3786 0.6557 -0.6532
vn -0.6557 0.3786 -0.6532
vn -0.7572 -0.0000 -0.6532
vn -1.0000 -0.0000 -0.0000
vn -0.8660 0.5000 -0.0000
vn -0.5000 0.8660 -0.0000
vn -0.0000 1.0000 -0.0000
vn 0.2164 0.9536 0.2093
vn -0.7278 0.6704 0.1443
vn -0.3897 0.5300 -0.7532
vn 0.5536 0.3191 0.7692
vn -0.6366 0.0007 0.7712
vn 0.9537 -0.2479 0.1703
vn -0.5180 -0.7420 0.4255
vn -0.0382 -0.4187 -0.9073
vn 0.8660 -0.5000 -0.0000
vn -0.9226 -0.0000 0.3857
vn -0.7990 -0.4613 0.3857
vn -0.4613 -0.7990 0.3857
vn -0.0413 -0.0149 -0.9990
vn 0.7572 -0.0000 -0.6532
vn 0.6557 0.3786 -0.6532
vn 0.3786 0.6557 -0.6532
vn 0.5000 0.8660 -0.0000
vn 0.8660 0.5000 -0.0000
vn 0.7990 0.4613 0.3857
vn 0.4613 0.7990 0.3857
vn -0.0000 0.9226 0.3857
vn 0.9226 -0.0000 0.3857
vn 1.0000 -0.0000 -0.0000
vn 0.7990 -0.4613 0.3857
vn 0.4613 -0.7990 0.3857
vn -0.0000 -0.9226 0.3857
vn -0.0000 -0.8997 0.4364
vn -0.4499 -0.7792 0.4364
vn 0.4499 -0.7792 0.4364
vn 0.3813 -0.6604 -0.6470
vn -0.0000 -0.7625 -0.6470
vn -0.3813 -0.6604 -0.6470
vn -0.7792 -0.4499 0.4364
vn -0.6604 -0.3813 -0.6470
vn -0.4168 -0.7220 -0.5522
vn -0.7220 -0.4168 -0.5522
vn -0.0000 -0.8337 -0.5522
vn -0.3834 -0.6641 0.6418
vn -0.6641 -0.3834 0.6418
vn -0.0000 -0.7669 0.6418
vn -0.7669 -0.0000 0.6418
vn -0.8337 -0.0000 -0.5522
vn -0.6641 0.3834 0.6418
vn -0.7220 0.4168 -0.5522
vn -0.7625 -0.0000 -0.6470
vn -0.6604 0.3813 -0.6470
vn -0.3813 0.6604 -0.6470
vn -0.4168 0.7220 -0.5522
vn -0.3834 0.6641 0.6418
vn -0.0000 0.7625 -0.6470
vn -0.0000 0.8337 -0.5522
vn -0.0000 0.7669 0.6418
vn 0.3834 0.6641 0.6418
vn 0.4168 0.7220 -0.5522
vn 0.6641 0.3834 0.6418
vn 0.7220 0.4168 -0.5522
vn 0.3813 0.6604 -0.6470
vn 0.6604 0.3813 -0.6470
vn 0.7625 -0.0000 -0.6470
vn 0.8337 -0.0000 -0.5522
vn 0.7669 -0.0000 0.6418
vn 0.6604 -0.3813 -0.6470
vn 0.7220 -0.4168 -0.5522
vn 0.6641 -0.3834 0.6418
vn 0.3834 -0.6641 0.6418
vn 0.4168 -0.7220 -0.5522
vn 0.7792 -0.4499 0.4364
vn 0.8997 -0.0000 0.4364
vn 0.7792 0.4499 0.4364
vn 0.4499 0.7792 0.4364
vn -0.0000 0.8997 0.4364
vn -0.4499 0.7792 0.4364
vn -0.4613 0.7990 0.3857
vn -0.7990 0.4613 0.3857
vn -0.7792 0.4499 0.4364
vn -0.8997 -0.0000 0.4364
vn -0.2584 -0.4476 0.8561
vn -0.0000 -0.5168 0.8561
vn 0.2584 -0.4476 0.8561
vn 0.4476 -0.2584 0.8561
vn 0.5168 -0.0000 0.8561
vn 0.4476 0.2584 0.8561
vn 0.2584 0.4476 0.8561
vn -0.0000 0.5168 0.8561
vn -0.2584 0.4476 0.8561
vn -0.4476 0.2584 0.8561
vn -0.5168 -0.0000 0.8561
vn -0.4476 -0.2584 0.8561
vn -0.7900 -0.4561 -0.4097
vn -0.4561 -0.7900 -0.4097
vn -0.0000 -0.9122 -0.4097
vn 0.4561 -0.7900 -0.4097
vn 0.7900 -0.4561 -0.4097
vn 0.9122 -0.0000 -0.4097
vn 0.7900 0.4561 -0.4097
vn 0.4561 0.7900 -0.4097
vn -0.0000 0.9122 -0.4097
vn -0.4561 0.7900 -0.4097
vn -0.7900 0.4561 -0.4097
vn -0.9122 -0.0000 -0.4097
vn -0.6094 -0.6849 0.3995
vn -0.6538 -0.1915 0.7321
vn -0.7071 -0.7071 -0.0000
vn 0.6094 -0.6849 0.3995
vn 0.6538 -0.1915 0.7321
vn 0.7071 -0.7071 -0.0000
vn -0.7071 -0.0000 -0.7071
vn -0.5774 -0.5774 -0.5774
vn 0.5774 -0.5774 -0.5774
vn 0.7071 -0.0000 -0.7071
vn 0.7078 0.0021 0.7064
vn -0.7078 0.0021 0.7064
vn 0.5774 -0.5774 0.5774
vn 0.7071 -0.0000 0.7071
vn -0.7071 -0.0000 0.7071
vn -0.5774 -0.5774 0.5774
vn -0.9045 0.3015 -0.3015
vn 0.5774 0.5774 0.5774
vn -0.5774 0.5774 0.5774
vn -0.5774 0.5774 -0.5774
vn 0.9045 0.3015 -0.3015
vn 0.5774 0.5774 -0.5774
vn -0.6532 0.3786 -0.6557
vn -0.6532 -0.0000 -0.7572
vn -0.6532 -0.3786 -0.6557
vn -0.6532 -0.6557 -0.3786
vn -0.6532 -0.7572 -0.0000
vn -0.6532 -0.6557 0.3786
vn -0.6532 -0.3786 0.6557
vn -0.6532 -0.0000 0.7572
vn -0.6532 0.3786 0.6557
vn -0.6532 0.6557 0.3786
vn -0.6532 0.7572 -0.0000
vn -0.6532 0.6557 -0.3786
vn 0.6532 0.6557 -0.3786
vn 0.6532 0.3786 -0.6557
vn 0.6532 -0.0000 -0.7572
vn 0.6532 -0.3786 -0.6557
vn 0.6532 -0.6557 -0.3786
vn 0.6532 -0.7572 -0.0000
vn 0.6532 -0.6557 0.3786
vn 0.6532 -0.3786 0.6557
vn 0.6532 -0.0000 0.7572
vn 0.6532 0.3786 0.6557
vn 0.6532 0.6557 0.3786
vn 0.6532 0.7572 -0.0000
vn -0.9812 0.0966 -0.1673
vn -0.9812 -0.0000 -0.1931
vn -0.9812 -0.0966 -0.1673
vn -0.9812 -0.1673 -0.0966
vn -0.9812 -0.1931 -0.0000
vn -0.9812 -0.1673 0.0966
vn -0.9812 -0.0966 0.1673
vn -0.9812 -0.0000 0.1931
vn -0.9812 0.0966 0.1673
vn -0.9812 0.1673 0.0966
vn -0.9812 0.1931 -0.0000
vn -0.9812 0.1673 -0.0966
vn -0.5383 0.4214 -0.7298
vn -0.5383 -0.0000 -0.8427
vn -0.5383 0.7298 -0.4214
vn -0.0000 0.5000 -0.8660
vn -0.0000 0.8660 -0.5000
vn -0.5383 -0.4214 -0.7298
vn -0.0000 -0.5000 -0.8660
vn 0.5383 -0.0000 -0.8427
vn 0.5383 -0.4214 -0.7298
vn 0.5383 0.4214 -0.7298
vn 0.9812 0.0966 -0.1673
vn 0.9812 -0.0000 -0.1931
vn 0.9812 -0.0966 -0.1673
vn 0.9812 -0.1673 -0.0966
vn 0.9812 -0.1931 -0.0000
vn 0.9812 -0.1673 0.0966
vn 0.9812 -0.0966 0.1673
vn 0.9812 -0.0000 0.1931
vn 0.9812 0.0966 0.1673
vn 0.9812 0.1673 0.0966
vn 0.9812 0.1931 -0.0000
vn 0.9812 0.1673 -0.0966
vn 0.5383 0.7298 -0.4214
vn 0.5383 0.8427 -0.0000
vn -0.5383 0.8427 -0.0000
vn -0.0000 0.8660 0.5000
vn -0.5383 0.7298 0.4214
vn -0.0000 0.5000 0.8660
vn -0.5383 0.4214 0.7298
vn -0.5383 -0.0000 0.8427
vn -0.0000 -0.5000 0.8660
vn -0.5383 -0.4214 0.7298
vn -0.0000 -0.8660 0.5000
vn -0.5383 -0.7298 0.4214
vn -0.5383 -0.8427 -0.0000
vn -0.0000 -0.8660 -0.5000
vn -0.5383 -0.7298 -0.4214
vn 0.5383 -0.7298 -0.4214
vn 0.5383 -0.8427 -0.0000
vn 0.5383 -0.7298 0.4214
vn 0.5383 -0.4214 0.7298
vn 0.5383 -0.0000 0.8427
vn 0.5383 0.4214 0.7298
vn 0.5383 0.7298 0.4214
vn 0.6212 -0.7059 0.3403
vn 0.6438 -0.2685 0.7166
vn -0.6438 -0.2685 0.7166
vn -0.6212 -0.7059 0.3403
vn -0.8993 -0.3161 0.3023
vn 0.8993 -0.3161 0.3023
vn -0.7023 -0.0155 -0.7118
vn -0.6447 -0.2637 -0.7175
vn -0.6203 -0.7046 -0.3446
vn 0.7023 -0.0155 -0.7118
vn 0.6447 -0.2637 -0.7175
vn 0.6203 -0.7046 -0.3446
vn 0.6725 0.1196 -0.7304
vn -0.6725 0.1196 -0.7304
vn 0.6047 0.6167 -0.5040
vn 0.6896 0.7234 -0.0322
vn -0.6047 0.6167 -0.5040
vn -0.6896 0.7234 -0.0322
vn -0.7009 0.7118 0.0448
vn -0.6202 -0.7044 0.3453
vn -0.6345 0.6933 0.3416
vn 0.7009 0.7118 0.0448
vn 0.6345 0.6933 0.3416
vn -0.6336 0.2819 0.7205
vn 0.6336 0.2819 0.7205
vn 0.6410 -0.2484 0.7262
vn -0.6410 -0.2484 0.7262
vn 0.6202 -0.7044 0.3453
vn -0.4111 -0.7238 0.5542
vn 0.6883 -0.3910 0.6110
vn 0.6883 0.3910 0.6110
vn -0.4111 0.7238 0.5542
vn -0.4111 0.7238 -0.5542
vn -0.4111 -0.7238 -0.5542
vn 0.6883 0.3910 -0.6110
vn 0.6883 -0.3910 -0.6110
vn 0.4111 0.7238 0.5542
vn 0.4111 0.7238 -0.5542
vn -0.6883 0.3910 -0.6110
vn -0.6883 0.3910 0.6110
vn 0.4111 -0.7238 0.5542
vn 0.4111 -0.7238 -0.5542
vn -0.6883 -0.3910 0.6110
vn -0.6883 -0.3910 -0.6110
vn 0.0361 -0.9695 -0.2423
vn 0.6043 -0.6867 -0.4040
vn 0.5484 0.5484 -0.6313
vn -0.0001 -0.7074 -0.7069
vn -0.0000 0.9206 -0.3905
vn -0.0001 -0.0006 -1.0000
vn -0.0001 0.7067 -0.7076
vn 0.5772 0.5771 -0.5777
vn 0.5773 -0.5777 -0.5770
vn 0.0625 -0.7128 0.6985
vn 0.9966 -0.0793 0.0233
vn 0.5774 -0.5772 0.5775
vn 0.7071 0.7071 -0.0000
vn 0.5774 0.5774 0.5772
vn -0.0000 0.7073 0.7070
vn -0.0000 0.0002 1.0000
vn 0.5758 0.5876 0.5685
vn 0.5709 0.5827 0.5784
vn 0.7093 0.0072 0.7048
vn -0.0000 0.7071 0.7071
vn -0.5709 0.5827 0.5784
vn -0.7093 0.0072 0.7048
vn -0.5758 0.5876 0.5685
vn -0.9966 -0.0793 0.0233
vn -0.0625 -0.7128 0.6985
vn -0.5774 0.5774 0.5772
vn -0.5774 -0.5772 0.5775
vn -0.7071 0.7071 -0.0000
vn -0.5772 0.5771 -0.5777
vn 0.0001 0.7067 -0.7076
vn 0.0001 -0.7074 -0.7069
vn -0.5773 -0.5777 -0.5770
vn 0.0001 -0.0006 -1.0000
vn -0.5484 0.5484 -0.6313
vn -0.2879 0.9577 -0.0000
vn -0.6616 0.7499 -0.0000
vn 0.2879 0.9577 -0.0000
vn -0.0000 0.7073 -0.7070
vn -0.4991 0.6338 -0.5909
vn 0.4991 0.6338 -0.5909
vn 0.7268 0.0867 -0.6814
vn 0.6616 0.7499 -0.0000
vn 0.6667 0.6667 -0.3333
vn -0.0000 -0.7071 -0.7071
vn -0.0000 0.8196 0.5730
vn -0.0000 0.7071 -0.7071
vn -0.6667 0.6667 -0.3333
vn -0.6043 -0.6867 -0.4040
vn -0.7268 0.0867 -0.6814
vn -0.0361 -0.9695 -0.2423
vn -0.0000 -0.7071 0.7071
vn 0.6040 0.6613 0.4448
vn -0.6040 0.6613 0.4448
vn -0.6637 0.1534 0.7321
vn 0.6637 0.1533 0.7321
vn 0.9073 0.2764 -0.3170
vn 0.5760 0.5856 -0.5704
vn -0.5760 0.5856 -0.5704
vn -0.8821 0.3095 -0.3550
vn -0.6685 -0.1347 0.7314
vn 0.6685 -0.1347 0.7314
vn -0.7033 -0.7108 0.0120
vn -0.6012 -0.6503 0.4644
vn 0.6012 -0.6503 0.4644
vn 0.7033 -0.7108 0.0120
vn -0.7003 -0.7135 -0.0217
vn 0.7003 -0.7135 -0.0217
vn -0.5957 -0.6198 -0.5110
vn 0.5957 -0.6198 -0.5110
vn -0.6798 -0.0924 -0.7275
vn 0.6798 -0.0924 -0.7275
vn 0.6775 0.1009 -0.7286
vn -0.6775 0.1009 -0.7286
vn -0.5935 0.6409 -0.4869
vn 0.5935 0.6409 -0.4869
vn -0.9041 0.3016 -0.3028
vn -0.8683 0.3047 0.3915
vn 0.9536 0.2528 0.1634
vn 0.9041 0.3016 -0.3028
vn -0.9073 0.2764 -0.3170
vn -0.6637 0.1533 0.7321
vn 0.6637 0.1534 0.7321
vn 0.8821 0.3095 -0.3550
vn 0.8683 0.3047 0.3915
vn -0.9536 0.2528 0.1634
vn -0.3786 -0.6532 -0.6557
vn -0.5000 -0.0000 -0.8660
vn -0.0000 -0.6532 -0.7572
vn 0.5000 -0.0000 -0.8660
vn 0.3786 -0.6532 -0.6557
vn -0.6557 -0.6532 -0.3786
vn -0.7572 -0.6532 -0.0000
vn -0.8660 -0.0000 -0.5000
vn -0.6557 -0.6532 0.3786
vn -0.8660 -0.0000 0.5000
vn -0.3786 -0.6532 0.6557
vn -0.5000 -0.0000 0.8660
vn -0.0000 -0.6532 0.7572
vn 0.3786 -0.6532 0.6557
vn 0.5000 -0.0000 0.8660
vn 0.6557 -0.6532 0.3786
vn 0.8660 -0.0000 0.5000
vn 0.7572 -0.6532 -0.0000
vn 0.6557 -0.6532 -0.3786
vn 0.8660 -0.0000 -0.5000
vn 0.3015 -0.3015 0.9045
vn 0.3015 0.3015 0.9045
vn 0.3015 0.3015 -0.9045
vn 0.3015 -0.3015 -0.9045
vn -0.4472 -0.8944 -0.0000
vn -0.4472 0.8944 -0.0000
vn -0.3015 -0.3015 0.9045
vn -0.3015 -0.3015 -0.9045
vn -0.4472 -0.0000 -0.8944
vn -0.3015 0.3015 -0.9045
vn 0.5774 -0.5774 0.5773
vn -0.3015 0.3015 0.9045
vn 0.5774 0.5774 0.5773
vn 0.4472 -0.8944 -0.0000
vn 0.4472 0.8944 -0.0000
vn 0.4472 -0.0000 -0.8944
vn -0.5774 -0.5774 0.5773
vn -0.5774 0.5774 0.5773
vn -0.0136 -0.6832 0.7301
vn 0.6376 -0.5204 0.5680
vn 0.6303 -0.0000 0.7764
vn -0.0137 -0.6990 0.7150
vn 0.6303 0.5490 0.5490
vn 0.6164 -0.7874 -0.0000
vn 0.6376 -0.5204 -0.5680
vn -0.0279 -0.9996 -0.0000
vn -0.0136 -0.6832 -0.7301
vn -0.0282 -0.9996 -0.0000
vn -0.0137 -0.6990 -0.7150
vn 0.7973 -0.6035 -0.0000
vn 0.7997 -0.4261 -0.4229
vn 0.7997 -0.4261 0.4229
vn 0.8002 -0.0000 0.5998
vn 1.0000 -0.0000 0.0052
vn 1.0000 -0.0019 0.0019
vn 1.0000 -0.0086 -0.0000
vn 0.7155 0.6981 -0.0258
vn 0.6909 0.7230 -0.0000
vn 0.7155 0.6981 0.0258
vn 1.0000 -0.0019 -0.0019
vn 1.0000 -0.0000 -0.0052
vn 0.8002 -0.0000 -0.5998
vn 1.0000 0.0019 -0.0019
vn 0.7997 0.4261 -0.4229
vn 0.6303 0.5490 -0.5490
vn 0.6303 -0.0000 -0.7764
vn 0.6303 0.7764 -0.0000
vn 0.7973 0.6035 -0.0000
vn 0.7997 0.4261 0.4229
vn 1.0000 0.0086 -0.0000
vn 1.0000 0.0019 0.0019
vn 0.7173 -0.6961 -0.0312
vn 0.6875 -0.7261 -0.0000
vn 0.7173 -0.6961 0.0312
vn 0.0032 -0.9990 -0.0457
vn 0.1274 -0.7534 -0.6451
vn 0.0054 -1.0000 -0.0000
vn 0.0092 -0.9993 -0.0366
vn 0.3688 -0.7572 -0.5391
vn 0.0155 -0.9999 -0.0000
vn 0.0032 -0.9990 0.0457
vn 0.0092 -0.9993 0.0366
vn 0.3688 -0.7572 0.5391
vn 0.1274 -0.7534 0.6451
vn -0.0273 -0.9994 0.0206
vn -0.0209 -0.9998 -0.0000
vn 0.2344 -0.9721 -0.0125
vn 0.9191 -0.0000 -0.3940
vn 0.5647 -0.0000 0.8253
vn 0.1938 -0.0000 0.9810
vn -0.5868 -0.5696 0.5755
vn -0.7228 -0.6911 0.0035
vn 0.0599 -0.6987 0.7129
vn 0.0748 -0.3145 -0.9463
vn -0.1731 -0.3063 0.9361
vn 0.2683 -0.0000 -0.9633
vn -0.7332 -0.6798 0.0159
vn -0.7323 0.6808 0.0131
vn -0.7228 0.6911 0.0035
vn -0.5868 0.5696 0.5755
vn 0.2344 0.9721 -0.0125
vn -0.0279 0.9995 0.0169
vn 0.0599 0.6987 0.7129
vn 0.0618 -0.0000 0.9981
vn -0.1731 0.3063 0.9361
vn 0.0748 0.3145 -0.9463
vn 0.8001 -0.0000 0.5999
vn -0.5435 0.5711 0.6152
vn -0.4092 0.5540 -0.7250
vn 0.6543 0.5754 0.4906
vn 0.8287 -0.0000 -0.5597
vn 0.6478 0.6236 -0.4375
vn -0.5435 -0.5711 0.6152
vn 0.6543 -0.5754 0.4906
vn -0.4092 -0.5540 -0.7250
vn 0.6478 -0.6236 -0.4375
vn 0.3689 0.7572 0.5391
vn 0.1274 0.7534 0.6451
vn 0.0076 0.9995 0.0303
vn 0.0026 0.9993 0.0377
vn 0.0128 0.9999 -0.0000
vn 0.0045 1.0000 -0.0000
vn 0.0026 0.9993 -0.0377
vn 0.0076 0.9995 -0.0303
vn 0.3688 0.7572 -0.5391
vn 0.1274 0.7534 -0.6451
vn -0.0279 0.9995 -0.0169
vn -0.0227 0.9997 -0.0000
vn 0.5350 0.8138 -0.2270
vn 0.9285 -0.0000 -0.3713
vn 0.5647 -0.0000 -0.8253
vn 0.1938 -0.0000 -0.9810
vn 0.2944 0.9069 0.3015
vn -0.7124 0.7018 -0.0010
vn -0.7228 0.6911 -0.0010
vn -0.7323 0.6808 -0.0131
vn -0.7207 0.6932 -0.0000
vn -0.7228 -0.6911 -0.0010
vn -0.7332 -0.6798 -0.0159
vn -0.7124 -0.7018 -0.0010
vn -0.1139 0.5845 0.8033
vn -0.8175 0.3342 0.4691
vn -0.7133 0.0210 -0.7005
vn 0.7120 0.0163 -0.7020
vn 0.6130 0.3809 0.6922
vn 0.8057 0.3405 0.4846
vn 0.2944 -0.9069 0.3015
vn 0.5350 -0.8138 -0.2270
vn -0.0273 -0.9994 -0.0206
vn -0.7189 -0.6951 -0.0000
vn 0.7247 0.2715 0.6333
vn -0.6999 -0.0030 0.7142
vn 0.7203 0.2415 -0.6503
vn 0.3672 0.6972 0.6157
vn -0.2926 -0.4114 0.8632
vn 0.3672 0.6972 -0.6157
vn -0.6508 -0.0903 -0.7538
vn -0.2926 -0.4114 -0.8632
vn -0.3672 0.6972 -0.6157
vn 0.2926 -0.4114 -0.8632
vn -0.3672 0.6972 0.6157
vn -0.7247 0.2715 0.6333
vn -0.7203 0.2415 -0.6503
vn 0.6508 -0.0903 -0.7539
vn 0.2926 -0.4114 0.8632
vn 0.6999 -0.0030 0.7142
vn 0.8175 0.3342 0.4691
vn -0.8057 0.3405 0.4846
vn -0.7120 0.0163 -0.7020
vn 0.1139 0.5845 0.8033
vn -0.6130 0.3809 0.6922
vn 0.7133 0.0210 -0.7005
vn -0.2944 0.9069 0.3015
vn -0.2944 -0.9069 0.3015
vn -0.5350 -0.8138 -0.2270
vn -0.9285 -0.0000 -0.3713
vn 0.7124 -0.7018 -0.0010
vn 0.7228 -0.6911 -0.0010
vn -0.5350 0.8138 -0.2270
vn 0.7228 0.6911 -0.0010
vn 0.7124 0.7018 -0.0010
vn 0.7332 -0.6798 -0.0159
vn 0.7189 -0.6951 -0.0000
vn 0.7332 -0.6798 0.0159
vn 0.0273 -0.9994 0.0206
vn 0.0209 -0.9998 -0.0000
vn 0.0273 -0.9994 -0.0206
vn -0.0092 -0.9993 0.0366
vn -0.0155 -0.9999 -0.0000
vn -0.0092 -0.9993 -0.0366
vn 0.7228 -0.6911 0.0035
vn -0.2344 -0.9721 -0.0125
vn -0.3688 -0.7572 0.5391
vn -0.1274 -0.7534 0.6451
vn -0.0032 -0.9990 0.0457
vn -0.0054 -1.0000 -0.0000
vn -0.7173 -0.6961 0.0312
vn -0.6875 -0.7261 -0.0000
vn -0.7173 -0.6961 -0.0312
vn -0.0032 -0.9990 -0.0457
vn -0.1274 -0.7534 -0.6451
vn -0.3688 -0.7572 -0.5391
vn -1.0000 0.0019 0.0019
vn -1.0000 0.0086 -0.0000
vn -1.0000 -0.0000 0.0052
vn -0.7973 0.6035 -0.0000
vn -0.7997 0.4261 0.4229
vn -0.8002 -0.0000 0.5998
vn -0.7997 0.4261 -0.4229
vn -1.0000 0.0019 -0.0019
vn -0.8002 -0.0000 -0.5998
vn -1.0000 -0.0000 -0.0052
vn -1.0000 -0.0019 -0.0019
vn -0.7997 -0.4261 -0.4229
vn -0.7155 0.6981 0.0258
vn -1.0000 -0.0086 -0.0000
vn -0.6909 0.7230 -0.0000
vn -0.7973 -0.6035 -0.0000
vn 0.0282 -0.9996 -0.0000
vn 0.0137 -0.6990 -0.7150
vn -0.7997 -0.4261 0.4229
vn 0.0137 -0.6990 0.7150
vn -1.0000 -0.0019 0.0019
vn -0.7155 0.6981 -0.0258
vn -0.1274 0.7534 -0.6451
vn -0.0026 0.9993 -0.0377
vn -0.0045 1.0000 -0.0000
vn -0.0026 0.9993 0.0377
vn -0.0128 0.9999 -0.0000
vn -0.0076 0.9995 0.0303
vn -0.0076 0.9995 -0.0303
vn 0.0279 0.9995 -0.0169
vn 0.0227 0.9997 -0.0000
vn 0.0279 0.9995 0.0169
vn -0.3688 0.7572 -0.5391
vn 0.7323 0.6808 -0.0131
vn 0.7207 0.6932 -0.0000
vn 0.7323 0.6808 0.0131
vn 0.7228 0.6911 0.0035
vn 0.5868 -0.5696 0.5755
vn -0.0599 -0.6987 0.7129
vn -0.0618 -0.0000 0.9981
vn 0.1731 -0.3063 0.9361
vn -0.0748 -0.3145 -0.9463
vn -0.8001 -0.0000 0.5999
vn -0.6543 -0.5754 0.4906
vn 0.5435 -0.5711 0.6152
vn 0.4092 -0.5540 -0.7250
vn -0.6478 -0.6236 -0.4375
vn -0.8287 -0.0000 -0.5597
vn -0.2683 -0.0000 -0.9633
vn 0.1731 0.3063 0.9361
vn -0.0599 0.6987 0.7129
vn 0.5868 0.5696 0.5755
vn -0.2344 0.9721 -0.0125
vn -0.0748 0.3145 -0.9463
vn -0.9191 -0.0000 -0.3940
vn -0.3689 0.7572 0.5391
vn -0.5647 -0.0000 0.8253
vn -0.1274 0.7534 0.6451
vn -0.1938 -0.0000 0.9810
vn -0.6543 0.5754 0.4906
vn -0.6478 0.6236 -0.4375
vn 0.4092 0.5540 -0.7250
vn 0.5435 0.5711 0.6152
vn -0.5647 -0.0000 -0.8253
vn -0.1938 -0.0000 -0.9810
vn 0.0136 -0.6832 0.7301
vn 0.0279 -0.9996 -0.0000
vn -0.6303 -0.0000 0.7764
vn -0.6376 -0.5204 0.5680
vn -0.6164 -0.7874 -0.0000
vn -0.6376 -0.5204 -0.5680
vn -0.6303 -0.0000 -0.7764
vn 0.0136 -0.6832 -0.7301
vn -0.6303 0.5490 -0.5490
vn -0.6303 0.7764 -0.0000
vn -0.6303 0.5490 0.5490
vn 0.7098 0.0067 0.7044
vn 0.7709 0.6369 -0.0000
vn 0.6236 0.5152 0.5880
vn 0.6725 -0.4225 0.6076
vn 0.8443 -0.5358 -0.0000
vn -0.0045 0.0096 0.9999
vn -0.4794 0.2741 0.8337
vn 0.2816 -0.3775 0.8821
vn -0.0137 0.9989 0.0445
vn -0.8761 0.4821 -0.0000
vn 0.5972 -0.8020 -0.0046
vn -0.6473 -0.4764 0.5950
vn -0.7806 -0.6228 0.0522
vn 0.3639 0.3007 0.8815
vn -0.6274 0.5112 0.5874
vn -0.7690 0.5564 0.3146
vn 0.3727 -0.2997 0.8782
vn 0.8091 -0.5769 -0.1119
vn 0.1919 -0.9608 -0.2002
vn 0.1479 -0.6933 0.7053
vn 0.0156 0.7307 0.6825
vn 0.6598 -0.5138 -0.5483
vn 0.6374 -0.4991 0.5870
vn -0.2680 0.2402 0.9330
vn -0.1401 0.9823 0.1243
vn -0.3926 0.7751 0.4951
vn -0.1773 0.5525 0.8144
vn -0.5919 0.5625 0.5773
vn 0.5590 0.6072 0.5646
vn 0.7842 0.2845 -0.5515
vn 0.7359 0.3673 -0.5688
vn 0.7795 0.1275 -0.6132
vn 0.2278 0.9735 0.0202
vn 0.5813 0.7823 -0.2238
vn 0.3507 0.4646 0.8131
vn -0.3353 0.0599 0.9402
vn -0.7935 -0.0673 0.6049
vn -0.0777 -0.6347 -0.7688
vn -0.6928 -0.3493 -0.6309
vn -0.0539 -0.4929 0.8684
vn -0.0095 -0.8066 -0.5910
vn -0.0335 0.8990 0.4366
vn 0.5533 0.4204 -0.7191
vn -0.0041 0.5897 -0.8076
vn 0.7963 -0.1591 -0.5836
vn 0.5069 0.0628 -0.8597
vn -0.6408 -0.5732 -0.5107
vn -0.8042 -0.2939 0.5167
vn -0.6287 0.4911 0.6029
vn -0.1341 -0.7920 -0.5956
vn 0.4033 0.4859 -0.7754
vn -0.7976 -0.5155 0.3133
vn -0.3561 -0.7224 -0.5927
vn 0.4541 0.4987 -0.7383
vn 0.9292 0.2868 -0.2330
vn 0.6615 -0.1950 -0.7242
vn 0.3121 0.5419 -0.7804
vn -0.4318 -0.5776 -0.6928
vn 0.6971 0.7168 -0.0176
vn 0.7669 0.6417 -0.0062
vn 0.6120 0.5293 -0.5876
vn 0.6624 -0.0976 -0.7428
vn 0.6350 -0.5307 -0.5613
vn 0.3050 -0.5710 -0.7622
vn 0.0438 -0.1227 -0.9915
vn -0.6184 -0.0901 -0.7807
vn -0.7657 0.2853 -0.5764
vn -0.0114 0.9998 0.0159
vn -0.6981 -0.1810 -0.6927
vn 0.6983 -0.1809 -0.6926
vn 0.7071 -0.2183 -0.6726
vn -0.7071 -0.2183 -0.6726
vn 0.7005 -0.2231 -0.6779
vn -0.7119 -0.2196 -0.6671
vn 0.9878 -0.1555 -0.0000
vn 0.6971 -0.3095 -0.6467
vn -0.6824 -0.1241 -0.7203
vn -0.9730 0.2308 -0.0000
vn -0.7671 -0.0244 -0.6410
vn -0.7355 0.1920 0.6498
vn -0.8909 -0.1681 0.4219
vn -0.6928 -0.7196 -0.0467
vn -0.5720 -0.5619 0.5975
vn -0.6930 -0.7075 -0.1387
vn 0.6928 -0.7196 -0.0467
vn 0.5764 -0.5598 0.5953
vn 0.6930 -0.7075 -0.1387
vn 0.6708 -0.0800 0.7373
vn 0.6086 -0.3861 -0.6932
vn 0.6099 -0.5949 -0.5235
vn -0.6279 -0.5843 -0.5142
vn 0.8446 -0.3913 0.3654
vn 0.8938 0.3310 0.3025
vn 0.7099 0.0511 0.7025
vn 0.4677 -0.2588 0.8452
vn -0.6914 0.3936 0.6059
vn -0.7101 0.0511 0.7023
vn -0.8938 0.3310 0.3025
vn -0.9106 0.2844 -0.2998
vn 0.9106 0.2844 -0.2998
vn -0.7226 -0.6737 0.1550
vn -0.6529 0.0750 0.7537
vn -0.6558 0.4328 0.6185
vn -0.6011 -0.5456 0.5840
vn 0.6901 -0.7053 0.1623
vn 0.6011 -0.5456 0.5840
vn 0.6529 0.0750 0.7537
vn 0.6558 0.4328 0.6185
vn 0.5746 0.5633 -0.5937
vn 0.6364 0.7229 0.2690
vn -0.6364 0.7229 0.2690
vn -0.5746 0.5633 -0.5937
vn 0.5976 -0.8018 0.0052
vn 0.2795 -0.3573 -0.8912
vn -0.6468 -0.7605 0.0570
vn -0.7098 0.0067 0.7044
vn -0.6725 -0.4225 0.6076
vn 0.4794 0.2741 0.8337
vn 0.0045 0.0096 0.9999
vn -0.8443 -0.5358 -0.0000
vn -0.6236 0.5152 0.5880
vn -0.7709 0.6369 -0.0000
vn -0.2816 -0.3775 0.8821
vn 0.0137 0.9989 0.0445
vn 0.8761 0.4821 -0.0000
vn -0.5972 -0.8020 -0.0046
vn 0.6473 -0.4765 0.5950
vn 0.7806 -0.6228 0.0522
vn -0.3639 0.3007 0.8815
vn 0.6274 0.5112 0.5874
vn 0.7690 0.5564 0.3147
vn -0.3727 -0.2997 0.8782
vn -0.8091 -0.5769 -0.1119
vn -0.1479 -0.6933 0.7053
vn -0.1919 -0.9608 -0.2002
vn -0.0157 0.7307 0.6825
vn -0.6374 -0.4991 0.5870
vn 0.2680 0.2402 0.9330
vn -0.6598 -0.5138 -0.5483
vn 0.1400 0.9823 0.1243
vn 0.3926 0.7751 0.4951
vn 0.7976 -0.5155 0.3133
vn 0.6287 0.4911 0.6030
vn 0.8042 -0.2939 0.5166
vn 0.6468 -0.7605 0.0570
vn 0.3561 -0.7224 -0.5927
vn 0.1341 -0.7920 -0.5956
vn 0.4318 -0.5776 -0.6928
vn -0.5976 -0.8018 0.0052
vn -0.2795 -0.3572 -0.8912
vn 0.0114 0.9998 0.0159
vn -0.0438 -0.1227 -0.9915
vn 0.6184 -0.0902 -0.7807
vn -0.6624 -0.0976 -0.7428
vn -0.6120 0.5293 -0.5876
vn -0.6350 -0.5307 -0.5613
vn -0.7669 0.6417 -0.0062
vn -0.3050 -0.5710 -0.7622
vn 0.7657 0.2853 -0.5764
vn -0.6983 -0.1809 -0.6926
vn 0.6981 -0.1810 -0.6927
vn 0.7119 -0.2196 -0.6671
vn -0.7005 -0.2231 -0.6779
vn -0.6971 -0.3095 -0.6467
vn 0.6824 -0.1241 -0.7203
vn -0.9878 -0.1555 -0.0000
vn -0.6086 -0.3861 -0.6932
vn -0.8446 -0.3913 0.3654
vn -0.6708 -0.0800 0.7373
vn -0.5764 -0.5598 0.5953
vn 0.5720 -0.5619 0.5975
vn 0.9730 0.2308 -0.0000
vn 0.7355 0.1920 0.6498
vn 0.7671 -0.0244 -0.6410
vn 0.6279 -0.5843 -0.5142
vn -0.6099 -0.5949 -0.5235
vn 0.8909 -0.1681 0.4219
vn 0.7101 0.0511 0.7023
vn -0.7099 0.0511 0.7025
vn -0.4677 -0.2588 0.8452
vn 0.6914 0.3936 0.6059
vn -0.6901 -0.7053 0.1623
vn 0.7226 -0.6737 0.1550
vn -0.6971 0.7168 -0.0176
vn -0.3121 0.5419 -0.7804
vn -0.9292 0.2868 -0.2330
vn -0.4541 0.4987 -0.7383
vn -0.6615 -0.1950 -0.7242
vn -0.4033 0.4859 -0.7754
vn -0.5069 0.0628 -0.8597
vn 0.6408 -0.5732 -0.5107
vn -0.7359 0.3673 -0.5688
vn 0.6928 -0.3493 -0.6309
vn 0.7935 -0.0673 0.6049
vn -0.7963 -0.1591 -0.5836
vn 0.0777 -0.6347 -0.7688
vn 0.3353 0.0599 0.9402
vn -0.5533 0.4204 -0.7191
vn -0.7795 0.1275 -0.6132
vn -0.2278 0.9735 0.0202
vn -0.7842 0.2845 -0.5515
vn -0.5813 0.7823 -0.2238
vn -0.5590 0.6072 0.5646
vn 0.5919 0.5625 0.5773
vn 0.1773 0.5525 0.8144
vn -0.3507 0.4646 0.8131
vn 0.0095 -0.8066 -0.5910
vn 0.0539 -0.4929 0.8684
vn 0.0335 0.8990 0.4366
vn 0.0041 0.5897 -0.8076
vn -0.7703 0.3189 0.5523
vn -0.7703 -0.0000 0.6377
vn -0.7703 -0.3189 0.5523
vn 0.7703 -0.0000 0.6377
vn 0.7703 0.3189 0.5523
vn 0.7703 -0.3189 0.5523
vn 0.7703 -0.5523 0.3189
vn -0.7703 -0.5523 0.3189
vn -0.7703 -0.6377 -0.0000
vn 0.7703 -0.6377 -0.0000
vn -0.7703 -0.5523 -0.3189
vn 0.7703 -0.5523 -0.3189
vn 0.6832 0.4567 0.5698
vn -0.6833 0.4562 0.5701
vn 0.7703 -0.3189 -0.5523
vn 0.7075 0.3795 0.5962
vn 1.0000 0.0002 -0.0019
vn 1.0000 -0.0000 -0.0014
vn -0.7049 0.3759 0.6015
vn 0.7703 -0.0000 -0.6377
vn -0.7703 -0.3189 -0.5523
vn -0.7703 -0.0000 -0.6377
vn -1.0000 0.0002 0.0077
vn -0.8482 -0.5152 0.1227
vn -0.7703 0.3189 -0.5523
vn 0.7703 0.3189 -0.5523
vn -0.7703 0.5523 -0.3189
vn 0.7703 0.5523 -0.3189
vn 0.8481 -0.5166 0.1177
vn 0.7067 -0.6679 -0.2336
vn -0.7095 -0.6682 -0.2237
vn 0.1553 -0.5071 -0.8478
vn -0.1555 -0.5083 -0.8471
vn 0.9040 0.1899 -0.3831
vn 0.2426 0.9696 -0.0317
vn 0.5773 0.3638 -0.7310
vn 0.3450 0.0039 -0.9386
vn -0.0000 -0.3179 -0.9481
vn -0.0000 0.8952 0.4456
vn 0.5774 0.7310 0.3638
vn -0.2429 0.9696 -0.0300
vn -0.0000 0.3179 0.9481
vn 0.3450 0.5690 0.7465
vn 0.3886 -0.0046 0.9214
vn -0.3450 0.5690 0.7465
vn -0.3886 -0.0046 0.9214
vn -0.5774 0.7310 0.3638
vn -0.0000 0.3987 0.9171
vn -0.7446 -0.0158 0.6674
vn -0.3886 -0.5591 -0.7324
vn -0.7247 -0.4404 -0.5300
vn -0.6398 -0.2757 0.7174
vn -0.6398 -0.6525 -0.4062
vn -0.6104 0.6926 0.3844
vn -0.6001 0.1836 0.7785
vn -0.0000 0.4372 0.8994
vn -0.5752 -0.4451 -0.6863
vn -0.5837 -0.7049 -0.4031
vn -0.0000 -0.8681 -0.4965
vn 0.5752 -0.4451 -0.6863
vn 0.5837 -0.7049 -0.4031
vn 0.7247 -0.4404 -0.5300
vn 0.6001 0.1836 0.7785
vn 0.5676 -0.3781 0.7314
vn 0.7446 -0.0158 0.6674
vn 0.3886 -0.5591 -0.7324
vn 0.6398 -0.6525 -0.4062
vn 0.6398 -0.2757 0.7174
vn 0.6104 0.3208 -0.7242
vn -0.9074 0.1907 -0.3745
vn -0.3450 0.0039 -0.9386
vn -0.5773 0.3638 -0.7310
vn -0.9999 -0.0012 0.0102
vn -0.6104 0.3208 -0.7242
vn 0.6104 0.6926 0.3844
vn -0.0000 -0.4592 0.8883
vn -0.5676 -0.3781 0.7314
vn 0.7703 0.6377 -0.0000
vn -0.7703 0.6377 -0.0000
vn -0.7703 0.5523 0.3189
vn 0.7703 0.5523 0.3189
vn 0.4800 -0.7750 -0.4110
vn 0.4822 -0.3686 0.7947
vn -0.4822 -0.3686 0.7947
vn -0.4800 -0.7750 -0.4110
vn -0.7307 0.1354 0.6691
vn -0.7505 -0.1603 -0.6412
vn 0.7307 0.1354 0.6691
vn 0.7505 -0.1603 -0.6412
vn 0.5537 0.6064 -0.5707
vn 0.5951 0.6268 0.5030
vn -0.5537 0.6064 -0.5707
vn -0.5951 0.6268 0.5030
vn -0.6239 -0.7097 -0.3271
vn 0.6239 -0.7097 -0.3271
vn -0.8145 -0.5269 -0.2428
vn 0.8145 -0.5269 -0.2428
vn -0.5927 -0.4885 0.6403
vn -0.4496 -0.2897 0.8449
vn -0.8160 -0.5775 0.0266
vn -0.6783 -0.7282 0.0979
vn 0.5927 -0.4885 0.6403
vn 0.4496 -0.2897 0.8449
vn 0.6783 -0.7282 0.0979
vn -0.7786 -0.6274 0.0075
vn -0.7779 -0.6283 -0.0084
vn 0.7779 -0.6283 -0.0084
vn 0.7786 -0.6274 0.0075
vn 0.8160 -0.5775 0.0266
vn 0.7911 -0.6068 -0.0775
vn 0.7874 -0.6124 0.0706
vn 0.8011 -0.5725 0.1747
vn 0.5680 -0.4169 0.7097
vn 0.7215 0.6888 0.0701
vn 0.6995 0.6936 0.1724
vn 0.4760 0.5950 0.6476
vn -0.5680 -0.4169 0.7097
vn -0.4760 0.5950 0.6476
vn -0.6995 0.6936 0.1724
vn -0.8011 -0.5725 0.1747
vn -0.7874 -0.6124 0.0706
vn -0.7215 0.6888 0.0701
vn -0.7911 -0.6068 -0.0775
vn -0.7279 0.6814 -0.0769
vn 0.7279 0.6814 -0.0769
vn -0.8195 -0.5730 -0.0083
vn -0.7999 -0.5953 -0.0755
vn -0.6758 0.7332 -0.0760
vn -0.4489 -0.2813 -0.8481
vn -0.6748 -0.4229 -0.6049
vn 0.6758 0.7332 -0.0760
vn 0.7999 -0.5953 -0.0755
vn 0.6748 -0.4229 -0.6049
vn 0.8195 -0.5730 -0.0083
vn 0.4489 -0.2813 -0.8481
vn 0.7466 0.1899 0.6376
vn 0.7073 -0.5961 0.3799
vn 0.4173 0.8247 0.3818
vn 0.5150 -0.8381 0.1800
vn -0.6660 -0.6110 -0.4278
vn -0.4538 -0.8268 -0.3324
vn -0.5765 -0.5790 -0.5766
vn -0.6984 0.6166 -0.3633
vn -0.8851 0.4581 0.0815
vn -0.7070 -0.0009 -0.7072
vn -0.8808 -0.4717 -0.0417
vn -0.7069 0.0041 -0.7073
vn 0.7631 -0.1891 0.6180
vn -0.3008 -0.2989 -0.9057
vn 0.6803 0.6136 0.4008
vn 0.4339 0.8056 0.4034
vn 0.5321 -0.8314 0.1598
vn -0.6983 -0.5847 -0.4129
vn -0.6826 -0.6254 -0.3780
vn -0.4558 -0.7464 -0.4849
vn -0.8873 -0.2866 -0.3614
vn -0.7239 -0.6792 -0.1213
vn 0.8905 -0.2983 -0.3435
vn -0.9195 0.2929 -0.2623
vn -1.0000 -0.0000 -0.0028
vn -0.9904 -0.1307 -0.0441
vn -0.6455 -0.7509 -0.1393
vn 0.9189 0.2987 -0.2576
vn 0.7046 0.6985 0.1253
vn 0.7074 0.6958 0.1240
vn 1.0000 -0.0000 0.0028
vn 0.7107 -0.7019 -0.0467
vn 0.6985 -0.7152 -0.0240
vn 0.6631 0.7341 0.1463
vn 0.5292 0.5859 0.6137
vn -0.6590 0.3838 0.6469
vn -0.6840 -0.1371 0.7165
vn -0.9785 -0.2042 -0.0282
vn -0.9474 0.2819 0.1513
vn -0.6996 -0.7140 -0.0278
vn -0.7038 -0.7082 -0.0551
vn -0.0041 -0.9926 -0.1217
vn 0.1436 -0.9869 0.0733
vn 0.1538 0.9761 0.1538
vn 0.5788 0.5748 0.5784
vn 0.5763 -0.5798 0.5759
vn -0.0000 -1.0000 -0.0008
vn -0.0000 -0.9962 -0.0866
vn 0.0054 0.9916 0.1295
vn -0.0000 0.9963 0.0863
vn -0.0030 0.9852 0.1715
vn -0.0000 0.9851 0.1719
vn 0.0030 0.9852 0.1715
vn -0.0054 0.9916 0.1295
vn -0.1538 0.9761 0.1538
vn -0.7074 0.6958 0.1240
vn -0.6631 0.7341 0.1463
vn -0.7046 0.6985 0.1253
vn -0.5788 0.5748 0.5784
vn -0.1436 -0.9869 0.0733
vn -0.5763 -0.5798 0.5759
vn 0.9474 0.2819 0.1513
vn 0.0041 -0.9926 -0.1217
vn 0.6455 -0.7509 -0.1393
vn 0.9904 -0.1307 -0.0441
vn 0.9785 -0.2042 -0.0282
vn 0.6590 0.3838 0.6469
vn 0.6840 -0.1371 0.7165
vn -0.5292 0.5859 0.6137
vn 0.7239 -0.6792 -0.1213
vn 0.0061 -0.9855 -0.1696
vn 0.8873 -0.2866 -0.3614
vn 0.9195 0.2929 -0.2623
vn 1.0000 -0.0000 -0.0028
vn 0.7038 -0.7082 -0.0551
vn 0.6996 -0.7140 -0.0278
vn -0.4173 0.8247 0.3818
vn -0.9189 0.2987 -0.2576
vn 0.6984 0.6166 -0.3633
vn 0.6660 -0.6110 -0.4278
vn -0.8905 -0.2983 -0.3435
vn -0.7107 -0.7019 -0.0467
vn -0.6985 -0.7152 -0.0240
vn -1.0000 -0.0000 0.0028
vn -0.5150 -0.8381 0.1800
vn -0.5321 -0.8314 0.1598
vn -0.4339 0.8056 0.4034
vn 0.6983 -0.5847 -0.4129
vn -0.7631 -0.1891 0.6180
vn 0.8808 -0.4717 -0.0417
vn -0.6803 0.6136 0.4008
vn 0.4558 -0.7464 -0.4849
vn 0.6826 -0.6254 -0.3780
vn 0.7069 0.0041 -0.7073
vn 0.3008 -0.2989 -0.9057
vn 0.7070 -0.0009 -0.7072
vn 0.8851 0.4581 0.0815
vn -0.7466 0.1899 0.6376
vn 0.5765 -0.5790 -0.5766
vn 0.4538 -0.8268 -0.3324
vn -0.7073 -0.5961 0.3799
vn -0.0000 0.9975 0.0712
vn -0.0014 -0.7071 -0.7071
vn 0.0124 -0.9931 -0.1165
vn -0.0000 -0.9975 -0.0712
vn 0.0014 -0.7071 -0.7071
vn -0.0124 -0.9931 -0.1165
vn -0.0000 0.9876 0.1570
vn -0.0009 0.9876 0.1568
vn 0.0009 0.9876 0.1568
vn -0.0140 -0.9849 -0.1727
vn -0.0000 -0.9876 -0.1570
vn -0.0061 -0.9855 -0.1696
vn -0.0000 -0.9851 -0.1720
vn 0.0140 -0.9849 -0.1727
vn -0.5043 0.1091 -0.8566
vn -0.0000 0.0138 -0.9999
vn 0.5043 0.1091 -0.8566
vn -0.6222 -0.7630 -0.1751
vn -0.0000 -0.6654 -0.7464
vn -0.4966 0.1378 0.8570
vn -0.6318 -0.7551 0.1749
vn -0.0000 0.0559 0.9984
vn -0.0000 -0.6357 0.7719
vn 0.4966 0.1378 0.8570
vn 0.6318 -0.7551 0.1749
vn -0.0000 -0.7343 0.6788
vn -0.3085 -0.6956 0.6488
vn 0.3085 -0.6956 0.6488
vn 0.8448 -0.5350 -0.0000
vn 0.6451 -0.4085 0.6458
vn 0.6222 -0.7630 -0.1751
vn 0.6866 -0.4388 -0.5797
vn 0.3262 -0.7403 -0.5879
vn -0.0000 -0.7884 -0.6151
vn -0.3262 -0.7403 -0.5879
vn -0.3624 -0.6217 -0.6944
vn -0.0000 -0.7167 -0.6974
vn 0.3624 -0.6217 -0.6944
vn -0.3897 0.7683 -0.5078
vn -0.0000 0.9251 -0.3796
vn -0.6620 0.4254 -0.6171
vn -0.5672 0.4797 -0.6695
vn -0.0000 0.3897 -0.9210
vn -0.7137 0.4482 -0.5382
vn -0.8180 -0.0072 -0.5752
vn -0.7427 0.0144 -0.6695
vn -0.6866 -0.4388 -0.5797
vn -0.6312 -0.3586 -0.6878
vn -0.8448 -0.5350 -0.0000
vn -0.8388 0.5444 -0.0000
vn -0.9027 0.4303 -0.0000
vn -0.7126 0.7015 -0.0000
vn -0.5815 0.5724 -0.5782
vn -0.0000 0.7106 -0.7036
vn 0.5672 0.4797 -0.6695
vn 0.5815 0.5724 -0.5782
vn 0.7126 0.7015 -0.0000
vn 0.9027 0.4303 -0.0000
vn 0.5194 0.2476 0.8179
vn 0.5815 0.5724 0.5782
vn -0.0000 0.7106 0.7036
vn 0.6419 0.4166 0.6438
vn 0.8388 0.5444 -0.0000
vn 0.7137 0.4482 -0.5382
vn 0.8180 -0.0072 -0.5752
vn 0.7427 0.0144 -0.6695
vn 0.6620 0.4254 -0.6171
vn 0.3897 0.7683 -0.5078
vn 0.6312 -0.3586 -0.6878
vn -0.5194 0.2476 0.8179
vn -0.6451 -0.4085 0.6458
vn -0.6419 0.4166 0.6438
vn -0.5815 0.5724 0.5782
vn -0.4987 0.8637 -0.0730
vn -0.0000 0.9973 -0.0730
vn 0.4987 0.8637 -0.0730
vn 0.5000 0.8659 0.0134
vn -0.0000 0.9999 0.0134
vn -0.5000 0.8659 0.0134
vn -0.0000 0.9963 0.0856
vn -0.4982 0.8628 0.0856
vn 0.4982 0.8628 0.0856
vn -0.8628 0.4982 0.0856
vn -0.9963 -0.0000 0.0856
vn -0.8628 -0.4982 0.0856
vn -0.4982 -0.8628 0.0856
vn -0.0000 -0.9963 0.0856
vn 0.4982 -0.8628 0.0856
vn 0.8628 -0.4982 0.0856
vn 0.9963 -0.0000 0.0856
vn 0.8628 0.4982 0.0856
vn 0.8659 0.5000 0.0134
vn 0.9999 -0.0000 0.0134
vn 0.8637 0.4987 -0.0730
vn 0.9973 -0.0000 -0.0730
vn 0.8637 -0.4987 -0.0730
vn 0.8659 -0.5000 0.0134
vn 0.4987 -0.8637 -0.0730
vn 0.5000 -0.8659 0.0134
vn -0.0000 -0.9999 0.0134
vn -0.0000 -0.9973 -0.0730
vn -0.5000 -0.8659 0.0134
vn -0.4987 -0.8637 -0.0730
vn -0.8637 -0.4987 -0.0730
vn -0.8659 -0.5000 0.0134
vn -0.9973 -0.0000 -0.0730
vn -0.9999 -0.0000 0.0134
vn -0.8659 0.5000 0.0134
vn -0.8637 0.4987 -0.0730
vn 0.4995 0.8652 0.0446
vn 0.8652 0.4995 0.0446
vn 0.7873 0.4545 0.4167
vn 0.4545 0.7873 0.4167
vn -0.0000 0.9990 0.0446
vn -0.0000 0.9091 0.4167
vn 0.4870 0.8435 -0.2264
vn -0.0000 0.9740 -0.2264
vn 0.8435 0.4870 -0.2264
vn 0.4849 0.8398 -0.2442
vn -0.0000 0.9697 -0.2442
vn 0.8398 0.4849 -0.2442
vn 0.8399 0.4849 0.2439
vn 0.4849 0.8399 0.2439
vn -0.0000 0.9698 0.2439
vn 0.8436 0.4870 0.2262
vn 0.4870 0.8436 0.2262
vn -0.0000 0.9741 0.2262
vn 0.7623 0.4401 -0.4745
vn 0.4401 0.7623 -0.4745
vn -0.0000 0.8803 -0.4745
vn 0.7241 0.4181 -0.5485
vn 0.4181 0.7241 -0.5485
vn -0.0000 0.8362 -0.5485
vn 0.7437 0.4294 0.5125
vn 0.4294 0.7437 0.5125
vn -0.0000 0.8587 0.5124
vn 0.7751 0.4475 0.4461
vn 0.4475 0.7751 0.4461
vn -0.0000 0.8950 0.4461
vn 0.7723 0.4459 -0.4526
vn 0.4459 0.7723 -0.4526
vn -0.0000 0.8917 -0.4526
vn 0.4269 0.7394 -0.5207
vn -0.0000 0.8537 -0.5207
vn 0.7394 0.4269 -0.5207
vn 0.4851 0.8403 0.2420
vn -0.0000 0.9703 0.2420
vn 0.8403 0.4851 0.2420
vn 0.4872 0.8439 0.2246
vn -0.0000 0.9745 0.2246
vn 0.8439 0.4872 0.2246
vn 0.9745 -0.0000 0.2246
vn 0.8439 -0.4872 0.2246
vn 0.4872 -0.8439 0.2246
vn -0.0000 -0.9745 0.2246
vn 0.4851 -0.8403 0.2420
vn -0.0000 -0.9703 0.2420
vn 0.8403 -0.4851 0.2420
vn -0.4851 -0.8403 0.2420
vn -0.4872 -0.8439 0.2246
vn -0.8439 -0.4872 0.2246
vn -0.8403 -0.4851 0.2420
vn -0.9745 -0.0000 0.2246
vn -0.8439 0.4872 0.2246
vn -0.9703 -0.0000 0.2420
vn -0.8403 0.4851 0.2420
vn -0.8537 -0.0000 -0.5207
vn -0.7394 0.4269 -0.5207
vn -0.7394 -0.4269 -0.5207
vn -0.4269 -0.7394 -0.5207
vn -0.7723 -0.4459 -0.4526
vn -0.8917 -0.0000 -0.4526
vn -0.4459 -0.7723 -0.4526
vn -0.0000 -0.8917 -0.4526
vn -0.0000 -0.8537 -0.5207
vn 0.4459 -0.7723 -0.4526
vn 0.4269 -0.7394 -0.5207
vn 0.7723 -0.4459 -0.4526
vn 0.7394 -0.4269 -0.5207
vn 0.8917 -0.0000 -0.4526
vn 0.8537 -0.0000 -0.5207
vn 0.9703 -0.0000 0.2420
vn 0.8950 -0.0000 0.4461
vn 0.7751 -0.4475 0.4461
vn 0.8587 -0.0000 0.5125
vn 0.7437 -0.4294 0.5125
vn 0.4475 -0.7751 0.4461
vn 0.4294 -0.7437 0.5125
vn 0.7241 -0.4181 -0.5485
vn 0.4181 -0.7241 -0.5485
vn 0.8362 -0.0000 -0.5485
vn 0.7623 -0.4401 -0.4745
vn 0.4401 -0.7623 -0.4745
vn 0.8803 -0.0000 -0.4745
vn 0.9741 -0.0000 0.2262
vn 0.8436 -0.4870 0.2262
vn 0.9698 -0.0000 0.2439
vn 0.8399 -0.4849 0.2439
vn 0.9697 -0.0000 -0.2442
vn 0.8398 -0.4849 -0.2442
vn 0.9740 -0.0000 -0.2264
vn 0.8435 -0.4870 -0.2264
vn 0.9091 -0.0000 0.4167
vn 0.7873 -0.4545 0.4167
vn 0.9990 -0.0000 0.0446
vn 0.8652 -0.4995 0.0446
vn 0.9228 -0.0000 -0.3853
vn 0.7992 -0.4614 -0.3853
vn 0.7992 0.4614 -0.3853
vn 0.4995 -0.8652 0.0446
vn 0.4545 -0.7873 0.4167
vn 0.4614 -0.7992 -0.3853
vn -0.6377 -0.0000 0.7703
vn -0.5523 0.3189 0.7703
vn -0.3189 0.5523 0.7703
vn 0.3189 -0.5523 0.7703
vn 0.5523 -0.3189 0.7703
vn -0.0000 -0.6377 0.7703
vn -0.3189 -0.5523 0.7703
vn -0.5523 -0.3189 0.7703
vn 0.4614 0.7992 -0.3853
vn -0.0000 0.9228 -0.3853
vn -0.4614 0.7992 -0.3853
vn -0.4995 0.8652 0.0446
vn -0.4545 0.7873 0.4167
vn -0.7992 0.4614 -0.3853
vn -0.8652 0.4995 0.0446
vn -0.7873 0.4545 0.4167
vn -0.4870 0.8435 -0.2264
vn -0.8435 0.4870 -0.2264
vn -0.4849 0.8398 -0.2442
vn -0.8398 0.4849 -0.2442
vn -0.4849 0.8399 0.2439
vn -0.8399 0.4849 0.2439
vn -0.4870 0.8436 0.2262
vn -0.8436 0.4870 0.2262
vn -0.4401 0.7623 -0.4745
vn -0.7623 0.4401 -0.4745
vn -0.4181 0.7241 -0.5485
vn -0.7241 0.4181 -0.5485
vn -0.4294 0.7437 0.5125
vn -0.7437 0.4294 0.5125
vn -0.4475 0.7751 0.4461
vn -0.7751 0.4475 0.4461
vn -0.4459 0.7723 -0.4526
vn -0.7723 0.4459 -0.4526
vn -0.4269 0.7394 -0.5207
vn -0.4851 0.8403 0.2420
vn -0.4872 0.8439 0.2246
vn -0.8950 -0.0000 0.4461
vn -0.7751 -0.4475 0.4461
vn -0.8587 -0.0000 0.5125
vn -0.7437 -0.4294 0.5125
vn -0.4294 -0.7437 0.5125
vn -0.4475 -0.7751 0.4461
vn -0.0000 -0.8587 0.5125
vn -0.0000 -0.8950 0.4461
vn -0.0000 -0.8362 -0.5485
vn -0.4181 -0.7241 -0.5485
vn -0.0000 -0.8803 -0.4745
vn -0.4401 -0.7623 -0.4745
vn -0.0000 -0.9741 0.2262
vn -0.4870 -0.8436 0.2262
vn 0.4870 -0.8436 0.2262
vn 0.4849 -0.8399 0.2439
vn -0.0000 -0.9698 0.2439
vn 0.4849 -0.8398 -0.2442
vn -0.0000 -0.9697 -0.2442
vn -0.4849 -0.8399 0.2439
vn -0.4849 -0.8398 -0.2442
vn -0.0000 -0.9740 -0.2264
vn -0.4870 -0.8435 -0.2264
vn 0.4870 -0.8435 -0.2264
vn -0.8435 -0.4870 -0.2264
vn -0.8398 -0.4849 -0.2442
vn -0.8399 -0.4849 0.2439
vn -0.9697 -0.0000 -0.2442
vn -0.9698 -0.0000 0.2439
vn -0.9740 -0.0000 -0.2264
vn -0.9741 -0.0000 0.2262
vn -0.8436 -0.4870 0.2262
vn -0.8803 -0.0000 -0.4745
vn -0.7623 -0.4401 -0.4745
vn -0.8362 -0.0000 -0.5485
vn -0.7241 -0.4181 -0.5485
vn -0.7873 -0.4545 0.4167
vn -0.9091 -0.0000 0.4167
vn -0.4545 -0.7873 0.4167
vn -0.8652 -0.4995 0.0446
vn -0.9990 -0.0000 0.0446
vn -0.4995 -0.8652 0.0446
vn -0.0000 -0.9990 0.0446
vn -0.0000 -0.9091 0.4167
vn -0.0000 -0.9228 -0.3853
vn -0.4614 -0.7992 -0.3853
vn -0.0000 0.6377 0.7703
vn 0.3189 0.5523 0.7703
vn 0.5523 0.3189 0.7703
vn 0.6377 -0.0000 0.7703
vn -0.7992 -0.4614 -0.3853
vn -0.9228 -0.0000 -0.3853
vn -0.0000 0.0795 0.9968
vn 0.6557 0.4293 0.6211
vn 0.3786 0.7056 0.5991
vn -0.0000 0.8067 0.5910
vn -0.3786 0.7056 0.5991
vn 0.7572 0.0519 0.6512
vn 0.6557 -0.3255 0.6812
vn 0.3786 -0.6017 0.7033
vn -0.0000 -0.7029 0.7113
vn -0.3786 -0.6017 0.7033
vn -0.6557 -0.3255 0.6812
vn -0.7572 0.0519 0.6512
vn -0.6557 0.4293 0.6211
vn -0.8660 0.4984 -0.0397
vn -0.5000 0.8633 -0.0688
vn -0.0000 0.9968 -0.0795
vn 0.5000 0.8633 -0.0688
vn 0.8660 0.4984 -0.0397
vn 0.8660 -0.4984 0.0397
vn 0.5000 -0.8633 0.0688
vn -0.0000 -0.9968 0.0795
vn -0.5000 -0.8633 0.0688
vn -0.8660 -0.4984 0.0397
vn 0.1688 0.6629 0.7294
vn 0.3755 0.6405 0.6699
vn 0.5127 0.8558 0.0687
vn 0.2484 0.9652 0.0819
vn 0.6774 0.3388 0.6529
vn 0.9001 0.4346 0.0304
vn 0.0011 0.0187 0.9998
vn -0.0000 0.7322 0.6811
vn -0.0000 0.9964 0.0846
vn -0.0000 0.0170 0.9999
vn -0.1688 0.6629 0.7294
vn -0.0011 0.0187 0.9998
vn -0.2484 0.9652 0.0819
vn -0.5127 0.8558 0.0687
vn -0.3755 0.6405 0.6699
vn -0.6774 0.3388 0.6529
vn -0.0000 0.0178 0.9998
vn -0.6943 0.1265 0.7085
vn -0.9001 0.4346 0.0304
vn -0.9880 0.1545 0.0068
vn -0.7230 0.0741 0.6869
vn -0.0000 0.0245 0.9997
vn -0.9970 0.0776 0.0027
vn -0.9906 0.1369 0.0060
vn -0.9976 0.0687 0.0024
vn -0.9146 0.4034 0.0283
vn -0.9927 0.1203 0.0063
vn -0.9982 0.0601 0.0025
vn -0.9288 0.3693 0.0310
vn -0.5567 0.8270 0.0780
vn -0.5348 0.8423 0.0678
vn -0.5650 0.8217 0.0748
vn -0.9352 0.3530 0.0290
vn -0.9938 0.1107 0.0056
vn -0.5794 0.8126 0.0631
vn -0.9415 0.3362 0.0225
vn -0.9945 0.1044 0.0043
vn -0.9986 0.0522 0.0017
vn -0.9984 0.0557 0.0022
vn -0.9950 0.0994 0.0044
vn -0.9988 0.0498 0.0017
vn -0.9454 0.3251 0.0229
vn -0.9953 0.0965 0.0042
vn -0.9988 0.0483 0.0017
vn -0.9478 0.3181 0.0225
vn -0.5931 0.8025 0.0650
vn -0.5883 0.8060 0.0652
vn -0.6108 0.2003 0.7660
vn -0.7044 0.0624 0.7071
vn -0.3409 0.4603 0.8197
vn -0.1689 0.6561 0.7355
vn -0.0000 0.6087 0.7934
vn 0.1689 0.6561 0.7355
vn 0.2212 0.2816 0.9337
vn -0.2212 0.2816 0.9337
vn -0.0061 0.5840 0.8117
vn -0.7089 0.6747 0.2054
vn -0.0037 0.9506 0.3103
vn -0.6677 0.1995 0.7172
vn -0.6317 0.6121 0.4757
vn -0.0000 0.0306 0.9995
vn -0.0000 0.2621 0.9651
vn 0.6677 0.1995 0.7172
vn 0.6317 0.6121 0.4757
vn -0.0000 0.7840 0.6208
vn -0.0000 0.9993 -0.0374
vn -0.6440 0.7641 -0.0376
vn 0.6440 0.7641 -0.0376
vn -0.7083 0.6748 0.2073
vn -0.6717 0.6493 -0.3567
vn -0.7075 0.6763 0.2049
vn -0.0000 0.8824 -0.4706
vn -0.6663 0.5275 -0.5270
vn -0.2176 0.8055 -0.5512
vn -0.0000 0.7137 -0.7004
vn 0.6717 0.6493 -0.3567
vn 0.6663 0.5275 -0.5270
vn 0.7075 0.6763 0.2049
vn 0.2176 0.8055 -0.5512
vn 0.7083 0.6748 0.2073
vn -0.0000 0.6416 -0.7671
vn -0.0000 0.6068 -0.7948
vn 0.0019 0.9669 -0.2550
vn 0.3252 0.3666 -0.8717
vn 0.0031 0.9497 0.3133
vn -0.0031 0.9497 0.3133
vn -0.0019 0.9669 -0.2550
vn -0.3252 0.3666 -0.8717
vn -0.0000 0.2546 -0.9671
vn -0.5764 0.2037 -0.7913
vn -0.0000 -0.3565 -0.9343
vn -0.5660 -0.2743 -0.7774
vn -0.0000 -0.4398 -0.8981
vn -0.6200 -0.3452 -0.7045
vn -0.0000 -0.2315 -0.9728
vn -0.5790 -0.1817 -0.7949
vn -0.5554 -0.1811 -0.8116
vn -0.0000 -0.1246 -0.9922
vn -0.5428 -0.0960 -0.8344
vn -0.0000 -0.0162 -0.9999
vn -0.5088 -0.0114 -0.8608
vn -0.5036 -0.0122 -0.8639
vn -0.4995 -0.0136 -0.8662
vn -0.0000 -0.2225 -0.9749
vn -0.0074 -0.2274 -0.9738
vn -0.4250 -0.2014 -0.8825
vn 0.0074 -0.2274 -0.9738
vn 0.0271 -0.2159 -0.9760
vn -0.0000 -0.2055 -0.9787
vn -0.0271 -0.2159 -0.9760
vn 0.0296 -0.4242 -0.9051
vn -0.0000 -0.4247 -0.9054
vn -0.0296 -0.4242 -0.9051
vn -0.1055 -0.3947 -0.9128
vn -0.2517 -0.2087 -0.9451
vn -0.1928 -0.3482 -0.9174
vn -0.4753 -0.1239 -0.8711
vn -0.7716 -0.1250 -0.6237
vn -0.4428 -0.2172 -0.8699
vn -0.6353 -0.0344 -0.7715
vn -0.7615 -0.0355 -0.6472
vn -0.8653 -0.0067 -0.5012
vn -0.8133 -0.0068 -0.5817
vn -0.8162 0.0007 -0.5778
vn -0.8700 -0.0022 -0.4930
vn -0.9362 0.0043 -0.3515
vn -0.9365 -0.0034 -0.3507
vn -0.9370 -0.0017 -0.3494
vn -0.8198 0.0065 -0.5727
vn -0.8760 0.0009 -0.4822
vn -0.9364 0.0098 -0.3508
vn -0.9999 0.0105 -0.0000
vn -1.0000 0.0070 -0.0000
vn -1.0000 0.0011 -0.0000
vn -0.7065 0.0074 0.7076
vn -0.7103 0.0098 0.7038
vn -0.7085 0.0099 0.7057
vn -1.0000 0.0005 -0.0000
vn -0.7064 0.0038 0.7078
vn -0.7259 -0.1689 0.6667
vn -0.7082 -0.0178 0.7058
vn -0.7139 -0.0081 0.7002
vn -0.5776 -0.5771 0.5774
vn -0.3079 -0.3024 0.9021
vn -0.7074 -0.7068 -0.0000
vn -0.9365 -0.0000 -0.3507
vn -0.6480 -0.6444 -0.4061
vn -0.0557 -0.8966 -0.4394
vn -0.0009 -1.0000 -0.0000
vn -0.0006 -0.7071 0.7071
vn -0.0333 -0.9245 -0.3798
vn -0.0075 -0.7111 0.7031
vn -0.0000 -0.7073 0.7069
vn -0.0000 -0.7087 0.7055
vn -0.0084 -0.9410 -0.3382
vn -0.0000 -0.9454 -0.3258
vn 0.0006 -0.7071 0.7071
vn 0.0009 -1.0000 -0.0000
vn 0.0084 -0.9410 -0.3382
vn 0.0333 -0.9245 -0.3798
vn 0.1055 -0.3947 -0.9128
vn 0.0557 -0.8966 -0.4394
vn 0.1928 -0.3482 -0.9174
vn 0.7074 -0.7068 -0.0000
vn 0.6480 -0.6444 -0.4061
vn 0.4428 -0.2172 -0.8699
vn 0.9365 -0.0000 -0.3507
vn 0.6353 -0.0344 -0.7715
vn 0.4753 -0.1239 -0.8711
vn 0.9370 -0.0017 -0.3494
vn 0.7615 -0.0355 -0.6472
vn 0.7716 -0.1250 -0.6237
vn 0.2517 -0.2087 -0.9451
vn 0.4250 -0.2014 -0.8825
vn 0.4995 -0.0136 -0.8662
vn 0.8653 -0.0068 -0.5012
vn 0.8133 -0.0068 -0.5817
vn 0.5036 -0.0122 -0.8639
vn 0.8700 -0.0022 -0.4930
vn 0.8162 0.0007 -0.5778
vn 0.9365 -0.0034 -0.3507
vn 0.9362 0.0043 -0.3515
vn 0.9364 0.0098 -0.3508
vn 0.8198 0.0065 -0.5727
vn 0.8760 0.0009 -0.4822
vn 0.9364 0.0044 -0.3509
vn 0.8311 -0.0035 -0.5561
vn 0.8944 -0.0241 -0.4467
vn 0.5088 -0.0114 -0.8608
vn 0.5428 -0.0960 -0.8344
vn 0.5554 -0.1811 -0.8116
vn 0.9231 -0.0490 -0.3813
vn 0.8504 -0.0157 -0.5258
vn 0.5790 -0.1817 -0.7949
vn 0.9445 -0.0489 -0.3248
vn 0.8659 -0.0212 -0.4998
vn 0.9363 -0.0047 -0.3511
vn 0.9364 -0.0115 -0.3507
vn 0.9371 -0.0084 -0.3489
vn 0.8758 -0.0257 -0.4820
vn 0.9562 -0.0691 -0.2846
vn 0.9365 -0.0044 -0.3507
vn 0.8880 -0.0213 -0.4593
vn 0.9665 -0.0737 -0.2460
vn 0.6200 -0.3452 -0.7045
vn 0.5660 -0.2743 -0.7774
vn 0.5764 0.2037 -0.7913
vn 0.9776 0.0226 -0.2094
vn 0.8930 -0.0057 -0.4500
vn 0.7512 -0.5124 -0.4162
vn 0.8026 -0.3356 -0.4932
vn 0.9375 -0.0092 -0.3480
vn 0.9651 -0.1403 -0.2213
vn 0.7977 -0.5336 -0.2811
vn 1.0000 -0.0016 -0.0006
vn 1.0000 -0.0008 -0.0003
vn 0.7099 0.6698 0.2180
vn 0.7120 0.6670 0.2194
vn 0.7097 0.6685 0.2221
vn 0.5851 -0.1526 -0.7965
vn 0.6038 0.7708 -0.2032
vn 0.0045 0.9501 0.3118
vn 0.0037 0.9506 0.3103
vn 0.7089 0.6747 0.2054
vn 0.0061 0.5840 0.8117
vn 0.5987 0.4697 0.6488
vn 0.3409 0.4603 0.8197
vn 0.6108 0.2003 0.7660
vn 0.5931 0.8025 0.0650
vn 0.9478 0.3181 0.0225
vn 0.9953 0.0965 0.0042
vn 0.7044 0.0624 0.7071
vn 0.7095 -0.0058 0.7047
vn 0.9988 0.0483 0.0017
vn 0.6907 0.0396 0.7220
vn 0.7098 0.0026 0.7044
vn 0.7055 0.0139 0.7086
vn 0.7054 0.0139 0.7086
vn 0.7056 0.0031 0.7086
vn 1.0000 -0.0067 -0.0000
vn 0.9999 -0.0122 -0.0000
vn 0.7068 -0.0086 0.7074
vn 0.7325 0.1691 0.6594
vn 0.6403 0.2779 0.7161
vn 0.9757 0.2192 0.0025
vn 0.9174 0.3979 0.0045
vn 0.9861 0.1660 0.0019
vn 0.6433 0.1093 0.7578
vn 0.7057 -0.0035 0.7085
vn 0.9867 -0.1625 -0.0008
vn 0.6701 -0.1091 0.7343
vn 0.7063 0.0033 0.7079
vn 1.0000 0.0047 -0.0000
vn 1.0000 -0.0050 -0.0000
vn 0.7065 0.0074 0.7076
vn 0.9999 0.0105 -0.0000
vn 1.0000 0.0070 -0.0000
vn 0.7103 0.0098 0.7038
vn 0.6484 -0.2397 0.7226
vn 0.7259 -0.1689 0.6667
vn 0.7082 -0.0178 0.7058
vn 0.7085 0.0099 0.7057
vn 1.0000 0.0011 -0.0000
vn 0.7064 0.0038 0.7078
vn 1.0000 0.0005 -0.0000
vn 0.7139 -0.0081 0.7002
vn 0.5776 -0.5771 0.5774
vn 0.3079 -0.3025 0.9021
vn 0.9458 0.1942 0.2604
vn 0.7096 -0.7046 -0.0040
vn 0.8418 -0.0264 0.5392
vn 0.7051 0.7091 0.0074
vn 0.6799 0.5892 0.4365
vn 0.7242 0.6894 0.0152
vn 0.8363 -0.0270 0.5476
vn 0.9104 -0.3853 0.1508
vn 0.8105 -0.3694 0.4545
vn 0.8831 -0.4688 0.0201
vn 0.9992 -0.0370 0.0115
vn 0.8856 -0.4639 0.0211
vn 0.9992 -0.0355 0.0204
vn 0.6814 0.7183 -0.1403
vn 0.7661 0.6345 -0.1030
vn 0.7410 0.6212 -0.2550
vn 0.7550 0.6076 -0.2465
vn 0.9988 -0.0391 0.0289
vn 0.1849 0.7528 -0.6318
vn 0.7466 0.5684 -0.3458
vn 0.9994 -0.0313 0.0151
vn 0.8875 -0.4598 0.0291
vn 0.8938 -0.4476 0.0265
vn 0.9464 -0.2048 -0.2497
vn 0.7767 0.4632 -0.4268
vn 0.5771 0.5813 -0.5736
vn 0.9193 0.0943 -0.3820
vn 0.0993 0.9284 -0.3580
vn 0.0653 0.9274 -0.3684
vn 0.9348 0.3553 0.0041
vn -0.0000 0.9999 0.0114
vn 0.8355 -0.5496 0.0003
vn 0.8226 -0.5686 -0.0065
vn 0.8643 -0.5028 0.0095
vn 0.6894 -0.7241 0.0219
vn 0.2352 0.8027 0.5481
vn -0.0000 1.0000 0.0057
vn 0.6210 -0.4305 0.6550
vn 0.9792 -0.2028 -0.0023
vn 0.7251 -0.1510 0.6719
vn 0.9802 -0.1981 -0.0012
vn 0.7377 0.1231 0.6638
vn 0.9862 0.1657 0.0023
vn 0.9822 -0.1881 -0.0001
vn 0.9174 0.3979 0.0055
vn 0.9756 0.2195 0.0030
vn 0.6539 0.2835 0.7015
vn 0.6282 0.1540 0.7627
vn 0.7071 0.0220 0.7068
vn 0.9970 0.0776 0.0027
vn 0.7230 0.0741 0.6869
vn 0.9976 0.0687 0.0024
vn 0.9880 0.1545 0.0068
vn 0.6943 0.1265 0.7085
vn 0.9906 0.1369 0.0060
vn 0.9927 0.1203 0.0063
vn 0.9982 0.0601 0.0025
vn 0.9938 0.1107 0.0056
vn 0.9984 0.0557 0.0022
vn 0.9945 0.1044 0.0043
vn 0.9986 0.0522 0.0017
vn 0.9758 0.2188 0.0029
vn 0.9757 0.2192 0.0024
vn 0.9988 0.0498 0.0017
vn 0.9950 0.0994 0.0044
vn 0.9454 0.3251 0.0229
vn 0.9415 0.3362 0.0225
vn 0.5883 0.8060 0.0652
vn 0.5794 0.8126 0.0631
vn 0.2446 0.9663 0.0801
vn 0.2406 0.9666 0.0883
vn 0.5650 0.8217 0.0748
vn 0.9352 0.3530 0.0290
vn -0.0000 0.9961 0.0877
vn -0.0000 0.9965 0.0836
vn -0.2446 0.9663 0.0801
vn -0.2406 0.9666 0.0883
vn -0.0000 0.9961 0.0887
vn -0.2444 0.9655 0.0902
vn 0.2444 0.9655 0.0902
vn 0.5348 0.8423 0.0678
vn 0.5567 0.8270 0.0780
vn 0.9146 0.4034 0.0283
vn 0.9288 0.3693 0.0310
vn 0.9174 0.3979 0.0043
vn 0.9861 0.1659 0.0018
vn 0.9851 -0.1719 0.0001
vn 0.9862 -0.1658 0.0002
vn 0.9106 -0.4131 0.0096
vn 0.9266 -0.3758 0.0109
vn 0.9353 -0.3538 0.0037
vn 0.7575 -0.6525 0.0205
vn 0.7354 -0.6774 0.0183
vn 0.7148 -0.6990 0.0218
vn 0.8898 -0.4562 0.0103
vn 0.9839 -0.1787 -0.0000
vn 0.9861 0.1664 0.0022
vn 0.9174 0.3980 0.0052
vn -0.0000 0.0312 0.9995
vn -0.7071 0.0220 0.7068
vn -0.0000 0.0156 0.9999
vn -0.6282 0.1540 0.7627
vn -0.6539 0.2835 0.7015
vn -0.9757 0.2192 0.0025
vn -0.9174 0.3979 0.0045
vn -0.9861 0.1660 0.0019
vn -0.7377 0.1231 0.6638
vn -0.9792 -0.2028 -0.0023
vn -0.7251 -0.1510 0.6719
vn -0.6210 -0.4305 0.6550
vn -0.2352 0.8027 0.5481
vn -0.8226 -0.5686 -0.0065
vn -0.9348 0.3553 0.0041
vn -0.0000 0.7218 0.6921
vn -0.0993 0.9284 -0.3580
vn -0.0653 0.9274 -0.3684
vn -0.9193 0.0943 -0.3820
vn -0.7767 0.4632 -0.4268
vn -0.5771 0.5813 -0.5736
vn -0.9464 -0.2048 -0.2497
vn -0.6894 -0.7241 0.0219
vn -0.8938 -0.4476 0.0265
vn -0.8643 -0.5028 0.0095
vn -0.8355 -0.5496 0.0003
vn -0.9994 -0.0313 0.0151
vn -0.9988 -0.0391 0.0289
vn -0.8875 -0.4598 0.0291
vn -0.7148 -0.6990 0.0218
vn -0.7354 -0.6774 0.0183
vn -0.8856 -0.4639 0.0211
vn -0.9992 -0.0355 0.0204
vn -0.7550 0.6076 -0.2465
vn -0.7466 0.5684 -0.3458
vn -0.6814 0.7183 -0.1403
vn -0.1849 0.7528 -0.6318
vn -0.7410 0.6212 -0.2550
vn -0.7661 0.6345 -0.1030
vn -0.7242 0.6894 0.0152
vn -0.7051 0.7091 0.0074
vn -0.9992 -0.0370 0.0115
vn -0.6799 0.5892 0.4365
vn -0.9458 0.1942 0.2604
vn -0.8363 -0.0270 0.5476
vn -0.8831 -0.4688 0.0201
vn -0.8105 -0.3694 0.4545
vn -0.8418 -0.0264 0.5392
vn -0.9104 -0.3853 0.1508
vn -0.7575 -0.6525 0.0205
vn -0.6484 -0.2397 0.7226
vn -0.9353 -0.3538 0.0037
vn -0.9266 -0.3758 0.0109
vn -0.9106 -0.4131 0.0096
vn -0.9867 -0.1625 -0.0008
vn -0.9862 -0.1658 0.0002
vn -0.9851 -0.1719 0.0001
vn -0.8898 -0.4562 0.0103
vn -0.9839 -0.1787 -0.0000
vn -0.9861 0.1659 0.0018
vn -0.9861 0.1664 0.0022
vn -0.9174 0.3979 0.0043
vn -0.9174 0.3980 0.0052
vn -0.6433 0.1093 0.7578
vn -0.6701 -0.1091 0.7343
vn -0.6403 0.2779 0.7161
vn -0.7057 -0.0035 0.7085
vn -0.7063 0.0033 0.7079
vn -1.0000 0.0047 -0.0000
vn -1.0000 -0.0050 -0.0000
vn -0.9363 -0.0047 -0.3511
vn -0.9364 0.0044 -0.3509
vn -0.9999 -0.0122 -0.0000
vn -0.9364 -0.0115 -0.3507
vn -0.7068 -0.0086 0.7074
vn -1.0000 -0.0067 -0.0000
vn -0.9371 -0.0084 -0.3489
vn -0.7056 0.0031 0.7086
vn -0.7325 0.1691 0.6594
vn -0.7055 0.0139 0.7086
vn -0.7054 0.0139 0.7086
vn -0.6907 0.0396 0.7220
vn -0.7098 0.0026 0.7044
vn -1.0000 -0.0008 -0.0003
vn -0.9375 -0.0092 -0.3480
vn -0.9365 -0.0044 -0.3507
vn -1.0000 -0.0016 -0.0006
vn -0.9651 -0.1403 -0.2213
vn -0.7095 -0.0058 0.7047
vn -0.7099 0.6698 0.2180
vn -0.7120 0.6670 0.2194
vn -0.5987 0.4697 0.6488
vn -0.9757 0.2192 0.0024
vn -0.9758 0.2188 0.0029
vn -0.9756 0.2195 0.0030
vn -0.9174 0.3979 0.0055
vn -0.9862 0.1657 0.0023
vn -0.9822 -0.1881 -0.0001
vn -0.9802 -0.1981 -0.0012
vn -0.0045 0.9501 0.3118
vn -0.7097 0.6685 0.2221
vn -0.6038 0.7708 -0.2032
vn -0.5851 -0.1526 -0.7965
vn -0.7977 -0.5336 -0.2811
vn -0.7512 -0.5124 -0.4162
vn -0.8026 -0.3356 -0.4932
vn -0.8930 -0.0057 -0.4500
vn -0.9776 0.0226 -0.2094
vn -0.8880 -0.0213 -0.4593
vn -0.9665 -0.0737 -0.2460
vn -0.8758 -0.0257 -0.4820
vn -0.9562 -0.0691 -0.2846
vn -0.8659 -0.0212 -0.4998
vn -0.9445 -0.0489 -0.3248
vn -0.8504 -0.0157 -0.5258
vn -0.9231 -0.0490 -0.3813
vn -0.8311 -0.0035 -0.5561
vn -0.8944 -0.0241 -0.4467
vn -0.7096 -0.7046 -0.0040
vn -0.6342 -0.7161 0.2915
vn -0.9999 -0.0002 0.0116
vn -0.7482 -0.5393 0.3864
vn -0.0078 -0.9265 0.3763
vn -0.0125 -0.8176 0.5756
vn -0.0106 -0.9999 -0.0057
vn -0.0078 -0.9262 0.3769
vn -0.0126 -0.8187 0.5741
vn -0.0078 -0.9259 0.3778
vn -0.0000 -1.0000 -0.0057
vn -0.0000 -0.9261 0.3774
vn -0.0000 -0.8215 0.5703
vn -0.0126 -0.8204 0.5716
vn -0.0000 -0.8364 -0.5482
vn -0.0197 -0.8447 -0.5349
vn -0.0198 -0.8468 -0.5315
vn -0.0198 -0.8482 -0.5294
vn -0.0016 -0.8858 -0.4640
vn -0.0016 -0.8864 -0.4629
vn -0.0016 -0.8867 -0.4623
vn -0.6405 -0.0676 -0.7649
vn -0.0016 -0.8870 -0.4618
vn -0.6404 0.2925 -0.7102
vn -0.7247 0.4902 -0.4843
vn -0.5525 -0.7394 -0.3847
vn -0.9999 -0.0015 0.0129
vn -0.6431 0.7114 -0.2832
vn -0.7098 -0.5768 0.4042
vn -0.7883 -0.5879 0.1813
vn -0.8211 -0.5112 -0.2539
vn -0.7071 0.7071 0.0081
vn -0.7084 0.7058 0.0040
vn -0.7527 0.1527 0.6404
vn -0.5796 0.5882 0.5640
vn -0.0000 0.2319 0.9727
vn -0.5774 -0.2871 0.7644
vn -0.0000 -0.3516 0.9362
vn -0.7055 -0.6474 0.2884
vn -0.0000 -0.9135 0.4069
vn -0.0000 -0.9688 -0.2477
vn -0.0085 -0.8967 -0.4426
vn -0.0085 -0.8978 -0.4403
vn -0.0085 -0.8960 -0.4440
vn -0.5914 -0.7812 -0.1997
vn -0.0154 -0.9548 0.2969
vn -0.0154 -0.9545 0.2979
vn -0.0077 -0.8192 0.5734
vn -0.0077 -0.8198 0.5726
vn -0.0078 -0.8207 0.5713
vn -0.0154 -0.9539 0.2997
vn -0.0154 -0.9531 0.3024
vn -0.0086 -0.8996 -0.4366
vn -0.0078 -0.8221 0.5693
vn -0.0000 -0.9522 0.3055
vn -0.0000 -0.9006 -0.4346
vn 0.7055 -0.6474 0.2884
vn 0.5774 -0.2871 0.7644
vn 0.5914 -0.7812 -0.1997
vn 0.7527 0.1527 0.6404
vn 0.5796 0.5882 0.5640
vn 0.7084 0.7058 0.0040
vn 0.7071 0.7071 0.0081
vn 0.8211 -0.5112 -0.2539
vn 0.6431 0.7114 -0.2832
vn 0.7883 -0.5879 0.1813
vn 0.0085 -0.8960 -0.4440
vn 0.0154 -0.9548 0.2969
vn 0.0085 -0.8967 -0.4426
vn 0.0154 -0.9545 0.2979
vn 0.0085 -0.8978 -0.4403
vn 0.0154 -0.9539 0.2997
vn 0.0077 -0.8192 0.5734
vn 0.0077 -0.8198 0.5726
vn 0.0078 -0.8207 0.5713
vn 0.0086 -0.8996 -0.4366
vn 0.0154 -0.9531 0.3024
vn 0.0078 -0.8221 0.5693
vn 0.0016 -0.8864 -0.4630
vn 0.0016 -0.8858 -0.4640
vn 0.0016 -0.8867 -0.4623
vn 0.0198 -0.8468 -0.5315
vn 0.0197 -0.8447 -0.5349
vn 0.0198 -0.8482 -0.5294
vn 0.6405 -0.0676 -0.7649
vn 0.0016 -0.8870 -0.4618
vn 0.5525 -0.7394 -0.3847
vn 0.7098 -0.5768 0.4042
vn 0.6404 0.2925 -0.7102
vn 0.7247 0.4902 -0.4843
vn 0.9999 -0.0015 0.0129
vn 0.7482 -0.5393 0.3864
vn 0.9999 -0.0002 0.0116
vn 0.0125 -0.8176 0.5756
vn 0.6342 -0.7161 0.2915
vn 0.0078 -0.9265 0.3763
vn 0.0126 -0.8187 0.5741
vn 0.0078 -0.9262 0.3769
vn 0.0126 -0.8204 0.5716
vn 0.0078 -0.9259 0.3778
vn 0.0106 -0.9999 -0.0057
vn 0.0075 -0.7111 0.7031
vn -0.0000 -0.8855 -0.4646
vn -0.0000 -0.8229 0.5682
vt 0.402092 0.921371
vt 0.406038 0.906644
vt 0.412873 0.910590
vt 0.416819 0.917425
vt 0.416819 0.925317
vt 0.412873 0.932152
vt 0.406038 0.936098
vt 0.398146 0.936098
vt 0.391311 0.932152
vt 0.387365 0.925317
vt 0.387365 0.917425
vt 0.391311 0.910590
vt 0.398146 0.906644
vt 0.769113 0.738732
vt 0.773963 0.738732
vt 0.773947 0.744312
vt 0.769097 0.744312
vt 0.773941 0.751936
vt 0.769091 0.751936
vt 0.778798 0.744312
vt 0.778792 0.751936
vt 0.778814 0.738732
vt 0.773947 0.759559
vt 0.769097 0.759559
vt 0.778798 0.759559
vt 0.617157 0.806043
vt 0.602230 0.809132
vt 0.602683 0.801254
vt 0.607014 0.794660
vt 0.605776 0.816182
vt 0.612372 0.820515
vt 0.620250 0.820971
vt 0.627300 0.817427
vt 0.631631 0.810832
vt 0.632084 0.802955
vt 0.628538 0.795905
vt 0.621942 0.791571
vt 0.614064 0.791116
vt 0.590475 0.967360
vt 0.595326 0.967356
vt 0.595339 0.974977
vt 0.590489 0.974981
vt 0.590475 0.959734
vt 0.595326 0.959730
vt 0.585625 0.959739
vt 0.585625 0.967364
vt 0.585639 0.974985
vt 0.590489 0.954148
vt 0.595339 0.954143
vt 0.585639 0.954152
vt 0.434999 0.862218
vt 0.439843 0.862002
vt 0.440129 0.869621
vt 0.435286 0.869838
vt 0.430156 0.862434
vt 0.430442 0.870054
vt 0.434606 0.854606
vt 0.439450 0.854390
vt 0.429762 0.854822
vt 0.434012 0.834789
vt 0.440129 0.834516
vt 0.954846 0.716863
vt 0.957091 0.700595
vt 0.960565 0.697121
vt 0.962470 0.718906
vt 0.240269 0.954556
vt 0.235419 0.954542
vt 0.235419 0.948944
vt 0.240269 0.948958
vt 0.947223 0.718906
vt 0.952345 0.701867
vt 0.240253 0.962185
vt 0.235403 0.962171
vt 0.229303 0.949235
vt 0.235428 0.949252
vt 0.230553 0.962157
vt 0.235375 0.969788
vt 0.230525 0.969774
vt 0.240225 0.969802
vt 0.778814 0.765140
vt 0.773963 0.765140
vt 0.769113 0.765140
vt 0.959802 0.358559
vt 0.959802 0.375626
vt 0.955058 0.375631
vt 0.955058 0.358564
vt 0.963663 0.499290
vt 0.963663 0.516357
vt 0.960189 0.516347
vt 0.960189 0.499280
vt 0.963663 0.522482
vt 0.960189 0.522472
vt 0.620866 0.836134
vt 0.625770 0.836417
vt 0.622791 0.845427
vt 0.616477 0.838340
vt 0.619813 0.854436
vt 0.615706 0.851738
vt 0.624717 0.854720
vt 0.629106 0.852513
vt 0.613781 0.842445
vt 0.613498 0.847349
vt 0.629877 0.839115
vt 0.632084 0.843504
vt 0.631802 0.848408
vt 0.605057 0.967328
vt 0.605057 0.973451
vt 0.600312 0.973484
vt 0.600312 0.967361
vt 0.964549 0.387903
vt 0.964549 0.381777
vt 0.968034 0.381767
vt 0.968034 0.387893
vt 0.964549 0.404969
vt 0.968034 0.404959
vt 0.605057 0.950267
vt 0.600312 0.950300
vt 0.959800 0.404973
vt 0.959800 0.387906
vt 0.959800 0.381781
vt 0.955058 0.404969
vt 0.955058 0.387903
vt 0.955058 0.381777
vt 0.950697 0.499280
vt 0.950697 0.516347
vt 0.947223 0.516357
vt 0.947223 0.499290
vt 0.950697 0.522472
vt 0.947223 0.522482
vt 0.955443 0.499276
vt 0.955443 0.516343
vt 0.955443 0.522468
vt 0.940257 0.002857
vt 0.942714 0.007112
vt 0.939956 0.007847
vt 0.938238 0.004873
vt 0.942714 0.012025
vt 0.939956 0.011282
vt 0.539950 0.517385
vt 0.539947 0.514067
vt 0.541030 0.514067
vt 0.541032 0.517385
vt 0.539947 0.520703
vt 0.541030 0.520703
vt 0.936002 0.000401
vt 0.935264 0.003155
vt 0.539940 0.523131
vt 0.541023 0.523131
vt 0.742028 0.957875
vt 0.739055 0.956158
vt 0.739212 0.955552
vt 0.742466 0.957431
vt 0.735621 0.956158
vt 0.735454 0.955552
vt 0.540835 0.536471
vt 0.539943 0.536471
vt 0.539951 0.533813
vt 0.540842 0.533813
vt 0.540832 0.540102
vt 0.539940 0.540102
vt 0.932825 0.769826
vt 0.939839 0.771705
vt 0.932825 0.773585
vt 0.934704 0.766570
vt 0.934704 0.776840
vt 0.298243 0.574459
vt 0.297352 0.574460
vt 0.297345 0.570830
vt 0.298237 0.570830
vt 0.937960 0.778720
vt 0.297345 0.567198
vt 0.298237 0.567198
vt 0.743745 0.960849
vt 0.744345 0.960687
vt 0.743745 0.964284
vt 0.744345 0.964446
vt 0.742028 0.967259
vt 0.742466 0.967701
vt 0.297352 0.564537
vt 0.298243 0.564537
vt 0.739055 0.968976
vt 0.739212 0.969581
vt 0.345370 0.379033
vt 0.346261 0.379033
vt 0.346236 0.382664
vt 0.345344 0.382664
vt 0.941719 0.778720
vt 0.944974 0.776840
vt 0.946854 0.773585
vt 0.346261 0.386295
vt 0.345370 0.386295
vt 0.946854 0.769826
vt 0.579241 0.132131
vt 0.578349 0.132131
vt 0.578344 0.129465
vt 0.579235 0.129465
vt 0.735621 0.968976
vt 0.735454 0.969581
vt 0.732648 0.967259
vt 0.732200 0.967702
vt 0.730931 0.964285
vt 0.730321 0.964447
vt 0.578344 0.125831
vt 0.579235 0.125831
vt 0.730931 0.960850
vt 0.730321 0.960688
vt 0.578349 0.122203
vt 0.579241 0.122203
vt 0.944974 0.766570
vt 0.941719 0.764691
vt 0.937960 0.764691
vt 0.540842 0.546391
vt 0.539951 0.546391
vt 0.539943 0.543733
vt 0.540835 0.543733
vt 0.732648 0.957876
vt 0.732200 0.957432
vt 0.539940 0.511639
vt 0.541023 0.511639
vt 0.298432 0.555466
vt 0.298427 0.558780
vt 0.297344 0.558780
vt 0.297349 0.555465
vt 0.940257 0.016280
vt 0.936002 0.018737
vt 0.935264 0.015973
vt 0.938238 0.014256
vt 0.298427 0.562101
vt 0.297344 0.562100
vt 0.931089 0.018737
vt 0.931829 0.015973
vt 0.298432 0.564537
vt 0.297349 0.564536
vt 0.926834 0.016280
vt 0.928855 0.014256
vt 0.578367 0.144830
vt 0.578344 0.141513
vt 0.579426 0.141513
vt 0.579449 0.144830
vt 0.924378 0.012025
vt 0.927138 0.011282
vt 0.578367 0.138195
vt 0.579449 0.138195
vt 0.924378 0.007112
vt 0.927138 0.007847
vt 0.595565 0.967328
vt 0.595565 0.950267
vt 0.926834 0.002857
vt 0.928855 0.004873
vt 0.968027 0.358575
vt 0.968027 0.375642
vt 0.964549 0.375631
vt 0.964549 0.358564
vt 0.968027 0.381767
vt 0.964549 0.381756
vt 0.595565 0.973451
vt 0.931089 0.000401
vt 0.931829 0.003155
vt 0.298427 0.548829
vt 0.298427 0.552147
vt 0.297344 0.552148
vt 0.297344 0.548830
vt 0.298433 0.546397
vt 0.297350 0.546398
vt 0.298433 0.555464
vt 0.297350 0.555465
vt 0.904451 0.470746
vt 0.893503 0.467813
vt 0.896436 0.462731
vt 0.901518 0.459798
vt 0.907385 0.459798
vt 0.912466 0.462731
vt 0.915400 0.467813
vt 0.915400 0.473680
vt 0.912466 0.478761
vt 0.907385 0.481695
vt 0.901518 0.481695
vt 0.896436 0.478761
vt 0.893503 0.473680
vt 0.947239 0.622678
vt 0.958059 0.616076
vt 0.958039 0.623015
vt 0.947227 0.626826
vt 0.958031 0.632493
vt 0.947223 0.632493
vt 0.846678 0.206536
vt 0.841775 0.188225
vt 0.851585 0.188225
vt 0.860080 0.193131
vt 0.958039 0.641972
vt 0.947227 0.638161
vt 0.833279 0.193131
vt 0.828373 0.201629
vt 0.958059 0.648911
vt 0.947239 0.642310
vt 0.828373 0.211442
vt 0.649687 0.959076
vt 0.660498 0.955244
vt 0.660491 0.964715
vt 0.649683 0.964738
vt 0.833277 0.219941
vt 0.660498 0.974202
vt 0.649687 0.970410
vt 0.841772 0.224847
vt 0.627649 0.951103
vt 0.616722 0.957706
vt 0.616540 0.950771
vt 0.627540 0.946957
vt 0.851582 0.224847
vt 0.616473 0.941294
vt 0.627500 0.941290
vt 0.860078 0.219941
vt 0.616540 0.931814
vt 0.627540 0.935622
vt 0.864984 0.211442
vt 0.616722 0.924871
vt 0.627649 0.931471
vt 0.864984 0.201629
vt 0.355249 0.959121
vt 0.366057 0.955317
vt 0.366048 0.964799
vt 0.355244 0.964790
vt 0.366057 0.974275
vt 0.355249 0.970456
vt 0.263783 0.705383
vt 0.257739 0.708801
vt 0.256951 0.694207
vt 0.256845 0.694207
vt 0.263783 0.694207
vt 0.351070 0.873562
vt 0.345028 0.873556
vt 0.345028 0.832096
vt 0.351070 0.832102
vt 0.396705 0.726995
vt 0.355244 0.726995
vt 0.355244 0.715820
vt 0.396705 0.715820
vt 0.256845 0.639851
vt 0.263783 0.639851
vt 0.396705 0.781351
vt 0.355244 0.781351
vt 0.087243 0.859168
vt 0.087137 0.859168
vt 0.086349 0.873761
vt 0.080305 0.870343
vt 0.080305 0.859167
vt 0.080305 0.804811
vt 0.087243 0.804811
vt 0.172485 0.599500
vt 0.172485 0.558051
vt 0.179423 0.558052
vt 0.179423 0.599501
vt 0.088709 0.873754
vt 0.088709 0.859168
vt 0.353430 0.832102
vt 0.353430 0.873562
vt 0.255379 0.708794
vt 0.255379 0.694207
vt 0.394502 0.982212
vt 0.394502 0.987508
vt 0.387365 0.987508
vt 0.387365 0.982212
vt 0.879206 0.855446
vt 0.872069 0.855446
vt 0.872069 0.650828
vt 0.879206 0.650828
vt 0.602229 0.792524
vt 0.596933 0.792524
vt 0.596933 0.587906
vt 0.602229 0.587906
vt 0.394502 0.991933
vt 0.387365 0.991933
vt 0.592508 0.792524
vt 0.592508 0.587906
vt 0.347918 0.783938
vt 0.343492 0.783938
vt 0.343492 0.579319
vt 0.347918 0.579319
vt 0.353214 0.783938
vt 0.353214 0.579319
vt 0.600632 0.984476
vt 0.605057 0.984477
vt 0.605057 0.991612
vt 0.600632 0.991611
vt 0.970361 0.213067
vt 0.977498 0.213066
vt 0.977498 0.223462
vt 0.970361 0.223462
vt 0.353214 0.794337
vt 0.347918 0.794337
vt 0.906512 0.991850
vt 0.901217 0.991849
vt 0.901217 0.984714
vt 0.906512 0.984715
vt 0.596933 0.577507
vt 0.602229 0.577507
vt 0.879206 0.865845
vt 0.872069 0.865845
vt 0.894638 0.225848
vt 0.887501 0.225849
vt 0.887501 0.021300
vt 0.894638 0.021300
vt 0.551963 0.278088
vt 0.549029 0.275153
vt 0.550889 0.274079
vt 0.553038 0.274079
vt 0.554898 0.275153
vt 0.555972 0.277013
vt 0.555972 0.279162
vt 0.554898 0.281022
vt 0.553038 0.282096
vt 0.550889 0.282096
vt 0.549029 0.281022
vt 0.547955 0.279162
vt 0.547955 0.277013
vt 0.962973 0.439392
vt 0.962973 0.404973
vt 0.964479 0.405010
vt 0.964479 0.439429
vt 0.966549 0.405023
vt 0.966549 0.439443
vt 0.733501 0.381901
vt 0.732427 0.377893
vt 0.734575 0.377893
vt 0.736436 0.378967
vt 0.968629 0.405011
vt 0.968629 0.439430
vt 0.730566 0.378967
vt 0.729492 0.380827
vt 0.970161 0.404975
vt 0.970161 0.439394
vt 0.729492 0.382975
vt 0.726170 0.980109
vt 0.726170 0.945680
vt 0.728247 0.945680
vt 0.728247 0.980109
vt 0.730566 0.384836
vt 0.730320 0.945680
vt 0.730320 0.980109
vt 0.732427 0.385910
vt 0.975829 0.404976
vt 0.975829 0.439406
vt 0.974312 0.439403
vt 0.974312 0.404974
vt 0.734575 0.385910
vt 0.972237 0.439402
vt 0.972237 0.404973
vt 0.736436 0.384836
vt 0.970161 0.439403
vt 0.970161 0.404974
vt 0.737510 0.382976
vt 0.540904 0.879066
vt 0.540904 0.913495
vt 0.539345 0.913496
vt 0.539345 0.879066
vt 0.737510 0.380827
vt 0.537256 0.913496
vt 0.537256 0.879067
vt 0.535196 0.913496
vt 0.535196 0.879066
vt 0.535600 0.278199
vt 0.533495 0.276094
vt 0.534829 0.275324
vt 0.536370 0.275324
vt 0.537704 0.276094
vt 0.538475 0.277428
vt 0.538475 0.278969
vt 0.537704 0.280303
vt 0.536370 0.281074
vt 0.534829 0.281074
vt 0.533495 0.280303
vt 0.532725 0.278969
vt 0.532725 0.277428
vt 0.532584 0.275182
vt 0.534495 0.274079
vt 0.531480 0.277094
vt 0.780112 0.833850
vt 0.782239 0.833864
vt 0.782239 0.834712
vt 0.780112 0.834698
vt 0.778566 0.833812
vt 0.778566 0.834660
vt 0.536702 0.274079
vt 0.784376 0.833851
vt 0.784376 0.834698
vt 0.782239 0.797219
vt 0.784376 0.797206
vt 0.780112 0.797205
vt 0.782239 0.796371
vt 0.784376 0.796358
vt 0.780112 0.796357
vt 0.540821 0.275182
vt 0.542732 0.274079
vt 0.543066 0.275324
vt 0.541731 0.276095
vt 0.539717 0.277094
vt 0.540961 0.277429
vt 0.543836 0.278199
vt 0.540961 0.278970
vt 0.541731 0.280304
vt 0.543066 0.281074
vt 0.544606 0.281074
vt 0.545941 0.280304
vt 0.546711 0.278970
vt 0.546711 0.277429
vt 0.545941 0.276095
vt 0.544606 0.275324
vt 0.544940 0.274079
vt 0.546851 0.275182
vt 0.967368 0.769674
vt 0.969485 0.769675
vt 0.969485 0.770522
vt 0.967369 0.770522
vt 0.778566 0.797167
vt 0.778566 0.796320
vt 0.969485 0.733019
vt 0.967369 0.733018
vt 0.967369 0.732171
vt 0.969485 0.732171
vt 0.971631 0.733019
vt 0.971631 0.769674
vt 0.971631 0.732171
vt 0.532584 0.281212
vt 0.531480 0.279301
vt 0.973232 0.733018
vt 0.973232 0.732170
vt 0.534495 0.282316
vt 0.971074 0.911129
vt 0.973206 0.911128
vt 0.973206 0.911976
vt 0.971074 0.911977
vt 0.536703 0.282316
vt 0.968942 0.911128
vt 0.968942 0.911976
vt 0.538614 0.281212
vt 0.967383 0.911126
vt 0.967383 0.911973
vt 0.539717 0.279301
vt 0.744206 0.914012
vt 0.742075 0.914012
vt 0.742075 0.913165
vt 0.744206 0.913165
vt 0.746339 0.914012
vt 0.746339 0.913165
vt 0.538614 0.275182
vt 0.785951 0.833814
vt 0.785951 0.834662
vt 0.746339 0.950668
vt 0.744206 0.950668
vt 0.785951 0.797169
vt 0.785951 0.796321
vt 0.746339 0.951516
vt 0.744206 0.951516
vt 0.540821 0.281212
vt 0.539717 0.279301
vt 0.742075 0.950668
vt 0.742075 0.951516
vt 0.542733 0.282316
vt 0.968942 0.874472
vt 0.967383 0.874470
vt 0.967383 0.873622
vt 0.968942 0.873625
vt 0.544940 0.282316
vt 0.971074 0.874473
vt 0.971074 0.873626
vt 0.546851 0.281212
vt 0.973206 0.874472
vt 0.973206 0.873625
vt 0.547955 0.279301
vt 0.973232 0.769673
vt 0.973232 0.770521
vt 0.971631 0.770522
vt 0.547955 0.277094
vt 0.302612 0.764654
vt 0.302607 0.770121
vt 0.300992 0.770122
vt 0.300997 0.764655
vt 0.528477 0.805186
vt 0.526862 0.805186
vt 0.526862 0.797083
vt 0.528477 0.797083
vt 0.558867 0.884757
vt 0.563223 0.890227
vt 0.549564 0.890311
vt 0.550763 0.884757
vt 0.563759 0.902289
vt 0.549416 0.902556
vt 0.302612 0.782182
vt 0.300997 0.782183
vt 0.541267 0.902708
vt 0.541804 0.890358
vt 0.546160 0.884757
vt 0.474395 0.698888
vt 0.474412 0.686534
vt 0.476026 0.686537
vt 0.476010 0.698891
vt 0.474486 0.704528
vt 0.476100 0.704532
vt 0.528477 0.809790
vt 0.526862 0.809790
vt 0.116706 0.891030
vt 0.121062 0.896631
vt 0.113302 0.896584
vt 0.112102 0.891030
vt 0.099643 0.896501
vt 0.103999 0.891030
vt 0.121598 0.908981
vt 0.113450 0.908830
vt 0.099106 0.908563
vt 0.113450 0.918686
vt 0.099106 0.918271
vt 0.121598 0.918921
vt 0.474435 0.676594
vt 0.476050 0.676597
vt 0.119953 0.923811
vt 0.113450 0.924621
vt 0.474486 0.671720
vt 0.476100 0.671723
vt 0.549416 0.912412
vt 0.549416 0.918348
vt 0.542912 0.917537
vt 0.541267 0.912648
vt 0.563759 0.911998
vt 0.563759 0.917844
vt 0.570998 0.902289
vt 0.570998 0.911998
vt 0.570998 0.917186
vt 0.474395 0.711011
vt 0.476010 0.711011
vt 0.476010 0.725363
vt 0.474395 0.725363
vt 0.476011 0.732617
vt 0.474396 0.732617
vt 0.302612 0.797080
vt 0.300997 0.797080
vt 0.300992 0.793658
vt 0.302607 0.793658
vt 0.574156 0.910985
vt 0.574156 0.913767
vt 0.302607 0.790877
vt 0.300992 0.790877
vt 0.302607 0.786258
vt 0.300992 0.786258
vt 0.574156 0.906367
vt 0.300997 0.782183
vt 0.302612 0.782183
vt 0.264139 0.963310
vt 0.262524 0.963310
vt 0.262524 0.956072
vt 0.264139 0.956072
vt 0.091868 0.908563
vt 0.091868 0.918271
vt 0.088709 0.917259
vt 0.088709 0.912640
vt 0.099106 0.924118
vt 0.091868 0.923460
vt 0.088709 0.920041
vt 0.474396 0.704532
vt 0.476011 0.704532
vt 0.610855 0.891281
vt 0.618959 0.891281
vt 0.620158 0.896834
vt 0.606499 0.896751
vt 0.526862 0.817893
vt 0.528477 0.817893
vt 0.526862 0.779554
vt 0.528477 0.779553
vt 0.528472 0.785020
vt 0.526857 0.785021
vt 0.528477 0.797082
vt 0.526862 0.797083
vt 0.620306 0.909080
vt 0.605963 0.908813
vt 0.623562 0.891280
vt 0.627918 0.896882
vt 0.628455 0.909231
vt 0.628455 0.919171
vt 0.620306 0.918936
vt 0.605963 0.918521
vt 0.626810 0.924061
vt 0.620306 0.924871
vt 0.605963 0.924368
vt 0.598724 0.923710
vt 0.598724 0.918522
vt 0.598724 0.908813
vt 0.589708 0.784714
vt 0.589708 0.791967
vt 0.588093 0.791967
vt 0.588093 0.784714
vt 0.589708 0.770362
vt 0.588093 0.770362
vt 0.595565 0.920291
vt 0.595565 0.917509
vt 0.588098 0.806864
vt 0.588093 0.803443
vt 0.589708 0.803443
vt 0.589713 0.806864
vt 0.014184 0.895817
vt 0.011025 0.896830
vt 0.011025 0.894048
vt 0.014184 0.890629
vt 0.021422 0.895817
vt 0.021422 0.889971
vt 0.014184 0.905526
vt 0.011025 0.901449
vt 0.021422 0.905526
vt 0.589713 0.791967
vt 0.589708 0.796042
vt 0.588093 0.796042
vt 0.588098 0.791967
vt 0.688076 0.962340
vt 0.688076 0.955102
vt 0.689691 0.955102
vt 0.689691 0.962340
vt 0.035618 0.917504
vt 0.021959 0.917588
vt 0.035766 0.905259
vt 0.035766 0.895403
vt 0.043378 0.917457
vt 0.043915 0.905108
vt 0.043915 0.895167
vt 0.476010 0.666079
vt 0.474395 0.666075
vt 0.474412 0.653722
vt 0.476026 0.653725
vt 0.474435 0.643782
vt 0.476050 0.643785
vt 0.474486 0.638908
vt 0.476100 0.638911
vt 0.035766 0.889467
vt 0.042269 0.890278
vt 0.589708 0.763882
vt 0.588093 0.763882
vt 0.476100 0.671720
vt 0.474486 0.671716
vt 0.039022 0.923058
vt 0.034418 0.923058
vt 0.526862 0.822497
vt 0.528477 0.822497
vt 0.026315 0.923058
vt 0.595565 0.912890
vt 0.589708 0.800661
vt 0.588093 0.800661
vt 0.997401 0.307748
vt 0.992561 0.304862
vt 0.992561 0.286209
vt 0.997401 0.283323
vt 0.236752 0.948096
vt 0.236752 0.923671
vt 0.242370 0.923671
vt 0.242370 0.948096
vt 0.137811 0.987856
vt 0.142649 0.987780
vt 0.142649 0.993395
vt 0.137811 0.993472
vt 0.540499 0.979025
vt 0.540499 0.997678
vt 0.534881 0.997678
vt 0.534881 0.979025
vt 0.994900 0.961472
vt 0.990060 0.961481
vt 0.990060 0.955863
vt 0.994900 0.955855
vt 0.654521 0.998626
vt 0.649683 0.995741
vt 0.649683 0.977089
vt 0.654521 0.974202
vt 0.583717 0.996588
vt 0.578876 0.993701
vt 0.578876 0.975048
vt 0.583717 0.972162
vt 0.221136 0.990831
vt 0.221136 0.966406
vt 0.226754 0.966406
vt 0.226754 0.990831
vt 0.380052 0.994089
vt 0.375214 0.994165
vt 0.375214 0.988549
vt 0.380052 0.988473
vt 0.120586 0.981147
vt 0.120586 0.999800
vt 0.114968 0.999800
vt 0.114968 0.981147
vt 0.990154 0.988474
vt 0.994994 0.988466
vt 0.994994 0.994084
vt 0.990154 0.994092
vt 0.161830 0.998400
vt 0.156991 0.995515
vt 0.156991 0.976863
vt 0.161830 0.973976
vt 0.200973 0.972238
vt 0.205813 0.975124
vt 0.205813 0.993777
vt 0.200973 0.996663
vt 0.669331 0.991530
vt 0.669331 0.967105
vt 0.674949 0.967105
vt 0.674949 0.991530
vt 0.384891 0.994089
vt 0.380052 0.994165
vt 0.380052 0.988549
vt 0.384891 0.988473
vt 1.000000 0.204626
vt 1.000000 0.223279
vt 0.994382 0.223279
vt 0.994382 0.204626
vt 0.730320 0.995152
vt 0.725480 0.995160
vt 0.725480 0.989542
vt 0.730320 0.989534
vt 0.998897 0.870583
vt 0.994059 0.867698
vt 0.994059 0.849046
vt 0.998897 0.846159
vt 0.996275 0.798252
vt 0.991435 0.795366
vt 0.991435 0.776713
vt 0.996275 0.773826
vt 0.981256 0.988466
vt 0.981256 0.964040
vt 0.986874 0.964040
vt 0.986874 0.988466
vt 0.087023 0.993640
vt 0.082184 0.993716
vt 0.082184 0.988100
vt 0.087023 0.988024
vt 0.248192 0.999450
vt 0.248192 0.980797
vt 0.253810 0.980797
vt 0.253810 0.999450
vt 0.275290 0.989101
vt 0.280130 0.989093
vt 0.280130 0.994711
vt 0.275290 0.994719
vt 0.998732 0.402147
vt 0.993893 0.399262
vt 0.993893 0.380609
vt 0.998732 0.377722
vt 0.844221 0.996411
vt 0.839381 0.993524
vt 0.839381 0.974871
vt 0.844221 0.971985
vt 0.901217 0.984714
vt 0.901217 0.960288
vt 0.906834 0.960288
vt 0.906834 0.984714
vt 0.712978 0.987887
vt 0.717817 0.987810
vt 0.717817 0.993426
vt 0.712978 0.993502
vt 0.185040 0.980127
vt 0.185040 0.998780
vt 0.179423 0.998780
vt 0.179423 0.980127
vt 0.097228 0.988551
vt 0.102068 0.988542
vt 0.102068 0.994160
vt 0.097228 0.994168
vt 0.364922 0.998699
vt 0.360083 0.995814
vt 0.360083 0.977162
vt 0.364922 0.974275
vt 0.167182 0.996426
vt 0.162342 0.993540
vt 0.162342 0.974887
vt 0.167182 0.972000
vt 0.702184 0.943413
vt 0.702184 0.918988
vt 0.707802 0.918988
vt 0.707802 0.943413
vt 0.990154 0.994082
vt 0.985315 0.994158
vt 0.985315 0.988542
vt 0.990154 0.988466
vt 0.422437 0.980330
vt 0.422437 0.998983
vt 0.416819 0.998983
vt 0.416819 0.980330
vt 0.964597 0.989221
vt 0.969437 0.989213
vt 0.969437 0.994831
vt 0.964597 0.994839
vt 0.360083 0.998699
vt 0.355244 0.995814
vt 0.355244 0.977162
vt 0.360083 0.974275
vt 0.355089 0.996217
vt 0.350249 0.993330
vt 0.350249 0.974677
vt 0.355089 0.971791
vt 0.988005 0.060346
vt 0.988005 0.084772
vt 0.982387 0.084772
vt 0.982387 0.060346
vt 0.712678 0.993426
vt 0.707839 0.993502
vt 0.707839 0.987887
vt 0.712678 0.987810
vt 0.947681 0.980984
vt 0.947681 0.999637
vt 0.942063 0.999637
vt 0.942063 0.980984
vt 0.509364 0.994238
vt 0.504524 0.994247
vt 0.504524 0.988629
vt 0.509364 0.988621
vt 0.998078 0.616342
vt 0.993239 0.613457
vt 0.993239 0.594804
vt 0.998078 0.591917
vt 0.578876 0.996588
vt 0.574036 0.993701
vt 0.574036 0.975048
vt 0.578876 0.972162
vt 0.901737 0.926170
vt 0.901737 0.901744
vt 0.907355 0.901744
vt 0.907355 0.926170
vt 0.567814 0.987260
vt 0.572652 0.987184
vt 0.572652 0.992799
vt 0.567814 0.992875
vt 0.516934 0.979129
vt 0.516934 0.997781
vt 0.511316 0.997782
vt 0.511316 0.979129
vt 0.760584 0.994110
vt 0.755744 0.994118
vt 0.755744 0.988501
vt 0.760584 0.988492
vt 0.876908 0.998958
vt 0.872069 0.996073
vt 0.872069 0.977420
vt 0.876908 0.974533
vt 0.991484 0.873622
vt 0.996324 0.876509
vt 0.996324 0.895162
vt 0.991484 0.898048
vt 0.975638 0.988466
vt 0.975638 0.964040
vt 0.981256 0.964040
vt 0.476937 0.993116
vt 0.472098 0.993193
vt 0.472098 0.987577
vt 0.476937 0.987501
vt 0.248192 0.980797
vt 0.242574 0.999450
vt 0.242574 0.980797
vt 0.765425 0.994110
vt 0.760584 0.994118
vt 0.760584 0.988501
vt 0.765425 0.988492
vt 0.998640 0.429398
vt 0.993802 0.426513
vt 0.993802 0.407860
vt 0.998640 0.404973
vt 0.350249 0.996217
vt 0.345409 0.993330
vt 0.345409 0.974677
vt 0.350249 0.971791
vt 0.989117 0.000131
vt 0.989117 0.024557
vt 0.983500 0.024557
vt 0.983500 0.000131
vt 0.472098 0.993116
vt 0.467260 0.993193
vt 0.467260 0.987577
vt 0.472098 0.987501
vt 0.022586 0.999131
vt 0.022586 0.980478
vt 0.028204 0.980478
vt 0.028204 0.999130
vt 0.994888 0.842332
vt 0.990048 0.842340
vt 0.990048 0.836722
vt 0.994888 0.836714
vt 0.998383 0.152339
vt 0.993544 0.149454
vt 0.993544 0.130802
vt 0.998383 0.127915
vt 0.839381 0.996411
vt 0.834540 0.993524
vt 0.834540 0.974871
vt 0.839381 0.971985
vt 0.275290 0.989093
vt 0.275290 0.964667
vt 0.280908 0.964667
vt 0.280908 0.989093
vt 0.985315 0.994082
vt 0.980477 0.994158
vt 0.980477 0.988542
vt 0.985315 0.988466
vt 0.456987 0.980979
vt 0.456987 0.999632
vt 0.451369 0.999632
vt 0.451369 0.980979
vt 0.425687 0.988910
vt 0.430527 0.988901
vt 0.430527 0.994519
vt 0.425687 0.994528
vt 0.998890 0.112302
vt 0.994051 0.109417
vt 0.994051 0.090764
vt 0.998890 0.087877
vt 0.174715 0.996426
vt 0.169875 0.993540
vt 0.169875 0.974887
vt 0.174715 0.972000
vt 0.983535 0.404173
vt 0.983535 0.379747
vt 0.989153 0.379747
vt 0.989153 0.404173
vt 0.980477 0.994082
vt 0.975638 0.994158
vt 0.975638 0.988542
vt 0.980477 0.988466
vt 0.456987 0.980979
vt 0.462604 0.980979
vt 0.462604 0.999632
vt 0.504524 0.994238
vt 0.499684 0.994247
vt 0.499684 0.988629
vt 0.504524 0.988621
vt 0.871975 0.998628
vt 0.867136 0.995743
vt 0.867136 0.977091
vt 0.871975 0.974203
vt 0.996324 0.922474
vt 0.991484 0.919587
vt 0.991484 0.900934
vt 0.996324 0.898048
vt 0.097228 0.988542
vt 0.097228 0.964117
vt 0.102845 0.964117
vt 0.102845 0.988542
vt 0.147488 0.993395
vt 0.142649 0.993472
vt 0.142649 0.987856
vt 0.147488 0.987780
vt 0.088709 0.999075
vt 0.088709 0.980422
vt 0.094327 0.980422
vt 0.094327 0.999075
vt 0.994190 0.929396
vt 0.989350 0.929404
vt 0.989350 0.923786
vt 0.994190 0.923778
vt 0.659360 0.998626
vt 0.654521 0.995741
vt 0.654521 0.977089
vt 0.659360 0.974202
vt 0.365185 0.992749
vt 0.365185 0.987134
vt 0.370027 0.987210
vt 0.370027 0.992825
vt 0.989318 0.872609
vt 0.983701 0.872609
vt 0.983701 0.848184
vt 0.989318 0.848183
vt 0.996716 0.340298
vt 0.996716 0.364724
vt 0.991876 0.361837
vt 0.991876 0.343184
vt 0.033821 0.980478
vt 0.033821 0.999131
vt 0.028204 0.999131
vt 0.307485 0.990141
vt 0.307485 0.995759
vt 0.302645 0.995750
vt 0.302645 0.990133
vt 0.993105 0.274337
vt 0.993105 0.249912
vt 0.997944 0.252798
vt 0.997944 0.271450
vt 0.562972 0.992799
vt 0.562972 0.987184
vt 0.567814 0.987260
vt 0.567814 0.992875
vt 0.992491 0.964040
vt 0.992491 0.988466
vt 0.986874 0.988466
vt 0.996697 0.440019
vt 0.996697 0.464445
vt 0.991857 0.461559
vt 0.991857 0.442906
vt 0.405754 0.980392
vt 0.411372 0.980392
vt 0.411372 0.999045
vt 0.405754 0.999045
vt 0.226754 0.990840
vt 0.226754 0.996457
vt 0.221914 0.996449
vt 0.221914 0.990831
vt 0.590501 0.999410
vt 0.590501 0.974985
vt 0.595339 0.977871
vt 0.595339 0.996523
vt 0.374976 0.987210
vt 0.374976 0.992825
vt 0.370134 0.992749
vt 0.370134 0.987134
vt 0.005618 0.992239
vt 0.000000 0.992239
vt 0.000000 0.967814
vt 0.005618 0.967813
vt 0.997653 0.025268
vt 0.997653 0.049694
vt 0.992812 0.046807
vt 0.992812 0.028154
vt 0.126515 0.999800
vt 0.120897 0.999800
vt 0.120897 0.981147
vt 0.126515 0.981147
vt 0.215518 0.996449
vt 0.215518 0.990831
vt 0.220358 0.990840
vt 0.220358 0.996457
vt 0.998078 0.565467
vt 0.998078 0.589891
vt 0.993239 0.587006
vt 0.993239 0.568354
vt 0.968505 0.516866
vt 0.968505 0.522482
vt 0.963663 0.522406
vt 0.963663 0.516790
vt 0.669331 0.991530
vt 0.663714 0.991530
vt 0.663714 0.967105
vt 0.259070 0.973270
vt 0.259070 0.997695
vt 0.254230 0.994809
vt 0.254230 0.976156
vt 0.628455 0.980002
vt 0.634072 0.980002
vt 0.634072 0.998655
vt 0.628455 0.998655
vt 0.313103 0.990141
vt 0.313103 0.995759
vt 0.308263 0.995750
vt 0.308263 0.990133
vt 0.998919 0.000131
vt 0.998919 0.024556
vt 0.994080 0.021671
vt 0.994080 0.003018
vt 0.958059 0.648376
vt 0.958059 0.642760
vt 0.962900 0.642836
vt 0.962900 0.648452
vt 0.319498 0.990133
vt 0.313881 0.990133
vt 0.313881 0.965707
vt 0.319498 0.965707
vt 0.997403 0.308955
vt 0.997403 0.333380
vt 0.992563 0.330494
vt 0.992563 0.311841
vt 0.892256 0.978941
vt 0.897874 0.978941
vt 0.897874 0.997594
vt 0.892256 0.997594
vt 0.313103 0.995750
vt 0.313103 0.990133
vt 0.317943 0.990141
vt 0.317943 0.995759
vt 0.131804 0.974621
vt 0.131804 0.999046
vt 0.126966 0.996161
vt 0.126966 0.977509
vt 0.962900 0.648376
vt 0.962900 0.642760
vt 0.967742 0.642836
vt 0.967742 0.648452
vt 0.313881 0.990133
vt 0.308263 0.965707
vt 0.313881 0.965707
vt 0.263910 0.973270
vt 0.263910 0.997695
vt 0.259070 0.994809
vt 0.259070 0.976156
vt 0.936025 0.980984
vt 0.941643 0.980984
vt 0.941643 0.999637
vt 0.936025 0.999637
vt 0.555302 0.990722
vt 0.555302 0.996340
vt 0.550462 0.996332
vt 0.550462 0.990714
vt 0.997944 0.223462
vt 0.997944 0.247887
vt 0.993105 0.245001
vt 0.993105 0.226349
vt 0.955446 0.162394
vt 0.955446 0.156778
vt 0.960288 0.156854
vt 0.960288 0.162470
vt 0.302645 0.965707
vt 0.308263 0.965707
vt 0.308263 0.990133
vt 0.997331 0.964040
vt 0.997331 0.988466
vt 0.992491 0.985580
vt 0.992491 0.966927
vt 0.529263 0.979025
vt 0.534881 0.979025
vt 0.534881 0.997678
vt 0.529263 0.997678
vt 0.555302 0.996332
vt 0.555302 0.990714
vt 0.560142 0.990722
vt 0.560142 0.996340
vt 0.332161 0.975094
vt 0.332161 0.999518
vt 0.327322 0.996633
vt 0.327322 0.977981
vt 0.945763 0.162394
vt 0.945763 0.156778
vt 0.950605 0.156854
vt 0.950605 0.162470
vt 0.082184 0.963598
vt 0.087802 0.963598
vt 0.087802 0.988024
vt 0.082184 0.988024
vt 0.912808 0.971954
vt 0.912808 0.996380
vt 0.907968 0.993494
vt 0.907968 0.974841
vt 0.990007 0.503086
vt 0.995624 0.503086
vt 0.995624 0.521739
vt 0.990007 0.521739
vt 0.927514 0.996162
vt 0.927514 0.990545
vt 0.932354 0.990553
vt 0.932354 0.996171
vt 0.322484 0.999518
vt 0.322484 0.975094
vt 0.327322 0.977979
vt 0.327322 0.996631
vt 0.850254 0.650238
vt 0.850254 0.644622
vt 0.855096 0.644698
vt 0.855096 0.650314
vt 0.933132 0.990545
vt 0.927514 0.966119
vt 0.933132 0.966119
vt 0.997455 0.689118
vt 0.997455 0.713543
vt 0.992615 0.710657
vt 0.992615 0.692004
vt 0.746369 0.979132
vt 0.751987 0.979132
vt 0.751987 0.997785
vt 0.746369 0.997785
vt 0.955066 0.990606
vt 0.955066 0.996224
vt 0.950226 0.996216
vt 0.950226 0.990598
vt 0.493803 0.974718
vt 0.493803 0.999143
vt 0.488965 0.996257
vt 0.488965 0.977605
vt 0.987222 0.340190
vt 0.987222 0.334575
vt 0.992064 0.334651
vt 0.992064 0.340266
vt 0.221136 0.990831
vt 0.215518 0.990831
vt 0.215518 0.966406
vt 0.210653 0.972238
vt 0.210653 0.996663
vt 0.541267 0.980371
vt 0.546885 0.980371
vt 0.546885 0.999024
vt 0.541267 0.999024
vt 0.739249 0.996359
vt 0.739249 0.990741
vt 0.744089 0.990749
vt 0.744089 0.996367
vt 0.998078 0.618368
vt 0.998078 0.642792
vt 0.993239 0.639907
vt 0.993239 0.621255
vt 0.850254 0.644698
vt 0.850254 0.650314
vt 0.845412 0.650238
vt 0.845412 0.644622
vt 0.955066 0.990598
vt 0.949448 0.990598
vt 0.949448 0.966173
vt 0.955066 0.966173
vt 0.997622 0.648911
vt 0.997622 0.673337
vt 0.992782 0.670450
vt 0.992782 0.651797
vt 0.338017 0.979810
vt 0.343634 0.979810
vt 0.343634 0.998463
vt 0.338017 0.998463
vt 0.991435 0.803870
vt 0.991435 0.798252
vt 0.996275 0.798260
vt 0.996275 0.803878
vt 0.609896 0.974692
vt 0.609896 0.999117
vt 0.605057 0.996232
vt 0.605057 0.977580
vt 0.976182 0.713430
vt 0.976182 0.719046
vt 0.971340 0.718970
vt 0.971340 0.713354
vt 0.960684 0.990598
vt 0.955066 0.990598
vt 0.955066 0.966173
vt 0.960684 0.966173
vt 0.997251 0.522482
vt 0.997251 0.546908
vt 0.992411 0.544021
vt 0.992411 0.525368
vt 0.191082 0.998780
vt 0.185464 0.998780
vt 0.185464 0.980127
vt 0.191082 0.980127
vt 0.991435 0.809496
vt 0.991435 0.803878
vt 0.996275 0.803886
vt 0.996275 0.809504
vt 0.136643 0.974621
vt 0.136643 0.999046
vt 0.131804 0.996161
vt 0.131804 0.977509
vt 0.950605 0.162394
vt 0.950605 0.156778
vt 0.955446 0.156854
vt 0.955446 0.162470
vt 0.982551 0.258897
vt 0.988169 0.258897
vt 0.988169 0.283322
vt 0.982551 0.283323
vt 0.997235 0.732170
vt 0.997235 0.756596
vt 0.992394 0.753709
vt 0.992394 0.735056
vt 0.332399 0.979810
vt 0.338017 0.998463
vt 0.332399 0.998463
vt 0.955066 0.996216
vt 0.959906 0.990606
vt 0.959906 0.996224
vt 0.998383 0.176764
vt 0.993544 0.173879
vt 0.993544 0.155227
vt 0.917648 0.996380
vt 0.912808 0.993494
vt 0.912808 0.974841
vt 0.917648 0.971954
vt 0.614017 0.950267
vt 0.614017 0.974692
vt 0.605057 0.974692
vt 0.957458 0.848420
vt 0.952620 0.848496
vt 0.952620 0.839539
vt 0.957458 0.839462
vt 0.976987 0.321645
vt 0.976987 0.340298
vt 0.968027 0.340298
vt 0.968027 0.321645
vt 0.956671 0.899684
vt 0.961511 0.899676
vt 0.961511 0.908636
vt 0.956671 0.908644
vt 0.590464 0.999410
vt 0.585625 0.996525
vt 0.585625 0.977873
vt 0.590464 0.974985
vt 0.947778 0.848420
vt 0.947778 0.839462
vt 0.952620 0.839538
vt 0.952620 0.848496
vt 0.974706 0.283322
vt 0.965746 0.283323
vt 0.965746 0.258897
vt 0.974706 0.258897
vt 0.215493 0.972238
vt 0.215493 0.996663
vt 0.210653 0.993777
vt 0.210653 0.975124
vt 0.892256 0.960288
vt 0.901217 0.960288
vt 0.901217 0.978941
vt 0.892256 0.978941
vt 0.961511 0.908636
vt 0.966351 0.899684
vt 0.966351 0.908644
vt 0.877561 0.998958
vt 0.877561 0.974533
vt 0.882400 0.977418
vt 0.882400 0.996071
vt 0.801916 0.129131
vt 0.808298 0.129131
vt 0.808298 0.284990
vt 0.801915 0.284990
vt 0.707839 0.956412
vt 0.707839 0.962793
vt 0.703877 0.963751
vt 0.703880 0.958329
vt 0.689809 0.958323
vt 0.689809 0.945680
vt 0.707839 0.945684
vt 0.791184 0.284990
vt 0.791184 0.129131
vt 0.984371 0.563450
vt 0.987414 0.557842
vt 0.987432 0.557826
vt 0.987432 0.565086
vt 0.801916 0.128180
vt 0.791184 0.128180
vt 0.789127 0.787399
vt 0.789127 0.631540
vt 0.807158 0.631521
vt 0.807158 0.787385
vt 0.807158 0.788343
vt 0.789127 0.788350
vt 0.953756 0.547436
vt 0.964487 0.547436
vt 0.964487 0.565467
vt 0.951841 0.565467
vt 0.951842 0.551403
vt 0.853315 0.226806
vt 0.840669 0.226806
vt 0.840669 0.225849
vt 0.853315 0.225849
vt 0.947374 0.543974
vt 0.947223 0.551402
vt 0.738941 0.802031
vt 0.746369 0.802031
vt 0.746369 0.814857
vt 0.738941 0.814857
vt 0.832812 0.807597
vt 0.839044 0.807597
vt 0.839044 0.820419
vt 0.832812 0.820419
vt 0.790127 0.963843
vt 0.783745 0.963843
vt 0.783895 0.956416
vt 0.790127 0.956416
vt 0.796359 0.956416
vt 0.796510 0.963843
vt 0.845276 0.807596
vt 0.845276 0.820418
vt 0.825349 0.807637
vt 0.825349 0.820464
vt 0.817921 0.820463
vt 0.817921 0.807637
vt 0.964337 0.522482
vt 0.964487 0.529910
vt 0.959869 0.529910
vt 0.957955 0.525943
vt 0.959869 0.543974
vt 0.947223 0.543974
vt 0.947223 0.525943
vt 0.832812 0.651785
vt 0.832812 0.650828
vt 0.845458 0.650828
vt 0.845458 0.651785
vt 0.832812 0.807596
vt 0.845458 0.807596
vt 0.764399 0.953162
vt 0.764399 0.963891
vt 0.746369 0.963887
vt 0.746369 0.951245
vt 0.760441 0.951244
vt 0.760437 0.945822
vt 0.764399 0.946782
vt 0.000000 0.000000
vt 0.718686 0.976836
vt 0.713262 0.976836
vt 0.713262 0.964017
vt 0.718686 0.964017
vt 0.707839 0.976836
vt 0.707839 0.964017
vt 0.762631 0.963893
vt 0.766596 0.963891
vt 0.766596 0.976714
vt 0.762631 0.976717
vt 0.755744 0.976717
vt 0.755744 0.963893
vt 0.963007 0.127915
vt 0.956625 0.127915
vt 0.956625 0.115091
vt 0.963007 0.115091
vt 0.742402 0.645221
vt 0.742402 0.801081
vt 0.735516 0.801080
vt 0.735516 0.645221
vt 0.731479 0.801080
vt 0.731479 0.645221
vt 0.527678 0.747572
vt 0.527678 0.753953
vt 0.523641 0.753952
vt 0.523641 0.747571
vt 0.523641 0.741191
vt 0.527678 0.741191
vt 0.828774 0.650828
vt 0.832811 0.650828
vt 0.832812 0.806687
vt 0.828775 0.806687
vt 0.821888 0.650828
vt 0.821888 0.806687
vt 0.148660 0.976802
vt 0.141774 0.976802
vt 0.141774 0.963979
vt 0.148660 0.963979
vt 0.969390 0.115091
vt 0.969390 0.127915
vt 0.268404 0.971048
vt 0.275290 0.971050
vt 0.275290 0.977430
vt 0.268404 0.977429
vt 0.268404 0.964667
vt 0.275290 0.964669
vt 0.264438 0.971047
vt 0.264441 0.965625
vt 0.264441 0.976469
vt 0.137811 0.976799
vt 0.137811 0.963975
vt 0.832812 0.807637
vt 0.828775 0.807637
vt 0.422437 0.982002
vt 0.425477 0.980330
vt 0.425474 0.987588
vt 0.425477 0.987612
vt 0.807190 0.386923
vt 0.807190 0.542782
vt 0.800807 0.542782
vt 0.800807 0.386923
vt 0.807190 0.385972
vt 0.817921 0.385972
vt 0.817921 0.386923
vt 0.817921 0.542782
vt 0.102908 0.616620
vt 0.102908 0.617578
vt 0.084877 0.617564
vt 0.084877 0.616613
vt 0.102908 0.773442
vt 0.084877 0.773423
vt 0.828775 0.820464
vt 0.832812 0.820464
vt 0.534885 0.680762
vt 0.534885 0.667936
vt 0.541267 0.667936
vt 0.541267 0.680762
vt 0.534885 0.681713
vt 0.541267 0.681713
vt 0.528502 0.680762
vt 0.528502 0.667936
vt 0.528502 0.681713
vt 0.796510 0.967269
vt 0.796510 0.971306
vt 0.790127 0.971306
vt 0.790127 0.967269
vt 0.783745 0.967269
vt 0.783745 0.971306
vt 0.731479 0.802031
vt 0.735516 0.802031
vt 0.735516 0.814857
vt 0.731479 0.814857
vt 0.528502 0.837572
vt 0.534885 0.837572
vt 0.541267 0.837572
vt 0.853315 0.382617
vt 0.840669 0.382617
vt 0.355244 0.790407
vt 0.353238 0.790407
vt 0.353235 0.785628
vt 0.355241 0.785628
vt 0.282005 0.841419
vt 0.277228 0.843512
vt 0.280162 0.819063
vt 0.282594 0.819063
vt 0.010872 0.891555
vt 0.008866 0.891555
vt 0.008866 0.869191
vt 0.010872 0.869191
vt 0.582210 0.734812
vt 0.582799 0.757168
vt 0.580367 0.757168
vt 0.577433 0.732719
vt 0.574962 0.757168
vt 0.570890 0.732719
vt 0.353235 0.779085
vt 0.355241 0.779085
vt 0.564643 0.757168
vt 0.565400 0.734813
vt 0.353238 0.773596
vt 0.355244 0.773596
vt 0.270685 0.843512
vt 0.274757 0.819063
vt 0.265195 0.841419
vt 0.264438 0.819063
vt 0.132218 0.621739
vt 0.130213 0.621739
vt 0.130213 0.599385
vt 0.132218 0.599385
vt 0.264438 0.813511
vt 0.274757 0.813511
vt 0.130213 0.593833
vt 0.132218 0.593833
vt 0.574962 0.762720
vt 0.564643 0.762720
vt 0.574962 0.824865
vt 0.564643 0.824865
vt 0.132218 0.531688
vt 0.130213 0.531688
vt 0.130213 0.522909
vt 0.132218 0.522909
vt 0.573432 0.835775
vt 0.565179 0.833643
vt 0.264438 0.751366
vt 0.274757 0.751366
vt 0.264973 0.742588
vt 0.273227 0.740456
vt 0.783689 0.954714
vt 0.781684 0.954712
vt 0.781642 0.946439
vt 0.783647 0.946441
vt 0.279024 0.751366
vt 0.277282 0.740456
vt 0.781646 0.942384
vt 0.783651 0.942386
vt 0.580367 0.824865
vt 0.577487 0.835775
vt 0.781684 0.937572
vt 0.783689 0.937574
vt 0.582349 0.824865
vt 0.582312 0.834412
vt 0.582799 0.762720
vt 0.580367 0.762720
vt 0.280956 0.970993
vt 0.282961 0.970963
vt 0.282961 0.976513
vt 0.280955 0.976513
vt 0.970510 0.619645
vt 0.968505 0.619645
vt 0.968505 0.617214
vt 0.970510 0.616076
vt 0.970510 0.624866
vt 0.968505 0.624866
vt 0.588019 0.824865
vt 0.588019 0.762720
vt 0.587984 0.577507
vt 0.589990 0.577507
vt 0.589990 0.639630
vt 0.587984 0.639630
vt 0.282594 0.813511
vt 0.282144 0.751366
vt 0.287814 0.751366
vt 0.287814 0.813511
vt 0.215351 0.966039
vt 0.215351 0.971709
vt 0.213346 0.971710
vt 0.213346 0.966040
vt 0.279024 0.813511
vt 0.282107 0.741819
vt 0.744345 0.955552
vt 0.746351 0.955552
vt 0.746351 0.965095
vt 0.744345 0.965095
vt 0.587928 0.665162
vt 0.589933 0.665162
vt 0.589933 0.667594
vt 0.587928 0.667594
vt 0.008866 0.869191
vt 0.008866 0.846828
vt 0.010872 0.846828
vt 0.010872 0.869191
vt 0.558834 0.734812
vt 0.559423 0.757168
vt 0.556991 0.757168
vt 0.554057 0.732719
vt 0.300557 0.970199
vt 0.300553 0.965420
vt 0.302559 0.965420
vt 0.302562 0.970199
vt 0.725406 0.833861
vt 0.720629 0.835954
vt 0.723563 0.811505
vt 0.725995 0.811505
vt 0.665739 0.261618
vt 0.665739 0.259186
vt 0.667743 0.259186
vt 0.667743 0.261618
vt 0.718158 0.811505
vt 0.718158 0.805953
vt 0.723563 0.805953
vt 0.714086 0.835954
vt 0.973206 0.913779
vt 0.973207 0.908258
vt 0.975212 0.908258
vt 0.975212 0.913809
vt 0.551586 0.757168
vt 0.547514 0.732719
vt 0.555854 0.762720
vt 0.551586 0.762720
vt 0.551586 0.824865
vt 0.555854 0.824865
vt 0.213346 0.960819
vt 0.213346 0.957250
vt 0.215351 0.958387
vt 0.215351 0.960819
vt 0.559423 0.762720
vt 0.558973 0.824865
vt 0.554111 0.835775
vt 0.550056 0.835775
vt 0.558936 0.834412
vt 0.541803 0.833643
vt 0.541267 0.824865
vt 0.541267 0.762720
vt 0.658566 0.593937
vt 0.658566 0.585157
vt 0.660572 0.585157
vt 0.660572 0.593937
vt 0.660572 0.656082
vt 0.658566 0.656082
vt 0.718158 0.743808
vt 0.707839 0.805953
vt 0.707839 0.743808
vt 0.708374 0.735030
vt 0.716628 0.732899
vt 0.658566 0.661634
vt 0.660572 0.661634
vt 0.707839 0.811505
vt 0.723563 0.743808
vt 0.708596 0.833861
vt 0.658566 0.683987
vt 0.660572 0.683987
vt 0.541267 0.757168
vt 0.542024 0.734813
vt 0.300553 0.958877
vt 0.300557 0.953388
vt 0.302562 0.953388
vt 0.302559 0.958877
vt 0.781684 0.937570
vt 0.781642 0.929298
vt 0.783647 0.929299
vt 0.783689 0.937572
vt 0.720683 0.732899
vt 0.781646 0.925243
vt 0.783651 0.925245
vt 0.725545 0.743808
vt 0.725508 0.734261
vt 0.781684 0.920430
vt 0.783689 0.920432
vt 0.931797 0.085375
vt 0.931797 0.094918
vt 0.929792 0.094918
vt 0.929792 0.085375
vt 0.725995 0.805953
vt 0.731215 0.743808
vt 0.731215 0.805953
vt 0.638907 0.200112
vt 0.636902 0.200112
vt 0.636902 0.194442
vt 0.638907 0.194442
vt 0.215351 0.966039
vt 0.213346 0.966039
vt 0.130213 0.683863
vt 0.130213 0.621739
vt 0.132218 0.621739
vt 0.132218 0.683863
vt 0.564643 0.762720
vt 0.564643 0.824865
vt 0.993422 0.730784
vt 0.993422 0.723181
vt 0.994201 0.723179
vt 0.994201 0.730782
vt 0.994990 0.723180
vt 0.994990 0.730784
vt 0.174406 0.602532
vt 0.173594 0.602532
vt 0.173642 0.602352
vt 0.174358 0.602352
vt 0.175109 0.602126
vt 0.174978 0.601994
vt 0.173023 0.601994
vt 0.172665 0.601374
vt 0.172665 0.600659
vt 0.173023 0.600039
vt 0.173642 0.599681
vt 0.174358 0.599681
vt 0.174978 0.600039
vt 0.175336 0.600659
vt 0.175336 0.601374
vt 0.175516 0.601422
vt 0.175516 0.600610
vt 0.271223 0.988424
vt 0.271223 0.996028
vt 0.270647 0.996028
vt 0.270647 0.988424
vt 0.272008 0.988423
vt 0.272008 0.996027
vt 0.272792 0.988424
vt 0.272792 0.996028
vt 0.175109 0.599907
vt 0.936292 0.622930
vt 0.936292 0.615326
vt 0.936865 0.615325
vt 0.936865 0.622929
vt 0.174406 0.599501
vt 0.173594 0.599501
vt 0.172891 0.599907
vt 0.935508 0.622930
vt 0.935508 0.615326
vt 0.934723 0.622930
vt 0.934723 0.615326
vt 0.934148 0.622929
vt 0.934148 0.615325
vt 0.172485 0.600610
vt 0.562434 0.381287
vt 0.562434 0.388891
vt 0.561651 0.388891
vt 0.561651 0.381288
vt 0.172485 0.601422
vt 0.172891 0.602126
vt 0.563219 0.381288
vt 0.563219 0.388891
vt 0.995578 0.723185
vt 0.995578 0.730789
vt 0.994201 0.723172
vt 0.994201 0.715568
vt 0.994990 0.715570
vt 0.994990 0.723174
vt 0.993422 0.723174
vt 0.993422 0.715570
vt 0.556754 0.386901
vt 0.557160 0.386197
vt 0.557317 0.386355
vt 0.556968 0.386958
vt 0.557863 0.385791
vt 0.557920 0.386006
vt 0.558617 0.386006
vt 0.559221 0.386355
vt 0.559570 0.386958
vt 0.559570 0.387655
vt 0.559221 0.388259
vt 0.558617 0.388607
vt 0.557920 0.388607
vt 0.557317 0.388259
vt 0.556968 0.387655
vt 0.556754 0.387713
vt 0.557160 0.388416
vt 0.898450 0.988366
vt 0.898450 0.995970
vt 0.897874 0.995971
vt 0.897874 0.988367
vt 0.899235 0.988366
vt 0.899235 0.995970
vt 0.900019 0.988366
vt 0.900019 0.995970
vt 0.557863 0.388822
vt 0.095084 0.980422
vt 0.095084 0.988026
vt 0.094511 0.988027
vt 0.094511 0.980423
vt 0.558675 0.388822
vt 0.559378 0.388416
vt 0.559784 0.387713
vt 0.095868 0.980422
vt 0.095868 0.988026
vt 0.096653 0.980422
vt 0.096653 0.988026
vt 0.097228 0.980423
vt 0.097228 0.988027
vt 0.559784 0.386901
vt 0.954012 0.052540
vt 0.954012 0.060144
vt 0.953229 0.060144
vt 0.953229 0.052540
vt 0.559378 0.386197
vt 0.558675 0.385791
vt 0.954797 0.052540
vt 0.954797 0.060144
vt 0.995578 0.715575
vt 0.995578 0.723179
vt 0.809798 0.991893
vt 0.809798 0.984094
vt 0.811531 0.984094
vt 0.811531 0.991893
vt 0.811531 0.994289
vt 0.809798 0.994289
vt 0.298387 0.973821
vt 0.288962 0.973821
vt 0.288962 0.971426
vt 0.298387 0.971426
vt 0.298387 0.981621
vt 0.288962 0.981621
vt 0.809798 0.981698
vt 0.811531 0.981698
vt 0.298387 0.984016
vt 0.288962 0.984016
vt 0.053996 0.984356
vt 0.053996 0.992155
vt 0.052263 0.992155
vt 0.052263 0.984357
vt 0.053996 0.994551
vt 0.052263 0.994551
vt 0.689809 0.945680
vt 0.689809 0.955102
vt 0.688076 0.955102
vt 0.688076 0.945680
vt 0.935527 0.976573
vt 0.935527 0.985997
vt 0.933131 0.985997
vt 0.933131 0.976573
vt 0.039106 0.984010
vt 0.039106 0.993432
vt 0.034583 0.993432
vt 0.034583 0.984010
vt 0.047742 0.992156
vt 0.047742 0.984358
vt 0.052263 0.981961
vt 0.053996 0.981960
vt 0.321894 0.976161
vt 0.321894 0.985585
vt 0.319498 0.985585
vt 0.319498 0.976161
vt 0.725797 0.989534
vt 0.725797 0.980109
vt 0.730320 0.980109
vt 0.530507 0.614768
vt 0.522708 0.614768
vt 0.522708 0.605343
vt 0.530507 0.605343
vt 0.805275 0.991893
vt 0.805275 0.984094
vt 0.661981 0.930752
vt 0.661981 0.921327
vt 0.663714 0.921327
vt 0.663714 0.930752
vt 0.104845 0.983900
vt 0.104845 0.991699
vt 0.103112 0.991699
vt 0.103112 0.983900
vt 0.103112 0.981504
vt 0.104845 0.981504
vt 0.044007 0.973815
vt 0.034583 0.973815
vt 0.034583 0.971419
vt 0.044007 0.971419
vt 0.044007 0.981614
vt 0.034583 0.981614
vt 0.104845 0.994094
vt 0.103112 0.994094
vt 0.044007 0.984010
vt 0.034583 0.984010
vt 0.994296 0.677757
vt 0.994296 0.685556
vt 0.992564 0.685557
vt 0.992564 0.677758
vt 0.994296 0.687952
vt 0.992564 0.687952
vt 0.264257 0.946650
vt 0.264257 0.956072
vt 0.262524 0.956072
vt 0.262524 0.946650
vt 0.900270 0.978941
vt 0.900270 0.988366
vt 0.897874 0.988366
vt 0.897874 0.978941
vt 0.293485 0.984016
vt 0.293485 0.993438
vt 0.288962 0.993438
vt 0.288962 0.984016
vt 0.988042 0.685557
vt 0.988042 0.677759
vt 0.992564 0.675362
vt 0.994296 0.675362
vt 0.212236 0.926299
vt 0.212236 0.916874
vt 0.214632 0.916874
vt 0.214632 0.926299
vt 0.988804 0.163790
vt 0.988804 0.154365
vt 0.993327 0.154365
vt 0.993327 0.163790
vt 0.985297 0.222491
vt 0.977498 0.222491
vt 0.977498 0.213066
vt 0.985297 0.213066
vt 0.109368 0.983900
vt 0.109368 0.991699
vt 0.355163 0.860452
vt 0.355163 0.869877
vt 0.353430 0.869877
vt 0.353430 0.860452
vt 0.068482 0.983560
vt 0.068482 0.980966
vt 0.070665 0.980966
vt 0.070665 0.983560
vt 0.775263 0.737757
vt 0.775263 0.489067
vt 0.777446 0.489067
vt 0.777446 0.736226
vt 0.777446 0.737757
vt 0.068482 0.966260
vt 0.070665 0.966260
vt 0.068482 0.963667
vt 0.070665 0.963667
vt 0.881500 0.227378
vt 0.881500 0.474453
vt 0.879317 0.474453
vt 0.879317 0.225849
vt 0.881500 0.225849
vt 0.065964 0.966260
vt 0.065964 0.963667
vt 0.876798 0.474453
vt 0.876798 0.225849
vt 0.524228 0.966378
vt 0.524228 0.963785
vt 0.526746 0.963784
vt 0.526746 0.966377
vt 0.522046 0.963785
vt 0.522046 0.966378
vt 0.753117 0.128180
vt 0.767823 0.128181
vt 0.767823 0.376871
vt 0.753117 0.376870
vt 0.592508 0.577507
vt 0.592508 0.826197
vt 0.589990 0.826197
vt 0.589990 0.577507
vt 0.524228 0.981083
vt 0.522046 0.981084
vt 0.561315 0.385791
vt 0.561315 0.388385
vt 0.559784 0.388385
vt 0.559784 0.385791
vt 0.669274 0.261779
vt 0.669274 0.259186
vt 0.670804 0.259186
vt 0.670804 0.261779
vt 0.522046 0.983677
vt 0.524228 0.983677
vt 0.772745 0.737757
vt 0.772745 0.489067
vt 0.526746 0.981083
vt 0.526746 0.983676
vt 0.770227 0.489067
vt 0.770227 0.737757
vt 0.529263 0.981082
vt 0.529263 0.983675
vt 0.891277 0.529149
vt 0.893870 0.529149
vt 0.893870 0.777839
vt 0.891277 0.777839
vt 0.526746 0.977675
vt 0.529263 0.977674
vt 0.887869 0.777839
vt 0.887869 0.529149
vt 0.063446 0.983560
vt 0.063446 0.980966
vt 0.065964 0.980966
vt 0.065964 0.983560
vt 0.063446 0.977558
vt 0.065964 0.977558
vt 0.944705 0.472067
vt 0.942186 0.472067
vt 0.942186 0.223462
vt 0.944704 0.223462
vt 0.134402 0.522909
vt 0.137811 0.522909
vt 0.137811 0.771599
vt 0.134402 0.771599
vt 0.947223 0.223462
vt 0.947223 0.472067
vt 0.944705 0.472067
vt 0.944705 0.223462
vt 0.923740 0.472151
vt 0.920332 0.472152
vt 0.920332 0.223462
vt 0.923740 0.223462
vt 0.529263 0.966377
vt 0.529263 0.969785
vt 0.526746 0.969785
vt 0.529263 0.963783
vt 0.063446 0.966260
vt 0.063446 0.963667
vt 0.065964 0.969669
vt 0.063446 0.969669
vt 0.890095 0.225849
vt 0.890095 0.474538
vt 0.887501 0.474538
vt 0.893503 0.225849
vt 0.893503 0.474539
vt 0.942186 0.472152
vt 0.939668 0.472152
vt 0.939668 0.223462
vt 0.942186 0.223462
vt 0.874280 0.474453
vt 0.874280 0.225849
vt 0.175516 0.601422
vt 0.175695 0.601374
vt 0.176053 0.601994
vt 0.175922 0.602126
vt 0.095851 0.995630
vt 0.095072 0.995632
vt 0.095072 0.988029
vt 0.095851 0.988027
vt 0.096640 0.995632
vt 0.096640 0.988029
vt 0.175516 0.600610
vt 0.175695 0.600659
vt 0.175922 0.599907
vt 0.176053 0.600039
vt 0.097228 0.995637
vt 0.097228 0.988034
vt 0.176673 0.599681
vt 0.177389 0.599681
vt 0.178008 0.600039
vt 0.178366 0.600659
vt 0.178366 0.601374
vt 0.178009 0.601994
vt 0.177389 0.602352
vt 0.176673 0.602352
vt 0.176625 0.599501
vt 0.177437 0.599501
vt 0.301044 0.835622
vt 0.301827 0.835621
vt 0.301827 0.843225
vt 0.301044 0.843226
vt 0.302612 0.835622
vt 0.302612 0.843226
vt 0.549027 0.980371
vt 0.549602 0.980372
vt 0.549602 0.987976
vt 0.549027 0.987975
vt 0.548242 0.980371
vt 0.548242 0.987975
vt 0.547458 0.980371
vt 0.547458 0.987975
vt 0.546885 0.980372
vt 0.546885 0.987976
vt 0.995163 0.429398
vt 0.995947 0.429398
vt 0.995947 0.437002
vt 0.995163 0.437002
vt 0.994378 0.429398
vt 0.994378 0.437002
vt 0.993802 0.429399
vt 0.993802 0.437002
vt 0.176625 0.602532
vt 0.177437 0.602532
vt 0.178140 0.602126
vt 0.178546 0.601422
vt 0.178546 0.600610
vt 0.178140 0.599907
vt 0.553723 0.387713
vt 0.553938 0.387655
vt 0.554286 0.388259
vt 0.554129 0.388416
vt 0.676517 0.995814
vt 0.675728 0.995812
vt 0.675728 0.988209
vt 0.676517 0.988210
vt 0.674949 0.995814
vt 0.674949 0.988211
vt 0.554890 0.388607
vt 0.554832 0.388822
vt 0.553938 0.386958
vt 0.554286 0.386355
vt 0.554890 0.386006
vt 0.555587 0.386006
vt 0.556190 0.386355
vt 0.556539 0.386958
vt 0.556539 0.387655
vt 0.556190 0.388259
vt 0.555587 0.388607
vt 0.555644 0.388822
vt 0.556348 0.388416
vt 0.744089 0.988336
vt 0.744665 0.988335
vt 0.744665 0.995939
vt 0.744089 0.995939
vt 0.745450 0.988335
vt 0.745450 0.995939
vt 0.746234 0.988335
vt 0.746234 0.995939
vt 0.556754 0.387713
vt 0.788837 0.981760
vt 0.789411 0.981759
vt 0.789411 0.989363
vt 0.788837 0.989364
vt 0.556348 0.386197
vt 0.555644 0.385791
vt 0.790195 0.981759
vt 0.790195 0.989363
vt 0.790979 0.981759
vt 0.790979 0.989363
vt 0.791554 0.981760
vt 0.791554 0.989364
vt 0.554832 0.385791
vt 0.572125 0.953173
vt 0.572909 0.953172
vt 0.572909 0.960776
vt 0.572125 0.960776
vt 0.554129 0.386198
vt 0.553723 0.386901
vt 0.573694 0.953173
vt 0.573694 0.960776
vt 0.677105 0.995819
vt 0.677105 0.988216
vt 0.768875 0.974015
vt 0.768875 0.971619
vt 0.778300 0.971619
vt 0.778300 0.974015
vt 0.973913 0.117487
vt 0.973913 0.115091
vt 0.975646 0.115091
vt 0.975646 0.117487
vt 0.975646 0.125286
vt 0.973913 0.125286
vt 0.778300 0.981814
vt 0.768875 0.981814
vt 0.778300 0.984210
vt 0.768875 0.984210
vt 0.975646 0.127682
vt 0.973913 0.127682
vt 0.857157 0.992211
vt 0.857157 0.994607
vt 0.855425 0.994607
vt 0.855425 0.992212
vt 0.855425 0.984413
vt 0.857157 0.984412
vt 0.805213 0.985209
vt 0.802818 0.985209
vt 0.802818 0.975785
vt 0.805213 0.975784
vt 0.643115 0.984002
vt 0.647639 0.984002
vt 0.647639 0.993423
vt 0.643115 0.993423
vt 0.861679 0.984412
vt 0.861679 0.992210
vt 0.226754 0.976859
vt 0.229149 0.976859
vt 0.229149 0.986284
vt 0.226754 0.986284
vt 0.855425 0.982017
vt 0.857157 0.982017
vt 0.718686 0.983903
vt 0.723209 0.983903
vt 0.723209 0.993328
vt 0.718686 0.993328
vt 0.439822 0.991565
vt 0.439822 0.982141
vt 0.447621 0.982141
vt 0.447621 0.991565
vt 0.969390 0.117487
vt 0.969390 0.125286
vt 0.353430 0.841603
vt 0.355163 0.841603
vt 0.355163 0.851028
vt 0.353430 0.851028
vt 0.663714 0.940173
vt 0.661981 0.940173
vt 0.661981 0.930752
vt 0.663714 0.930752
vt 0.967368 0.721975
vt 0.967368 0.719579
vt 0.976793 0.719579
vt 0.976793 0.721975
vt 0.925466 0.983772
vt 0.925466 0.981376
vt 0.927199 0.981376
vt 0.927199 0.983772
vt 0.927199 0.991571
vt 0.925466 0.991571
vt 0.976793 0.729774
vt 0.967368 0.729774
vt 0.976793 0.732170
vt 0.967368 0.732170
vt 0.927199 0.993967
vt 0.925466 0.993967
vt 0.057326 0.992155
vt 0.057326 0.994551
vt 0.055594 0.994551
vt 0.055594 0.992155
vt 0.055594 0.984357
vt 0.057326 0.984356
vt 0.987693 0.222491
vt 0.985297 0.222491
vt 0.985297 0.213066
vt 0.987693 0.213066
vt 0.043629 0.993432
vt 0.039106 0.993432
vt 0.039106 0.984010
vt 0.043629 0.984010
vt 0.061848 0.984355
vt 0.061848 0.992154
vt 0.986244 0.512067
vt 0.988640 0.512067
vt 0.988640 0.521491
vt 0.986244 0.521491
vt 0.055594 0.981961
vt 0.057326 0.981960
vt 0.439734 0.991151
vt 0.435211 0.991151
vt 0.435211 0.981727
vt 0.439734 0.981727
vt 0.978445 0.521491
vt 0.978445 0.512067
vt 0.920942 0.983772
vt 0.920942 0.991571
vt 0.355163 0.860452
vt 0.353430 0.860452
vt 0.355163 0.851028
vt 0.663714 0.949595
vt 0.661981 0.949595
vt 0.661981 0.940173
vt 0.663714 0.940173
vt 0.864877 0.225849
vt 0.867060 0.225849
vt 0.867060 0.227379
vt 0.867060 0.474538
vt 0.864877 0.474538
vt 0.694845 0.963751
vt 0.697029 0.963751
vt 0.697029 0.966344
vt 0.694845 0.966344
vt 0.694845 0.981050
vt 0.697029 0.981050
vt 0.694845 0.983643
vt 0.697029 0.983643
vt 0.867060 0.227378
vt 0.867060 0.225849
vt 0.869243 0.225849
vt 0.869243 0.474453
vt 0.867060 0.474453
vt 0.669274 0.261779
vt 0.667743 0.261779
vt 0.704246 0.963751
vt 0.704246 0.966344
vt 0.702064 0.966344
vt 0.702064 0.963751
vt 0.704246 0.981049
vt 0.702064 0.981050
vt 0.704246 0.983643
vt 0.702064 0.983643
vt 0.672334 0.261779
vt 0.670804 0.259186
vt 0.672334 0.259186
vt 0.699546 0.983644
vt 0.699546 0.981050
vt 0.862359 0.474538
vt 0.862359 0.225849
vt 0.859840 0.474538
vt 0.859840 0.225849
vt 0.697029 0.983644
vt 0.697029 0.981051
vt 0.884093 0.225849
vt 0.884093 0.474538
vt 0.881500 0.474538
vt 0.881500 0.225849
vt 0.697029 0.977643
vt 0.699546 0.977642
vt 0.887501 0.474538
vt 0.942186 0.720757
vt 0.942186 0.472152
vt 0.944704 0.472152
vt 0.944705 0.720757
vt 0.689809 0.966344
vt 0.692327 0.966344
vt 0.692327 0.969752
vt 0.689809 0.969752
vt 0.927148 0.223462
vt 0.927148 0.472152
vt 0.923740 0.472152
vt 0.923740 0.223462
vt 0.944705 0.472067
vt 0.947223 0.472067
vt 0.947223 0.720671
vt 0.944705 0.720671
vt 0.692327 0.963751
vt 0.689809 0.963751
vt 0.761075 0.385972
vt 0.761075 0.634662
vt 0.746369 0.634662
vt 0.746369 0.385972
vt 0.699546 0.966345
vt 0.699546 0.963752
vt 0.937149 0.472152
vt 0.937149 0.223462
vt 0.871761 0.225849
vt 0.871761 0.474453
vt 0.874280 0.225849
vt 0.874280 0.474453
vt 0.697029 0.963752
vt 0.697029 0.966346
vt 0.881867 0.777839
vt 0.881867 0.529149
vt 0.884461 0.529149
vt 0.884461 0.777839
vt 0.699546 0.969753
vt 0.697029 0.969754
vt 0.887869 0.529149
vt 0.887869 0.777839
vt 0.692327 0.983643
vt 0.689809 0.983643
vt 0.689809 0.981050
vt 0.692327 0.981050
vt 0.689809 0.977642
vt 0.692327 0.977642
vt 0.663714 0.585157
vt 0.663714 0.833847
vt 0.661195 0.833847
vt 0.661195 0.585157
vt 0.927148 0.472152
vt 0.927148 0.223462
vt 0.930556 0.223462
vt 0.930556 0.472152
vt 0.939536 0.617668
vt 0.939535 0.620010
vt 0.939361 0.620010
vt 0.939363 0.617668
vt 0.941757 0.617668
vt 0.941756 0.620010
vt 0.941756 0.615325
vt 0.939535 0.615325
vt 0.939361 0.615325
vt 0.529390 0.666080
vt 0.529390 0.663545
vt 0.530061 0.663823
vt 0.530061 0.665802
vt 0.531183 0.661752
vt 0.531461 0.662423
vt 0.532451 0.664813
vt 0.531461 0.667202
vt 0.533441 0.667202
vt 0.534841 0.665802
vt 0.534841 0.663823
vt 0.533441 0.662423
vt 0.533814 0.661522
vt 0.535511 0.663545
vt 0.524288 0.943303
vt 0.524288 0.940958
vt 0.524462 0.940958
vt 0.524462 0.943303
vt 0.524288 0.945642
vt 0.524462 0.945642
vt 0.522067 0.943303
vt 0.522068 0.940958
vt 0.522068 0.945642
vt 0.521967 0.943303
vt 0.521967 0.940958
vt 0.521967 0.945642
vt 0.941858 0.617668
vt 0.941856 0.620010
vt 0.987901 0.166656
vt 0.987901 0.165988
vt 0.991362 0.165988
vt 0.990244 0.167626
vt 0.991362 0.169969
vt 0.991214 0.169969
vt 0.991362 0.163951
vt 0.991756 0.163951
vt 0.991756 0.165988
vt 0.987901 0.163951
vt 0.992050 0.169969
vt 0.991756 0.173949
vt 0.991362 0.173949
vt 0.990244 0.172311
vt 0.991756 0.175986
vt 0.991362 0.175986
vt 0.987901 0.173949
vt 0.987901 0.175986
vt 0.987901 0.173281
vt 0.879229 0.778265
vt 0.879206 0.775914
vt 0.879307 0.775914
vt 0.879330 0.778265
vt 0.984441 0.173949
vt 0.985559 0.172311
vt 0.879229 0.773581
vt 0.879330 0.773581
vt 0.881550 0.773580
vt 0.881527 0.775914
vt 0.881550 0.778265
vt 0.881724 0.773580
vt 0.881700 0.775914
vt 0.881724 0.778265
vt 0.535511 0.666080
vt 0.533718 0.667873
vt 0.531183 0.667873
vt 0.950881 0.083069
vt 0.950880 0.085385
vt 0.950707 0.085385
vt 0.950707 0.083069
vt 0.950881 0.087752
vt 0.950707 0.087752
vt 0.953101 0.085385
vt 0.953102 0.087752
vt 0.953102 0.083069
vt 0.953202 0.085385
vt 0.953202 0.087752
vt 0.953202 0.083069
vt 0.984589 0.169969
vt 0.984441 0.169969
vt 0.984441 0.165988
vt 0.985559 0.167626
vt 0.983921 0.165988
vt 0.983564 0.169969
vt 0.983921 0.173949
vt 0.984441 0.163951
vt 0.983921 0.163951
vt 0.196111 0.698724
vt 0.196111 0.700761
vt 0.179423 0.700761
vt 0.179423 0.698724
vt 0.196111 0.694742
vt 0.179423 0.694742
vt 0.199632 0.699681
vt 0.199632 0.702209
vt 0.199632 0.694742
vt 0.196111 0.690763
vt 0.179423 0.690763
vt 0.199632 0.689805
vt 0.199632 0.687278
vt 0.196111 0.688725
vt 0.179423 0.688725
vt 0.203153 0.687359
vt 0.203153 0.694742
vt 0.203153 0.683579
vt 0.751987 0.979662
vt 0.751987 0.979143
vt 0.755676 0.979132
vt 0.755676 0.979651
vt 0.854905 0.961810
vt 0.855425 0.961810
vt 0.855424 0.965333
vt 0.854904 0.965333
vt 0.207474 0.670733
vt 0.207474 0.683580
vt 0.203153 0.670733
vt 0.202520 0.683580
vt 0.202520 0.670733
vt 0.600699 0.982888
vt 0.600699 0.982368
vt 0.601332 0.982145
vt 0.601332 0.982630
vt 0.207474 0.687360
vt 0.554544 0.299288
vt 0.554059 0.299288
vt 0.554059 0.295509
vt 0.554544 0.295509
vt 0.554059 0.282661
vt 0.554544 0.282661
vt 0.568893 0.985357
vt 0.568893 0.984871
vt 0.573215 0.984871
vt 0.573215 0.985357
vt 0.568893 0.981638
vt 0.573215 0.981638
vt 0.557777 0.282661
vt 0.557777 0.295509
vt 0.561010 0.282661
vt 0.561010 0.295509
vt 0.568893 0.978406
vt 0.573215 0.978406
vt 0.557777 0.299288
vt 0.561010 0.299288
vt 0.561377 0.299288
vt 0.561377 0.295509
vt 0.561378 0.282661
vt 0.787553 0.086474
vt 0.787553 0.090252
vt 0.783231 0.090245
vt 0.783231 0.086467
vt 0.783232 0.103095
vt 0.787553 0.103095
vt 0.568893 0.978038
vt 0.573215 0.978038
vt 0.568260 0.978406
vt 0.568260 0.978038
vt 0.782599 0.103095
vt 0.782599 0.090252
vt 0.562972 0.978405
vt 0.562972 0.978037
vt 0.302612 0.809927
vt 0.302612 0.822774
vt 0.300786 0.822774
vt 0.300786 0.809927
vt 0.562972 0.976210
vt 0.568260 0.976211
vt 0.137811 0.985948
vt 0.147787 0.985953
vt 0.147787 0.987779
vt 0.137811 0.987775
vt 0.137811 0.985580
vt 0.147787 0.985585
vt 0.619929 0.995103
vt 0.614642 0.994447
vt 0.616256 0.984478
vt 0.619929 0.982261
vt 0.605057 0.975330
vt 0.601332 0.975311
vt 0.601332 0.973484
vt 0.605057 0.973504
vt 0.137811 0.982347
vt 0.147787 0.982352
vt 0.568260 0.981638
vt 0.562972 0.981638
vt 0.605057 0.975698
vt 0.601332 0.975679
vt 0.605057 0.978931
vt 0.601332 0.978912
vt 0.605057 0.982164
vt 0.137811 0.979114
vt 0.147787 0.979119
vt 0.605057 0.982649
vt 0.137811 0.978629
vt 0.147787 0.978634
vt 0.568260 0.985357
vt 0.562972 0.985356
vt 0.562972 0.984871
vt 0.568260 0.984871
vt 0.568260 0.987184
vt 0.562972 0.987183
vt 0.588093 0.819711
vt 0.588093 0.806864
vt 0.589919 0.806864
vt 0.589919 0.819711
vt 0.829468 0.994969
vt 0.825795 0.992751
vt 0.824181 0.982779
vt 0.829468 0.982122
vt 0.605057 0.984476
vt 0.601332 0.984457
vt 0.137811 0.976802
vt 0.147787 0.976807
vt 0.600699 0.978908
vt 0.600699 0.975447
vt 0.751987 0.983123
vt 0.755676 0.983112
vt 0.751987 0.986583
vt 0.755676 0.986573
vt 0.751987 0.986977
vt 0.755676 0.986966
vt 0.600699 0.975054
vt 0.847590 0.961810
vt 0.847984 0.961810
vt 0.847983 0.965334
vt 0.847589 0.965334
vt 0.851445 0.961810
vt 0.851444 0.965333
vt 0.847984 0.982021
vt 0.847590 0.982021
vt 0.851445 0.982021
vt 0.854905 0.982021
vt 0.984441 0.175986
vt 0.983921 0.175986
vt 0.855425 0.982021
vt 0.779710 0.084021
vt 0.779710 0.086548
vt 0.776189 0.085101
vt 0.776189 0.083064
vt 0.759501 0.085101
vt 0.759501 0.083064
vt 0.779710 0.079077
vt 0.776189 0.079077
vt 0.759501 0.079078
vt 0.776189 0.075106
vt 0.759501 0.075106
vt 0.779710 0.074149
vt 0.779710 0.071622
vt 0.776189 0.073069
vt 0.759501 0.073070
vt 0.783231 0.071703
vt 0.783231 0.079077
vt 0.783231 0.067925
vt 0.954664 0.351092
vt 0.955057 0.351091
vt 0.955057 0.354800
vt 0.954664 0.354801
vt 0.812726 0.961457
vt 0.813120 0.961457
vt 0.813109 0.965012
vt 0.812716 0.965012
vt 0.783231 0.021515
vt 0.787553 0.021515
vt 0.787553 0.067931
vt 0.954300 0.304661
vt 0.954668 0.304660
vt 0.787553 0.071710
vt 0.561377 0.317837
vt 0.561010 0.317837
vt 0.561010 0.314057
vt 0.561377 0.314057
vt 0.561377 0.364269
vt 0.561009 0.364269
vt 0.561010 0.306673
vt 0.561651 0.306673
vt 0.787553 0.079085
vt 0.557777 0.306673
vt 0.557777 0.314057
vt 0.554544 0.314057
vt 0.554544 0.306673
vt 0.557777 0.317837
vt 0.554544 0.317837
vt 0.557776 0.364269
vt 0.554543 0.364269
vt 0.554058 0.317837
vt 0.554058 0.314057
vt 0.554058 0.364269
vt 0.554543 0.385791
vt 0.554058 0.385791
vt 0.557776 0.385791
vt 0.899846 0.617266
vt 0.900331 0.617266
vt 0.900331 0.621587
vt 0.899846 0.621586
vt 0.903564 0.617267
vt 0.903564 0.621587
vt 0.561009 0.385791
vt 0.906797 0.617267
vt 0.906797 0.621588
vt 0.903564 0.622600
vt 0.900331 0.622599
vt 0.906797 0.622600
vt 0.907164 0.621588
vt 0.907164 0.622600
vt 0.907164 0.617267
vt 0.782219 0.000000
vt 0.783231 0.000000
vt 0.782219 0.021515
vt 0.787553 0.000000
vt 0.561377 0.385791
vt 0.024037 0.946616
vt 0.024037 0.968139
vt 0.018111 0.958785
vt 0.018111 0.946616
vt 0.907164 0.624380
vt 0.913090 0.622602
vt 0.913090 0.624381
vt 0.906797 0.624380
vt 0.595565 0.946824
vt 0.574043 0.946824
vt 0.574043 0.940899
vt 0.586212 0.940899
vt 0.574043 0.947192
vt 0.595565 0.947192
vt 0.846531 0.982806
vt 0.844751 0.982806
vt 0.844751 0.982438
vt 0.846531 0.982438
vt 0.385418 0.838788
vt 0.387198 0.838789
vt 0.387198 0.848295
vt 0.385418 0.848294
vt 0.846531 0.986039
vt 0.844751 0.986039
vt 0.574043 0.950425
vt 0.595565 0.950425
vt 0.574043 0.953658
vt 0.595565 0.953658
vt 0.846531 0.989272
vt 0.844751 0.989272
vt 0.903564 0.624379
vt 0.900331 0.624379
vt 0.899846 0.622599
vt 0.899846 0.624379
vt 0.574043 0.954143
vt 0.595565 0.954143
vt 0.202140 0.752340
vt 0.202140 0.773863
vt 0.200360 0.773863
vt 0.200360 0.752340
vt 0.846531 0.989757
vt 0.844751 0.989757
vt 0.847544 0.989272
vt 0.847544 0.989757
vt 0.203153 0.752340
vt 0.203153 0.773863
vt 0.207474 0.773863
vt 0.207474 0.752340
vt 0.203153 0.705907
vt 0.207474 0.705908
vt 0.947349 0.304680
vt 0.947834 0.304679
vt 0.947742 0.351112
vt 0.947223 0.351113
vt 0.951067 0.304670
vt 0.951203 0.351102
vt 0.847544 0.986039
vt 0.847544 0.982806
vt 0.951203 0.354811
vt 0.947742 0.354821
vt 0.809266 0.961459
vt 0.809255 0.965013
vt 0.805805 0.961460
vt 0.805795 0.965015
vt 0.947223 0.354822
vt 0.805286 0.961460
vt 0.805275 0.965015
vt 0.805805 0.981698
vt 0.805286 0.981698
vt 0.809266 0.981696
vt 0.203153 0.702128
vt 0.812726 0.981695
vt 0.813120 0.981695
vt 0.847544 0.982438
vt 0.207474 0.702128
vt 0.207474 0.694743
vt 0.553723 0.306673
vt 0.946302 0.003838
vt 0.946302 0.002058
vt 0.951984 0.002317
vt 0.950726 0.003576
vt 0.574042 0.935216
vt 0.585359 0.935216
vt 0.955169 0.004502
vt 0.953389 0.004502
vt 0.574036 0.932025
vt 0.585353 0.932025
vt 0.917513 0.622863
vt 0.918772 0.624122
vt 0.920176 0.621939
vt 0.921956 0.621939
vt 0.920176 0.599184
vt 0.921956 0.599184
vt 0.082260 0.946125
vt 0.070947 0.946125
vt 0.070947 0.923364
vt 0.082260 0.923364
vt 0.921956 0.576430
vt 0.920176 0.576429
vt 0.082260 0.900603
vt 0.070947 0.900602
vt 0.793951 0.937489
vt 0.793958 0.934302
vt 0.805275 0.934302
vt 0.805268 0.937489
vt 0.918772 0.574245
vt 0.917513 0.575503
vt 0.953389 0.050024
vt 0.953389 0.027263
vt 0.955169 0.027263
vt 0.955169 0.050024
vt 0.950726 0.050950
vt 0.951984 0.052208
vt 0.946302 0.050690
vt 0.946302 0.052470
vt 0.793098 0.943171
vt 0.805267 0.943171
vt 0.353430 0.841602
vt 0.353430 0.832096
vt 0.355210 0.832097
vt 0.355210 0.841603
vt 0.783745 0.949097
vt 0.805267 0.949097
vt 0.907164 0.573982
vt 0.913090 0.573983
vt 0.913090 0.575763
vt 0.907164 0.575762
vt 0.338325 0.946628
vt 0.342749 0.946628
vt 0.342749 0.957945
vt 0.338325 0.958797
vt 0.332399 0.946628
vt 0.332399 0.968151
vt 0.766410 0.385972
vt 0.766410 0.407487
vt 0.765397 0.407487
vt 0.765397 0.385972
vt 0.906797 0.576774
vt 0.906797 0.575762
vt 0.907164 0.576774
vt 0.906797 0.573982
vt 0.903564 0.575761
vt 0.903564 0.573981
vt 0.903564 0.576773
vt 0.805267 0.949465
vt 0.783745 0.949465
vt 0.805267 0.952698
vt 0.783745 0.952698
vt 0.626270 0.982628
vt 0.626270 0.982261
vt 0.628050 0.982261
vt 0.628050 0.982628
vt 0.626270 0.985861
vt 0.628050 0.985861
vt 0.628050 0.989094
vt 0.626270 0.989094
vt 0.805267 0.955930
vt 0.783745 0.955930
vt 0.626270 0.989579
vt 0.628050 0.989579
vt 0.805267 0.956416
vt 0.783745 0.956416
vt 0.899846 0.575760
vt 0.899846 0.573980
vt 0.900331 0.573981
vt 0.900331 0.575760
vt 0.900331 0.576773
vt 0.899846 0.576773
vt 0.754167 0.021522
vt 0.752386 0.021522
vt 0.752386 0.000000
vt 0.754167 0.000000
vt 0.755179 0.000000
vt 0.755179 0.021522
vt 0.625257 0.989094
vt 0.625257 0.989579
vt 0.947433 0.404966
vt 0.947223 0.358533
vt 0.947742 0.358534
vt 0.947918 0.404966
vt 0.759501 0.021522
vt 0.759501 0.067955
vt 0.755179 0.067956
vt 0.759501 0.000000
vt 0.951203 0.358537
vt 0.951151 0.404969
vt 0.625257 0.985861
vt 0.625257 0.982628
vt 0.954664 0.358541
vt 0.954384 0.404973
vt 0.955057 0.358541
vt 0.954752 0.404973
vt 0.625257 0.982261
vt 0.765397 0.453897
vt 0.761075 0.453904
vt 0.761075 0.407487
vt 0.761075 0.385972
vt 0.532286 0.593246
vt 0.532654 0.593246
vt 0.532654 0.614769
vt 0.532286 0.614769
vt 0.532654 0.546814
vt 0.532286 0.546814
vt 0.907164 0.581095
vt 0.906797 0.581095
vt 0.535887 0.593246
vt 0.535887 0.614769
vt 0.903564 0.581094
vt 0.900331 0.581093
vt 0.539120 0.593246
vt 0.539120 0.614769
vt 0.539120 0.546814
vt 0.535887 0.546814
vt 0.539605 0.593246
vt 0.539605 0.614769
vt 0.539605 0.546814
vt 0.539120 0.543034
vt 0.539605 0.543034
vt 0.535887 0.543034
vt 0.535887 0.535650
vt 0.539119 0.535650
vt 0.539940 0.535650
vt 0.539119 0.528265
vt 0.539605 0.528265
vt 0.535886 0.528265
vt 0.759501 0.079120
vt 0.759501 0.086503
vt 0.755179 0.086504
vt 0.755179 0.079121
vt 0.755179 0.071735
vt 0.759501 0.071734
vt 0.751658 0.084058
vt 0.751658 0.079121
vt 0.751658 0.074182
vt 0.759501 0.090283
vt 0.755179 0.090284
vt 0.751658 0.086585
vt 0.748137 0.085137
vt 0.748137 0.083100
vt 0.748137 0.079121
vt 0.731449 0.083100
vt 0.731449 0.079121
vt 0.731449 0.085137
vt 0.731449 0.075139
vt 0.748137 0.075139
vt 0.748137 0.073102
vt 0.751658 0.071654
vt 0.731449 0.073102
vt 0.263508 0.708801
vt 0.263508 0.710838
vt 0.262989 0.710838
vt 0.262989 0.708801
vt 0.263865 0.714819
vt 0.262989 0.714819
vt 0.259528 0.710838
vt 0.259528 0.708801
vt 0.262841 0.714819
vt 0.261871 0.712476
vt 0.259528 0.711506
vt 0.953202 0.085385
vt 0.953303 0.085385
vt 0.953304 0.087752
vt 0.953203 0.087752
vt 0.939261 0.620010
vt 0.939259 0.617667
vt 0.939360 0.617667
vt 0.953203 0.083069
vt 0.953304 0.083069
vt 0.261871 0.717161
vt 0.262989 0.718799
vt 0.862180 0.817778
vt 0.862080 0.817778
vt 0.862103 0.815445
vt 0.862203 0.815445
vt 0.259528 0.718131
vt 0.259528 0.718799
vt 0.262989 0.720836
vt 0.259528 0.720836
vt 0.263508 0.718799
vt 0.263508 0.720836
vt 0.256068 0.720836
vt 0.256068 0.718799
vt 0.257186 0.717161
vt 0.255674 0.720836
vt 0.255674 0.718799
vt 0.256068 0.714819
vt 0.255379 0.714819
vt 0.256216 0.714819
vt 0.697853 0.943096
vt 0.697954 0.943096
vt 0.697954 0.945441
vt 0.697853 0.945441
vt 0.862203 0.820129
vt 0.862103 0.820129
vt 0.697853 0.940756
vt 0.697954 0.940756
vt 0.257186 0.712476
vt 0.256068 0.710838
vt 0.939261 0.615325
vt 0.256068 0.708801
vt 0.255674 0.710838
vt 0.255674 0.708801
vt 0.772439 0.459041
vt 0.789127 0.459041
vt 0.789127 0.461078
vt 0.772439 0.461078
vt 0.789127 0.465049
vt 0.772439 0.465049
vt 0.789127 0.469036
vt 0.772439 0.469036
vt 0.768918 0.465049
vt 0.768918 0.469993
vt 0.768918 0.460121
vt 0.765397 0.457675
vt 0.765397 0.465049
vt 0.765397 0.472439
vt 0.768918 0.457594
vt 0.761075 0.457682
vt 0.761075 0.465057
vt 0.532286 0.543034
vt 0.532654 0.543034
vt 0.532013 0.535650
vt 0.532654 0.535650
vt 0.761075 0.472446
vt 0.532286 0.528265
vt 0.532654 0.528265
vt 0.532654 0.524486
vt 0.535886 0.524486
vt 0.532286 0.524486
vt 0.539119 0.524486
vt 0.539119 0.511639
vt 0.535886 0.511639
vt 0.532653 0.511639
vt 0.473179 0.982072
vt 0.473179 0.978839
vt 0.477501 0.978839
vt 0.477501 0.982072
vt 0.477501 0.985305
vt 0.473179 0.985305
vt 0.539605 0.524486
vt 0.539604 0.511639
vt 0.473179 0.978354
vt 0.477501 0.978354
vt 0.472546 0.982072
vt 0.472546 0.978839
vt 0.472546 0.978354
vt 0.755179 0.103130
vt 0.754546 0.103130
vt 0.754546 0.090283
vt 0.759501 0.103130
vt 0.467260 0.978840
vt 0.467260 0.978355
vt 0.467260 0.976528
vt 0.472546 0.976527
vt 0.300786 0.797080
vt 0.302612 0.809927
vt 0.300786 0.809927
vt 0.400921 0.982212
vt 0.402505 0.994961
vt 0.397177 0.994961
vt 0.397549 0.984866
vt 0.717817 0.978663
vt 0.707839 0.978665
vt 0.707839 0.976838
vt 0.717817 0.976836
vt 0.271280 0.979278
vt 0.271280 0.977451
vt 0.274899 0.977430
vt 0.274899 0.979257
vt 0.271280 0.979763
vt 0.274899 0.979742
vt 0.717817 0.979148
vt 0.707839 0.979150
vt 0.274899 0.982975
vt 0.271280 0.982996
vt 0.707839 0.982383
vt 0.717817 0.982381
vt 0.467260 0.982073
vt 0.717817 0.985614
vt 0.707839 0.985616
vt 0.472546 0.985305
vt 0.467260 0.985306
vt 0.472546 0.985673
vt 0.467260 0.985674
vt 0.473179 0.985673
vt 0.477501 0.985673
vt 0.765397 0.489067
vt 0.761075 0.489067
vt 0.761075 0.476224
vt 0.765397 0.476217
vt 0.766030 0.476224
vt 0.766030 0.489067
vt 0.270647 0.986461
vt 0.271280 0.986229
vt 0.271280 0.986597
vt 0.270647 0.986854
vt 0.960799 0.980009
vt 0.964486 0.980013
vt 0.964486 0.980407
vt 0.960799 0.980403
vt 0.768918 0.472520
vt 0.532286 0.511639
vt 0.855426 0.982016
vt 0.855425 0.978498
vt 0.855819 0.978498
vt 0.855819 0.982016
vt 0.772439 0.471073
vt 0.859279 0.978498
vt 0.859280 0.982017
vt 0.964486 0.983867
vt 0.960799 0.983863
vt 0.964486 0.987328
vt 0.960800 0.987324
vt 0.862740 0.978498
vt 0.862741 0.982017
vt 0.855819 0.961810
vt 0.859280 0.961810
vt 0.862741 0.961810
vt 0.863259 0.978498
vt 0.863260 0.982017
vt 0.863260 0.961810
vt 0.964486 0.987847
vt 0.960799 0.987843
vt 0.270647 0.979020
vt 0.270647 0.979540
vt 0.270647 0.983000
vt 0.274899 0.986208
vt 0.274899 0.986576
vt 0.707839 0.985983
vt 0.717817 0.985982
vt 0.717817 0.987809
vt 0.707839 0.987810
vt 0.274899 0.988403
vt 0.271280 0.988423
vt 0.472546 0.987500
vt 0.467260 0.987501
vt 0.619929 0.995005
vt 0.621513 0.982261
vt 0.624885 0.984914
vt 0.625257 0.995005
vt 0.302612 0.835621
vt 0.300786 0.835621
vt 0.302612 0.822774
vt 0.855426 0.961810
vt 0.789127 0.471072
vt 0.982157 0.279072
vt 0.982147 0.275587
vt 0.982540 0.275587
vt 0.982551 0.279072
vt 0.954664 0.354830
vt 0.955057 0.354830
vt 0.978697 0.279069
vt 0.978686 0.275584
vt 0.951203 0.354826
vt 0.947742 0.354823
vt 0.975236 0.279066
vt 0.975226 0.275581
vt 0.974717 0.279066
vt 0.974706 0.275580
vt 0.975236 0.258897
vt 0.978697 0.258900
vt 0.974717 0.258897
vt 0.982157 0.258903
vt 0.982551 0.258904
vt 0.937038 0.617667
vt 0.937040 0.615325
vt 0.700175 0.940756
vt 0.700175 0.943095
vt 0.936865 0.617667
vt 0.936867 0.615325
vt 0.700348 0.940756
vt 0.700348 0.943095
vt 0.523269 0.665850
vt 0.523940 0.665572
vt 0.525340 0.666972
vt 0.524967 0.667873
vt 0.523269 0.663314
vt 0.523940 0.663592
vt 0.526330 0.664582
vt 0.525340 0.662192
vt 0.527320 0.662192
vt 0.528720 0.663592
vt 0.528720 0.665572
vt 0.527320 0.666972
vt 0.527597 0.667642
vt 0.529390 0.665850
vt 0.700348 0.945441
vt 0.700175 0.945441
vt 0.859882 0.820130
vt 0.859709 0.820130
vt 0.859686 0.817779
vt 0.859859 0.817778
vt 0.859709 0.815445
vt 0.859882 0.815445
vt 0.529390 0.663314
vt 0.955525 0.083069
vt 0.955698 0.083069
vt 0.955697 0.085384
vt 0.955524 0.085385
vt 0.527598 0.661522
vt 0.955698 0.087752
vt 0.955525 0.087752
vt 0.525062 0.661522
vt 0.937040 0.620010
vt 0.936867 0.620010
vt 0.899846 0.581093
vt 0.345409 0.946630
vt 0.345409 0.957947
vt 0.925793 0.669904
vt 0.925793 0.647143
vt 0.937110 0.647143
vt 0.937110 0.669904
vt 0.925793 0.624381
vt 0.937110 0.624381
vt 0.013687 0.946616
vt 0.013687 0.957932
vt 0.011025 0.957936
vt 0.011025 0.946619
vt 0.941856 0.615325
vt 0.924265 0.707806
vt 0.924265 0.687150
vt 0.925793 0.687150
vt 0.925793 0.707806
vt 0.899846 0.708262
vt 0.899846 0.691416
vt 0.936108 0.725574
vt 0.939630 0.725724
vt 0.938646 0.748858
vt 0.935070 0.749972
vt 0.936173 0.724048
vt 0.939622 0.725911
vt 0.923768 0.149027
vt 0.900614 0.144760
vt 0.900614 0.127915
vt 0.923768 0.128370
vt 0.345421 0.308457
vt 0.345421 0.287800
vt 0.345608 0.287800
vt 0.345608 0.308457
vt 0.077924 0.830576
vt 0.077915 0.809919
vt 0.080157 0.809920
vt 0.080167 0.830577
vt 0.939667 0.723530
vt 0.941890 0.725340
vt 0.968383 0.381767
vt 0.968027 0.360938
vt 0.972897 0.361038
vt 0.973218 0.381692
vt 0.939722 0.722258
vt 0.942096 0.720509
vt 0.563156 0.324171
vt 0.562968 0.344827
vt 0.561690 0.345420
vt 0.561883 0.324159
vt 0.883733 0.158789
vt 0.883733 0.138139
vt 0.887202 0.138122
vt 0.887202 0.158771
vt 0.003318 0.946552
vt 0.008818 0.944688
vt 0.008804 0.967813
vt 0.003305 0.967813
vt 0.934279 0.720817
vt 0.934867 0.718596
vt 0.010712 0.943561
vt 0.010696 0.967813
vt 0.932406 0.720321
vt 0.934793 0.718576
vt 0.947158 0.946779
vt 0.946987 0.969002
vt 0.939921 0.967543
vt 0.939853 0.946717
vt 0.947232 0.946755
vt 0.947232 0.968821
vt 0.024616 0.946671
vt 0.034245 0.946616
vt 0.034245 0.968694
vt 0.024037 0.968818
vt 0.932919 0.708262
vt 0.935214 0.708376
vt 0.080213 0.855271
vt 0.077959 0.852704
vt 0.077915 0.830580
vt 0.080213 0.830577
vt 0.968695 0.087877
vt 0.968695 0.112130
vt 0.957229 0.112587
vt 0.956625 0.087877
vt 0.300553 0.971426
vt 0.289824 0.970729
vt 0.289208 0.959307
vt 0.300553 0.959935
vt 0.288962 0.953388
vt 0.299019 0.954130
vt 0.706862 0.994678
vt 0.704588 0.994468
vt 0.704246 0.988743
vt 0.706862 0.988976
vt 0.743441 0.902786
vt 0.745751 0.901190
vt 0.745751 0.912659
vt 0.743465 0.912871
vt 0.942619 0.212246
vt 0.942186 0.206548
vt 0.953761 0.207723
vt 0.953978 0.211676
vt 0.959270 0.406984
vt 0.962973 0.404973
vt 0.962973 0.429484
vt 0.962066 0.428537
vt 0.971507 0.648911
vt 0.978460 0.650306
vt 0.978394 0.673147
vt 0.971781 0.673147
vt 0.911134 0.313517
vt 0.908864 0.313517
vt 0.908905 0.306562
vt 0.911134 0.304931
vt 0.968116 0.024316
vt 0.968116 0.002059
vt 0.976701 0.002058
vt 0.976701 0.024808
vt 0.041792 0.643799
vt 0.043993 0.641752
vt 0.050564 0.642476
vt 0.050324 0.644735
vt 0.041401 0.640972
vt 0.043699 0.640946
vt 0.958563 0.473913
vt 0.961173 0.454938
vt 0.964114 0.453995
vt 0.964114 0.476636
vt 0.947223 0.472907
vt 0.947619 0.456656
vt 0.041875 0.627799
vt 0.044195 0.626470
vt 0.947409 0.407152
vt 0.947223 0.426668
vt 0.439479 0.961789
vt 0.439734 0.962460
vt 0.439734 0.981727
vt 0.437749 0.981501
vt 0.041200 0.627516
vt 0.042299 0.625516
vt 0.437115 0.963825
vt 0.436389 0.981010
vt 0.039241 0.626693
vt 0.040975 0.625037
vt 0.768875 0.945822
vt 0.768875 0.961656
vt 0.766893 0.962365
vt 0.766412 0.946016
vt 0.766211 0.962609
vt 0.765597 0.946567
vt 0.038240 0.626279
vt 0.039908 0.624468
vt 0.562930 0.349016
vt 0.563156 0.365657
vt 0.562850 0.365574
vt 0.561651 0.349719
vt 0.003321 0.942252
vt 0.000850 0.942247
vt 0.883733 0.133951
vt 0.883733 0.117325
vt 0.887202 0.117311
vt 0.887202 0.133933
vt 0.924265 0.682960
vt 0.924265 0.666322
vt 0.925523 0.666322
vt 0.925793 0.682960
vt 0.899846 0.687921
vt 0.899846 0.673839
vt 0.981916 0.794173
vt 0.981916 0.790678
vt 0.986693 0.789718
vt 0.986693 0.793040
vt 0.981916 0.808256
vt 0.986693 0.806482
vt 0.038495 0.624479
vt 0.034991 0.624094
vt 0.037491 0.599735
vt 0.040856 0.601377
vt 0.042443 0.598002
vt 0.044588 0.599510
vt 0.923768 0.169855
vt 0.900614 0.162338
vt 0.900614 0.148255
vt 0.923768 0.153216
vt 0.990251 0.404973
vt 0.993802 0.406798
vt 0.993802 0.420236
vt 0.990251 0.419050
vt 0.541267 0.667936
vt 0.543545 0.668265
vt 0.543545 0.681621
vt 0.541267 0.681379
vt 0.042546 0.596992
vt 0.044830 0.597242
vt 0.043180 0.590786
vt 0.045464 0.591037
vt 0.549764 0.670283
vt 0.549764 0.683112
vt 0.476125 0.754122
vt 0.476125 0.740679
vt 0.477138 0.740436
vt 0.477138 0.753793
vt 0.483358 0.738946
vt 0.483358 0.751775
vt 0.493104 0.736609
vt 0.493104 0.748612
vt 0.044174 0.581061
vt 0.046458 0.581312
vt 0.502851 0.734273
vt 0.502851 0.745449
vt 0.045168 0.571337
vt 0.047392 0.572129
vt 0.559511 0.673446
vt 0.568713 0.676609
vt 0.568713 0.687784
vt 0.559511 0.685448
vt 0.559511 0.688379
vt 0.549764 0.686267
vt 0.568713 0.690490
vt 0.571302 0.677577
vt 0.571302 0.688404
vt 0.571302 0.691015
vt 0.571302 0.703005
vt 0.568713 0.703001
vt 0.559511 0.702123
vt 0.589856 0.695000
vt 0.589856 0.704130
vt 0.589390 0.691422
vt 0.111834 0.935626
vt 0.114597 0.935626
vt 0.114597 0.944757
vt 0.111834 0.944757
vt 0.111834 0.932048
vt 0.114597 0.932048
vt 0.505436 0.731050
vt 0.505436 0.719059
vt 0.523445 0.717935
vt 0.523445 0.727065
vt 0.505436 0.733661
vt 0.522980 0.730642
vt 0.505436 0.744488
vt 0.521023 0.738063
vt 0.111834 0.924621
vt 0.114597 0.924621
vt 0.047818 0.553277
vt 0.050564 0.553579
vt 0.048946 0.569688
vt 0.046260 0.568845
vt 0.587434 0.684001
vt 0.502851 0.731567
vt 0.493104 0.733679
vt 0.502851 0.719057
vt 0.493104 0.719935
vt 0.483358 0.735790
vt 0.483358 0.720814
vt 0.477138 0.721374
vt 0.477138 0.737138
vt 0.476125 0.737357
vt 0.476125 0.721466
vt 0.981916 0.773833
vt 0.986693 0.773826
vt 0.942096 0.751255
vt 0.939746 0.752421
vt 0.941999 0.753530
vt 0.939703 0.753433
vt 0.541267 0.684700
vt 0.543545 0.684920
vt 0.543545 0.700683
vt 0.541267 0.700592
vt 0.993802 0.423557
vt 0.993802 0.439443
vt 0.990251 0.439384
vt 0.990251 0.422545
vt 0.941736 0.759745
vt 0.939440 0.759647
vt 0.549764 0.701244
vt 0.397177 0.990159
vt 0.394879 0.990160
vt 0.394879 0.982212
vt 0.397177 0.982212
vt 0.558360 0.709921
vt 0.549764 0.709194
vt 0.567420 0.709997
vt 0.555255 0.732719
vt 0.549764 0.730636
vt 0.562325 0.731548
vt 0.179414 0.862432
vt 0.177116 0.862432
vt 0.177116 0.840895
vt 0.179414 0.840895
vt 0.179414 0.869424
vt 0.177116 0.869422
vt 0.501013 0.712061
vt 0.491953 0.712137
vt 0.488848 0.689338
vt 0.495918 0.690510
vt 0.483358 0.712863
vt 0.483358 0.691422
vt 0.661415 0.921327
vt 0.661413 0.915834
vt 0.663711 0.915835
vt 0.661415 0.908765
vt 0.663714 0.908766
vt 0.480306 0.713024
vt 0.480306 0.694955
vt 0.885201 0.111872
vt 0.887499 0.111872
vt 0.887501 0.115485
vt 0.885203 0.115485
vt 0.546713 0.727103
vt 0.546713 0.709034
vt 0.885203 0.093809
vt 0.887501 0.093809
vt 0.730516 0.188356
vt 0.732813 0.188359
vt 0.732813 0.191412
vt 0.730516 0.191409
vt 0.521770 0.961685
vt 0.519451 0.962136
vt 0.518257 0.959498
vt 0.521040 0.959065
vt 0.519009 0.940958
vt 0.521770 0.941070
vt 0.345386 0.283628
vt 0.345608 0.283610
vt 0.345112 0.267006
vt 0.345608 0.266972
vt 0.078079 0.805778
vt 0.080167 0.805748
vt 0.078742 0.789191
vt 0.080148 0.789127
vt 0.034854 0.625345
vt 0.038548 0.623986
vt 0.972752 0.356898
vt 0.970120 0.357741
vt 0.972772 0.340507
vt 0.973218 0.340298
vt 0.528477 0.829694
vt 0.527806 0.822497
vt 0.528477 0.833502
vt 0.526806 0.831527
vt 0.000000 0.941760
vt 0.936025 0.969324
vt 0.936278 0.968648
vt 0.942640 0.221897
vt 0.953978 0.223462
vt 0.941790 0.848532
vt 0.940752 0.824135
vt 0.944328 0.825249
vt 0.945312 0.848383
vt 0.901374 0.645209
vt 0.925793 0.649476
vt 0.925793 0.666322
vt 0.901374 0.665866
vt 0.899846 0.665866
vt 0.899846 0.645209
vt 0.941855 0.850059
vt 0.945304 0.848196
vt 0.923768 0.190683
vt 0.923768 0.211340
vt 0.900614 0.211795
vt 0.900614 0.194950
vt 0.345917 0.266972
vt 0.346103 0.266972
vt 0.346103 0.287629
vt 0.345917 0.287629
vt 0.658575 0.683988
vt 0.660818 0.683987
vt 0.660808 0.704644
vt 0.658566 0.704645
vt 0.945350 0.850577
vt 0.947573 0.848767
vt 0.969547 0.127915
vt 0.974382 0.127990
vt 0.974062 0.148644
vt 0.969192 0.148744
vt 0.945404 0.851849
vt 0.947778 0.853598
vt 0.106378 0.760847
vt 0.102908 0.760829
vt 0.102908 0.740179
vt 0.106378 0.740197
vt 0.563156 0.324148
vt 0.561690 0.302899
vt 0.562968 0.303492
vt 0.964064 0.878414
vt 0.964078 0.899676
vt 0.958579 0.899676
vt 0.958564 0.876550
vt 0.939961 0.853289
vt 0.940549 0.855511
vt 0.938088 0.853785
vt 0.940475 0.855530
vt 0.956686 0.899676
vt 0.956671 0.875423
vt 0.451369 0.970555
vt 0.451295 0.970531
vt 0.451124 0.948308
vt 0.451369 0.948490
vt 0.443992 0.970594
vt 0.444059 0.949768
vt 0.387086 0.831596
vt 0.385418 0.829753
vt 0.387086 0.827784
vt 0.386419 0.838788
vt 0.440418 0.948663
vt 0.440165 0.947986
vt 0.973916 0.152784
vt 0.971287 0.151941
vt 0.850667 0.508496
vt 0.849941 0.491311
vt 0.851302 0.490820
vt 0.853031 0.510533
vt 0.974382 0.169384
vt 0.973938 0.169175
vt 0.660818 0.708816
vt 0.660799 0.725437
vt 0.659393 0.725373
vt 0.658730 0.708786
vt 0.346103 0.291818
vt 0.346103 0.308457
vt 0.345608 0.308423
vt 0.345882 0.291801
vt 0.923768 0.186493
vt 0.900614 0.191454
vt 0.923768 0.169855
vt 0.900614 0.177372
vt 0.787670 0.020366
vt 0.787553 0.019113
vt 0.791226 0.020532
vt 0.791179 0.020038
vt 0.793516 0.043142
vt 0.790124 0.044730
vt 0.901374 0.641020
vt 0.899846 0.641020
vt 0.900115 0.624381
vt 0.901374 0.624381
vt 0.925793 0.631899
vt 0.925793 0.645981
vt 0.987115 0.474449
vt 0.982339 0.472676
vt 0.982339 0.459233
vt 0.987115 0.460367
vt 0.795131 0.046535
vt 0.797301 0.045062
vt 0.047322 0.745244
vt 0.046309 0.744915
vt 0.046309 0.731558
vt 0.047322 0.731801
vt 0.795233 0.047546
vt 0.797521 0.047332
vt 0.355244 0.702377
vt 0.357521 0.702134
vt 0.357521 0.715491
vt 0.990503 0.122347
vt 0.990503 0.108270
vt 0.994051 0.107084
vt 0.994051 0.120522
vt 0.363741 0.700643
vt 0.363741 0.713473
vt 0.795861 0.053752
vt 0.798148 0.053538
vt 0.373488 0.698307
vt 0.373488 0.710310
vt 0.796845 0.063478
vt 0.799132 0.063264
vt 0.040090 0.742897
vt 0.040090 0.730068
vt 0.030343 0.739734
vt 0.030343 0.727731
vt 0.797828 0.073203
vt 0.800065 0.072447
vt 0.020596 0.736571
vt 0.020596 0.725395
vt 0.030343 0.724801
vt 0.040090 0.726912
vt 0.020596 0.722689
vt 0.018009 0.735610
vt 0.018009 0.724783
vt 0.018009 0.722172
vt 0.020596 0.710179
vt 0.030343 0.711057
vt 0.018009 0.710181
vt 0.000000 0.718187
vt 0.000000 0.709057
vt 0.000466 0.721765
vt 0.941983 0.680909
vt 0.941983 0.690039
vt 0.939220 0.690039
vt 0.939220 0.680909
vt 0.939220 0.677330
vt 0.941983 0.677330
vt 0.385281 0.695353
vt 0.385281 0.692742
vt 0.403835 0.688757
vt 0.403369 0.692334
vt 0.385281 0.680751
vt 0.403835 0.679627
vt 0.385281 0.706179
vt 0.401413 0.699755
vt 0.939220 0.669904
vt 0.941983 0.669904
vt 0.800531 0.091271
vt 0.798924 0.075708
vt 0.801624 0.074908
vt 0.803281 0.091014
vt 0.002423 0.729185
vt 0.382689 0.707147
vt 0.382689 0.695971
vt 0.373488 0.695377
vt 0.382689 0.693265
vt 0.363741 0.697488
vt 0.373488 0.681633
vt 0.382689 0.680755
vt 0.363741 0.682512
vt 0.357521 0.698836
vt 0.357521 0.683072
vt 0.363741 0.674561
vt 0.372336 0.673835
vt 0.167182 0.990401
vt 0.167182 0.982454
vt 0.169480 0.982454
vt 0.169480 0.990401
vt 0.945385 0.820674
vt 0.945120 0.814460
vt 0.947416 0.814362
vt 0.947681 0.820577
vt 0.031494 0.703259
vt 0.040090 0.703985
vt 0.040090 0.711936
vt 0.046310 0.712496
vt 0.046309 0.728260
vt 0.047322 0.728479
vt 0.047322 0.712588
vt 0.945428 0.821686
vt 0.947778 0.822852
vt 0.987115 0.456871
vt 0.982339 0.455911
vt 0.982339 0.440019
vt 0.987115 0.440026
vt 0.994051 0.103763
vt 0.990503 0.104776
vt 0.990503 0.087936
vt 0.994051 0.087877
vt 0.355244 0.699055
vt 0.355244 0.683163
vt 0.022434 0.703183
vt 0.027529 0.681632
vt 0.034599 0.680460
vt 0.040090 0.682544
vt 0.592508 0.814060
vt 0.592508 0.792524
vt 0.594806 0.792524
vt 0.594806 0.814060
vt 0.592508 0.821052
vt 0.594806 0.821050
vt 0.381396 0.673759
vt 0.369231 0.651036
vt 0.376301 0.652208
vt 0.946302 0.000574
vt 0.945572 0.003193
vt 0.942789 0.002760
vt 0.943983 0.000122
vt 0.946302 0.021188
vt 0.943541 0.021300
vt 0.781281 0.963223
vt 0.781284 0.956154
vt 0.783582 0.956154
vt 0.783580 0.963223
vt 0.363741 0.653119
vt 0.781284 0.968715
vt 0.783582 0.968715
vt 0.360689 0.674722
vt 0.360689 0.656653
vt 0.887499 0.090197
vt 0.887501 0.093809
vt 0.885203 0.093809
vt 0.885201 0.090196
vt 0.043141 0.686077
vt 0.043141 0.704146
vt 0.885203 0.072134
vt 0.887501 0.072134
vt 0.172898 0.407966
vt 0.172898 0.411019
vt 0.170601 0.411016
vt 0.170601 0.407963
vt 0.102908 0.735991
vt 0.106378 0.736009
vt 0.102908 0.719369
vt 0.106378 0.719383
vt 0.561651 0.298599
vt 0.562930 0.299303
vt 0.562852 0.282744
vt 0.563156 0.282661
vt 0.790955 0.018234
vt 0.791966 0.017836
vt 0.793682 0.019519
vt 0.792597 0.020071
vt 0.562884 0.961967
vt 0.560420 0.961773
vt 0.560901 0.945424
vt 0.562884 0.946133
vt 0.793912 0.017047
vt 0.794991 0.019063
vt 0.794582 0.016776
vt 0.796891 0.018141
vt 0.559604 0.961222
vt 0.560219 0.945180
vt 0.853287 0.490595
vt 0.853287 0.509862
vt 0.947409 0.451816
vt 0.947223 0.432301
vt 0.962064 0.430431
vt 0.959267 0.451984
vt 0.796442 0.003676
vt 0.794144 0.003613
vt 0.962971 0.429484
vt 0.962971 0.453995
vt 0.794515 0.000799
vt 0.796698 0.002880
vt 0.958561 0.479359
vt 0.964110 0.476636
vt 0.964110 0.499276
vt 0.961170 0.498333
vt 0.947223 0.480363
vt 0.947618 0.496614
vt 0.585625 0.965633
vt 0.584087 0.971435
vt 0.574036 0.972162
vt 0.574380 0.966238
vt 0.585625 0.954143
vt 0.574980 0.954819
vt 0.966533 0.874109
vt 0.955169 0.025564
vt 0.967236 0.025268
vt 0.967236 0.049985
vt 0.955763 0.049809
vt 0.881472 0.704026
vt 0.881504 0.728720
vt 0.879206 0.728720
vt 0.879221 0.706595
vt 0.433142 0.988901
vt 0.433142 0.994600
vt 0.430527 0.994838
vt 0.430868 0.989113
vt 0.167696 0.714369
vt 0.179061 0.714945
vt 0.178838 0.718897
vt 0.167261 0.720067
vt 0.167720 0.704718
vt 0.179061 0.703158
vt 0.105031 0.969902
vt 0.104450 0.947754
vt 0.114659 0.947878
vt 0.114659 0.969957
vt 0.384912 0.928755
vt 0.384936 0.918670
vt 0.387222 0.918881
vt 0.387222 0.930348
vt 0.978293 0.689118
vt 0.978020 0.713354
vt 0.971406 0.713354
vt 0.971340 0.690512
vt 0.508995 0.985514
vt 0.508996 0.976929
vt 0.511226 0.978554
vt 0.511264 0.985514
vt 0.968034 0.382261
vt 0.976619 0.381767
vt 0.976619 0.404518
vt 0.968034 0.404518
vt 0.803061 0.000000
vt 0.803281 0.002262
vt 0.940895 0.865731
vt 0.938600 0.865845
vt 0.964062 0.874114
vt 0.975029 0.976150
vt 0.975053 0.979954
vt 0.971352 0.979954
vt 0.971328 0.976151
vt 0.958743 0.966173
vt 0.954814 0.966173
vt 0.955533 0.963491
vt 0.958024 0.963491
vt 0.962145 0.964208
vt 0.960182 0.962246
vt 0.975053 0.972365
vt 0.971352 0.972366
vt 0.637749 0.965409
vt 0.633821 0.965409
vt 0.634539 0.962728
vt 0.637031 0.962728
vt 0.630419 0.963445
vt 0.632381 0.961482
vt 0.628455 0.960043
vt 0.631136 0.959324
vt 0.975119 0.969612
vt 0.971419 0.969613
vt 0.451323 0.983901
vt 0.447621 0.983903
vt 0.447623 0.982142
vt 0.451325 0.982141
vt 0.451323 0.986307
vt 0.447621 0.986309
vt 0.964109 0.960806
vt 0.961428 0.960088
vt 0.964109 0.956878
vt 0.961428 0.957596
vt 0.907334 0.830289
vt 0.903632 0.830289
vt 0.903632 0.827884
vt 0.907334 0.827884
vt 0.962145 0.953476
vt 0.960182 0.955439
vt 0.903632 0.825476
vt 0.907334 0.825476
vt 0.628455 0.956114
vt 0.630419 0.952712
vt 0.632381 0.954675
vt 0.631136 0.956833
vt 0.799213 0.098857
vt 0.799213 0.095037
vt 0.802914 0.095038
vt 0.802914 0.098858
vt 0.799214 0.091271
vt 0.802915 0.091271
vt 0.799214 0.101707
vt 0.802915 0.101708
vt 0.633821 0.950748
vt 0.634539 0.953429
vt 0.637725 0.949524
vt 0.638216 0.950565
vt 0.637749 0.950748
vt 0.764777 0.630719
vt 0.764764 0.634175
vt 0.761075 0.634175
vt 0.761075 0.630719
vt 0.637031 0.953429
vt 0.637788 0.986561
vt 0.634088 0.986562
vt 0.634072 0.984149
vt 0.637773 0.984148
vt 0.637830 0.988339
vt 0.634130 0.988339
vt 0.958743 0.951512
vt 0.958024 0.954193
vt 0.954814 0.951512
vt 0.955533 0.954193
vt 0.951412 0.953476
vt 0.953375 0.955439
vt 0.634088 0.981749
vt 0.637788 0.981748
vt 0.949448 0.956878
vt 0.952129 0.957596
vt 0.634130 0.980003
vt 0.637830 0.980002
vt 0.641151 0.952712
vt 0.643115 0.956114
vt 0.640434 0.956833
vt 0.639189 0.954675
vt 0.343492 0.549758
vt 0.346268 0.549763
vt 0.346268 0.553464
vt 0.343492 0.553460
vt 0.764777 0.630723
vt 0.767273 0.630720
vt 0.767273 0.634408
vt 0.764777 0.634424
vt 0.642633 0.950528
vt 0.767577 0.630719
vt 0.767577 0.634406
vt 0.638273 0.950543
vt 0.642814 0.950262
vt 0.638200 0.949375
vt 0.455426 0.728195
vt 0.455426 0.732522
vt 0.446891 0.732455
vt 0.446891 0.716292
vt 0.455426 0.715526
vt 0.134402 0.684905
vt 0.134402 0.693443
vt 0.133304 0.693443
vt 0.130008 0.693442
vt 0.130008 0.684904
vt 0.133304 0.697130
vt 0.130008 0.697129
vt 0.764762 0.634596
vt 0.761076 0.634596
vt 0.283413 0.740452
vt 0.279726 0.740450
vt 0.279726 0.723500
vt 0.283413 0.723503
vt 0.291951 0.724337
vt 0.291951 0.740456
vt 0.295370 0.694118
vt 0.283722 0.694112
vt 0.279420 0.694109
vt 0.271166 0.724326
vt 0.267747 0.694103
vt 0.271166 0.740445
vt 0.279420 0.669397
vt 0.283722 0.669399
vt 0.267747 0.669390
vt 0.600958 0.816883
vt 0.602229 0.842910
vt 0.597557 0.843138
vt 0.596285 0.817111
vt 0.043915 0.922440
vt 0.043915 0.918009
vt 0.047223 0.918296
vt 0.047223 0.922727
vt 0.264438 0.723472
vt 0.264438 0.694952
vt 0.271165 0.665348
vt 0.279725 0.665353
vt 0.596068 0.812860
vt 0.601518 0.812328
vt 0.459112 0.657246
vt 0.467669 0.657313
vt 0.471087 0.661394
vt 0.459418 0.661303
vt 0.471087 0.686175
vt 0.459418 0.686084
vt 0.455426 0.657218
vt 0.455117 0.661270
vt 0.455117 0.686051
vt 0.467669 0.639069
vt 0.459112 0.639003
vt 0.455426 0.638974
vt 0.446891 0.657151
vt 0.446891 0.638908
vt 0.443473 0.661179
vt 0.948161 0.595739
vt 0.953611 0.596271
vt 0.954321 0.616076
vt 0.947223 0.614900
vt 0.948375 0.591494
vt 0.953047 0.591722
vt 0.949648 0.565467
vt 0.954321 0.565695
vt 0.443473 0.685960
vt 0.914234 0.825476
vt 0.914234 0.829907
vt 0.910925 0.830194
vt 0.910925 0.825763
vt 0.440165 0.715387
vt 0.440165 0.686787
vt 0.459112 0.715554
vt 0.459112 0.728223
vt 0.459112 0.732550
vt 0.467669 0.716453
vt 0.467669 0.732617
vt 0.949930 0.951292
vt 0.949749 0.951026
vt 0.954291 0.951306
vt 0.954348 0.951329
vt 0.954363 0.950139
vt 0.954839 0.950288
vt 0.130008 0.705688
vt 0.134402 0.697130
vt 0.134402 0.705689
vt 0.614574 0.974692
vt 0.614574 0.991689
vt 0.609896 0.991689
vt 0.730321 0.986862
vt 0.734711 0.986662
vt 0.734711 0.993398
vt 0.730321 0.993597
vt 0.474395 0.687053
vt 0.474395 0.715653
vt 0.499663 0.850641
vt 0.499663 0.880714
vt 0.494985 0.880714
vt 0.494985 0.850641
vt 0.070943 0.958195
vt 0.066264 0.958195
vt 0.066264 0.941198
vt 0.070943 0.941198
vt 0.988169 0.276386
vt 0.992559 0.276588
vt 0.992559 0.283323
vt 0.988169 0.283121
vt 0.302568 0.914277
vt 0.297890 0.914277
vt 0.297890 0.884204
vt 0.302568 0.884204
vt 0.298679 0.694970
vt 0.298679 0.723491
vt 0.295370 0.669405
vt 0.283411 0.665355
vt 0.291949 0.665359
vt 0.279722 0.647158
vt 0.283408 0.647160
vt 0.291946 0.647165
vt 0.982665 0.920866
vt 0.982665 0.929404
vt 0.975631 0.929404
vt 0.975631 0.920866
vt 0.975631 0.917179
vt 0.982665 0.917179
vt 0.271162 0.647153
vt 0.975631 0.908620
vt 0.982665 0.908620
vt 0.602229 0.792524
vt 0.595132 0.793699
vt 0.643115 0.960043
vt 0.640434 0.959324
vt 0.678651 0.984417
vt 0.678651 0.988209
vt 0.674949 0.988209
vt 0.674949 0.984417
vt 0.949448 0.960806
vt 0.952129 0.960088
vt 0.678651 0.980620
vt 0.674949 0.980620
vt 0.951412 0.964208
vt 0.953375 0.962246
vt 0.137811 0.846743
vt 0.134109 0.846743
vt 0.134109 0.844320
vt 0.137811 0.844320
vt 0.137810 0.849132
vt 0.134108 0.849131
vt 0.641151 0.963445
vt 0.639189 0.961482
vt 0.134108 0.842512
vt 0.137810 0.842513
vt 0.975119 0.982756
vt 0.971419 0.982757
vt 0.451325 0.988714
vt 0.447623 0.988716
vt 0.929792 0.085375
vt 0.929792 0.060290
vt 0.950707 0.060291
vt 0.950707 0.085375
vt 0.793663 0.361985
vt 0.817082 0.371421
vt 0.817111 0.382617
vt 0.791184 0.371594
vt 0.523633 0.754122
vt 0.526677 0.763547
vt 0.499684 0.763547
vt 0.502717 0.754122
vt 0.429762 0.730405
vt 0.429736 0.741596
vt 0.406316 0.751032
vt 0.403835 0.741428
vt 0.109623 0.804811
vt 0.106570 0.793629
vt 0.133556 0.793629
vt 0.130533 0.804811
vt 0.429762 0.828032
vt 0.426058 0.827263
vt 0.109487 0.707352
vt 0.130396 0.707352
vt 0.817111 0.284990
vt 0.813407 0.285759
vt 0.436389 0.940873
vt 0.440148 0.940873
vt 0.440148 0.961789
vt 0.436389 0.961789
vt 0.523678 0.838278
vt 0.502763 0.838278
vt 0.264282 0.920896
vt 0.264282 0.927080
vt 0.242601 0.927080
vt 0.242601 0.920896
vt 0.658566 0.726689
vt 0.636885 0.726689
vt 0.636885 0.585157
vt 0.658566 0.585157
vt 0.636902 0.200566
vt 0.643086 0.200566
vt 0.643086 0.347383
vt 0.636902 0.342098
vt 0.264282 0.946650
vt 0.242601 0.946650
vt 0.662656 0.200566
vt 0.662656 0.342098
vt 0.702022 0.532788
vt 0.682452 0.527504
vt 0.682452 0.385972
vt 0.702022 0.385972
vt 0.708205 0.527504
vt 0.708206 0.385972
vt 0.702022 0.571378
vt 0.682452 0.571378
vt 0.983219 0.340173
vt 0.976987 0.340298
vt 0.976987 0.318622
vt 0.983219 0.318498
vt 0.242601 0.882306
vt 0.264282 0.882306
vt 0.264282 0.920896
vt 0.242601 0.920896
vt 0.436388 0.962553
vt 0.416819 0.962548
vt 0.416819 0.940873
vt 0.436388 0.940877
vt 0.662656 0.385972
vt 0.643086 0.385972
vt 0.753117 0.235387
vt 0.731436 0.235387
vt 0.731436 0.191528
vt 0.753117 0.191528
vt 0.753117 0.376870
vt 0.731436 0.376871
vt 0.371396 0.553466
vt 0.346278 0.553466
vt 0.346278 0.540100
vt 0.375057 0.540100
vt 0.638367 0.887790
vt 0.638367 0.862672
vt 0.660610 0.862672
vt 0.660610 0.887790
vt 0.453882 0.540101
vt 0.476125 0.540101
vt 0.476125 0.553456
vt 0.453882 0.553456
vt 0.453882 0.517503
vt 0.476125 0.517503
vt 0.346278 0.517503
vt 0.375057 0.517503
vt 0.346278 0.306705
vt 0.375057 0.306705
vt 0.453882 0.306705
vt 0.476125 0.306705
vt 0.403835 0.246762
vt 0.375057 0.246762
vt 0.375057 0.035963
vt 0.403835 0.035964
vt 0.375057 0.013366
vt 0.403835 0.013366
vt 0.593881 0.035963
vt 0.593881 0.246762
vt 0.579661 0.246769
vt 0.582478 0.035970
vt 0.593881 0.013366
vt 0.586598 0.013373
vt 0.375057 0.000000
vt 0.400175 0.000000
vt 0.593881 0.000000
vt 0.590778 0.000007
vt 0.403854 0.540108
vt 0.403842 0.517522
vt 0.428844 0.517523
vt 0.428856 0.540108
vt 0.403866 0.553462
vt 0.428868 0.553462
vt 0.635264 0.860324
vt 0.663714 0.860324
vt 0.635264 0.835321
vt 0.663714 0.835321
vt 0.006934 0.539916
vt 0.043743 0.539916
vt 0.039563 0.553277
vt 0.011113 0.553277
vt 0.428875 0.013352
vt 0.428880 0.000000
vt 0.453882 0.000000
vt 0.453878 0.013352
vt 0.428871 0.035936
vt 0.453873 0.035935
vt 0.002814 0.517326
vt 0.047863 0.517326
vt 0.428869 0.246724
vt 0.453871 0.246724
vt 0.000000 0.306600
vt 0.050683 0.306600
vt 0.608101 0.517510
vt 0.608101 0.540107
vt 0.600818 0.540101
vt 0.596699 0.517503
vt 0.608101 0.306712
vt 0.593881 0.306705
vt 0.608101 0.265568
vt 0.603255 0.265561
vt 0.428879 0.287899
vt 0.453881 0.287899
vt 0.608101 0.000007
vt 0.603255 0.000000
vt 0.428880 0.553460
vt 0.453882 0.553460
vt 0.009379 0.000000
vt 0.041314 0.000000
vt 0.041310 0.265470
vt 0.009375 0.265470
vt 0.403864 0.265561
vt 0.403866 0.000000
vt 0.428869 0.000000
vt 0.428866 0.265562
vt 0.403835 0.306732
vt 0.428838 0.306732
vt 0.593881 0.287905
vt 0.589035 0.287912
vt 0.593881 0.553467
vt 0.589035 0.553474
vt 0.403835 0.553467
vt 0.375057 0.553467
vt 0.375057 0.287905
vt 0.403835 0.287906
vt 0.453882 0.000000
vt 0.476125 0.000000
vt 0.476125 0.265561
vt 0.453882 0.265561
vt 0.346278 0.265561
vt 0.375057 0.265561
vt 0.346278 0.000000
vt 0.375057 0.000000
vt 0.877022 0.529149
vt 0.877022 0.557927
vt 0.854786 0.557931
vt 0.854786 0.529154
vt 0.881867 0.560273
vt 0.849941 0.560280
vt 0.881867 0.585275
vt 0.849941 0.585282
vt 0.608101 0.553474
vt 0.604998 0.553467
vt 0.708206 0.385972
vt 0.721785 0.385972
vt 0.721785 0.570415
vt 0.708206 0.570415
vt 0.109368 0.995084
vt 0.109368 0.981504
vt 0.114806 0.982061
vt 0.114806 0.995780
vt 0.172898 0.373686
vt 0.178236 0.370358
vt 0.179423 0.370949
vt 0.174054 0.374335
vt 0.178274 0.558051
vt 0.179423 0.558017
vt 0.867071 0.995594
vt 0.861679 0.996274
vt 0.861839 0.982556
vt 0.867071 0.982017
vt 0.731436 0.191528
vt 0.731436 0.375288
vt 0.717856 0.375558
vt 0.717856 0.191528
vt 0.928287 0.865843
vt 0.914707 0.865840
vt 0.914707 0.864691
vt 0.928287 0.864694
vt 0.711792 0.375529
vt 0.711792 0.191528
vt 0.934350 0.865844
vt 0.934350 0.864695
vt 0.727849 0.385972
vt 0.727849 0.570415
vt 0.938088 0.865845
vt 0.936939 0.864696
vt 0.731587 0.385972
vt 0.731587 0.570416
vt 0.960762 0.988160
vt 0.964486 0.993304
vt 0.960724 0.993620
vt 0.970282 0.476896
vt 0.965362 0.480815
vt 0.964110 0.480374
vt 0.968997 0.476636
vt 0.578344 0.138195
vt 0.578345 0.132131
vt 0.579578 0.132131
vt 0.579598 0.138195
vt 0.709121 0.375275
vt 0.709203 0.191528
vt 0.994721 0.334882
vt 0.994721 0.340208
vt 0.992558 0.339670
vt 0.992064 0.334575
vt 0.830558 0.020464
vt 0.833533 0.056922
vt 0.831483 0.056577
vt 0.828373 0.020134
vt 0.970282 0.516032
vt 0.969144 0.516191
vt 0.838721 0.057294
vt 0.839392 0.068749
vt 0.834498 0.068398
vt 0.832617 0.068066
vt 0.578344 0.159169
vt 0.578344 0.153967
vt 0.579492 0.153967
vt 0.579492 0.159169
vt 0.479891 0.850368
vt 0.476125 0.850641
vt 0.479677 0.814748
vt 0.482875 0.814516
vt 0.480814 0.803261
vt 0.483830 0.803042
vt 0.488064 0.814139
vt 0.488724 0.802687
vt 0.970650 0.565625
vt 0.965731 0.600938
vt 0.964519 0.601479
vt 0.969512 0.565467
vt 0.499684 0.848932
vt 0.486001 0.849924
vt 0.499684 0.813296
vt 0.499684 0.801892
vt 0.489303 0.789882
vt 0.498763 0.789196
vt 0.485080 0.790189
vt 0.487620 0.754746
vt 0.496218 0.754122
vt 0.483780 0.755024
vt 0.482477 0.790377
vt 0.481414 0.755196
vt 0.345112 0.310829
vt 0.345112 0.308457
vt 0.346261 0.308457
vt 0.346261 0.310829
vt 0.345112 0.314679
vt 0.346261 0.314679
vt 0.839983 0.081557
vt 0.838332 0.116695
vt 0.834492 0.116420
vt 0.835759 0.081254
vt 0.832126 0.116250
vt 0.833720 0.081016
vt 0.345112 0.323299
vt 0.346261 0.323299
vt 0.849443 0.082234
vt 0.846930 0.117311
vt 0.850353 0.069534
vt 0.850342 0.058126
vt 0.177131 0.323444
vt 0.176760 0.310720
vt 0.177909 0.310686
vt 0.178280 0.323413
vt 0.177399 0.334817
vt 0.178548 0.334790
vt 0.850353 0.021873
vt 0.836675 0.020808
vt 0.175735 0.275568
vt 0.176884 0.275535
vt 0.481828 0.282661
vt 0.481827 0.247468
vt 0.484875 0.247385
vt 0.482977 0.282661
vt 0.192136 0.289286
vt 0.185114 0.288868
vt 0.187018 0.276030
vt 0.192146 0.287264
vt 0.489986 0.236167
vt 0.490003 0.236108
vt 0.346261 0.349960
vt 0.346261 0.361600
vt 0.345112 0.361600
vt 0.345112 0.349871
vt 0.192130 0.275535
vt 0.197471 0.275535
vt 0.197471 0.287175
vt 0.197471 0.289236
vt 0.489986 0.234206
vt 0.495327 0.234206
vt 0.495327 0.236167
vt 0.495327 0.247803
vt 0.489986 0.247803
vt 0.481826 0.234675
vt 0.489959 0.222897
vt 0.495326 0.222897
vt 0.481761 0.223252
vt 0.500692 0.222897
vt 0.500668 0.234206
vt 0.500668 0.236166
vt 0.508828 0.234674
vt 0.508829 0.247468
vt 0.508891 0.223252
vt 0.346261 0.338142
vt 0.346261 0.349782
vt 0.345112 0.338142
vt 0.500668 0.247803
vt 0.505782 0.247384
vt 0.500652 0.236108
vt 0.202806 0.289286
vt 0.202796 0.287264
vt 0.202812 0.275535
vt 0.207925 0.276031
vt 0.209828 0.288868
vt 0.834086 0.537018
vt 0.832205 0.537350
vt 0.833311 0.524401
vt 0.835347 0.524162
vt 0.831713 0.489166
vt 0.834080 0.488996
vt 0.508830 0.282661
vt 0.507681 0.282661
vt 0.209888 0.300252
vt 0.202841 0.300600
vt 0.833121 0.548494
vt 0.831071 0.548839
vt 0.838309 0.548122
vt 0.838980 0.536667
vt 0.839571 0.523859
vt 0.849930 0.547290
vt 0.849941 0.535882
vt 0.849031 0.523182
vt 0.966409 0.933562
vt 0.971328 0.968874
vt 0.970190 0.969032
vt 0.965197 0.933020
vt 0.849941 0.583543
vt 0.836263 0.584608
vt 0.579492 0.159169
vt 0.579492 0.164371
vt 0.578344 0.164371
vt 0.578344 0.159169
vt 0.840669 0.323443
vt 0.840669 0.334847
vt 0.829709 0.334052
vt 0.829049 0.322600
vt 0.840669 0.287808
vt 0.826986 0.286815
vt 0.824816 0.333697
vt 0.823861 0.322223
vt 0.821799 0.333478
vt 0.820662 0.321991
vt 0.820877 0.286371
vt 0.817111 0.286098
vt 0.970659 0.522641
vt 0.965739 0.557858
vt 0.964487 0.558299
vt 0.969521 0.522482
vt 0.970659 0.561777
vt 0.969374 0.562037
vt 0.634111 0.993789
vt 0.634072 0.988339
vt 0.637835 0.988656
vt 0.637835 0.994103
vt 0.830146 0.584952
vt 0.827960 0.585282
vt 0.082184 0.994402
vt 0.079528 0.994713
vt 0.080021 0.989473
vt 0.082184 0.988933
vt 0.711806 0.184030
vt 0.709217 0.184030
vt 0.709135 0.000283
vt 0.711806 0.000029
vt 0.717869 0.184030
vt 0.717870 0.000000
vt 0.541195 0.569476
vt 0.541196 0.575539
vt 0.539940 0.575539
vt 0.539960 0.569476
vt 0.731449 0.184030
vt 0.731449 0.000270
vt 0.993422 0.716239
vt 0.993422 0.729817
vt 0.988052 0.729286
vt 0.987875 0.715568
vt 0.971328 0.929633
vt 0.970026 0.929404
vt 0.483001 0.982514
vt 0.488428 0.981817
vt 0.488428 0.995536
vt 0.483001 0.996094
vt 0.106570 0.707352
vt 0.106570 0.522909
vt 0.120150 0.522909
vt 0.120150 0.707352
vt 0.126214 0.522909
vt 0.126214 0.707352
vt 0.914707 0.827457
vt 0.928287 0.827460
vt 0.928287 0.828609
vt 0.914707 0.828606
vt 0.934350 0.827462
vt 0.934350 0.828610
vt 0.129952 0.522909
vt 0.129952 0.707352
vt 0.938088 0.827462
vt 0.936939 0.828611
vt 0.514519 0.000000
vt 0.514519 0.184380
vt 0.502917 0.184380
vt 0.502917 0.000000
vt 0.938088 0.839061
vt 0.936939 0.839061
vt 0.215518 0.523221
vt 0.205065 0.523221
vt 0.205065 0.338860
vt 0.215485 0.339474
vt 0.197470 0.523221
vt 0.197471 0.338860
vt 0.938088 0.846654
vt 0.936939 0.846653
vt 0.189876 0.523221
vt 0.189876 0.338860
vt 0.938088 0.854246
vt 0.936939 0.854246
vt 0.487728 0.000000
vt 0.495322 0.000000
vt 0.495322 0.184380
vt 0.487728 0.184381
vt 0.495322 0.187560
vt 0.489877 0.187560
vt 0.500768 0.187560
vt 0.509087 0.187560
vt 0.476125 0.184381
vt 0.481558 0.187560
vt 0.476125 0.000001
vt 0.179423 0.523221
vt 0.179456 0.339474
vt 0.192024 0.335788
vt 0.197471 0.335788
vt 0.184553 0.336394
vt 0.185054 0.300252
vt 0.192101 0.300600
vt 0.197471 0.300600
vt 0.202917 0.335788
vt 0.210388 0.336394
vt 0.853315 0.410214
vt 0.858692 0.225849
vt 0.859840 0.225882
vt 0.854472 0.409564
vt 0.858653 0.413541
vt 0.859840 0.412951
vt 0.857816 0.449082
vt 0.858965 0.449109
vt 0.826065 0.346550
vt 0.823462 0.346361
vt 0.830289 0.346857
vt 0.828604 0.381993
vt 0.824765 0.381715
vt 0.822399 0.381543
vt 0.839748 0.347543
vt 0.837202 0.382617
vt 0.346261 0.329521
vt 0.346261 0.338142
vt 0.345112 0.338142
vt 0.345112 0.329521
vt 0.346261 0.325672
vt 0.345112 0.325672
vt 0.837919 0.488721
vt 0.846518 0.488105
vt 0.346261 0.323299
vt 0.856152 0.508331
vt 0.857177 0.473180
vt 0.858326 0.473213
vt 0.857301 0.508365
vt 0.857549 0.460456
vt 0.858697 0.460486
vt 0.539940 0.528472
vt 0.541089 0.523131
vt 0.541089 0.528472
vt 0.539940 0.533813
vt 0.541089 0.533813
vt 0.970650 0.604867
vt 0.969348 0.605096
vt 0.720308 0.187755
vt 0.717581 0.190481
vt 0.716583 0.188753
vt 0.716583 0.186757
vt 0.717581 0.185028
vt 0.719310 0.184030
vt 0.721306 0.184030
vt 0.723034 0.185028
vt 0.724032 0.186757
vt 0.724032 0.188753
vt 0.723035 0.190481
vt 0.721306 0.191479
vt 0.719310 0.191479
vt 0.972236 0.773873
vt 0.972236 0.809293
vt 0.970837 0.809259
vt 0.970838 0.773839
vt 0.968914 0.809246
vt 0.968914 0.773826
vt 0.712859 0.187755
vt 0.713857 0.191479
vt 0.711861 0.191479
vt 0.710132 0.190481
vt 0.966982 0.809258
vt 0.966982 0.773838
vt 0.715586 0.190481
vt 0.965558 0.809291
vt 0.965558 0.773871
vt 0.716583 0.186757
vt 0.991484 0.873622
vt 0.991484 0.909052
vt 0.989554 0.909052
vt 0.989554 0.873622
vt 0.715586 0.185028
vt 0.987628 0.909052
vt 0.987628 0.873622
vt 0.713857 0.184030
vt 0.975626 0.810266
vt 0.975626 0.845696
vt 0.974216 0.845694
vt 0.974216 0.810264
vt 0.711861 0.184030
vt 0.972288 0.845693
vt 0.972288 0.810263
vt 0.710132 0.185028
vt 0.970360 0.845694
vt 0.970360 0.810264
vt 0.709135 0.186757
vt 0.975585 0.476636
vt 0.975585 0.512066
vt 0.974137 0.512066
vt 0.974137 0.476637
vt 0.709135 0.188753
vt 0.972196 0.512067
vt 0.972196 0.476637
vt 0.970282 0.512066
vt 0.970282 0.476636
vt 0.639069 0.934720
vt 0.644374 0.943915
vt 0.639066 0.945337
vt 0.633760 0.943915
vt 0.629875 0.940029
vt 0.628455 0.934720
vt 0.629878 0.929412
vt 0.633764 0.925526
vt 0.639071 0.924104
vt 0.644378 0.925526
vt 0.648262 0.929412
vt 0.649683 0.934720
vt 0.648259 0.940029
vt 0.646658 0.949375
vt 0.639063 0.948372
vt 0.832429 0.931212
vt 0.837888 0.931616
vt 0.837888 0.955876
vt 0.832429 0.955985
vt 0.828538 0.955972
vt 0.828538 0.931199
vt 0.226135 0.944905
vt 0.226136 0.947941
vt 0.218538 0.948944
vt 0.220827 0.943482
vt 0.226135 0.934288
vt 0.216941 0.939596
vt 0.231444 0.943482
vt 0.233733 0.948944
vt 0.927905 0.111582
vt 0.931801 0.111582
vt 0.931798 0.119179
vt 0.927903 0.119179
vt 0.927903 0.103984
vt 0.931798 0.103984
vt 0.927881 0.095248
vt 0.931777 0.095248
vt 0.903621 0.095248
vt 0.903643 0.103984
vt 0.360699 0.955317
vt 0.355244 0.955209
vt 0.355244 0.930949
vt 0.360699 0.930543
vt 0.631468 0.949375
vt 0.900614 0.095248
vt 0.900635 0.103984
vt 0.903646 0.111582
vt 0.900638 0.111582
vt 0.903643 0.119179
vt 0.900635 0.119179
vt 0.783745 0.885775
vt 0.784748 0.878180
vt 0.790896 0.878490
vt 0.788949 0.885751
vt 0.784748 0.893371
vt 0.790896 0.893014
vt 0.354336 0.959210
vt 0.354330 0.966474
vt 0.345424 0.966474
vt 0.345430 0.959210
vt 0.354330 0.951946
vt 0.345424 0.951946
vt 0.921997 0.922702
vt 0.911727 0.912430
vt 0.918238 0.908670
vt 0.925756 0.908669
vt 0.932266 0.932975
vt 0.925756 0.936735
vt 0.918238 0.936736
vt 0.911727 0.932976
vt 0.907968 0.926464
vt 0.907968 0.918943
vt 0.932266 0.912429
vt 0.936025 0.918941
vt 0.936025 0.926462
vt 0.520270 0.964047
vt 0.520219 0.971312
vt 0.511316 0.971312
vt 0.511368 0.964046
vt 0.374976 0.969845
vt 0.374963 0.975169
vt 0.366057 0.975177
vt 0.366070 0.969853
vt 0.521264 0.963495
vt 0.521261 0.971312
vt 0.811018 0.869452
vt 0.817921 0.877968
vt 0.816058 0.878495
vt 0.810740 0.873178
vt 0.801589 0.866924
vt 0.803477 0.871231
vt 0.374976 0.962579
vt 0.366070 0.962587
vt 0.792159 0.869448
vt 0.796213 0.873175
vt 0.374963 0.955317
vt 0.366057 0.955325
vt 0.354315 0.971791
vt 0.345409 0.971791
vt 0.476125 0.881812
vt 0.476125 0.878805
vt 0.485553 0.878796
vt 0.485553 0.881804
vt 0.903621 0.127915
vt 0.927881 0.127915
vt 0.476125 0.854545
vt 0.485553 0.854536
vt 0.494985 0.854545
vt 0.494985 0.878805
vt 0.494985 0.881812
vt 0.969191 0.131103
vt 0.969191 0.155355
vt 0.960671 0.155173
vt 0.960671 0.130921
vt 0.969191 0.128096
vt 0.960671 0.127915
vt 0.589856 0.735727
vt 0.589856 0.759987
vt 0.588093 0.759987
vt 0.588093 0.735727
vt 0.589856 0.732719
vt 0.588093 0.732719
vt 0.540095 0.917588
vt 0.540095 0.941839
vt 0.532278 0.941836
vt 0.532278 0.917585
vt 0.540095 0.914581
vt 0.532278 0.914578
vt 0.563414 0.373472
vt 0.563537 0.381287
vt 0.561774 0.381287
vt 0.561651 0.373472
vt 0.563537 0.365658
vt 0.561774 0.365657
vt 0.524462 0.917588
vt 0.524462 0.914582
vt 0.768349 0.492074
vt 0.768349 0.489067
vt 0.770113 0.489067
vt 0.770113 0.492074
vt 0.768349 0.516334
vt 0.770113 0.516334
vt 0.524462 0.941840
vt 0.768349 0.520230
vt 0.770113 0.520230
vt 0.532278 0.945730
vt 0.524462 0.945734
vt 0.961847 0.818438
vt 0.961847 0.814544
vt 0.970360 0.814362
vt 0.970360 0.818256
vt 0.961847 0.842690
vt 0.970360 0.842508
vt 0.946302 0.048568
vt 0.946302 0.052463
vt 0.936864 0.052470
vt 0.936864 0.048575
vt 0.946302 0.024308
vt 0.936864 0.024315
vt 0.946302 0.021300
vt 0.936864 0.021308
vt 0.961847 0.845696
vt 0.970360 0.845514
vt 0.811018 0.902110
vt 0.801589 0.904634
vt 0.803477 0.900278
vt 0.810740 0.898334
vt 0.817921 0.893597
vt 0.816058 0.893019
vt 0.322484 0.969753
vt 0.322484 0.962484
vt 0.331390 0.962490
vt 0.331390 0.969760
vt 0.322495 0.975087
vt 0.331401 0.975094
vt 0.521264 0.979128
vt 0.520270 0.978575
vt 0.511368 0.978575
vt 0.792159 0.902106
vt 0.796213 0.898331
vt 0.322495 0.955225
vt 0.331401 0.955232
vt 0.354315 0.946628
vt 0.345409 0.946628
vt 0.927442 0.024308
vt 0.927442 0.021300
vt 0.927442 0.048568
vt 0.927442 0.052463
vt 0.613825 0.872894
vt 0.618866 0.854720
vt 0.627277 0.859675
vt 0.632084 0.868172
vt 0.607440 0.855556
vt 0.630848 0.879065
vt 0.625359 0.884631
vt 0.619697 0.890022
vt 0.601318 0.860165
vt 0.596602 0.866206
vt 0.595565 0.877615
vt 0.600373 0.886112
vt 0.608784 0.891068
vt 0.969191 0.159249
vt 0.960671 0.159067
vt 0.589856 0.763882
vt 0.588093 0.763882
vt 0.626595 0.885890
vt 0.620933 0.891280
vt 0.540095 0.945733
vt 0.632084 0.880323
vt 0.485553 0.850641
vt 0.494985 0.850649
vt 0.476125 0.850649
vt 0.931777 0.127915
vt 0.235330 0.939596
vt 0.364597 0.930532
vt 0.364597 0.955306
vt 0.236752 0.934288
vt 0.369909 0.930528
vt 0.369909 0.955302
vt 0.235330 0.928979
vt 0.375214 0.930532
vt 0.375214 0.955306
vt 0.231444 0.925093
vt 0.387365 0.960887
vt 0.387365 0.936113
vt 0.391251 0.936102
vt 0.391251 0.960876
vt 0.226135 0.923671
vt 0.396560 0.936098
vt 0.396560 0.960872
vt 0.220827 0.925093
vt 0.401868 0.936102
vt 0.401868 0.960876
vt 0.216941 0.928979
vt 0.405754 0.936113
vt 0.405754 0.960887
vt 0.215518 0.934288
vt 0.817921 0.955972
vt 0.817921 0.931199
vt 0.823228 0.931194
vt 0.823228 0.955968
vt 0.680419 0.246301
vt 0.680419 0.259186
vt 0.675104 0.259148
vt 0.675105 0.246264
vt 0.669791 0.259186
vt 0.669791 0.246301
vt 0.670027 0.243147
vt 0.675105 0.243111
vt 0.680184 0.243147
vt 0.675105 0.239327
vt 0.680515 0.239365
vt 0.669696 0.239365
vt 0.669700 0.000038
vt 0.675108 0.000000
vt 0.680518 0.000038
vt 0.742405 0.405800
vt 0.746369 0.405813
vt 0.746369 0.645221
vt 0.742405 0.645208
vt 0.736994 0.405795
vt 0.736994 0.645203
vt 0.731587 0.405800
vt 0.731587 0.645208
vt 0.678492 0.405799
vt 0.682452 0.405810
vt 0.682452 0.645219
vt 0.678492 0.645208
vt 0.673083 0.405795
vt 0.673083 0.645204
vt 0.667674 0.405799
vt 0.667674 0.645208
vt 0.663714 0.405810
vt 0.663714 0.645219
vt 0.568958 0.361627
vt 0.563554 0.361623
vt 0.563554 0.122214
vt 0.568958 0.122218
vt 0.574372 0.361623
vt 0.574372 0.122214
vt 0.578344 0.361611
vt 0.578344 0.122203
vt 0.574043 0.365390
vt 0.568960 0.365394
vt 0.666312 0.243245
vt 0.665739 0.239469
vt 0.574277 0.368557
vt 0.568959 0.368561
vt 0.578179 0.368545
vt 0.577771 0.365379
vt 0.574277 0.381446
vt 0.568959 0.381450
vt 0.578179 0.381435
vt 0.563649 0.381446
vt 0.563649 0.368556
vt 0.563886 0.365390
vt 0.663879 0.398876
vt 0.663879 0.385987
vt 0.667769 0.385976
vt 0.667769 0.398865
vt 0.668005 0.402032
vt 0.664287 0.402043
vt 0.673083 0.402028
vt 0.673083 0.398861
vt 0.678161 0.402032
vt 0.678397 0.398865
vt 0.673083 0.385972
vt 0.678397 0.385976
vt 0.682287 0.385987
vt 0.682287 0.398876
vt 0.681878 0.402043
vt 0.731682 0.398866
vt 0.731682 0.385977
vt 0.736994 0.385972
vt 0.736994 0.398861
vt 0.736995 0.402028
vt 0.731918 0.402033
vt 0.742075 0.402033
vt 0.742310 0.398866
vt 0.683903 0.243245
vt 0.684477 0.239469
vt 0.746204 0.398879
vt 0.745796 0.402046
vt 0.742310 0.385977
vt 0.746204 0.385990
vt 0.032175 0.937350
vt 0.032175 0.932326
vt 0.034583 0.931681
vt 0.034583 0.937993
vt 0.029663 0.941701
vt 0.031427 0.943459
vt 0.913998 0.825433
vt 0.907902 0.825476
vt 0.907902 0.814218
vt 0.913998 0.814175
vt 0.539940 0.661504
vt 0.535463 0.661517
vt 0.535463 0.650255
vt 0.539940 0.650243
vt 0.909167 0.809351
vt 0.914000 0.809317
vt 0.534206 0.645322
vt 0.537755 0.645312
vt 0.534206 0.621744
vt 0.537755 0.621734
vt 0.909168 0.785780
vt 0.914000 0.785746
vt 0.905632 0.785874
vt 0.903632 0.781340
vt 0.908012 0.781225
vt 0.913999 0.781182
vt 0.539750 0.617232
vt 0.535354 0.617245
vt 0.535354 0.614781
vt 0.539750 0.614769
vt 0.908013 0.778762
vt 0.913999 0.778720
vt 0.103370 0.924621
vt 0.108736 0.927720
vt 0.107360 0.929068
vt 0.102849 0.926463
vt 0.097174 0.924622
vt 0.097641 0.926463
vt 0.540644 0.555716
vt 0.540652 0.559411
vt 0.539948 0.559411
vt 0.539940 0.555716
vt 0.344196 0.572251
vt 0.344232 0.577283
vt 0.343528 0.577283
vt 0.343492 0.572251
vt 0.598898 0.575000
vt 0.603410 0.572395
vt 0.604938 0.573922
vt 0.599459 0.577086
vt 0.593688 0.575000
vt 0.593132 0.577086
vt 0.384118 0.974394
vt 0.384108 0.969907
vt 0.387276 0.969910
vt 0.387285 0.974397
vt 0.405671 0.966999
vt 0.405714 0.973109
vt 0.402548 0.973109
vt 0.402505 0.966999
vt 0.678678 0.945991
vt 0.672353 0.945991
vt 0.673306 0.942646
vt 0.677836 0.942646
vt 0.666876 0.942828
vt 0.669383 0.940381
vt 0.965269 0.919038
vt 0.965300 0.923415
vt 0.961149 0.923414
vt 0.961118 0.919038
vt 0.467267 0.960758
vt 0.467260 0.957544
vt 0.471412 0.957547
vt 0.471419 0.960761
vt 0.954743 0.925025
vt 0.954700 0.919040
vt 0.961233 0.926617
vt 0.954858 0.929404
vt 0.949490 0.925025
vt 0.949448 0.919040
vt 0.477747 0.963547
vt 0.477738 0.959152
vt 0.482992 0.959156
vt 0.483001 0.963551
vt 0.477738 0.953162
vt 0.482992 0.953166
vt 0.477747 0.947181
vt 0.483001 0.947185
vt 0.959943 0.950139
vt 0.959931 0.945757
vt 0.965185 0.945757
vt 0.965197 0.950139
vt 0.959926 0.939771
vt 0.965180 0.939771
vt 0.953604 0.944148
vt 0.953601 0.939771
vt 0.953613 0.947352
vt 0.953604 0.935395
vt 0.959931 0.933786
vt 0.965185 0.933786
vt 0.959943 0.929404
vt 0.965197 0.929404
vt 0.953613 0.932191
vt 0.099196 0.964117
vt 0.099185 0.958133
vt 0.104440 0.958128
vt 0.104450 0.964112
vt 0.099185 0.952145
vt 0.104440 0.952141
vt 0.092862 0.958135
vt 0.092862 0.953757
vt 0.092870 0.962511
vt 0.088709 0.958139
vt 0.088709 0.953761
vt 0.088717 0.962514
vt 0.949452 0.935395
vt 0.949461 0.932191
vt 0.684156 0.925543
vt 0.687318 0.931022
vt 0.684024 0.931925
vt 0.681759 0.928001
vt 0.678679 0.922379
vt 0.677837 0.925736
vt 0.672354 0.922379
vt 0.673307 0.925736
vt 0.949448 0.939771
vt 0.666877 0.925543
vt 0.669384 0.928001
vt 0.949452 0.944148
vt 0.663714 0.931022
vt 0.667119 0.931925
vt 0.949461 0.947352
vt 0.663714 0.937349
vt 0.667119 0.936457
vt 0.467260 0.953164
vt 0.467267 0.948790
vt 0.471419 0.948794
vt 0.471412 0.953167
vt 0.384108 0.963791
vt 0.384118 0.957685
vt 0.387285 0.957687
vt 0.387276 0.963794
vt 0.606015 0.567883
vt 0.606015 0.562673
vt 0.608101 0.562116
vt 0.608101 0.568443
vt 0.079613 0.894931
vt 0.079600 0.890457
vt 0.082767 0.890457
vt 0.082780 0.894931
vt 0.603410 0.558161
vt 0.604938 0.556637
vt 0.345557 0.379033
vt 0.345547 0.375348
vt 0.346251 0.375348
vt 0.540652 0.564447
vt 0.540644 0.569476
vt 0.539940 0.569475
vt 0.539948 0.564447
vt 0.111834 0.939286
vt 0.108736 0.944654
vt 0.107360 0.943301
vt 0.109964 0.938789
vt 0.111834 0.933088
vt 0.109964 0.933579
vt 0.529362 0.617249
vt 0.523380 0.617245
vt 0.523380 0.614781
vt 0.529362 0.614786
vt 0.529369 0.621747
vt 0.524540 0.621744
vt 0.529369 0.645326
vt 0.524540 0.645322
vt 0.529362 0.650260
vt 0.523269 0.650255
vt 0.529362 0.661522
vt 0.523269 0.661517
vt 0.029663 0.927976
vt 0.025313 0.925464
vt 0.025960 0.923058
vt 0.031426 0.926214
vt 0.264438 0.933219
vt 0.264438 0.926646
vt 0.267397 0.927428
vt 0.267397 0.932452
vt 0.267723 0.938912
vt 0.269907 0.936802
vt 0.020289 0.925464
vt 0.019648 0.923058
vt 0.267724 0.920954
vt 0.269908 0.923077
vt 0.923768 0.163254
vt 0.923768 0.127933
vt 0.928417 0.127920
vt 0.928417 0.163241
vt 0.396434 0.816672
vt 0.396434 0.781351
vt 0.402778 0.781356
vt 0.402778 0.816677
vt 0.146790 0.941507
vt 0.141097 0.938220
vt 0.143470 0.935847
vt 0.147658 0.938266
vt 0.153363 0.941507
vt 0.152495 0.938266
vt 0.778218 0.956142
vt 0.773545 0.956138
vt 0.773545 0.920430
vt 0.778218 0.920434
vt 0.781642 0.956154
vt 0.781642 0.920446
vt 0.531071 0.954759
vt 0.540095 0.952340
vt 0.540095 0.957177
vt 0.537677 0.961365
vt 0.533489 0.963783
vt 0.528652 0.963783
vt 0.524464 0.961365
vt 0.522046 0.957177
vt 0.537677 0.948152
vt 0.533489 0.945734
vt 0.528652 0.945734
vt 0.524464 0.948152
vt 0.522046 0.952340
vt 0.436331 0.870438
vt 0.439751 0.870428
vt 0.439751 0.906136
vt 0.436331 0.906146
vt 0.431659 0.870442
vt 0.431659 0.906150
vt 0.146790 0.916975
vt 0.153363 0.916975
vt 0.152494 0.920216
vt 0.147658 0.920216
vt 0.141097 0.920262
vt 0.143470 0.922634
vt 0.137811 0.925954
vt 0.141051 0.926822
vt 0.426988 0.870438
vt 0.426988 0.906146
vt 0.137811 0.932527
vt 0.141051 0.931659
vt 0.423568 0.870428
vt 0.423568 0.906136
vt 0.768875 0.956142
vt 0.768875 0.920434
vt 0.385418 0.816691
vt 0.385418 0.781370
vt 0.390080 0.781356
vt 0.390080 0.816677
vt 0.273414 0.942199
vt 0.274256 0.939314
vt 0.040933 0.958412
vt 0.040933 0.923103
vt 0.047281 0.923058
vt 0.047281 0.958367
vt 0.279985 0.942199
vt 0.279278 0.939314
vt 0.034583 0.958368
vt 0.034583 0.923059
vt 0.285676 0.938912
vt 0.283628 0.936802
vt 0.025313 0.944212
vt 0.025960 0.946616
vt 0.288962 0.933219
vt 0.286139 0.932452
vt 0.020289 0.944212
vt 0.019648 0.946616
vt 0.342716 0.921243
vt 0.338247 0.921228
vt 0.338247 0.909967
vt 0.342716 0.909982
vt 0.920096 0.825476
vt 0.920096 0.814218
vt 0.340435 0.905036
vt 0.343977 0.905048
vt 0.918833 0.809351
vt 0.340435 0.881457
vt 0.343977 0.881469
vt 0.918834 0.785780
vt 0.922374 0.785874
vt 0.919987 0.781225
vt 0.924372 0.781340
vt 0.919987 0.778762
vt 0.342825 0.876971
vt 0.338438 0.876957
vt 0.338438 0.874493
vt 0.342825 0.874508
vt 0.091807 0.927721
vt 0.093130 0.929069
vt 0.088709 0.933089
vt 0.090526 0.933581
vt 0.344232 0.567218
vt 0.343528 0.567218
vt 0.344205 0.563529
vt 0.344196 0.567217
vt 0.343492 0.567218
vt 0.343502 0.563530
vt 0.589176 0.572395
vt 0.587653 0.573922
vt 0.586572 0.567883
vt 0.584489 0.568443
vt 0.405714 0.960887
vt 0.402548 0.960887
vt 0.660498 0.959726
vt 0.660509 0.955247
vt 0.663677 0.955244
vt 0.663665 0.959723
vt 0.684155 0.942828
vt 0.681759 0.940381
vt 0.687318 0.937349
vt 0.684024 0.936456
vt 0.965300 0.914661
vt 0.961148 0.914661
vt 0.088717 0.950553
vt 0.092870 0.950549
vt 0.954743 0.913053
vt 0.961233 0.911455
vt 0.954858 0.908669
vt 0.949490 0.913053
vt 0.099196 0.947759
vt 0.660498 0.965839
vt 0.663665 0.965836
vt 0.660509 0.971948
vt 0.663677 0.971945
vt 0.586572 0.562673
vt 0.584489 0.562116
vt 0.589176 0.558161
vt 0.587653 0.556637
vt 0.593688 0.555556
vt 0.593132 0.553474
vt 0.079600 0.878235
vt 0.079613 0.873761
vt 0.082780 0.873761
vt 0.082767 0.878235
vt 0.598898 0.555556
vt 0.599459 0.553474
vt 0.079595 0.884346
vt 0.082762 0.884346
vt 0.345543 0.370316
vt 0.345547 0.365284
vt 0.346251 0.365284
vt 0.346247 0.370316
vt 0.103370 0.947754
vt 0.097174 0.947754
vt 0.097641 0.945907
vt 0.102849 0.945907
vt 0.875545 0.222367
vt 0.881532 0.222371
vt 0.881532 0.224835
vt 0.875545 0.224830
vt 0.869558 0.222371
vt 0.869558 0.224835
vt 0.865175 0.222384
vt 0.865175 0.224847
vt 0.870712 0.217872
vt 0.875545 0.217869
vt 0.867174 0.217883
vt 0.870712 0.194294
vt 0.875545 0.194290
vt 0.867174 0.194304
vt 0.880378 0.217872
vt 0.880378 0.194294
vt 0.875545 0.189356
vt 0.881642 0.189361
vt 0.869448 0.189361
vt 0.886105 0.189373
vt 0.883916 0.194304
vt 0.883916 0.217883
vt 0.353643 0.905048
vt 0.348812 0.905052
vt 0.348812 0.881473
vt 0.353643 0.881469
vt 0.354910 0.909982
vt 0.348814 0.909987
vt 0.348814 0.876977
vt 0.354800 0.876971
vt 0.885915 0.222384
vt 0.348814 0.874513
vt 0.354800 0.874508
vt 0.885915 0.224847
vt 0.091807 0.944655
vt 0.088709 0.939288
vt 0.090526 0.938791
vt 0.093130 0.943302
vt 0.344196 0.553464
vt 0.344205 0.558495
vt 0.343502 0.558496
vt 0.343492 0.553465
vt 0.345557 0.361600
vt 0.346261 0.361600
vt 0.354910 0.921243
vt 0.348814 0.921249
vt 0.881642 0.178099
vt 0.886105 0.178112
vt 0.013426 0.937350
vt 0.015938 0.941701
vt 0.014181 0.943460
vt 0.011025 0.937993
vt 0.013426 0.932326
vt 0.011025 0.931681
vt 0.015938 0.927976
vt 0.014181 0.926214
vt 0.875545 0.178094
vt 0.869448 0.178099
vt 0.864984 0.178112
vt 0.864984 0.189373
vt 0.273415 0.917667
vt 0.279986 0.917667
vt 0.279280 0.920565
vt 0.274258 0.920565
vt 0.934766 0.163236
vt 0.934766 0.127915
vt 0.941115 0.127920
vt 0.941115 0.163241
vt 0.162342 0.932527
vt 0.159055 0.938220
vt 0.156683 0.935847
vt 0.159101 0.931659
vt 0.498308 0.956044
vt 0.493637 0.956077
vt 0.493637 0.920382
vt 0.498308 0.920349
vt 0.488965 0.956045
vt 0.488965 0.920349
vt 0.162342 0.925954
vt 0.159101 0.926823
vt 0.292392 0.953378
vt 0.288962 0.917681
vt 0.292392 0.917671
vt 0.159055 0.920262
vt 0.156683 0.922634
vt 0.297067 0.953375
vt 0.297067 0.917667
vt 0.301735 0.953379
vt 0.301735 0.917671
vt 0.854136 0.900638
vt 0.854136 0.865317
vt 0.860484 0.865311
vt 0.860484 0.900632
vt 0.866835 0.865317
vt 0.866835 0.900638
vt 0.871488 0.865332
vt 0.871488 0.900653
vt 0.288962 0.926646
vt 0.286139 0.927428
vt 0.285677 0.920954
vt 0.283629 0.923077
vt 0.945763 0.127933
vt 0.945763 0.163254
vt 0.157390 0.863871
vt 0.152143 0.883497
vt 0.143057 0.878223
vt 0.137811 0.869104
vt 0.137811 0.858582
vt 0.162636 0.883512
vt 0.171722 0.878264
vt 0.176969 0.869160
vt 0.176969 0.858639
vt 0.171722 0.849520
vt 0.162636 0.844246
vt 0.152143 0.844231
vt 0.143057 0.849478
vt 0.292198 0.884179
vt 0.292198 0.843521
vt 0.299649 0.843545
vt 0.299649 0.884204
vt 0.920699 0.569581
vt 0.920699 0.529150
vt 0.930865 0.529438
vt 0.930865 0.569868
vt 0.941028 0.529149
vt 0.941028 0.569580
vt 0.046236 0.848782
vt 0.046236 0.889441
vt 0.038772 0.889460
vt 0.038772 0.848802
vt 0.028598 0.889467
vt 0.028598 0.848809
vt 0.018442 0.889460
vt 0.018442 0.848802
vt 0.011025 0.889440
vt 0.011025 0.848782
vt 0.595565 0.891281
vt 0.595565 0.931801
vt 0.585401 0.932025
vt 0.585401 0.891505
vt 0.575236 0.931801
vt 0.575236 0.891280
vt 0.264438 0.884204
vt 0.264438 0.843546
vt 0.271869 0.843521
vt 0.271869 0.884179
vt 0.282030 0.843512
vt 0.282030 0.884170
vt 0.752367 0.765099
vt 0.746369 0.765139
vt 0.746369 0.749369
vt 0.752367 0.749329
vt 0.330142 0.009866
vt 0.345881 0.011223
vt 0.345993 0.015638
vt 0.330229 0.014627
vt 0.233074 0.723495
vt 0.231005 0.729440
vt 0.222691 0.729440
vt 0.227074 0.725038
vt 0.757729 0.765063
vt 0.757729 0.749293
vt 0.238435 0.722115
vt 0.238436 0.729440
vt 0.243797 0.723495
vt 0.245866 0.729440
vt 0.763091 0.749329
vt 0.763091 0.765099
vt 0.769091 0.749370
vt 0.769091 0.765140
vt 0.249796 0.725038
vt 0.254180 0.729440
vt 0.246113 0.732476
vt 0.238436 0.732476
vt 0.254703 0.732476
vt 0.330229 0.252326
vt 0.330266 0.248991
vt 0.346044 0.248275
vt 0.345993 0.251312
vt 0.330141 0.257079
vt 0.345879 0.255718
vt 0.255226 0.735512
vt 0.246360 0.735512
vt 0.330304 0.245655
vt 0.346095 0.245238
vt 0.311024 0.249863
vt 0.311045 0.246163
vt 0.311003 0.253564
vt 0.269667 0.251739
vt 0.269652 0.247254
vt 0.269681 0.256223
vt 0.269694 0.262306
vt 0.310947 0.258739
vt 0.264167 0.262977
vt 0.264141 0.256722
vt 0.264119 0.252089
vt 0.241087 0.264780
vt 0.241026 0.258068
vt 0.240987 0.253039
vt 0.240948 0.248011
vt 0.264098 0.247457
vt 0.229498 0.253560
vt 0.229449 0.248314
vt 0.229547 0.258806
vt 0.221333 0.253931
vt 0.221277 0.248530
vt 0.221389 0.259331
vt 0.221482 0.266476
vt 0.229626 0.265771
vt 0.215640 0.259701
vt 0.215579 0.254192
vt 0.215743 0.266972
vt 0.763091 0.640449
vt 0.763091 0.634698
vt 0.769091 0.634739
vt 0.769091 0.640490
vt 0.763091 0.648610
vt 0.769091 0.648651
vt 0.757729 0.640412
vt 0.757729 0.634662
vt 0.757729 0.648573
vt 0.752367 0.640448
vt 0.752367 0.634698
vt 0.752367 0.648609
vt 0.239979 0.638383
vt 0.245341 0.637003
vt 0.245320 0.639834
vt 0.239979 0.639851
vt 0.234638 0.639834
vt 0.234617 0.637003
vt 0.226130 0.639815
vt 0.228618 0.635459
vt 0.916906 0.958980
vt 0.908398 0.958978
vt 0.908290 0.953375
vt 0.918013 0.953377
vt 0.968004 0.358559
vt 0.959169 0.355369
vt 0.955058 0.351001
vt 0.968004 0.352713
vt 0.425687 0.962553
vt 0.431028 0.962553
vt 0.431028 0.971942
vt 0.425687 0.971942
vt 0.436369 0.962553
vt 0.436369 0.971942
vt 0.436265 0.977210
vt 0.431033 0.977210
vt 0.425800 0.977210
vt 0.334855 0.371089
vt 0.340088 0.371089
vt 0.340089 0.377215
vt 0.334965 0.377215
vt 0.345321 0.371089
vt 0.345214 0.377215
vt 0.955358 0.344698
vt 0.968004 0.346866
vt 0.959165 0.339781
vt 0.968004 0.341108
vt 0.340088 0.383014
vt 0.335070 0.383014
vt 0.962819 0.337183
vt 0.968004 0.335350
vt 0.340086 0.386547
vt 0.335175 0.386547
vt 0.345105 0.383014
vt 0.344997 0.386547
vt 0.968116 0.019510
vt 0.968116 0.025268
vt 0.962930 0.023435
vt 0.959276 0.020837
vt 0.968116 0.013752
vt 0.955469 0.015920
vt 0.544103 0.122221
vt 0.544014 0.126550
vt 0.539104 0.126540
vt 0.539193 0.122212
vt 0.545053 0.132856
vt 0.538953 0.132844
vt 0.557341 0.126575
vt 0.557180 0.132879
vt 0.859829 0.956292
vt 0.860920 0.961810
vt 0.847589 0.961810
vt 0.847695 0.956292
vt 0.534195 0.126531
vt 0.532853 0.132833
vt 0.534284 0.122203
vt 0.920209 0.942256
vt 0.908075 0.942254
vt 0.907968 0.936736
vt 0.921299 0.936738
vt 0.520868 0.126506
vt 0.520726 0.132810
vt 0.532717 0.140654
vt 0.520590 0.140631
vt 0.538817 0.140666
vt 0.538809 0.149848
vt 0.532709 0.149837
vt 0.520582 0.149814
vt 0.532813 0.155960
vt 0.520686 0.155937
vt 0.538913 0.155972
vt 0.532855 0.167808
vt 0.520729 0.167785
vt 0.538955 0.167820
vt 0.538990 0.177687
vt 0.532890 0.177675
vt 0.520764 0.177652
vt 0.539028 0.188105
vt 0.532928 0.188094
vt 0.520801 0.188071
vt 0.545055 0.167831
vt 0.545090 0.177698
vt 0.545128 0.188117
vt 0.545112 0.197019
vt 0.539012 0.197007
vt 0.532912 0.196996
vt 0.545103 0.202431
vt 0.539003 0.202420
vt 0.532903 0.202408
vt 0.520786 0.196973
vt 0.520776 0.202385
vt 0.538959 0.228404
vt 0.532859 0.228392
vt 0.520732 0.228369
vt 0.538914 0.254388
vt 0.532814 0.254377
vt 0.520687 0.254354
vt 0.545059 0.228415
vt 0.545014 0.254399
vt 0.545006 0.266074
vt 0.539015 0.266071
vt 0.533034 0.266052
vt 0.544950 0.270686
vt 0.539003 0.270686
vt 0.533068 0.270664
vt 0.522156 0.270623
vt 0.521777 0.266016
vt 0.519317 0.270617
vt 0.519133 0.265770
vt 0.518599 0.254937
vt 0.516478 0.270612
vt 0.516489 0.265523
vt 0.516510 0.255521
vt 0.281534 0.518742
vt 0.281311 0.544893
vt 0.277568 0.545303
vt 0.277836 0.519320
vt 0.285232 0.518163
vt 0.285054 0.544482
vt 0.284876 0.570801
vt 0.281088 0.571044
vt 0.277300 0.571287
vt 0.287036 0.570787
vt 0.287214 0.544468
vt 0.287391 0.518149
vt 0.284911 0.576852
vt 0.281078 0.576776
vt 0.287071 0.576838
vt 0.291993 0.576809
vt 0.291957 0.570758
vt 0.292135 0.544439
vt 0.296914 0.576780
vt 0.296879 0.570729
vt 0.297057 0.544410
vt 0.292313 0.518120
vt 0.297234 0.518091
vt 0.222457 0.571492
vt 0.215576 0.570748
vt 0.215547 0.544430
vt 0.223402 0.546699
vt 0.215518 0.518112
vt 0.224346 0.521905
vt 0.215518 0.505884
vt 0.224346 0.508756
vt 0.292241 0.505891
vt 0.297163 0.505862
vt 0.215518 0.499662
vt 0.224346 0.502066
vt 0.292204 0.499670
vt 0.297126 0.499641
vt 0.287320 0.505920
vt 0.287283 0.499699
vt 0.471204 0.602376
vt 0.466282 0.602376
vt 0.466282 0.599281
vt 0.471204 0.599281
vt 0.476125 0.602376
vt 0.476125 0.599281
vt 0.466282 0.596187
vt 0.471204 0.596187
vt 0.476125 0.596187
vt 0.218613 0.499659
vt 0.226324 0.502045
vt 0.221708 0.499657
vt 0.228302 0.502024
vt 0.233542 0.499646
vt 0.235865 0.501944
vt 0.471204 0.584353
vt 0.476125 0.584353
vt 0.239978 0.499641
vt 0.239978 0.501900
vt 0.471204 0.577916
vt 0.476125 0.577916
vt 0.466282 0.584353
vt 0.466282 0.577916
vt 0.476125 0.571480
vt 0.471204 0.571480
vt 0.466282 0.571480
vt 0.461873 0.577916
vt 0.462142 0.571973
vt 0.462142 0.583859
vt 0.471204 0.559646
vt 0.466282 0.559646
vt 0.462637 0.561047
vt 0.560460 0.274076
vt 0.557366 0.274072
vt 0.555886 0.270686
vt 0.558760 0.270692
vt 0.471204 0.556551
vt 0.466282 0.556551
vt 0.471204 0.553456
vt 0.466282 0.553456
vt 0.563554 0.274079
vt 0.561634 0.270697
vt 0.207223 0.664482
vt 0.207186 0.670704
vt 0.202265 0.670675
vt 0.202301 0.664454
vt 0.200126 0.667298
vt 0.200155 0.662209
vt 0.558963 0.265845
vt 0.561645 0.265608
vt 0.202373 0.652225
vt 0.200214 0.652207
vt 0.559403 0.255014
vt 0.561666 0.255606
vt 0.556280 0.266081
vt 0.557141 0.254422
vt 0.196518 0.651625
vt 0.192821 0.651042
vt 0.192553 0.625059
vt 0.196295 0.625473
vt 0.200036 0.625888
vt 0.192285 0.599075
vt 0.196072 0.599322
vt 0.199859 0.599569
vt 0.202195 0.625906
vt 0.202017 0.599587
vt 0.202053 0.593536
vt 0.199894 0.593518
vt 0.196062 0.593590
vt 0.202104 0.584785
vt 0.199945 0.584767
vt 0.196041 0.584764
vt 0.192229 0.593663
vt 0.192137 0.584761
vt 0.189725 0.574351
vt 0.194865 0.574461
vt 0.200005 0.574572
vt 0.187440 0.564491
vt 0.193748 0.565218
vt 0.200056 0.565945
vt 0.202164 0.574590
vt 0.202215 0.565963
vt 0.202253 0.559428
vt 0.200095 0.559410
vt 0.192396 0.556031
vt 0.202211 0.553116
vt 0.200052 0.553098
vt 0.189949 0.549821
vt 0.184697 0.552652
vt 0.179846 0.546544
vt 0.179423 0.537363
vt 0.189716 0.542074
vt 0.200010 0.546786
vt 0.184475 0.529525
vt 0.192106 0.533772
vt 0.199736 0.538019
vt 0.202169 0.546804
vt 0.201900 0.537228
vt 0.270647 0.986167
vt 0.270647 0.994903
vt 0.268771 0.992752
vt 0.266605 0.985091
vt 0.207000 0.539046
vt 0.207078 0.548979
vt 0.206974 0.528853
vt 0.201731 0.527132
vt 0.193196 0.533411
vt 0.196018 0.525177
vt 0.184493 0.529595
vt 0.190305 0.523221
vt 0.270647 0.977430
vt 0.264438 0.977430
vt 0.563554 0.126586
vt 0.563387 0.132941
vt 0.557044 0.140700
vt 0.544917 0.140677
vt 0.867134 0.956036
vt 0.867135 0.961810
vt 0.867133 0.950263
vt 0.858739 0.950773
vt 0.847801 0.950774
vt 0.867132 0.944968
vt 0.857631 0.945170
vt 0.847909 0.945171
vt 0.968116 0.007905
vt 0.955169 0.009617
vt 0.856524 0.939567
vt 0.848016 0.939568
vt 0.968116 0.002058
vt 0.959281 0.005249
vt 0.867131 0.939673
vt 0.251340 0.635459
vt 0.255724 0.628194
vt 0.264436 0.639820
vt 0.253828 0.639815
vt 0.215742 0.000000
vt 0.221480 0.000495
vt 0.221387 0.007648
vt 0.215638 0.007279
vt 0.746369 0.640489
vt 0.746369 0.634738
vt 0.221332 0.013049
vt 0.215578 0.012790
vt 0.256247 0.622684
vt 0.264420 0.629530
vt 0.221276 0.018451
vt 0.215518 0.018301
vt 0.256770 0.617175
vt 0.264405 0.619240
vt 0.212101 0.540864
vt 0.211987 0.551153
vt 0.212216 0.530574
vt 0.256769 0.613250
vt 0.264405 0.615074
vt 0.212041 0.555319
vt 0.207126 0.554218
vt 0.212096 0.559486
vt 0.207175 0.559457
vt 0.207136 0.565992
vt 0.212058 0.566021
vt 0.256769 0.609326
vt 0.259682 0.603169
vt 0.264317 0.604372
vt 0.264404 0.610908
vt 0.215666 0.026150
vt 0.221426 0.026223
vt 0.221426 0.032389
vt 0.215666 0.032316
vt 0.215592 0.022225
vt 0.221351 0.022337
vt 0.221424 0.040526
vt 0.215664 0.040453
vt 0.262897 0.595041
vt 0.264221 0.595745
vt 0.221410 0.050130
vt 0.215650 0.050056
vt 0.262483 0.585436
vt 0.264234 0.585549
vt 0.212007 0.574648
vt 0.211947 0.584843
vt 0.207025 0.584814
vt 0.207085 0.574619
vt 0.211896 0.593594
vt 0.206974 0.593565
vt 0.206939 0.599616
vt 0.211860 0.599645
vt 0.260100 0.577192
vt 0.257501 0.571492
vt 0.264383 0.570748
vt 0.264305 0.576799
vt 0.256556 0.546699
vt 0.264410 0.544430
vt 0.212038 0.625964
vt 0.207117 0.625935
vt 0.212216 0.652283
vt 0.207294 0.652254
vt 0.255610 0.521905
vt 0.264438 0.518112
vt 0.212144 0.664511
vt 0.212108 0.670733
vt 0.255610 0.508756
vt 0.255610 0.502066
vt 0.264438 0.499662
vt 0.264438 0.505883
vt 0.216208 0.113567
vt 0.221968 0.113640
vt 0.221950 0.126790
vt 0.216190 0.126716
vt 0.221941 0.133480
vt 0.216181 0.133406
vt 0.221672 0.088850
vt 0.215912 0.088776
vt 0.228328 0.113649
vt 0.228310 0.126798
vt 0.001795 0.559644
vt 0.001794 0.553286
vt 0.006674 0.555370
vt 0.006675 0.561230
vt 0.386952 0.850745
vt 0.386952 0.875556
vt 0.382147 0.873634
vt 0.382073 0.850557
vt 0.221376 0.064059
vt 0.215616 0.063986
vt 0.386952 0.900368
vt 0.382220 0.896711
vt 0.499648 0.605426
vt 0.522702 0.605343
vt 0.522708 0.612047
vt 0.499635 0.611708
vt 0.476593 0.605508
vt 0.476563 0.611370
vt 0.522699 0.624627
vt 0.499412 0.624781
vt 0.476125 0.624935
vt 0.001799 0.574368
vt 0.006679 0.574802
vt 0.002371 0.599112
vt 0.007250 0.597587
vt 0.504502 0.647221
vt 0.486316 0.648051
vt 0.002380 0.604075
vt 0.007259 0.602154
vt 0.505532 0.651996
vt 0.488362 0.652685
vt 0.522689 0.646391
vt 0.522701 0.651308
vt 0.522708 0.689327
vt 0.522334 0.689333
vt 0.521961 0.689338
vt 0.004485 0.641104
vt 0.003364 0.641104
vt 0.006338 0.637710
vt 0.006692 0.637694
vt 0.578344 0.165284
vt 0.578995 0.164371
vt 0.578995 0.169066
vt 0.578485 0.169139
vt 0.004491 0.660368
vt 0.003369 0.660368
vt 0.002248 0.660369
vt 0.002243 0.641105
vt 0.972800 0.283323
vt 0.972800 0.302588
vt 0.966385 0.302604
vt 0.966385 0.283339
vt 0.269779 0.058983
vt 0.311181 0.059510
vt 0.311155 0.065191
vt 0.269758 0.064669
vt 0.341895 0.627773
vt 0.341784 0.669233
vt 0.339412 0.665885
vt 0.338464 0.627866
vt 0.004495 0.676163
vt 0.003373 0.676163
vt 0.972800 0.318384
vt 0.966385 0.318401
vt 0.330466 0.051522
vt 0.346262 0.051723
vt 0.346241 0.059958
vt 0.330446 0.059756
vt 0.311202 0.051276
vt 0.330481 0.041918
vt 0.346276 0.042119
vt 0.311216 0.041672
vt 0.269813 0.041144
vt 0.269798 0.050747
vt 0.269814 0.033007
vt 0.311218 0.033535
vt 0.330482 0.033781
vt 0.269814 0.026841
vt 0.311218 0.027369
vt 0.330482 0.027615
vt 0.346278 0.033982
vt 0.346278 0.027817
vt 0.330393 0.024458
vt 0.346187 0.024765
vt 0.311132 0.024083
vt 0.330305 0.021301
vt 0.346096 0.021714
vt 0.311045 0.020797
vt 0.330267 0.017964
vt 0.346045 0.018676
vt 0.311024 0.017096
vt 0.269666 0.015230
vt 0.269652 0.019716
vt 0.269733 0.023278
vt 0.264119 0.014881
vt 0.264098 0.019514
vt 0.264178 0.023129
vt 0.240986 0.013936
vt 0.240948 0.018965
vt 0.241025 0.022720
vt 0.264258 0.026744
vt 0.241102 0.026474
vt 0.229524 0.022496
vt 0.229600 0.026328
vt 0.229449 0.018665
vt 0.229497 0.013418
vt 0.229545 0.008171
vt 0.241025 0.008907
vt 0.229625 0.001197
vt 0.241086 0.002186
vt 0.752367 0.660093
vt 0.746369 0.660133
vt 0.746369 0.648650
vt 0.752367 0.683272
vt 0.746369 0.683255
vt 0.264166 0.003984
vt 0.264140 0.010247
vt 0.757729 0.683288
vt 0.757729 0.660057
vt 0.763091 0.660093
vt 0.763091 0.683273
vt 0.769091 0.660134
vt 0.769091 0.683256
vt 0.757729 0.688723
vt 0.763091 0.688759
vt 0.769091 0.688800
vt 0.763091 0.730096
vt 0.757729 0.730059
vt 0.769091 0.730137
vt 0.752367 0.730096
vt 0.752367 0.688759
vt 0.746369 0.730136
vt 0.746369 0.688799
vt 0.269694 0.004653
vt 0.310948 0.008211
vt 0.311002 0.013394
vt 0.269680 0.010744
vt 0.241102 0.032640
vt 0.229600 0.032493
vt 0.241100 0.040777
vt 0.229598 0.040630
vt 0.241086 0.050381
vt 0.229584 0.050234
vt 0.241067 0.058617
vt 0.229566 0.058471
vt 0.221392 0.058366
vt 0.215632 0.058293
vt 0.229549 0.064162
vt 0.241804 0.064308
vt 0.342004 0.587505
vt 0.342009 0.599776
vt 0.337790 0.601186
vt 0.337429 0.588607
vt 0.342026 0.579319
vt 0.337281 0.581903
vt 0.342026 0.622204
vt 0.338394 0.622946
vt 0.264223 0.058886
vt 0.264203 0.064574
vt 0.264242 0.050651
vt 0.264257 0.041047
vt 0.264258 0.032910
vt 0.221646 0.735512
vt 0.222168 0.732476
vt 0.230758 0.732476
vt 0.230512 0.735512
vt 0.238436 0.735512
vt 0.221646 0.738564
vt 0.230512 0.738564
vt 0.238436 0.738564
vt 0.246360 0.738564
vt 0.255226 0.738564
vt 0.246360 0.741615
vt 0.238436 0.741615
vt 0.255226 0.741615
vt 0.247735 0.747772
vt 0.238436 0.747772
vt 0.258139 0.747772
vt 0.330480 0.239340
vt 0.330480 0.233180
vt 0.346276 0.232975
vt 0.346276 0.239135
vt 0.330392 0.242498
vt 0.346185 0.242187
vt 0.330478 0.225049
vt 0.346273 0.224844
vt 0.261354 0.755900
vt 0.249252 0.755900
vt 0.330461 0.215445
vt 0.346257 0.215239
vt 0.260940 0.765505
vt 0.249057 0.765505
vt 0.238436 0.765505
vt 0.238436 0.755900
vt 0.247569 0.773749
vt 0.238436 0.773749
vt 0.257787 0.773749
vt 0.244541 0.779449
vt 0.238436 0.779449
vt 0.251372 0.779449
vt 0.967236 0.044533
vt 0.973650 0.044550
vt 0.973650 0.060346
vt 0.967236 0.060330
vt 0.330438 0.207204
vt 0.346233 0.206999
vt 0.030363 0.660361
vt 0.031484 0.660360
vt 0.031489 0.676156
vt 0.030367 0.676156
vt 0.030368 0.680452
vt 0.023537 0.680454
vt 0.023536 0.676158
vt 0.031490 0.680452
vt 0.032610 0.676155
vt 0.032611 0.680451
vt 0.032606 0.660360
vt 0.031479 0.641096
vt 0.032600 0.641096
vt 0.030358 0.641097
vt 0.578344 0.172863
vt 0.578503 0.169139
vt 0.579014 0.169200
vt 0.579014 0.173761
vt 0.028151 0.637688
vt 0.028506 0.637704
vt 0.636286 0.735504
vt 0.632855 0.735412
vt 0.633803 0.697393
vt 0.636174 0.694045
vt 0.269771 0.207992
vt 0.269746 0.202297
vt 0.311142 0.201761
vt 0.311173 0.207455
vt 0.973650 0.025284
vt 0.587846 0.621972
vt 0.570675 0.621283
vt 0.587480 0.583947
vt 0.587853 0.583953
vt 0.569646 0.626058
vt 0.587834 0.626889
vt 0.636417 0.741074
vt 0.632785 0.740332
vt 0.636400 0.763502
vt 0.632182 0.762092
vt 0.564556 0.648497
vt 0.587844 0.648652
vt 0.551458 0.625228
vt 0.553504 0.620593
vt 0.541267 0.648342
vt 0.032484 0.604066
vt 0.027604 0.602149
vt 0.027612 0.597581
vt 0.032492 0.599103
vt 0.028183 0.574796
vt 0.033063 0.574359
vt 0.028179 0.561224
vt 0.033059 0.559636
vt 0.541704 0.661907
vt 0.564778 0.661570
vt 0.028178 0.555364
vt 0.033057 0.553277
vt 0.541734 0.667770
vt 0.564791 0.667853
vt 0.587853 0.661233
vt 0.587847 0.667936
vt 0.941982 0.669717
vt 0.937110 0.669904
vt 0.937184 0.646827
vt 0.941982 0.644905
vt 0.937258 0.623751
vt 0.941982 0.620094
vt 0.636417 0.783958
vt 0.631672 0.781375
vt 0.631820 0.774670
vt 0.636395 0.775773
vt 0.221366 0.202923
vt 0.215606 0.202998
vt 0.215896 0.178205
vt 0.221656 0.178131
vt 0.215624 0.208695
vt 0.221384 0.208621
vt 0.229539 0.202817
vt 0.229558 0.208514
vt 0.241793 0.202667
vt 0.241060 0.208365
vt 0.221405 0.216862
vt 0.229580 0.216756
vt 0.241082 0.216606
vt 0.264192 0.202395
vt 0.264215 0.208090
vt 0.264238 0.216331
vt 0.241098 0.226211
vt 0.264254 0.225936
vt 0.229596 0.226360
vt 0.241100 0.234342
vt 0.264256 0.234067
vt 0.229598 0.234491
vt 0.221424 0.234597
vt 0.221422 0.226466
vt 0.215662 0.226541
vt 0.215646 0.216937
vt 0.215664 0.234672
vt 0.217061 0.595041
vt 0.215737 0.595745
vt 0.215725 0.585549
vt 0.217475 0.585436
vt 0.215653 0.576799
vt 0.219859 0.577192
vt 0.296965 0.585530
vt 0.292044 0.585559
vt 0.297025 0.595726
vt 0.292104 0.595755
vt 0.287182 0.595784
vt 0.287122 0.585588
vt 0.292155 0.604382
vt 0.287233 0.604411
vt 0.297076 0.604353
vt 0.292193 0.610917
vt 0.287272 0.610946
vt 0.297115 0.610888
vt 0.223189 0.609326
vt 0.215554 0.610908
vt 0.215641 0.604372
vt 0.220276 0.603169
vt 0.223189 0.613250
vt 0.215554 0.615074
vt 0.297060 0.615055
vt 0.292145 0.616156
vt 0.223189 0.617175
vt 0.215554 0.619240
vt 0.297005 0.619221
vt 0.292096 0.621395
vt 0.287187 0.623570
vt 0.287230 0.617258
vt 0.292019 0.631329
vt 0.286918 0.633147
vt 0.297120 0.629511
vt 0.291992 0.641521
vt 0.286750 0.643242
vt 0.297234 0.639800
vt 0.224234 0.628194
vt 0.215523 0.639820
vt 0.215538 0.629530
vt 0.223712 0.622684
vt 0.927514 0.958876
vt 0.927514 0.953581
vt 0.215518 0.248682
vt 0.215591 0.244757
vt 0.221350 0.244644
vt 0.229523 0.244483
vt 0.221424 0.240758
vt 0.229598 0.240651
vt 0.215664 0.240833
vt 0.241100 0.240502
vt 0.241024 0.244257
vt 0.264256 0.240227
vt 0.264177 0.243842
vt 0.269812 0.240129
vt 0.269732 0.243692
vt 0.311216 0.239591
vt 0.311130 0.242877
vt 0.311216 0.233431
vt 0.269812 0.233969
vt 0.311214 0.225300
vt 0.269810 0.225838
vt 0.269794 0.216233
vt 0.311197 0.215695
vt 0.919119 0.947774
vt 0.927514 0.948286
vt 0.908182 0.947772
vt 0.927514 0.942512
vt 0.927514 0.936739
vt 0.281036 0.645198
vt 0.275323 0.647153
vt 0.269511 0.640779
vt 0.278215 0.636963
vt 0.994382 0.222099
vt 0.988173 0.222099
vt 0.990340 0.214438
vt 0.994382 0.213362
vt 0.992507 0.206777
vt 0.994382 0.204626
vt 0.285028 0.623585
vt 0.284754 0.632351
vt 0.277122 0.636594
vt 0.274733 0.628292
vt 0.269491 0.640837
vt 0.264438 0.632999
vt 0.285070 0.617273
vt 0.274965 0.620546
vt 0.264861 0.623818
vt 0.285112 0.610961
vt 0.277412 0.614336
vt 0.285074 0.604425
vt 0.278765 0.605148
vt 0.269712 0.617710
vt 0.272456 0.605871
vt 0.285022 0.595798
vt 0.279881 0.595905
vt 0.274740 0.596012
vt 0.284963 0.585603
vt 0.281058 0.585602
vt 0.277153 0.585601
vt 0.277244 0.576699
vt 0.514655 0.126494
vt 0.514519 0.132849
vt 0.216186 0.153413
vt 0.221945 0.153338
vt 0.221924 0.140189
vt 0.228285 0.140178
vt 0.228306 0.153328
vt 0.216165 0.140263
vt 0.221914 0.133498
vt 0.228274 0.133488
vt 0.216154 0.133573
vt 0.243019 0.149507
vt 0.243025 0.152938
vt 0.243016 0.147762
vt 0.850353 0.032255
vt 0.852330 0.032255
vt 0.852331 0.046933
vt 0.850353 0.046933
vt 0.850353 0.025894
vt 0.852331 0.025894
vt 0.854308 0.025894
vt 0.854308 0.032255
vt 0.854308 0.046933
vt 0.852331 0.020134
vt 0.854308 0.020134
vt 0.850353 0.020134
vt 0.861871 0.020135
vt 0.861871 0.025895
vt 0.861871 0.032255
vt 0.865984 0.025895
vt 0.865984 0.032256
vt 0.865985 0.020135
vt 0.865985 0.046933
vt 0.861871 0.046933
vt 0.865984 0.072134
vt 0.862024 0.072133
vt 0.854741 0.072132
vt 0.852837 0.072132
vt 0.924648 0.066472
vt 0.924301 0.073752
vt 0.900614 0.073747
vt 0.900614 0.066467
vt 0.924738 0.064568
vt 0.900614 0.064563
vt 0.924829 0.062664
vt 0.900614 0.062659
vt 0.850932 0.072131
vt 0.924829 0.060296
vt 0.929606 0.060415
vt 0.929791 0.062780
vt 0.900614 0.060290
vt 0.268268 0.160153
vt 0.273082 0.165152
vt 0.268063 0.163207
vt 0.268199 0.161183
vt 0.028861 0.637720
vt 0.034843 0.641096
vt 0.034854 0.604218
vt 0.504573 0.522354
vt 0.508295 0.516528
vt 0.532013 0.511639
vt 0.529609 0.517192
vt 0.476125 0.566877
vt 0.511238 0.559637
vt 0.515343 0.578461
vt 0.480230 0.585700
vt 0.034848 0.660360
vt 0.518709 0.593895
vt 0.483596 0.601134
vt 0.034853 0.676155
vt 0.519882 0.599582
vt 0.484464 0.605343
vt 0.034854 0.680451
vt 0.850358 0.080447
vt 0.852608 0.080447
vt 0.852601 0.116300
vt 0.850358 0.116300
vt 0.850353 0.072134
vt 0.852602 0.072134
vt 0.529697 0.597566
vt 0.528783 0.601598
vt 0.465632 0.602376
vt 0.465632 0.604746
vt 0.461874 0.604626
vt 0.461874 0.602377
vt 0.465632 0.606650
vt 0.461873 0.605751
vt 0.853727 0.072134
vt 0.853733 0.080447
vt 0.465632 0.608555
vt 0.461873 0.606876
vt 0.854852 0.072134
vt 0.854858 0.080448
vt 0.475874 0.606650
vt 0.475874 0.608554
vt 0.475874 0.604746
vt 0.049635 0.649008
vt 0.049635 0.650912
vt 0.034854 0.651180
vt 0.034854 0.649276
vt 0.049635 0.647104
vt 0.034854 0.647372
vt 0.049635 0.644735
vt 0.034854 0.645003
vt 0.475874 0.602376
vt 0.247992 0.798715
vt 0.246087 0.798715
vt 0.246088 0.779450
vt 0.247992 0.779450
vt 0.250361 0.798715
vt 0.250362 0.779450
vt 0.250362 0.836500
vt 0.247992 0.836500
vt 0.246088 0.836500
vt 0.244183 0.836500
vt 0.244183 0.798715
vt 0.244183 0.779450
vt 0.236901 0.798714
vt 0.236901 0.779450
vt 0.236901 0.836500
vt 0.049635 0.658192
vt 0.034854 0.658460
vt 0.232940 0.798713
vt 0.232940 0.779450
vt 0.049635 0.662152
vt 0.034854 0.662420
vt 0.475874 0.615837
vt 0.475874 0.619798
vt 0.465632 0.619798
vt 0.465632 0.615837
vt 0.461873 0.619798
vt 0.461873 0.613699
vt 0.861676 0.072134
vt 0.867774 0.072135
vt 0.867780 0.080448
vt 0.861681 0.080448
vt 0.867780 0.116301
vt 0.861674 0.116301
vt 0.854843 0.116300
vt 0.853722 0.116300
vt 0.017432 0.680456
vt 0.017431 0.676160
vt 0.011327 0.680457
vt 0.011326 0.676161
vt 0.873878 0.080449
vt 0.873885 0.116302
vt 0.232331 0.779449
vt 0.229303 0.773749
vt 0.004496 0.680459
vt 0.225500 0.779449
vt 0.219085 0.773749
vt 0.227815 0.765505
vt 0.215932 0.765505
vt 0.215518 0.755900
vt 0.227620 0.755900
vt 0.218733 0.747772
vt 0.229137 0.747772
vt 0.230512 0.741615
vt 0.221646 0.741615
vt 0.880702 0.080449
vt 0.880716 0.116302
vt 0.003375 0.680459
vt 0.881827 0.080449
vt 0.881837 0.116302
vt 0.881821 0.072136
vt 0.880696 0.072136
vt 0.873873 0.072135
vt 0.465632 0.632946
vt 0.461873 0.633845
vt 0.461873 0.632720
vt 0.465632 0.631041
vt 0.461873 0.625897
vt 0.465632 0.623759
vt 0.475874 0.632945
vt 0.475874 0.631041
vt 0.475874 0.623759
vt 0.465632 0.634850
vt 0.461873 0.634970
vt 0.475874 0.634850
vt 0.465632 0.637219
vt 0.461873 0.637219
vt 0.475874 0.637219
vt 0.885196 0.072136
vt 0.885201 0.080450
vt 0.882951 0.080449
vt 0.882946 0.072136
vt 0.882958 0.116302
vt 0.885201 0.116302
vt 0.093267 0.534357
vt 0.058154 0.527118
vt 0.059022 0.522909
vt 0.094440 0.528670
vt 0.103341 0.526654
vt 0.104255 0.530686
vt 0.054788 0.542552
vt 0.089901 0.549791
vt 0.106570 0.541633
vt 0.050683 0.561375
vt 0.085796 0.568615
vt 0.215518 0.798715
vt 0.215519 0.779449
vt 0.217888 0.779449
vt 0.217888 0.798714
vt 0.049635 0.679569
vt 0.034854 0.679837
vt 0.034854 0.677468
vt 0.049635 0.677200
vt 0.219793 0.779449
vt 0.219792 0.798714
vt 0.034854 0.675564
vt 0.049635 0.675296
vt 0.034854 0.673660
vt 0.049635 0.673392
vt 0.221697 0.779449
vt 0.221696 0.798714
vt 0.217888 0.836499
vt 0.219792 0.836499
vt 0.221697 0.836499
vt 0.228979 0.779449
vt 0.228979 0.798714
vt 0.228979 0.836500
vt 0.221697 0.841443
vt 0.228979 0.841444
vt 0.219793 0.841443
vt 0.924648 0.088952
vt 0.900614 0.088947
vt 0.900614 0.081667
vt 0.924301 0.081672
vt 0.924738 0.090856
vt 0.900614 0.090851
vt 0.924829 0.092760
vt 0.900614 0.092755
vt 0.217888 0.841443
vt 0.215519 0.841443
vt 0.215519 0.836499
vt 0.924829 0.095129
vt 0.900614 0.095124
vt 0.929791 0.092876
vt 0.929606 0.095248
vt 0.268289 0.106813
vt 0.268220 0.105783
vt 0.268083 0.103759
vt 0.273102 0.101813
vt 0.243040 0.119212
vt 0.243042 0.117466
vt 0.881616 0.046934
vt 0.881037 0.072132
vt 0.879132 0.072132
vt 0.879638 0.046934
vt 0.228301 0.133488
vt 0.881616 0.032256
vt 0.879638 0.032256
vt 0.877661 0.046934
vt 0.877660 0.032256
vt 0.877228 0.072132
vt 0.869945 0.072133
vt 0.870098 0.046934
vt 0.870098 0.032256
vt 0.879638 0.025895
vt 0.877661 0.025895
vt 0.870098 0.025895
vt 0.877661 0.020135
vt 0.870098 0.020135
vt 0.244091 0.501944
vt 0.246415 0.499646
vt 0.251654 0.502024
vt 0.258249 0.499657
vt 0.253632 0.502045
vt 0.261343 0.499659
vt 0.879638 0.020135
vt 0.881616 0.020135
vt 0.881616 0.025895
vt 0.476125 0.556551
vt 0.476125 0.559646
vt 0.476125 0.553456
vt 0.900614 0.077707
vt 0.924113 0.077712
vt 0.232940 0.836500
vt 0.232940 0.841444
vt 0.236901 0.841444
vt 0.244183 0.841444
vt 0.243047 0.114036
vt 0.000000 0.641105
vt 0.000011 0.604228
vt 0.005983 0.637727
vt 0.104167 0.611060
vt 0.079131 0.605898
vt 0.106570 0.616613
vt 0.082853 0.611724
vt 0.000005 0.660369
vt 0.034854 0.666380
vt 0.049635 0.666112
vt 0.002252 0.676164
vt 0.000009 0.676164
vt 0.002253 0.680460
vt 0.000011 0.680460
vt 0.246088 0.841444
vt 0.247992 0.841444
vt 0.250362 0.841444
vt 0.532013 0.586619
vt 0.587107 0.583941
vt 0.557036 0.149883
vt 0.544909 0.149860
vt 0.557140 0.156006
vt 0.545013 0.155983
vt 0.557182 0.167854
vt 0.557217 0.177721
vt 0.557254 0.188139
vt 0.557239 0.197041
vt 0.557230 0.202454
vt 0.557185 0.228438
vt 0.462637 0.594786
vt 0.517742 0.273995
vt 0.520835 0.274004
vt 0.514648 0.273987
vt 0.285173 0.508161
vt 0.285143 0.503072
s 1
usemtl M249_Gun
f 1/1/1 13/2/2 2/3/3
f 1/1/1 2/3/3 3/4/4
f 1/1/1 3/4/4 4/5/5
f 1/1/1 4/5/5 5/6/6
f 1/1/1 5/6/6 6/7/7
f 1/1/1 6/7/7 7/8/8
f 1/1/1 7/8/8 8/9/9
f 1/1/1 8/9/9 9/10/10
f 1/1/1 9/10/10 10/11/11
f 1/1/1 10/11/11 11/12/12
f 1/1/1 11/12/12 12/13/13
f 1/1/1 12/13/13 13/2/2
f 12/14/13 16/15/14 14/16/15 13/17/2
f 13/17/2 14/16/15 17/18/16 2/19/3
f 14/16/15 15/20/17 19/21/18 17/18/16
f 16/15/14 30/22/19 15/20/17 14/16/15
f 2/19/3 17/18/16 18/23/20 3/24/4
f 19/21/18 20/25/21 18/23/20 17/18/16
f 21/26/22 20/27/21 19/28/18
f 21/26/22 19/28/18 15/29/17
f 21/26/22 22/30/23 20/27/21
f 21/26/22 23/31/24 22/30/23
f 21/26/22 24/32/25 23/31/24
f 21/26/22 25/33/26 24/32/25
f 21/26/22 26/34/27 25/33/26
f 21/26/22 27/35/28 26/34/27
f 21/26/22 28/36/29 27/35/28
f 21/26/22 29/37/30 28/36/29
f 21/26/22 30/38/19 29/37/30
f 21/26/22 15/29/17 30/38/19
f 31/39/31 29/40/30 30/41/19 16/42/14
f 32/43/32 28/44/29 29/40/30 31/39/31
f 10/45/11 32/43/32 31/39/31 11/46/12
f 11/46/12 31/39/31 16/42/14 12/47/13
f 33/48/33 27/49/28 28/44/29 32/43/32
f 9/50/10 33/48/33 32/43/32 10/45/11
f 34/51/34 26/52/27 27/53/28 33/54/33
f 8/55/9 34/51/34 33/54/33 9/56/10
f 35/57/35 25/58/26 26/52/27 34/51/34
f 7/59/8 35/57/35 34/51/34 8/55/9
f 36/60/36 53/61/37 25/58/26 35/57/35
f 37/62/38 38/63/39 36/64/36 35/65/35
f 6/66/7 37/67/38 35/68/35 7/69/8
f 39/70/40 40/71/41 38/63/39 37/62/38
f 5/72/6 39/73/40 37/67/38 6/66/7
f 44/74/42 40/75/41 39/73/40 23/76/24
f 41/77/43 22/78/23 23/76/24 39/73/40
f 4/79/5 41/77/43 39/73/40 5/72/6
f 18/23/20 20/25/21 22/80/23 41/81/43
f 3/24/4 18/23/20 41/81/43 4/82/5
f 122/83/44 38/84/39 40/85/41 42/86/45
f 42/87/45 40/88/41 43/89/15 70/90/46
f 40/88/41 44/91/42 46/92/17 43/89/15
f 44/93/42 45/94/47 47/95/22
f 24/32/25 45/94/47 44/93/42 23/31/24
f 46/96/17 44/93/42 47/95/22
f 48/97/48 52/98/23 47/95/22
f 49/99/49 48/97/48 47/95/22
f 56/100/50 49/99/49 47/95/22
f 50/101/18 46/96/17 47/95/22
f 51/102/21 50/101/18 47/95/22
f 52/98/23 51/102/21 47/95/22
f 45/94/47 53/103/37 47/95/22
f 53/103/37 54/104/28 47/95/22
f 54/104/28 55/105/27 47/95/22
f 55/105/27 56/100/50 47/95/22
f 57/106/51 56/107/50 55/108/27 59/109/34
f 60/110/52 49/111/49 56/112/50 57/113/51
f 61/114/53 60/110/52 57/113/51 58/115/54
f 58/116/54 57/106/51 59/109/34 117/117/55
f 63/118/56 62/119/57 60/110/52 61/114/53
f 62/119/57 48/120/48 49/111/49 60/110/52
f 65/121/58 64/122/43 62/119/57 63/118/56
f 64/122/43 52/123/23 48/120/48 62/119/57
f 67/124/59 66/125/20 64/126/43 65/127/58
f 66/125/20 51/128/21 52/129/23 64/126/43
f 69/130/60 68/131/16 66/125/20 67/124/59
f 50/132/18 51/128/21 66/125/20 68/131/16
f 43/89/15 46/92/17 50/132/18 68/131/16
f 70/90/46 43/89/15 68/131/16 69/130/60
f 70/133/46 69/134/60 71/135/61 74/136/62
f 69/134/60 67/137/59 72/138/63 71/135/61
f 71/139/61 72/140/63 109/141/64 73/142/65
f 74/143/62 71/139/61 73/142/65 76/144/66
f 42/145/45 70/133/46 74/136/62 75/146/67
f 75/147/67 74/143/62 76/144/66 77/148/68
f 77/149/68 76/150/66 78/151/69 79/152/70
f 76/150/66 73/153/65 80/154/71 78/151/69
f 78/155/69 81/156/72 84/157/73 79/158/70
f 80/159/71 83/160/74 81/156/72 78/155/69
f 81/161/72 82/162/1 84/163/73
f 83/164/74 82/162/1 81/161/72
f 84/163/73 82/162/1 85/165/75
f 79/166/70 84/167/73 85/168/75 87/169/76
f 86/170/77 85/165/75 82/162/1
f 87/169/76 85/168/75 86/171/77 89/172/78
f 88/173/79 77/149/68 79/152/70 87/174/76
f 90/175/80 88/173/79 87/174/76 89/176/78
f 92/177/81 90/175/80 89/176/78 91/178/82
f 89/172/78 86/171/77 94/179/83 91/180/82
f 118/181/84 92/177/81 91/178/82 93/182/85
f 91/183/82 94/184/83 95/185/86 93/186/85
f 86/170/77 82/162/1 94/187/83
f 94/187/83 82/162/1 95/188/86
f 95/188/86 82/162/1 96/189/87
f 93/186/85 95/185/86 96/190/87 98/191/88
f 96/189/87 82/162/1 97/192/89
f 98/193/88 96/194/87 97/195/89 100/196/90
f 99/197/91 118/181/84 93/182/85 98/198/88
f 101/199/92 99/197/91 98/198/88 100/200/90
f 103/201/93 101/199/92 100/200/90 102/202/94
f 100/196/90 97/195/89 105/203/95 102/204/94
f 110/205/96 103/201/93 102/202/94 104/206/97
f 102/204/94 105/203/95 106/207/98 104/208/97
f 97/192/89 82/162/1 105/209/95
f 105/209/95 82/162/1 106/210/98
f 106/210/98 82/162/1 107/211/99
f 104/212/97 106/213/98 107/214/99 108/215/100
f 107/211/99 82/162/1 83/164/74
f 108/215/100 107/214/99 83/160/74 80/159/71
f 109/216/64 110/205/96 104/206/97 108/217/100
f 73/153/65 109/216/64 108/217/100 80/154/71
f 72/140/63 111/218/101 110/219/96 109/141/64
f 111/220/101 112/221/102 103/222/93 110/223/96
f 65/224/58 63/225/56 112/226/102 111/227/101
f 67/137/59 65/224/58 111/227/101 72/138/63
f 112/221/102 113/228/103 101/229/92 103/222/93
f 63/225/56 61/230/53 113/231/103 112/226/102
f 113/228/103 114/232/104 99/233/91 101/229/92
f 61/230/53 58/234/54 114/235/104 113/231/103
f 114/236/104 115/237/105 118/238/84 99/239/91
f 58/234/54 117/240/55 115/241/105 114/235/104
f 115/237/105 116/242/106 92/243/81 118/238/84
f 117/240/55 119/244/107 116/245/106 115/241/105
f 117/117/55 59/109/34 121/246/33 119/247/107
f 119/244/107 120/248/108 123/249/109 116/245/106
f 119/250/107 121/251/33 36/252/36 120/253/108
f 121/251/33 54/254/28 53/255/37 36/252/36
f 59/109/34 55/108/27 54/256/28 121/246/33
f 120/253/108 36/252/36 38/84/39 122/83/44
f 120/248/108 122/257/44 124/258/110 123/249/109
f 123/259/109 124/260/110 88/261/79 90/262/80
f 116/263/106 123/259/109 90/262/80 92/264/81
f 124/260/110 75/265/67 77/266/68 88/261/79
f 122/257/44 42/145/45 75/146/67 124/258/110
f 25/33/26 53/103/37 45/94/47 24/32/25
f 125/267/1 137/268/111 126/269/112
f 125/267/1 126/269/112 127/270/113
f 125/267/1 127/270/113 128/271/114
f 125/267/1 128/271/114 129/272/115
f 125/267/1 129/272/115 130/273/116
f 125/267/1 130/273/116 131/274/117
f 125/267/1 131/274/117 132/275/118
f 125/267/1 132/275/118 133/276/119
f 125/267/1 133/276/119 134/277/120
f 125/267/1 134/277/120 135/278/121
f 125/267/1 135/278/121 136/279/122
f 125/267/1 136/279/122 137/268/111
f 136/280/122 140/281/123 138/282/124 137/283/111
f 137/283/111 138/282/124 141/284/125 126/285/112
f 139/286/22 141/287/125 138/288/124
f 139/286/22 138/288/124 140/289/123
f 126/285/112 141/284/125 142/290/126 127/291/113
f 139/286/22 142/292/126 141/287/125
f 139/286/22 143/293/127 142/292/126
f 127/291/113 142/290/126 143/294/127 128/295/114
f 139/286/22 144/296/128 143/293/127
f 128/297/114 143/298/127 144/299/128 129/300/115
f 139/286/22 145/301/129 144/296/128
f 129/300/115 144/299/128 145/302/129 130/303/116
f 139/286/22 146/304/130 145/301/129
f 130/305/116 145/306/129 146/307/130 131/308/117
f 139/286/22 147/309/131 146/304/130
f 131/308/117 146/307/130 147/310/131 132/311/118
f 139/286/22 148/312/132 147/309/131
f 132/311/118 147/310/131 148/313/132 133/314/119
f 139/286/22 149/315/133 148/312/132
f 133/314/119 148/313/132 149/316/133 134/317/120
f 139/286/22 150/318/134 149/315/133
f 134/319/120 149/320/133 150/321/134 135/322/121
f 139/286/22 140/289/123 150/318/134
f 135/322/121 150/321/134 140/323/123 136/324/122
f 151/325/135 152/326/136 168/327/31 155/328/31 154/329/137
f 152/330/136 151/331/135 153/332/138 163/333/139
f 154/334/137 157/335/140 153/336/138 151/337/135
f 154/329/137 155/328/31 161/338/141 156/339/142
f 157/335/140 154/334/137 156/340/142 159/341/143
f 158/342/57 162/343/57 163/344/139 153/345/138 157/346/140
f 158/342/57 157/346/140 159/347/143 160/348/144
f 161/349/141 160/350/144 159/351/143 156/352/142
f 165/353/145 163/344/139 162/343/57 164/354/57
f 165/355/145 166/356/146 152/330/136 163/333/139
f 166/357/146 167/358/31 168/327/31 152/326/136
f 170/359/147 175/360/148 172/361/149 169/362/150
f 171/363/137 179/364/140 170/365/147 169/366/150
f 169/367/150 172/368/149 174/369/151 171/370/137
f 175/360/148 176/371/152 173/372/153 172/361/149
f 172/368/149 173/373/153 184/374/154 174/369/151
f 177/375/155 178/376/156 176/377/152 175/378/148
f 179/379/140 177/375/155 175/378/148 170/380/147
f 174/381/151 184/382/154 178/383/156 177/384/155
f 174/385/151 177/386/155 180/387/156 182/388/154
f 177/375/155 179/379/140 181/389/143 180/390/156
f 183/391/142 182/392/154 180/393/156 181/394/143
f 171/370/137 174/369/151 182/395/154 183/396/142
f 179/364/140 171/363/137 183/397/142 181/398/143
f 178/399/156 184/400/154 173/401/153 176/402/152
f 185/403/31 197/404/157 186/405/158
f 185/403/31 186/405/158 187/406/159
f 185/403/31 187/406/159 188/407/160
f 185/403/31 188/407/160 189/408/161
f 185/403/31 189/408/161 190/409/162
f 185/403/31 190/409/162 191/410/163
f 185/403/31 191/410/163 192/411/164
f 185/403/31 192/411/164 193/412/165
f 185/403/31 193/412/165 194/413/166
f 185/403/31 194/413/166 195/414/167
f 185/403/31 195/414/167 196/415/168
f 185/403/31 196/415/168 197/404/157
f 196/416/168 200/417/169 198/418/170 197/419/157
f 197/419/157 198/418/170 201/420/171 186/421/158
f 199/422/57 201/423/171 198/424/170
f 199/422/57 198/424/170 200/425/169
f 186/421/158 201/420/171 202/426/172 187/427/159
f 199/422/57 202/428/172 201/423/171
f 199/422/57 203/429/173 202/428/172
f 187/427/159 202/426/172 203/430/173 188/431/160
f 199/422/57 204/432/174 203/429/173
f 188/433/160 203/434/173 204/435/174 189/436/161
f 199/422/57 205/437/175 204/432/174
f 189/436/161 204/435/174 205/438/175 190/439/162
f 199/422/57 206/440/176 205/437/175
f 190/441/162 205/442/175 206/443/176 191/444/163
f 199/422/57 207/445/177 206/440/176
f 191/444/163 206/443/176 207/446/177 192/447/164
f 199/422/57 208/448/178 207/445/177
f 192/447/164 207/446/177 208/449/178 193/450/165
f 199/422/57 209/451/179 208/448/178
f 193/452/165 208/453/178 209/454/179 194/455/166
f 199/422/57 210/456/180 209/451/179
f 194/455/166 209/454/179 210/457/180 195/458/167
f 199/422/57 200/425/169 210/456/180
f 195/458/167 210/457/180 200/459/169 196/460/168
f 211/461/31 223/462/181 212/463/182
f 211/461/31 212/463/182 213/464/183
f 211/461/31 213/464/183 214/465/184
f 211/461/31 214/465/184 215/466/185
f 211/461/31 215/466/185 216/467/186
f 211/461/31 216/467/186 217/468/187
f 211/461/31 217/468/187 218/469/188
f 211/461/31 218/469/188 219/470/189
f 211/461/31 219/470/189 220/471/190
f 211/461/31 220/471/190 221/472/191
f 211/461/31 221/472/191 222/473/192
f 211/461/31 222/473/192 223/462/181
f 224/474/193 227/475/194 212/463/182 223/462/181
f 226/476/195 224/474/193 223/462/181 222/473/192
f 225/477/196 229/478/22 227/479/194 224/480/193
f 254/481/197 225/477/196 224/480/193 226/482/195
f 227/475/194 228/483/198 213/464/183 212/463/182
f 229/478/22 230/484/199 228/485/198 227/479/194
f 229/478/22 231/486/22 232/487/199 230/484/199
f 225/477/196 233/488/196 231/486/22 229/478/22
f 232/487/199 231/486/22 234/489/200 236/490/201
f 231/486/22 233/488/196 235/491/202 234/489/200
f 234/492/200 235/493/202 239/494/203 237/495/204
f 236/496/201 234/492/200 237/495/204 238/497/205
f 240/498/57 238/497/205 237/495/204
f 240/498/57 237/495/204 239/494/203
f 240/498/57 241/499/206 238/497/205
f 240/498/57 242/500/207 241/499/206
f 240/498/57 243/501/208 242/500/207
f 240/498/57 244/502/209 243/501/208
f 240/498/57 245/503/210 244/502/209
f 240/498/57 246/504/211 245/503/210
f 240/498/57 247/505/212 246/504/211
f 240/498/57 248/506/213 247/505/212
f 240/498/57 249/507/214 248/506/213
f 240/498/57 239/494/203 249/507/214
f 250/508/215 251/509/216 248/506/213 249/507/214
f 235/493/202 250/508/215 249/507/214 239/494/203
f 252/510/197 253/511/34 251/512/216 250/513/215
f 233/488/196 252/514/197 250/515/215 235/491/202
f 255/516/34 253/511/34 252/510/197 254/517/197
f 254/481/197 252/514/197 233/488/196 225/477/196
f 255/516/34 254/517/197 226/518/195 257/519/217
f 256/520/218 284/521/218 253/511/34 255/516/34
f 256/520/218 255/516/34 257/519/217 258/522/219
f 258/523/219 257/524/217 221/472/191 220/471/190
f 257/524/217 226/476/195 222/473/192 221/472/191
f 260/525/220 256/520/218 258/522/219 259/526/221
f 259/527/221 258/523/219 220/471/190 219/470/189
f 262/528/1 260/529/220 259/530/221 261/531/222
f 261/532/222 259/527/221 219/470/189 218/469/188
f 264/533/223 262/528/1 261/531/222 263/534/224
f 263/535/224 261/532/222 218/469/188 217/468/187
f 266/536/225 264/533/223 263/534/224 265/537/226
f 265/538/226 263/535/224 217/468/187 216/467/186
f 268/539/16 266/540/225 265/541/226 267/542/227
f 267/496/227 265/538/226 216/467/186 215/466/185
f 270/543/228 268/539/16 267/542/227 269/544/229
f 269/545/229 267/496/227 215/466/185 214/465/184
f 230/484/199 270/546/228 269/547/229 228/485/198
f 228/483/198 269/545/229 214/465/184 213/464/183
f 270/543/228 271/548/228 272/549/16 268/539/16
f 230/484/199 232/487/199 271/550/228 270/546/228
f 271/550/228 232/487/199 236/490/201 273/551/230
f 272/549/16 271/548/228 273/552/230 274/553/231
f 274/554/231 273/555/230 241/499/206 242/500/207
f 273/555/230 236/496/201 238/497/205 241/499/206
f 276/556/225 272/549/16 274/553/231 275/557/232
f 275/558/232 274/554/231 242/500/207 243/501/208
f 278/559/223 276/560/225 275/561/232 277/562/233
f 277/563/233 275/558/232 243/501/208 244/502/209
f 280/564/1 278/559/223 277/562/233 279/565/234
f 279/566/234 277/563/233 244/502/209 245/503/210
f 282/567/220 280/564/1 279/565/234 281/568/235
f 281/569/235 279/566/234 245/503/210 246/504/211
f 284/521/218 282/570/220 281/571/235 283/572/236
f 283/573/236 281/569/235 246/504/211 247/505/212
f 253/511/34 284/521/218 283/572/236 251/512/216
f 251/509/216 283/573/236 247/505/212 248/506/213
f 260/525/220 282/570/220 284/521/218 256/520/218
f 262/528/1 280/564/1 282/567/220 260/529/220
f 264/533/223 278/559/223 280/564/1 262/528/1
f 266/536/225 276/560/225 278/559/223 264/533/223
f 268/539/16 272/549/16 276/556/225 266/540/225
f 286/574/237 290/575/238 288/576/239 285/577/240
f 287/578/137 298/579/140 286/580/237 285/581/240
f 285/582/240 288/583/239 291/584/31 287/585/137
f 288/583/239 289/586/241 292/587/31 291/584/31
f 290/575/238 301/588/242 289/589/241 288/576/239
f 291/584/31 292/587/31 294/590/243 293/591/244
f 287/585/137 291/584/31 293/591/244 296/592/245
f 293/593/244 294/594/243 303/595/246 295/596/247
f 296/597/245 293/593/244 295/596/247 297/598/248
f 296/599/245 297/600/248 298/579/140 287/578/137
f 297/601/248 295/602/247 299/603/57 298/604/140
f 298/604/140 299/603/57 290/605/238 286/606/237
f 295/602/247 303/607/246 300/608/57 299/603/57
f 299/603/57 300/608/57 301/609/242 290/605/238
f 300/608/57 302/610/57 325/611/57 301/609/242
f 303/607/246 304/612/249 302/610/57 300/608/57
f 294/594/243 306/613/250 304/614/249 303/595/246
f 304/612/249 305/615/251 326/616/252 302/610/57
f 306/613/250 307/617/253 305/618/251 304/614/249
f 308/619/31 309/620/254 307/621/253 306/622/250
f 292/587/31 308/619/31 306/622/250 294/590/243
f 310/623/31 312/624/255 309/620/254 308/619/31
f 289/586/241 310/623/31 308/619/31 292/587/31
f 310/623/31 289/586/241 322/625/256 311/626/31
f 312/624/255 310/623/31 311/626/31 314/627/257
f 326/628/252 309/629/254 312/630/255 313/631/258
f 313/631/258 312/630/255 314/632/257 315/633/259
f 315/634/259 314/635/257 316/636/260 317/637/261
f 314/627/257 311/626/31 318/638/149 316/639/260
f 319/640/148 317/637/261 316/636/260 318/641/149
f 321/642/262 319/640/148 318/641/149 320/643/263
f 311/626/31 322/625/256 320/644/263 318/638/149
f 322/645/256 323/646/264 321/642/262 320/643/263
f 289/647/241 301/648/242 323/649/264 322/650/256
f 323/651/264 324/652/57 319/653/148 321/654/262
f 301/609/242 325/611/57 324/652/57 323/651/264
f 325/611/57 313/655/258 315/656/259 324/652/57
f 324/652/57 315/656/259 317/657/261 319/653/148
f 302/610/57 326/616/252 313/655/258 325/611/57
f 305/658/251 307/659/253 309/629/254 326/628/252
f 327/660/237 328/661/140 333/662/57 330/663/238
f 328/664/140 327/600/237 329/599/240 366/665/137
f 329/666/240 327/667/237 330/668/238 331/669/239
f 331/669/239 330/668/238 332/670/242 354/671/241
f 330/663/238 333/662/57 335/672/57 332/673/242
f 328/661/140 365/674/248 334/675/247 333/662/57
f 333/662/57 334/675/247 336/676/246 335/672/57
f 335/672/57 336/676/246 338/677/249 337/678/57
f 332/673/242 335/672/57 337/678/57 340/679/57
f 337/678/57 338/677/249 362/680/251 339/681/252
f 340/679/57 337/678/57 339/681/252 342/682/258
f 342/682/258 344/683/259 341/684/57 340/679/57
f 340/679/57 341/684/57 353/685/264 332/673/242
f 343/686/255 346/687/257 344/688/259 342/689/258
f 363/690/254 343/686/255 342/689/258 339/691/252
f 344/683/259 345/692/261 368/693/148 341/684/57
f 346/694/257 347/695/260 345/696/261 344/697/259
f 348/698/31 349/699/149 347/700/260 346/701/257
f 350/702/31 348/698/31 346/701/257 343/703/255
f 351/704/256 352/705/263 349/699/149 348/698/31
f 354/706/241 351/704/256 348/698/31 350/702/31
f 353/707/264 367/708/262 352/709/263 351/710/256
f 332/711/242 353/712/264 351/713/256 354/714/241
f 356/715/31 331/716/239 354/706/241 355/717/31
f 355/717/31 354/706/241 350/702/31 357/718/31
f 359/719/244 356/715/31 355/717/31 358/720/243
f 358/720/243 355/717/31 357/718/31 360/721/250
f 334/722/247 359/723/244 358/724/243 336/725/246
f 336/725/246 358/724/243 360/726/250 338/727/249
f 338/727/249 360/726/250 361/728/253 362/729/251
f 360/721/250 357/718/31 363/730/254 361/731/253
f 361/732/253 363/690/254 339/691/252 362/733/251
f 357/718/31 350/702/31 343/703/255 363/730/254
f 365/734/248 364/735/245 359/723/244 334/722/247
f 364/736/245 366/737/137 356/715/31 359/719/244
f 365/738/248 328/664/140 366/665/137 364/739/245
f 366/737/137 329/740/240 331/716/239 356/715/31
f 341/684/57 368/693/148 367/741/262 353/685/264
f 352/709/263 367/708/262 368/742/148 349/743/149
f 349/743/149 368/742/148 345/696/261 347/695/260
f 370/744/265 374/745/266 372/746/267 369/747/268
f 371/748/269 376/749/270 370/750/265 369/751/268
f 369/752/268 372/753/267 373/754/271 371/755/269
f 375/756/272 373/757/271 372/758/267 374/759/266
f 376/760/270 375/761/272 374/762/266 370/763/265
f 371/764/269 373/765/271 375/766/272 376/767/270
f 378/768/265 382/769/266 380/770/267 377/771/268
f 379/772/269 384/773/270 378/774/265 377/775/268
f 377/776/268 380/777/267 381/778/271 379/779/269
f 383/780/272 381/781/271 380/782/267 382/783/266
f 384/784/270 383/785/272 382/786/266 378/787/265
f 379/788/269 381/789/271 383/790/272 384/791/270
f 386/792/265 390/793/266 388/794/267 385/795/268
f 387/796/269 392/797/270 386/798/265 385/799/268
f 385/800/268 388/801/267 389/802/271 387/803/269
f 391/804/272 389/805/271 388/806/267 390/807/266
f 392/808/270 391/809/272 390/810/266 386/811/265
f 387/812/269 389/813/271 391/814/272 392/815/270
f 394/816/265 398/817/266 396/818/267 393/819/268
f 395/820/269 400/821/270 394/822/265 393/823/268
f 393/824/268 396/825/267 397/826/271 395/827/269
f 399/828/272 397/829/271 396/830/267 398/831/266
f 400/832/270 399/833/272 398/834/266 394/835/265
f 395/836/269 397/837/271 399/838/272 400/839/270
f 402/840/265 406/841/266 404/842/267 401/843/268
f 403/844/269 408/845/270 402/846/265 401/847/268
f 401/848/268 404/849/267 405/850/271 403/851/269
f 407/852/272 405/853/271 404/854/267 406/855/266
f 408/856/270 407/857/272 406/858/266 402/859/265
f 403/860/269 405/861/271 407/862/272 408/863/270
f 410/864/265 414/865/266 412/866/267 409/867/268
f 411/868/269 416/869/270 410/870/265 409/871/268
f 409/872/268 412/873/267 413/874/271 411/875/269
f 415/876/272 413/877/271 412/878/267 414/879/266
f 416/880/270 415/881/272 414/882/266 410/883/265
f 411/884/269 413/885/271 415/886/272 416/887/270
f 418/888/265 422/889/266 420/890/267 417/891/268
f 419/892/269 424/893/270 418/894/265 417/895/268
f 417/896/268 420/897/267 421/898/271 419/899/269
f 423/900/272 421/901/271 420/902/267 422/903/266
f 424/904/270 423/905/272 422/906/266 418/907/265
f 419/908/269 421/909/271 423/910/272 424/911/270
f 426/912/265 430/913/266 428/914/267 425/915/268
f 427/916/269 432/917/270 426/918/265 425/919/268
f 425/920/268 428/921/267 429/922/271 427/923/269
f 431/924/272 429/925/271 428/926/267 430/927/266
f 432/928/270 431/929/272 430/930/266 426/931/265
f 427/932/269 429/933/271 431/934/272 432/935/270
f 434/936/265 438/937/266 436/938/267 433/939/268
f 435/940/269 440/941/270 434/942/265 433/820/268
f 433/943/268 436/944/267 437/945/271 435/946/269
f 439/947/272 437/828/271 436/948/267 438/949/266
f 440/950/270 439/951/272 438/952/266 434/953/265
f 435/954/269 437/955/271 439/956/272 440/957/270
f 442/958/265 446/959/266 444/960/267 441/961/268
f 443/962/269 448/963/270 442/964/265 441/965/268
f 441/966/268 444/967/267 445/968/271 443/969/269
f 447/970/272 445/971/271 444/972/267 446/973/266
f 448/974/270 447/975/272 446/976/266 442/977/265
f 443/978/269 445/979/271 447/980/272 448/981/270
f 450/982/265 454/983/266 452/984/267 449/985/268
f 451/986/269 456/987/270 450/988/265 449/989/268
f 449/990/268 452/991/267 453/992/271 451/993/269
f 455/994/272 453/995/271 452/996/267 454/997/266
f 456/998/270 455/999/272 454/1000/266 450/1001/265
f 451/1002/269 453/1003/271 455/1004/272 456/1005/270
f 458/1006/265 462/1007/266 460/1008/267 457/1009/268
f 459/1010/269 464/1011/270 458/1012/265 457/1013/268
f 457/1014/268 460/1015/267 461/1016/271 459/1017/269
f 463/995/272 461/1018/271 460/1019/267 462/1020/266
f 464/1021/270 463/1022/272 462/1023/266 458/1024/265
f 459/1025/269 461/1026/271 463/1027/272 464/1028/270
f 466/1029/265 470/1030/266 468/1031/267 465/1032/268
f 467/1033/269 472/1034/270 466/1035/265 465/1036/268
f 465/1037/268 468/1038/267 469/1039/271 467/1040/269
f 471/1041/272 469/1042/271 468/1043/267 470/1044/266
f 472/1045/270 471/1046/272 470/1047/266 466/1048/265
f 467/1049/269 469/1050/271 471/1051/272 472/1052/270
f 473/1053/273 474/1054/274 477/1055/275 476/1056/276
f 474/1057/274 473/1058/273 475/1059/277 480/1060/278
f 475/1061/277 473/1062/273 476/1063/276 478/1064/279
f 479/972/280 478/1065/279 476/1066/276 477/1067/275
f 480/1068/278 475/1069/277 478/1070/279 479/1071/280
f 474/1072/274 480/1073/278 479/1074/280 477/1075/275
f 481/1076/273 482/1077/274 485/1078/275 484/1079/276
f 482/822/274 481/1080/273 483/1081/277 488/1082/278
f 483/1083/277 481/1084/273 484/1085/276 486/1086/279
f 487/1087/280 486/1088/279 484/1089/276 485/1090/275
f 488/1091/278 483/1092/277 486/1093/279 487/1094/280
f 482/1095/274 488/1096/278 487/1097/280 485/1098/275
f 489/1099/273 490/1100/274 493/1101/275 492/1102/276
f 490/1103/274 489/1104/273 491/1105/277 496/1106/278
f 491/1107/277 489/1108/273 492/1109/276 494/1110/279
f 495/1111/280 494/1112/279 492/1113/276 493/1114/275
f 496/1115/278 491/1116/277 494/1117/279 495/1118/280
f 490/1119/274 496/1120/278 495/1121/280 493/1122/275
f 497/1123/273 498/1124/274 501/1125/275 500/1126/276
f 498/1127/274 497/1128/273 499/1129/277 504/797/278
f 499/1130/277 497/1131/273 500/1132/276 502/1133/279
f 503/1134/280 502/1135/279 500/1136/276 501/1137/275
f 504/1138/278 499/1139/277 502/1140/279 503/1141/280
f 498/1142/274 504/1143/278 503/1144/280 501/1145/275
f 505/1146/273 506/1147/274 509/1148/275 508/1149/276
f 506/1150/274 505/1151/273 507/1152/277 512/1153/278
f 507/1154/277 505/1155/273 508/1156/276 510/1157/279
f 511/1158/280 510/1159/279 508/1160/276 509/1161/275
f 512/1162/278 507/1163/277 510/1164/279 511/1165/280
f 506/1166/274 512/1167/278 511/1168/280 509/1169/275
f 513/1170/273 514/1171/274 517/1172/275 516/1173/276
f 514/1174/274 513/1141/273 515/1175/277 520/1176/278
f 515/1177/277 513/1178/273 516/1179/276 518/1180/279
f 519/1181/280 518/1182/279 516/1183/276 517/1184/275
f 520/1185/278 515/1186/277 518/1187/279 519/1188/280
f 514/1189/274 520/1190/278 519/1191/280 517/1192/275
f 521/1193/273 522/1194/274 525/1195/275 524/1196/276
f 522/1197/274 521/1198/273 523/1199/277 528/1071/278
f 523/1200/277 521/1201/273 524/1202/276 526/1203/279
f 527/1204/280 526/1205/279 524/1206/276 525/1207/275
f 528/1208/278 523/1209/277 526/1210/279 527/1211/280
f 522/1212/274 528/1213/278 527/1214/280 525/1215/275
f 529/1216/273 530/1217/274 533/1218/275 532/1219/276
f 530/1220/274 529/1221/273 531/1222/277 536/1223/278
f 531/1224/277 529/1225/273 532/1226/276 534/1227/279
f 535/1228/280 534/1229/279 532/1230/276 533/1231/275
f 536/1232/278 531/1233/277 534/1234/279 535/1235/280
f 530/1236/274 536/1237/278 535/1238/280 533/1239/275
f 537/1240/273 538/1241/274 541/1242/275 540/1243/276
f 538/1244/274 537/1233/273 539/1245/277 544/1246/278
f 539/1247/277 537/1248/273 540/1249/276 542/1250/279
f 543/1251/280 542/1252/279 540/1253/276 541/1254/275
f 544/1255/278 539/1256/277 542/1257/279 543/1258/280
f 538/1259/274 544/1260/278 543/1261/280 541/1262/275
f 545/1263/273 546/1264/274 549/1265/275 548/1266/276
f 546/1267/274 545/1268/273 547/1269/277 552/773/278
f 547/1270/277 545/1271/273 548/794/276 550/793/279
f 551/1272/280 550/1273/279 548/1274/276 549/1275/275
f 552/1276/278 547/1277/277 550/1278/279 551/1279/280
f 546/1280/274 552/1281/278 551/1282/280 549/1283/275
f 553/1284/273 554/1285/274 557/1286/275 556/1287/276
f 554/1288/274 553/1289/273 555/1290/277 560/1291/278
f 555/1292/277 553/1293/273 556/1294/276 558/1295/279
f 559/1296/280 558/1297/279 556/1298/276 557/1299/275
f 560/1300/278 555/1301/277 558/1302/279 559/1303/280
f 554/1304/274 560/1305/278 559/1306/280 557/1307/275
f 561/1308/273 562/1309/274 565/1310/275 564/1311/276
f 562/1312/274 561/1313/273 563/1314/277 568/1315/278
f 563/1316/277 561/1317/273 564/1318/276 566/1319/279
f 567/1320/280 566/1321/279 564/1322/276 565/1323/275
f 568/1324/278 563/1325/277 566/1326/279 567/1327/280
f 562/1328/274 568/1329/278 567/1330/280 565/1331/275
f 569/1332/273 570/1333/274 573/1334/275 572/1335/276
f 570/1336/274 569/1337/273 571/1338/277 576/1339/278
f 571/1340/277 569/1341/273 572/1342/276 574/1343/279
f 575/1344/280 574/1296/279 572/1345/276 573/1346/275
f 576/1347/278 571/1313/277 574/1348/279 575/1349/280
f 570/978/274 576/1350/278 575/1351/280 573/1352/275
f 578/1353/265 582/1354/266 580/1355/267 577/1356/268
f 579/1357/269 584/1358/270 578/1359/265 577/116/268
f 577/1360/268 580/1361/267 581/1362/271 579/1363/269
f 583/1364/272 581/1365/271 580/1366/267 582/1367/266
f 584/1368/270 583/1369/272 582/1370/266 578/1371/265
f 579/1372/269 581/1373/271 583/1374/272 584/1375/270
f 585/1376/273 586/1377/274 589/1378/275 588/1379/276
f 586/1380/274 585/1381/273 587/1382/277 592/1383/278
f 587/1384/277 585/1385/273 588/1386/276 590/1387/279
f 591/1388/280 590/1389/279 588/1390/276 589/1391/275
f 592/1392/278 587/1369/277 590/1393/279 591/1394/280
f 586/1395/274 592/1396/278 591/1397/280 589/1398/275
f 597/1399/281 598/1400/282 594/1401/283 593/1402/284
f 593/1403/284 594/1404/283 632/1405/285 595/1406/286
f 593/1403/284 595/1406/286 676/1407/287 677/1408/288 596/1409/289
f 597/1399/281 593/1402/284 596/1410/289 600/1411/140
f 598/1412/282 597/1413/281 599/1414/290 608/1415/291
f 599/1416/290 597/1399/281 600/1411/140 602/1417/292
f 600/1418/140 596/1419/289 677/1420/288 601/1421/293
f 603/1422/294 602/1423/292 600/1418/140 601/1421/293
f 599/1424/290 602/1425/292 603/1426/294 604/1427/295 606/1428/296
f 601/1429/293 605/1430/34 604/1431/295 603/1432/294
f 608/1433/291 599/1424/290 606/1428/296 607/1434/297
f 608/1435/291 607/1436/297 610/1437/298 611/1438/299
f 607/1439/297 609/1440/34 612/1441/300 610/1442/298
f 613/1443/1 611/1444/299 610/1445/298 612/1446/300
f 613/1443/1 612/1446/300 614/1447/301 615/1448/302
f 616/1449/303 614/1450/301 612/1441/300 609/1440/34
f 617/1451/304 615/1452/302 614/1453/301 616/1454/303
f 617/1455/304 616/1456/303 618/1457/296 619/1458/305
f 619/1458/305 618/1457/296 620/1459/295 621/1460/306 663/1461/307
f 623/1462/308 621/1463/306 620/1464/295 622/1465/34
f 625/1466/309 623/1462/308 622/1465/34 624/1467/310
f 627/1468/311 662/1469/312 625/1470/309 624/1471/310 626/1472/313
f 627/1468/311 626/1472/313 628/1473/285 629/1474/314
f 628/1475/285 630/1475/315 651/1475/316 629/1475/314
f 631/1475/34 633/1475/34 630/1475/315 628/1475/285
f 631/1475/34 632/1475/285 635/1475/317 633/1475/34
f 630/1476/315 633/1477/34 634/1478/318 656/1479/319
f 635/1480/317 636/1481/320 634/1478/318 633/1477/34
f 638/1482/321 636/1483/320 635/1484/317 637/1485/322
f 632/1475/285 594/1475/283 637/1475/322 635/1475/317
f 639/1486/293 640/1487/143 638/1482/321 637/1485/322
f 594/1475/283 642/1475/323 639/1475/293 637/1475/322
f 654/1488/324 640/1489/143 639/1490/293 641/1491/325
f 642/1475/323 645/1475/326 641/1475/325 639/1475/293
f 594/1492/283 598/1493/282 643/1494/57 642/1495/323
f 642/1495/323 643/1494/57 675/1496/140 644/1497/143
f 645/1498/326 642/1499/323 644/1500/143 646/1501/324
f 645/1498/326 646/1501/324 648/1502/142 647/1503/327
f 647/1475/327 650/1475/308 641/1475/325 645/1475/326
f 647/1504/327 648/1505/142 657/1506/137 649/1507/31
f 629/1508/314 647/1504/327 649/1507/31 659/1509/328
f 629/1475/314 651/1475/316 650/1475/308 647/1475/327
f 650/1510/308 651/1511/316 653/1512/329 652/1513/142
f 654/1488/324 641/1491/325 650/1514/308 652/1515/142
f 655/1516/22 654/1517/324 652/1518/142 653/1519/329
f 655/1516/22 638/1520/321 640/1521/143 654/1517/324
f 655/1516/22 634/1522/318 636/1523/320 638/1520/321
f 655/1516/22 653/1519/329 656/1524/319 634/1522/318
f 653/1512/329 651/1511/316 630/1525/315 656/1526/319
f 649/1507/31 657/1506/137 665/1527/137 658/1528/31
f 659/1509/328 649/1507/31 658/1528/31 617/1451/304
f 659/1529/328 617/1530/304 619/1531/305 660/1532/330
f 660/1533/330 627/1534/311 629/1535/314 659/1536/328
f 619/1537/305 663/1538/307 661/1539/137 660/1533/330
f 660/1533/330 661/1539/137 662/1540/312 627/1534/311
f 621/1541/306 623/1542/308 661/1543/137 663/1544/307
f 661/1543/137 623/1542/308 625/1545/309 662/1546/312
f 658/1528/31 664/1547/149 615/1452/302 617/1451/304
f 665/1527/137 666/1548/150 664/1547/149 658/1528/31
f 667/1549/16 670/1550/331 666/1551/150 665/1552/137
f 669/1553/16 667/1549/16 665/1552/137 657/1554/137
f 667/1549/16 668/1555/140 672/1556/147 670/1550/331
f 669/1553/16 675/1557/140 668/1555/140 667/1549/16
f 664/1558/149 666/1559/150 670/1560/331 671/1561/1
f 673/1562/148 671/1561/1 670/1560/331 672/1563/147
f 668/1564/140 674/1565/57 673/1566/148 672/1567/147
f 674/1565/57 608/1435/291 611/1438/299 673/1566/148
f 613/1443/1 671/1561/1 673/1562/148 611/1444/299
f 643/1494/57 674/1565/57 668/1564/140 675/1496/140
f 598/1493/282 608/1435/291 674/1565/57 643/1494/57
f 613/1443/1 615/1448/302 664/1558/149 671/1561/1
f 644/1568/143 675/1557/140 669/1553/16 646/1569/324
f 648/1570/142 646/1569/324 669/1553/16 657/1554/137
f 677/1571/288 676/1572/287 605/1430/34 601/1429/293
f 680/1573/332 683/1574/333 685/1575/334 681/1576/335
f 680/1577/332 681/1578/335 723/1579/336 682/1580/337
f 682/1581/337 684/1582/338 683/1583/333 680/1584/332
f 683/1585/333 684/1586/338 686/1587/339 685/1588/334
f 685/1588/334 686/1587/339 688/1589/31 687/1590/340
f 681/1576/335 685/1575/334 687/1591/340 690/1592/341
f 687/1590/340 688/1589/31 695/1593/342 689/1594/343
f 690/1592/341 687/1591/340 689/1595/343 692/1596/344
f 681/1578/335 690/1597/341 691/1598/57 723/1579/336
f 690/1597/341 692/1599/344 693/1600/345 691/1598/57
f 692/1601/344 689/1602/343 695/1603/342 693/1604/345
f 691/1598/57 693/1600/345 694/1605/140 722/1606/57
f 693/1604/345 695/1603/342 696/1607/137 694/1608/140
f 688/1589/31 697/1609/31 696/1610/137 695/1593/342
f 700/1611/31 698/1612/346 696/1610/137 697/1609/31
f 701/1613/347 694/1608/140 696/1607/137 698/1614/346
f 701/1613/347 698/1614/346 699/1615/348 703/1616/349
f 700/1611/31 706/1617/350 699/1618/348 698/1612/346
f 701/1619/347 702/1620/57 722/1606/57 694/1605/140
f 702/1620/57 701/1619/347 703/1621/349 704/1622/351
f 703/1623/349 699/1624/348 706/1625/350 704/1626/351
f 720/1627/57 702/1620/57 704/1622/351 705/1628/352
f 704/1626/351 706/1625/350 707/1629/353 705/1630/352
f 709/1631/31 707/1632/353 706/1617/350 700/1611/31
f 705/1630/352 707/1629/353 708/1633/354 721/1634/355
f 710/1635/356 708/1636/354 707/1632/353 709/1631/31
f 713/1637/149 710/1635/356 709/1631/31 711/1638/357
f 709/1631/31 700/1611/31 697/1609/31 711/1638/357
f 712/1639/358 711/1640/357 686/1641/339 723/1642/336
f 686/1587/339 711/1638/357 697/1609/31 688/1589/31
f 714/1643/148 713/1644/149 711/1645/357 712/1646/358
f 713/1644/149 714/1643/148 717/1647/152 715/1648/153
f 716/1649/154 710/1635/356 713/1637/149 715/1650/153
f 718/1651/156 716/1652/154 715/1653/153 717/1654/152
f 714/1655/148 719/1656/359 718/1657/156 717/1658/152
f 718/1659/156 719/1660/359 710/1661/356 716/1662/154
f 720/1627/57 719/1656/359 714/1655/148 712/1663/358
f 719/1656/359 720/1627/57 705/1628/352 721/1664/355
f 721/1665/355 708/1666/354 710/1667/356 719/1668/359
f 702/1620/57 720/1627/57 712/1663/358 722/1606/57
f 723/1579/336 691/1598/57 722/1606/57 712/1663/358
f 723/1669/336 686/1670/339 684/1671/338 682/1672/337
f 725/1673/338 724/1674/333 727/1675/332 729/1676/337
f 724/1677/333 725/1678/338 733/1679/360 726/1680/361
f 724/1681/333 726/1682/361 728/1683/362 727/1684/332
f 727/1685/332 728/1686/362 730/1687/363 729/1688/337
f 733/1689/360 725/1690/338 729/1691/337 730/1692/363
f 730/1687/363 731/1693/57 751/1694/57 732/1695/364
f 728/1686/362 756/1696/341 731/1693/57 730/1687/363
f 735/1697/365 733/1698/360 730/1699/363 732/1700/364
f 726/1680/361 733/1679/360 734/1701/31 755/1702/340
f 733/1679/360 735/1703/365 736/1704/31 734/1701/31
f 741/1705/31 736/1704/31 735/1703/365 738/1706/31
f 737/1707/149 735/1708/365 732/1709/364 764/1710/148
f 738/1706/31 735/1703/365 737/1711/149 740/1712/356
f 738/1706/31 739/1713/353 742/1714/350 741/1705/31
f 740/1712/356 762/1715/354 739/1713/353 738/1706/31
f 741/1705/31 742/1714/350 744/1716/348 743/1717/346
f 743/1717/346 745/1718/137 736/1704/31 741/1705/31
f 743/1719/346 744/1720/348 748/1721/349 746/1722/347
f 743/1719/346 746/1722/347 749/1723/140 745/1724/137
f 747/1725/57 751/1694/57 749/1726/140 746/1727/347
f 747/1725/57 746/1727/347 748/1728/349 757/1729/351
f 753/1730/342 745/1724/137 749/1723/140 750/1731/345
f 731/1693/57 750/1732/345 749/1726/140 751/1694/57
f 759/1733/57 732/1695/364 751/1694/57 747/1725/57
f 756/1696/341 752/1734/344 750/1732/345 731/1693/57
f 754/1735/343 753/1730/342 750/1731/345 752/1736/344
f 734/1701/31 736/1704/31 745/1718/137 753/1737/342
f 755/1702/340 734/1701/31 753/1737/342 754/1738/343
f 755/1739/340 754/1740/343 752/1741/344 756/1742/341
f 726/1682/361 755/1739/340 756/1742/341 728/1683/362
f 744/1743/348 742/1744/350 757/1745/351 748/1746/349
f 759/1733/57 747/1725/57 757/1729/351 758/1747/352
f 742/1744/350 739/1748/353 758/1749/352 757/1745/351
f 761/1750/359 759/1733/57 758/1747/352 760/1751/355
f 739/1748/353 762/1752/354 760/1753/355 758/1749/352
f 762/1754/354 740/1755/356 761/1756/359 760/1757/355
f 764/1758/148 732/1695/364 759/1733/57 761/1750/359
f 763/1759/156 765/1760/152 764/1758/148 761/1750/359
f 767/1761/154 763/1762/156 761/1763/359 740/1764/356
f 764/1710/148 765/1765/152 766/1766/153 737/1707/149
f 767/1767/154 766/1768/153 765/1769/152 763/1770/156
f 737/1711/149 766/1771/153 767/1772/154 740/1712/356
f 771/1773/366 803/1774/367 769/1775/22 768/1776/368
f 768/1776/368 769/1775/22 800/1777/369 770/1778/370
f 768/1779/368 770/1780/370 773/1781/16 772/1782/16
f 771/1783/366 768/1779/368 772/1782/16 774/1784/16
f 772/1782/16 773/1781/16 797/1785/16 796/1786/16 795/1787/16 787/1788/16 786/1789/16 785/1790/16 784/1791/16 776/1792/16 775/1793/16 774/1784/16
f 777/1794/371 771/1783/366 774/1784/16 775/1793/16
f 779/1795/372 777/1794/371 775/1793/16 776/1792/16
f 777/1796/371 778/1797/373 803/1798/367 771/1799/366
f 779/1800/372 780/1801/31 778/1797/373 777/1796/371
f 781/1802/374 782/1803/375 780/1801/31 779/1800/372
f 781/1804/374 779/1795/372 776/1792/16 784/1791/16
f 783/1805/376 802/1806/377 782/1807/375 781/1808/374
f 783/1809/376 781/1804/374 784/1791/16 785/1790/16
f 788/1810/378 783/1809/376 785/1790/16 786/1789/16
f 790/1811/379 788/1810/378 786/1789/16 787/1788/16
f 788/1812/378 789/1813/1 802/1806/377 783/1805/376
f 790/1814/379 791/1815/380 789/1813/1 788/1812/378
f 792/1816/381 793/1817/382 791/1815/380 790/1814/379
f 792/1818/381 790/1811/379 787/1788/16 795/1787/16
f 794/1819/383 801/1820/57 793/1821/382 792/1822/381
f 794/1823/383 792/1818/381 795/1787/16 796/1786/16
f 798/1824/384 794/1823/383 796/1786/16 797/1785/16
f 770/1780/370 798/1824/384 797/1785/16 773/1781/16
f 798/1825/384 799/1826/385 801/1820/57 794/1819/383
f 770/1778/370 800/1777/369 799/1827/385 798/1828/384
f 804/1829/368 805/1830/22 836/1831/369 807/1832/370
f 806/1833/366 839/1834/367 805/1830/22 804/1829/368
f 806/1835/366 804/1836/368 808/1837/16 810/1838/16
f 804/1836/368 807/1839/370 809/1840/16 808/1837/16
f 808/1837/16 809/1840/16 833/1841/16 832/1842/16 831/1843/16 823/1844/16 822/1845/16 821/1846/16 820/1847/16 812/1848/16 811/1849/16 810/1838/16
f 813/1850/371 806/1835/366 810/1838/16 811/1849/16
f 815/1851/372 813/1850/371 811/1849/16 812/1848/16
f 813/1852/371 814/1853/373 839/1854/367 806/1855/366
f 815/1856/372 816/1857/31 814/1853/373 813/1852/371
f 817/1858/374 818/1859/375 816/1857/31 815/1856/372
f 817/1860/374 815/1851/372 812/1848/16 820/1847/16
f 819/1861/376 838/1862/377 818/1863/375 817/1864/374
f 819/1865/376 817/1860/374 820/1847/16 821/1846/16
f 824/1866/378 819/1865/376 821/1846/16 822/1845/16
f 826/1867/379 824/1866/378 822/1845/16 823/1844/16
f 824/1868/378 825/1869/1 838/1862/377 819/1861/376
f 826/1870/379 827/1871/380 825/1869/1 824/1868/378
f 828/1872/381 829/1873/382 827/1871/380 826/1870/379
f 828/1874/381 826/1867/379 823/1844/16 831/1843/16
f 830/1875/383 837/1876/57 829/1877/382 828/1878/381
f 830/1879/383 828/1874/381 831/1843/16 832/1842/16
f 834/1880/384 830/1879/383 832/1842/16 833/1841/16
f 807/1839/370 834/1880/384 833/1841/16 809/1840/16
f 834/1881/384 835/1882/385 837/1876/57 830/1875/383
f 807/1832/370 836/1831/369 835/1883/385 834/1884/384
f 841/1885/386 845/1886/387 844/1887/149 840/1888/149
f 841/1885/386 840/1888/149 842/1889/150 859/1890/147
f 840/1891/149 843/1892/141 858/1893/142 842/1894/150
f 840/1891/149 844/1895/149 847/1896/141 843/1892/141
f 844/1887/149 845/1886/387 851/1897/152 846/1898/153
f 847/1896/141 844/1895/149 846/1899/153 849/1900/154
f 843/1901/141 847/1902/141 848/1903/388 853/1904/389
f 848/1903/388 847/1902/141 849/1905/154 850/1906/156
f 849/1907/154 846/1908/153 851/1909/152 850/1910/156
f 845/1911/387 848/1912/388 850/1913/156 851/1914/152
f 848/1915/388 845/1916/387 857/1917/152 852/1918/156
f 853/1904/389 848/1903/388 852/1919/156 855/1920/143
f 843/1901/141 853/1904/389 854/1921/143 858/1922/142
f 853/1923/389 841/1924/386 859/1925/147 854/1926/143
f 855/1927/143 856/1928/147 841/1929/386 853/811/389
f 855/1930/143 852/1931/156 857/1932/152 856/1933/147
f 856/1934/147 857/1935/152 845/1886/387 841/1885/386
f 854/1936/143 859/1937/147 842/1938/150 858/1939/142
f 861/1940/386 865/1941/387 864/1942/149 860/1943/149
f 861/1940/386 860/1943/149 862/1944/150 879/1945/147
f 860/1946/149 863/1947/141 878/1948/142 862/1949/150
f 860/1946/149 864/1950/149 867/1951/141 863/1947/141
f 864/1942/149 865/1941/387 871/1952/152 866/1953/153
f 867/1951/141 864/1950/149 866/1954/153 869/1955/154
f 863/1956/141 867/1957/141 868/1958/388 873/1959/389
f 868/1958/388 867/1957/141 869/1960/154 870/1961/156
f 869/1962/154 866/1963/153 871/1964/152 870/1965/156
f 865/1966/387 868/1967/388 870/1968/156 871/1969/152
f 868/1970/388 865/1971/387 877/1972/152 872/1973/156
f 873/1959/389 868/1958/388 872/1974/156 875/1975/143
f 863/1956/141 873/1959/389 874/1976/143 878/1977/142
f 873/1978/389 861/1979/386 879/1980/147 874/1981/143
f 875/1982/143 876/1983/147 861/1984/386 873/1985/389
f 875/1986/143 872/1987/156 877/1988/152 876/1989/147
f 876/1990/147 877/1991/152 865/1941/387 861/1940/386
f 874/1992/143 879/1993/147 862/1994/150 878/1995/142
f 881/1996/331 884/1997/387 883/1998/1 880/1999/331
f 902/2000/324 881/2001/331 880/2002/331 882/2003/390 900/2004/142
f 886/2005/386 885/2006/1 883/1998/1 884/1997/387
f 889/2007/300 887/2008/300 885/2006/1 886/2005/386
f 888/2009/391 887/2010/300 889/2011/300 891/2012/326 893/2013/154
f 889/2007/300 886/2005/386 917/2014/392 890/2015/300
f 891/2012/326 889/2011/300 890/2016/300 892/2017/326
f 894/2018/389 891/2019/326 892/2020/326 895/2021/393
f 893/2022/154 891/2019/326 894/2018/389 897/2023/394
f 886/2024/386 884/2025/387 896/2026/388 894/2027/389
f 886/2028/386 894/2029/389 895/2030/393 917/2031/392
f 897/2023/394 894/2018/389 896/2032/388 899/2033/394
f 898/2034/31 888/2035/391 893/2036/154 897/2037/394
f 882/2038/390 901/2039/31 899/2040/394 900/2041/142
f 900/2042/142 899/2033/394 896/2032/388 902/2043/324
f 881/2001/331 902/2000/324 903/2044/324 904/2045/331
f 902/2043/324 896/2032/388 905/2046/395 903/2047/324
f 907/2048/396 904/2045/331 903/2044/324 906/2049/143
f 905/2046/395 908/2050/144 906/2051/143 903/2047/324
f 910/2052/148 907/2053/396 906/2054/143 908/2055/144
f 905/2046/395 914/2056/154 909/2057/156 908/2050/144
f 908/2055/144 909/2058/156 912/2059/152 910/2052/148
f 907/2060/396 910/2061/148 911/2062/397 904/2063/331
f 910/2061/148 912/2064/152 913/2065/153 911/2062/397
f 913/2066/153 912/2067/152 909/2068/156 914/2069/154
f 911/2070/397 913/2071/153 914/2072/154 905/2073/395
f 884/1997/387 881/1996/331 904/2063/331 911/2062/397
f 896/2074/388 884/2075/387 911/2076/397 905/2077/395
f 895/2078/393 915/2079/142 918/2080/150 917/2081/392
f 916/2082/144 922/2083/143 915/2084/142 895/2021/393
f 923/2085/156 916/2082/144 895/2021/393 892/2020/326
f 890/2015/300 917/2014/392 919/2086/148 920/2087/398
f 917/2014/392 918/2088/150 921/2089/147 919/2086/148
f 920/400/398 919/2090/148 916/2091/144 923/2092/156
f 919/2090/148 921/2093/147 922/2094/143 916/2091/144
f 921/2095/147 918/2096/150 915/2097/142 922/2098/143
f 890/2016/300 920/2099/398 923/2100/156 892/2017/326
f 924/2101/368 927/2102/16 955/2103/16 925/2104/366
f 924/2105/368 925/2106/366 952/2107/367 926/2108/22
f 928/2109/370 924/2105/368 926/2108/22 930/2110/369
f 928/2111/370 931/2112/16 927/2102/16 924/2101/368
f 929/2113/384 932/2114/16 931/2112/16 928/2111/370
f 929/2115/384 928/2109/370 930/2110/369 939/2116/385
f 927/2102/16 931/2112/16 932/2114/16 933/2117/16 934/2118/16 959/2119/16 958/2120/16 957/2121/16 956/2122/16 954/2123/16 953/2124/16 955/2103/16
f 935/2125/383 933/2117/16 932/2114/16 929/2113/384
f 936/2126/381 934/2118/16 933/2117/16 935/2125/383
f 936/2127/381 935/2128/383 937/2129/57 938/2130/382
f 935/2128/383 929/2131/384 939/2132/385 937/2129/57
f 941/2133/379 936/2134/381 938/2135/382 940/2136/380
f 943/2137/378 941/2133/379 940/2136/380 942/2138/1
f 945/2139/376 943/2137/378 942/2138/1 944/2140/377
f 947/2141/374 945/2139/376 944/2140/377 946/2142/375
f 949/2143/372 947/2144/374 946/2145/375 948/2146/31
f 951/2147/371 949/2143/372 948/2146/31 950/2148/373
f 925/2149/366 951/2147/371 950/2148/373 952/2150/367
f 925/2104/366 955/2103/16 953/2124/16 951/2151/371
f 951/2151/371 953/2124/16 954/2123/16 949/2152/372
f 949/2152/372 954/2123/16 956/2122/16 947/2153/374
f 947/2153/374 956/2122/16 957/2121/16 945/2154/376
f 945/2154/376 957/2121/16 958/2120/16 943/2155/378
f 943/2155/378 958/2120/16 959/2119/16 941/2156/379
f 941/2156/379 959/2119/16 934/2118/16 936/2126/381
f 961/2157/370 965/2158/16 964/2159/16 960/2160/368
f 961/2161/370 960/2162/368 962/2163/22 993/2164/369
f 960/2162/368 963/2165/366 995/2166/367 962/2163/22
f 960/2160/368 964/2159/16 966/2167/16 963/2168/366
f 964/2159/16 965/2158/16 989/2169/16 988/2170/16 987/2171/16 979/2172/16 978/2173/16 977/2174/16 976/2175/16 968/2176/16 967/2177/16 966/2167/16
f 963/2168/366 966/2167/16 967/2177/16 969/2178/371
f 969/2178/371 967/2177/16 968/2176/16 971/2179/372
f 963/2180/366 969/2181/371 970/2182/373 995/2183/367
f 969/2181/371 971/2184/372 972/2185/31 970/2182/373
f 971/2184/372 973/2186/374 974/2187/375 972/2185/31
f 971/2179/372 968/2176/16 976/2175/16 973/2188/374
f 973/2189/374 975/2190/376 994/2191/377 974/2192/375
f 973/2188/374 976/2175/16 977/2174/16 975/1835/376
f 975/1835/376 977/2174/16 978/2173/16 980/2193/378
f 980/2193/378 978/2173/16 979/2172/16 982/2194/379
f 975/2190/376 980/2195/378 981/2196/1 994/2191/377
f 980/2195/378 982/2197/379 983/2198/380 981/2196/1
f 982/2197/379 984/2199/381 985/2200/382 983/2198/380
f 982/2194/379 979/2172/16 987/2171/16 984/2201/381
f 984/2202/381 986/2203/383 992/2204/57 985/2205/382
f 984/2201/381 987/2171/16 988/2170/16 986/2206/383
f 986/2206/383 988/2170/16 989/2169/16 990/2207/384
f 990/2207/384 989/2169/16 965/2158/16 961/2157/370
f 986/2203/383 990/2208/384 991/2209/385 992/2204/57
f 990/2210/384 961/2161/370 993/2164/369 991/2211/385
f 996/2212/148 997/2213/147 1013/2214/143 999/2215/144
f 998/2216/392 1014/2217/150 997/2218/147 996/2219/148
f 998/2216/392 996/2219/148 1000/2220/148 1002/2221/397
f 996/2212/148 999/2215/144 1003/2222/144 1000/2223/148
f 1003/2222/144 1004/2224/156 1001/2225/152 1000/2223/148
f 1000/2220/148 1001/2226/152 1015/2227/153 1002/2221/397
f 1005/2228/395 1006/2229/154 1004/2230/156 1003/2231/144
f 999/2232/144 1008/2233/393 1005/2228/395 1003/2231/144
f 1002/2234/397 1015/2235/153 1006/2236/154 1005/2237/395
f 1005/2238/395 1007/2239/154 1012/2240/153 1002/2241/397
f 1008/2233/393 1010/2242/142 1007/2243/154 1005/2228/395
f 1008/2244/393 1009/2245/142 1014/2246/150 998/2247/392
f 999/2232/144 1013/2248/143 1009/2249/142 1008/2233/393
f 1010/2250/142 1008/2251/393 998/2252/392 1011/2253/150
f 1010/2254/142 1011/2255/150 1012/2256/153 1007/2257/154
f 1011/2258/150 998/2216/392 1002/2221/397 1012/2259/153
f 1009/2260/142 1013/2261/143 997/2262/147 1014/2263/150
f 1004/2264/156 1006/2265/154 1015/2266/153 1001/2267/152
f 1016/2268/148 1017/2269/147 1033/2270/143 1019/2271/144
f 1018/2272/392 1034/2273/150 1017/2274/147 1016/2275/148
f 1018/2272/392 1016/2275/148 1020/2276/148 1022/2277/397
f 1016/2268/148 1019/2271/144 1023/2278/144 1020/2279/148
f 1023/2278/144 1024/2280/156 1021/2281/152 1020/2279/148
f 1020/2276/148 1021/2282/152 1035/2283/153 1022/2277/397
f 1025/2284/395 1026/2285/154 1024/2286/156 1023/2287/144
f 1019/2288/144 1028/2289/393 1025/2284/395 1023/2287/144
f 1022/2290/397 1035/2291/153 1026/2292/154 1025/2293/395
f 1025/2294/395 1027/2295/154 1032/2296/153 1022/2297/397
f 1028/2289/393 1030/2298/142 1027/2299/154 1025/2284/395
f 1028/2300/393 1029/2301/142 1034/2302/150 1018/2303/392
f 1019/2288/144 1033/2304/143 1029/2305/142 1028/2289/393
f 1030/2306/142 1028/2307/393 1018/2308/392 1031/2309/150
f 1030/2300/142 1031/2303/150 1032/2310/153 1027/2311/154
f 1031/2312/150 1018/2272/392 1022/2277/397 1032/2313/153
f 1029/2314/142 1033/2315/143 1017/2263/147 1034/2316/150
f 1024/2317/156 1026/2318/154 1035/2319/153 1021/2320/152
f 1054/2321/324 1052/2322/143 1037/2323/399 1036/2324/331 1038/2325/331
f 1038/2326/331 1036/2327/331 1039/2328/1 1040/2329/397
f 1042/2330/392 1040/2329/397 1039/2328/1 1041/2331/1
f 1044/2332/300 1042/2330/392 1041/2331/1 1043/2333/300
f 1045/2334/400 1046/2335/156 1068/2336/326 1044/2337/300 1043/2338/300
f 1047/2339/57 1048/2340/401 1046/1691/156 1045/2039/400
f 1046/2341/156 1048/2342/401 1049/2343/393 1068/2344/326
f 1048/2342/401 1050/2345/401 1051/2346/395 1049/2343/393
f 1052/2347/143 1054/2348/324 1051/2346/395 1050/2345/401
f 1037/2349/399 1052/2041/143 1050/2350/401 1053/2351/57
f 1054/2348/324 1055/2352/324 1057/2353/388 1051/2346/395
f 1038/2325/331 1056/2354/331 1055/2355/324 1054/2321/324
f 1059/2356/402 1058/2357/142 1055/2355/324 1056/2354/331
f 1057/2353/388 1055/2352/324 1058/2358/142 1060/2359/141
f 1061/2360/149 1060/2361/141 1058/2362/142 1059/2363/402
f 1057/2353/388 1060/2359/141 1062/2364/154 1063/2365/156
f 1060/2361/141 1061/2360/149 1064/400/153 1062/2366/154
f 1065/2367/152 1063/2368/156 1062/2369/154 1064/2370/153
f 1061/2371/149 1066/2372/387 1065/2373/152 1064/2374/153
f 1066/2375/387 1057/2376/388 1063/2377/156 1065/2378/152
f 1051/2379/395 1057/2380/388 1066/2381/387 1040/2382/397
f 1040/2329/397 1066/2372/387 1056/2383/331 1038/2326/331
f 1059/2384/402 1056/2383/331 1066/2372/387 1061/2371/149
f 1042/2385/392 1049/2386/393 1051/2387/395 1040/2388/397
f 1049/2343/393 1067/2389/389 1069/2390/326 1068/2344/326
f 1042/2096/392 1076/2391/386 1067/2392/389 1049/2097/393
f 1068/2336/326 1069/2393/326 1070/2394/300 1044/2337/300
f 1070/2394/300 1069/2393/326 1071/2395/154 1072/2396/403
f 1071/2397/154 1069/2390/326 1067/2389/389 1073/2398/141
f 1072/2399/403 1071/2400/154 1073/2401/141 1075/2402/149
f 1073/2398/141 1067/2389/389 1079/2403/143 1074/2404/142
f 1075/2402/149 1073/2401/141 1074/2405/142 1077/2406/150
f 1070/2407/300 1072/2408/403 1075/2409/149 1076/2410/386
f 1076/2410/386 1075/2409/149 1077/2411/150 1078/2412/147
f 1077/2413/150 1074/2414/142 1079/2415/143 1078/2416/147
f 1067/2417/389 1076/2418/386 1078/2419/147 1079/2420/143
f 1044/2332/300 1070/2407/300 1076/2410/386 1042/2330/392
f 1080/2421/1 1081/2422/404 1086/2423/405 1084/2424/406
f 1082/2425/1 1103/2426/407 1081/2422/404 1080/2421/1
f 1128/2427/300 1082/2425/1 1080/2421/1 1083/2428/300
f 1083/2428/300 1080/2421/1 1084/2424/406 1085/2429/408
f 1085/2430/408 1084/2431/406 1087/2432/57 1088/2433/57
f 1084/2431/406 1086/2434/405 1089/2435/57 1087/2432/57
f 1090/2436/57 1088/2433/57 1087/2432/57
f 1090/2436/57 1087/2432/57 1089/2435/57
f 1090/2436/57 1091/2437/57 1088/2433/57
f 1090/2436/57 1092/2438/57 1091/2437/57
f 1090/2436/57 1093/2439/57 1092/2438/57
f 1090/2436/57 1094/2440/57 1093/2439/57
f 1090/2436/57 1095/2441/57 1094/2440/57
f 1090/2436/57 1089/2435/57 1095/2441/57
f 1096/2442/409 1097/2443/410 1094/2440/57 1095/2441/57
f 1086/2434/405 1096/2442/409 1095/2441/57 1089/2435/57
f 1098/2444/411 1099/2445/412 1097/2446/410 1096/2447/409
f 1081/2448/404 1098/2444/411 1096/2447/409 1086/2449/405
f 1100/2450/413 1101/2451/414 1099/2445/412 1098/2444/411
f 1103/2452/407 1100/2450/413 1098/2444/411 1081/2448/404
f 1102/2453/415 1116/2454/416 1101/2451/414 1100/2450/413
f 1104/2455/417 1102/2453/415 1100/2450/413 1103/2452/407
f 1105/2456/418 1104/2457/417 1103/2426/407 1082/2425/1
f 1105/2458/418 1108/2459/419 1106/2460/420 1104/2461/417
f 1104/2461/417 1106/2460/420 1110/2462/421 1102/2463/415
f 1107/2464/144 1539/2465/156 1109/2466/422 1106/2460/420
f 1291/2467/144 1107/2464/144 1106/2460/420 1108/2459/419
f 1106/2460/420 1109/2466/422 1111/2468/423 1110/2462/421
f 1110/2462/421 1111/2468/423 1113/2469/424 1112/2470/425
f 1102/2463/415 1110/2462/421 1112/2470/425 1116/2471/416
f 1112/2470/425 1113/2469/424 1213/2472/152 1114/2473/148
f 1115/2474/426 1112/2470/425 1114/2473/148 1209/2475/148
f 1116/2471/416 1112/2470/425 1115/2474/426 1117/2476/427
f 1116/2477/416 1117/2478/427 1119/2479/22 1101/2480/414
f 1117/2476/427 1115/2474/426 1133/2481/428 1118/2482/429
f 1117/2478/427 1118/2483/429 1120/2484/326 1119/2479/22
f 1119/2479/22 1120/2484/326 1122/2485/326 1121/2486/22
f 1101/2480/414 1119/2479/22 1121/2486/22 1099/2487/412
f 1121/2486/22 1122/2485/326 1124/2488/430 1123/2489/431
f 1099/2487/412 1121/2486/22 1123/2489/431 1097/2490/410
f 1097/2443/410 1123/2491/431 1093/2439/57 1094/2440/57
f 1123/2491/431 1124/2492/430 1092/2438/57 1093/2439/57
f 1124/2492/430 1125/2493/432 1091/2437/57 1092/2438/57
f 1122/2494/326 1126/2495/34 1125/2496/432 1124/2497/430
f 1125/2493/432 1085/2430/408 1088/2433/57 1091/2437/57
f 1126/2495/34 1083/2498/300 1085/2499/408 1125/2496/432
f 1127/2500/34 1128/2501/300 1083/2498/300 1126/2495/34
f 1120/2502/326 1127/2500/34 1126/2495/34 1122/2494/326
f 1129/2503/433 1130/2504/434 1128/2501/300 1127/2500/34
f 1118/2505/429 1129/2503/433 1127/2500/34 1120/2502/326
f 1129/2506/433 1131/2507/435 1134/2508/436 1130/2509/434
f 1118/2482/429 1133/2481/428 1131/2507/435 1129/2506/433
f 1136/2510/437 1134/2508/436 1131/2507/435 1132/2511/438
f 1132/2511/438 1131/2507/435 1133/2481/428 1145/2512/439
f 1135/2513/144 1291/2467/144 1108/2459/419 1134/2508/436
f 1137/2514/143 1135/2513/144 1134/2508/436 1136/2510/437
f 1130/2509/434 1134/2508/436 1108/2459/419 1105/2458/418
f 1138/2515/440 1139/2516/441 1137/2517/143 1136/2518/437
f 1141/2519/442 1138/2515/440 1136/2518/437 1132/2520/438
f 1140/2521/443 1288/2522/444 1139/2516/441 1138/2515/440
f 1142/2523/445 1140/2521/443 1138/2515/440 1141/2519/442
f 1143/2524/446 1141/2519/442 1132/2520/438 1145/2525/439
f 1146/2526/447 1142/2523/445 1141/2519/442 1143/2524/446
f 1148/2527/448 1146/2526/447 1143/2524/446 1144/2528/449
f 1144/2528/449 1143/2524/446 1145/2525/439 1211/2529/147
f 1147/2530/450 1294/2531/451 1142/2523/445 1146/2526/447
f 1150/2532/452 1147/2530/450 1146/2526/447 1148/2527/448
f 1153/2533/453 1150/2534/452 1148/2535/448 1149/2536/454
f 1149/2537/454 1148/2538/448 1144/2539/449 1208/2540/455
f 1157/2541/456 1154/2542/457 1150/2532/452 1151/2543/458
f 1151/2543/458 1150/2532/452 1152/2544/459 1194/2545/460
f 1150/2546/452 1153/2547/453 1189/2548/461 1152/2549/459
f 1147/2530/450 1150/2532/452 1154/2542/457 1155/2550/462
f 1538/2551/31 1155/2552/462 1154/2553/457 1156/2554/31
f 1154/2553/457 1157/2555/456 1158/2556/149 1156/2554/31
f 1151/2557/458 1159/2558/1 1158/2559/149 1157/2560/456
f 1162/2561/1 1160/2562/149 1158/2559/149 1159/2558/1
f 1158/2556/149 1160/2563/149 1163/2564/31 1156/2554/31
f 1163/2564/31 1160/2563/149 1161/2565/149 1165/2566/31
f 1162/2561/1 1172/2567/1 1161/2568/149 1160/2562/149
f 1164/2569/31 1538/2551/31 1156/2554/31 1163/2564/31
f 1166/2570/31 1164/2569/31 1163/2564/31 1165/2566/31
f 1168/2571/463 1166/2570/31 1165/2566/31 1167/2572/464
f 1161/2565/149 1170/2573/465 1167/2572/464 1165/2566/31
f 1168/2574/463 1167/2575/464 1169/2576/466 1234/2577/467
f 1171/2578/468 1169/2576/466 1167/2575/464 1170/2579/465
f 1171/2580/468 1170/2581/465 1161/2568/149 1172/2567/1
f 1171/2580/468 1172/2567/1 1174/2582/469 1173/2583/470
f 1169/2576/466 1171/2578/468 1173/2584/470 1175/2585/471
f 1174/2582/469 1179/2586/472 1177/2587/472 1173/2583/470
f 1175/2588/471 1173/2589/470 1176/2590/473 1182/2591/474
f 1173/2583/470 1177/2587/472 1180/2592/475 1176/2593/473
f 1177/2594/472 1178/2595/476 1181/2596/477 1180/2597/475
f 1178/2595/476 1177/2594/472 1179/2598/472 1184/2599/476
f 1176/2600/473 1180/2601/475 1181/2602/477 1182/2603/474
f 1178/2604/476 1175/2605/471 1182/2606/474 1181/2607/477
f 1179/2598/472 1183/2608/472 1186/2609/476 1184/2599/476
f 1174/2582/469 1195/2610/469 1183/2611/472 1179/2586/472
f 1175/2605/471 1178/2604/476 1184/2612/476 1185/2613/461
f 1185/2613/461 1184/2612/476 1186/2614/476 1187/2615/461
f 1189/2548/461 1187/2615/461 1186/2614/476 1188/2616/476
f 1186/2609/476 1183/2608/472 1191/2617/472 1188/2618/476
f 1189/2548/461 1188/2616/476 1190/2619/476 1152/2549/459
f 1191/2617/472 1192/2620/472 1190/2621/476 1188/2618/476
f 1194/2622/460 1192/2623/472 1191/2624/472 1193/2625/469
f 1193/2625/469 1191/2624/472 1183/2611/472 1195/2610/469
f 1159/2558/1 1151/2557/458 1194/2622/460 1193/2625/469
f 1162/2561/1 1159/2558/1 1193/2625/469 1195/2610/469
f 1172/2567/1 1162/2561/1 1195/2610/469 1174/2582/469
f 1194/2622/460 1196/2626/478 1197/2627/479 1192/2623/472
f 1194/2628/460 1152/2629/459 1198/2630/480 1196/2631/478
f 1198/2632/480 1199/2633/481 1197/2634/479 1196/2635/478
f 1152/2549/459 1190/2619/476 1199/2636/481 1198/2637/480
f 1192/2620/472 1197/2638/479 1199/2639/481 1190/2621/476
f 1153/2547/453 1200/2640/453 1187/2615/461 1189/2548/461
f 1200/2640/453 1202/2641/453 1185/2613/461 1187/2615/461
f 1200/2642/453 1153/2533/453 1149/2536/454 1201/2643/454
f 1202/2644/453 1200/2642/453 1201/2643/454 1203/2645/454
f 1169/2646/466 1202/2644/453 1203/2645/454 1204/2647/482
f 1202/2641/453 1169/2648/466 1175/2605/471 1185/2613/461
f 1204/2649/482 1203/2650/454 1205/2651/455 1206/2652/483
f 1203/2650/454 1201/2653/454 1207/2654/455 1205/2651/455
f 1206/2652/483 1205/2651/455 1114/2655/148 1213/2656/152
f 1205/2651/455 1207/2654/455 1209/2657/148 1114/2655/148
f 1201/2653/454 1149/2537/454 1208/2540/455 1207/2654/455
f 1207/2654/455 1208/2540/455 1210/2658/148 1209/2657/148
f 1133/2481/428 1115/2474/426 1209/2475/148 1210/2659/148
f 1145/2512/439 1133/2481/428 1210/2659/148 1211/2660/147
f 1208/2540/455 1144/2539/449 1211/2661/147 1210/2658/148
f 1214/2662/484 1204/2663/482 1206/2664/483 1212/2665/485
f 1212/2665/485 1206/2664/483 1213/2666/152 1113/2667/424
f 1216/2668/486 1214/2662/484 1212/2665/485 1215/2669/487
f 1215/2669/487 1212/2665/485 1113/2667/424 1111/2670/423
f 1217/2671/488 1215/2669/487 1111/2670/423 1109/2672/422
f 1219/2673/489 1216/2668/486 1215/2669/487 1217/2671/488
f 1221/2674/490 1219/2673/489 1217/2671/488 1218/2675/491
f 1218/2675/491 1217/2671/488 1109/2672/422 1539/2676/156
f 1220/2677/492 1233/2678/493 1216/2668/486 1219/2673/489
f 1223/2679/494 1220/2677/492 1219/2673/489 1221/2674/490
f 1225/2680/495 1223/2681/494 1221/2682/490 1222/2683/496
f 1222/2684/496 1221/2685/490 1218/2686/491 1290/2687/497
f 1224/2688/498 1228/2689/499 1226/2690/500 1223/2679/494
f 1283/2691/148 1224/2692/498 1223/2681/494 1225/2680/495
f 1223/2679/494 1226/2690/500 1229/2693/501 1220/2677/492
f 1226/2694/500 1227/2695/31 1230/2696/31 1229/2697/501
f 1227/2695/31 1226/2694/500 1228/2698/499 1537/2699/31
f 1229/2697/501 1230/2696/31 1232/2700/31 1231/2701/502
f 1229/2693/501 1231/2702/502 1233/2678/493 1220/2677/492
f 1231/2701/502 1232/2700/31 1166/2570/31 1168/2571/463
f 1233/2678/493 1231/2702/502 1168/2574/463 1234/2577/467
f 1233/2678/493 1234/2577/467 1214/2662/484 1216/2668/486
f 1234/2577/467 1169/2576/466 1204/2663/482 1214/2662/484
f 1232/2700/31 1235/2703/31 1164/2569/31 1166/2570/31
f 1230/2696/31 1237/2704/31 1235/2703/31 1232/2700/31
f 1237/2704/31 1238/2705/31 1236/2706/31 1235/2703/31
f 1235/2703/31 1236/2706/31 1538/2551/31 1164/2569/31
f 1239/2707/31 1241/2708/31 1238/2705/31 1237/2704/31
f 1227/2695/31 1239/2707/31 1237/2704/31 1230/2696/31
f 1239/2707/31 1227/2695/31 1537/2699/31 1240/2709/31
f 1241/2708/31 1239/2707/31 1240/2709/31 1243/2710/31
f 1241/2708/31 1242/2711/503 1293/2712/504 1238/2705/31
f 1242/2711/503 1241/2708/31 1243/2710/31 1244/2713/505
f 1245/2714/141 1246/2715/142 1244/2713/505 1243/2710/31
f 1248/2716/141 1245/2714/141 1243/2710/31 1240/2709/31
f 1246/2717/142 1245/2718/141 1247/2719/22 1280/2720/324
f 1248/2721/141 1250/2722/22 1247/2719/22 1245/2718/141
f 1249/2723/141 1248/2716/141 1240/2709/31 1537/2699/31
f 1248/2721/141 1249/2724/141 1252/2725/22 1250/2722/22
f 1247/2719/22 1250/2722/22 1251/2726/22 1271/2727/22
f 1252/2725/22 1253/2728/22 1251/2726/22 1250/2722/22
f 1252/2725/22 1254/2729/326 1255/2730/395 1253/2728/22
f 1256/2731/154 1254/2729/326 1252/2725/22 1249/2724/141
f 1255/2732/395 1254/2733/326 1224/2688/498 1257/2734/506
f 1224/2688/498 1254/2733/326 1256/2735/154 1228/2689/499
f 1228/2698/499 1256/2736/154 1249/2723/141 1537/2699/31
f 1255/2737/395 1257/2738/506 1296/2739/507 1258/2740/508
f 1259/2741/144 1255/2730/395 1258/2742/508 1260/2743/509
f 1255/2730/395 1259/2741/144 1261/2744/144 1253/2728/22
f 1262/2745/510 1259/2746/144 1260/2747/509 1263/2748/511
f 1261/2749/144 1259/2746/144 1262/2745/510 1264/2750/148
f 1265/2751/1 1264/2752/148 1262/2753/510 1257/2754/506
f 1257/2755/506 1262/2756/510 1263/2757/511 1296/2758/507
f 1268/2759/1 1266/2760/148 1264/2752/148 1265/2751/1
f 1269/2761/144 1261/2749/144 1264/2750/148 1266/2762/148
f 1270/2763/144 1269/2761/144 1266/2762/148 1267/2764/148
f 1268/2759/1 1276/2765/1 1267/2766/148 1266/2760/148
f 1251/2726/22 1253/2728/22 1261/2744/144 1269/2767/144
f 1251/2726/22 1269/2767/144 1270/2768/144 1271/2727/22
f 1273/2769/324 1271/2727/22 1270/2768/144 1272/2770/143
f 1272/2771/143 1270/2763/144 1267/2764/148 1274/2772/147
f 1275/2773/331 1273/2774/324 1272/2775/143 1274/2776/147
f 1275/2777/331 1274/2778/147 1267/2766/148 1276/2765/1
f 1279/2779/148 1277/2780/512 1275/2777/331 1276/2765/1
f 1273/2774/324 1275/2773/331 1277/2781/512 1280/2782/324
f 1246/2783/142 1280/2782/324 1277/2781/512 1244/2784/505
f 1244/2784/505 1277/2781/512 1278/2785/513 1242/2786/503
f 1277/2787/512 1279/2788/148 1281/2789/495 1278/2790/513
f 1247/2719/22 1271/2727/22 1273/2769/324 1280/2720/324
f 1279/2788/148 1282/2791/148 1284/2792/495 1281/2789/495
f 1279/2779/148 1276/2765/1 1268/2759/1 1282/2793/148
f 1283/2794/148 1282/2793/148 1268/2759/1 1265/2751/1
f 1282/2791/148 1283/2691/148 1225/2680/495 1284/2792/495
f 1284/2792/495 1225/2680/495 1222/2683/496 1285/2795/496
f 1281/2789/495 1284/2792/495 1285/2795/496 1287/2796/496
f 1285/2797/496 1222/2684/496 1290/2687/497 1286/2798/497
f 1287/2799/496 1285/2797/496 1286/2798/497 1289/2800/497
f 1278/2790/513 1281/2789/495 1287/2796/496 1288/2801/444
f 1288/2802/444 1287/2799/496 1289/2800/497 1139/2803/441
f 1139/2803/441 1289/2800/497 1135/2804/144 1137/2805/143
f 1289/2800/497 1286/2798/497 1291/2806/144 1135/2804/144
f 1292/2807/514 1278/2785/513 1288/2522/444 1140/2521/443
f 1286/2798/497 1290/2687/497 1107/2808/144 1291/2806/144
f 1290/2687/497 1218/2686/491 1539/2809/156 1107/2808/144
f 1224/2810/498 1283/2794/148 1265/2751/1 1257/2754/506
f 1242/2786/503 1278/2785/513 1292/2807/514 1293/2811/504
f 1294/2531/451 1292/2807/514 1140/2521/443 1142/2523/445
f 1292/2807/514 1294/2531/451 1295/2812/515 1293/2811/504
f 1295/2812/515 1294/2531/451 1147/2530/450 1155/2550/462
f 1236/2706/31 1295/2813/515 1155/2552/462 1538/2551/31
f 1238/2705/31 1293/2712/504 1295/2813/515 1236/2706/31
f 1296/2814/507 1263/2815/511 1297/2816/516 1298/2817/517
f 1263/2748/511 1260/2747/509 1300/2818/518 1297/2819/516
f 1298/2817/517 1297/2816/516 1299/2820/519 1536/2821/520
f 1297/2819/516 1300/2818/518 1302/2822/521 1299/2823/519
f 1260/2743/509 1258/2742/508 1301/2824/522 1300/2825/518
f 1300/2825/518 1301/2824/522 1303/2826/523 1302/2827/521
f 1302/2827/521 1303/2826/523 1305/2828/324 1304/2829/326
f 1299/2830/519 1302/2831/521 1304/2832/326 1306/2833/300
f 1307/2834/524 1304/2829/326 1305/2828/324 1309/2835/525
f 1310/2836/526 1306/2833/300 1304/2832/326 1307/2837/524
f 1312/2838/527 1310/2839/526 1307/2840/524 1308/2841/528
f 1308/2842/528 1307/2834/524 1309/2835/525 1320/2843/529
f 1311/2844/530 1535/2845/331 1306/2846/300 1310/2847/526
f 1313/2848/531 1311/2844/530 1310/2847/526 1312/2849/527
f 1315/2850/532 1313/2848/531 1312/2849/527 1314/2851/533
f 1314/2852/533 1312/2838/527 1308/2841/528 1317/2853/534
f 1322/2854/535 1315/2855/532 1314/2856/533 1316/2857/536
f 1316/2858/536 1314/2852/533 1317/2853/534 1318/2859/141
f 1318/2860/141 1317/2861/534 1319/2862/537 1321/2863/388
f 1317/2861/534 1308/2842/528 1320/2843/529 1319/2862/537
f 1319/2864/537 1320/2865/529 1313/2866/531 1315/2867/532
f 1321/2868/388 1319/2864/537 1315/2867/532 1322/2869/535
f 1321/2870/388 1322/2871/535 1352/2872/538 1323/2873/326
f 1326/2874/22 1324/2875/22 1321/2863/388 1323/2876/326
f 1321/2863/388 1324/2875/22 1327/2877/141 1318/2860/141
f 1325/2878/22 1328/2879/141 1327/2877/141 1324/2875/22
f 1326/2874/22 1360/2880/22 1325/2878/22 1324/2875/22
f 1327/2881/141 1329/2882/149 1316/2858/536 1318/2859/141
f 1328/2883/141 1331/2884/149 1329/2882/149 1327/2881/141
f 1330/2885/1 1322/2886/535 1316/2887/536 1329/2888/149
f 1332/2889/1 1330/2885/1 1329/2888/149 1331/2890/149
f 1332/2889/1 1331/2890/149 1333/2891/149 1334/2892/1
f 1336/2893/141 1333/2894/149 1331/2884/149 1328/2883/141
f 1342/2895/331 1334/2892/1 1333/2891/149 1335/2896/150
f 1337/2897/142 1335/2898/150 1333/2894/149 1336/2893/141
f 1340/2899/324 1337/2900/142 1336/2901/141 1338/2902/22
f 1325/2878/22 1338/2902/22 1336/2901/141 1328/2879/141
f 1339/2903/22 1341/2904/324 1340/2899/324 1338/2902/22
f 1339/2903/22 1338/2902/22 1325/2878/22 1360/2880/22
f 1342/2905/331 1335/2906/150 1337/2907/142 1340/2908/324
f 1340/2908/324 1341/2909/324 1343/2910/539 1342/2905/331
f 1346/2911/149 1334/2892/1 1342/2895/331 1343/2912/539
f 1343/2913/539 1344/2914/540 1347/2915/541 1346/2916/149
f 1345/2917/542 1366/2918/543 1344/2919/540 1343/2910/539
f 1534/2920/143 1345/2917/542 1343/2910/539 1341/2909/324
f 1346/2916/149 1347/2915/541 1349/2921/541 1348/2922/149
f 1346/2911/149 1348/2923/149 1332/2889/1 1334/2892/1
f 1350/2924/149 1330/2885/1 1332/2889/1 1348/2923/149
f 1348/2922/149 1349/2921/541 1351/2925/541 1350/2926/149
f 1350/2926/149 1351/2925/541 1353/2927/544 1352/2928/538
f 1352/2929/538 1322/2886/535 1330/2885/1 1350/2924/149
f 1352/2872/538 1353/2930/544 1356/2931/545 1354/2932/546
f 1352/2872/538 1354/2932/546 1357/2933/156 1323/2873/326
f 1354/2934/546 1355/2935/57 1358/2936/144 1357/2937/156
f 1496/2938/57 1355/2935/57 1354/2934/546 1356/2939/545
f 1357/2940/156 1358/2941/144 1326/2874/22 1323/2876/326
f 1358/2936/144 1355/2935/57 1362/2942/57 1359/2943/144
f 1359/2944/144 1360/2880/22 1326/2874/22 1358/2941/144
f 1359/2944/144 1361/2945/144 1339/2903/22 1360/2880/22
f 1359/2943/144 1362/2942/57 1364/2946/57 1361/2947/144
f 1365/2948/57 1364/2946/57 1362/2942/57 1363/2949/57
f 1363/2949/57 1362/2942/57 1355/2935/57 1496/2938/57
f 1361/2947/144 1364/2946/57 1345/2950/542 1534/2951/143
f 1366/2952/543 1345/2950/542 1364/2946/57 1365/2948/57
f 1365/2948/57 1367/2953/57 1369/2954/547 1366/2952/543
f 1363/2949/57 1368/2955/57 1367/2953/57 1365/2948/57
f 1368/2955/57 1372/2956/57 1370/2957/57 1367/2953/57
f 1367/2953/57 1370/2957/57 1373/2958/548 1369/2954/547
f 1370/2957/57 1371/2959/57 1374/2960/549 1373/2958/548
f 1372/2956/57 1439/2961/57 1371/2959/57 1370/2957/57
f 1373/2962/548 1374/2963/549 1378/2964/550 1375/2965/551
f 1377/2966/552 1369/2967/547 1373/2962/548 1375/2965/551
f 1378/2964/550 1380/2968/553 1376/2969/554 1375/2965/551
f 1375/2965/551 1376/2969/554 1388/2970/555 1377/2966/552
f 1378/2964/550 1374/2963/549 1495/2971/556 1379/2972/557
f 1379/2972/557 1381/2973/558 1380/2968/553 1378/2964/550
f 1381/2973/558 1384/2974/559 1382/2975/560 1380/2968/553
f 1380/2968/553 1382/2975/560 1385/2976/561 1376/2969/554
f 1382/2975/560 1383/2977/562 1386/2978/563 1385/2976/561
f 1384/2974/559 1533/2979/150 1383/2977/562 1382/2975/560
f 1385/2976/561 1386/2978/563 1390/2980/564 1387/2981/565
f 1376/2969/554 1385/2976/561 1387/2981/565 1388/2970/555
f 1388/2970/555 1387/2981/565 1389/2982/566 1503/2983/567
f 1387/2981/565 1390/2980/564 1391/2984/142 1389/2982/566
f 1391/2985/142 1390/2986/564 1392/2987/568 1393/2988/141
f 1390/2986/564 1386/2989/563 1394/2990/569 1392/2987/568
f 1393/2988/141 1392/2987/568 1395/2991/570 1505/2992/141
f 1399/2993/571 1396/2994/572 1392/2987/568 1394/2990/569
f 1396/2994/572 1398/2995/573 1395/2991/570 1392/2987/568
f 1399/2996/571 1400/2997/34 1397/2998/300 1396/2999/572
f 1396/2423/572 1397/3000/300 1506/3001/1 1398/3002/573
f 1401/3003/574 1402/3004/326 1400/2997/34 1399/2996/571
f 1401/3005/574 1399/2993/571 1394/2990/569 1404/3006/575
f 1403/3007/576 1532/3008/22 1402/3009/326 1401/3010/574
f 1403/3011/576 1401/3005/574 1404/3006/575 1406/3012/577
f 1404/3006/575 1405/3013/149 1407/3014/149 1406/3012/577
f 1383/3015/562 1533/3016/150 1405/3013/149 1404/3006/575
f 1386/2989/563 1383/3015/562 1404/3006/575 1394/2990/569
f 1406/3012/577 1407/3014/149 1409/3017/149 1408/3018/578
f 1412/3019/579 1403/3011/576 1406/3012/577 1408/3018/578
f 1408/3018/578 1409/3017/149 1494/3020/153 1410/3021/580
f 1411/3022/581 1408/3018/578 1410/3021/580 1423/3023/582
f 1414/3024/583 1412/3019/579 1408/3018/578 1411/3022/581
f 1414/3025/583 1415/3026/584 1413/3027/585 1412/3028/579
f 1412/3029/579 1413/3030/585 1532/3008/22 1403/3007/576
f 1416/3031/586 1417/3032/587 1415/3026/584 1414/3025/583
f 1416/3033/586 1414/3024/583 1411/3022/581 1418/3034/588
f 1398/3002/573 1506/3001/1 1417/3035/587 1416/2429/586
f 1398/2995/573 1416/3033/586 1418/3034/588 1395/2991/570
f 1505/2992/141 1395/2991/570 1418/3034/588 1419/3036/141
f 1419/3036/141 1418/3034/588 1420/3037/589 1421/3038/154
f 1418/3034/588 1411/3022/581 1423/3023/582 1420/3037/589
f 1497/3039/590 1421/3040/154 1420/3041/589 1422/3042/591
f 1422/3042/591 1420/3041/589 1423/3043/582 1424/3044/592
f 1424/3044/592 1423/3043/582 1410/3045/580 1425/3046/593
f 1426/3047/594 1424/3044/592 1425/3046/593 1428/3048/595
f 1429/3049/596 1422/3042/591 1424/3044/592 1426/3047/594
f 1431/3050/597 1429/3049/596 1426/3047/594 1427/3051/598
f 1427/3051/598 1426/3047/594 1428/3048/595 1474/3052/599
f 1430/3053/600 1497/3039/590 1422/3042/591 1429/3049/596
f 1353/2930/544 1430/3053/600 1429/3049/596 1431/3050/597
f 1353/2930/544 1431/3050/597 1432/3054/601 1356/2931/545
f 1432/3054/601 1431/3050/597 1427/3051/598 1434/3055/602
f 1356/2939/545 1432/3056/601 1433/3057/57 1496/2938/57
f 1432/3056/601 1434/3058/602 1436/3059/57 1433/3057/57
f 1427/3051/598 1474/3052/599 1435/3060/603 1434/3055/602
f 1434/3058/602 1435/3061/603 1437/3062/57 1436/3059/57
f 1436/3059/57 1437/3062/57 1439/2961/57 1372/2956/57
f 1433/3057/57 1436/3059/57 1372/2956/57 1368/2955/57
f 1437/3062/57 1438/3063/57 1440/3064/57 1439/2961/57
f 1435/3061/603 1475/3065/604 1438/3063/57 1437/3062/57
f 1439/2961/57 1440/3064/57 1441/3066/57 1371/2959/57
f 1445/3067/148 1441/3066/57 1440/3064/57 1442/3068/148
f 1440/3064/57 1438/3063/57 1444/3069/148 1442/3068/148
f 1443/3070/1 1447/3071/1 1445/3072/148 1442/3073/148
f 1443/3070/1 1442/3073/148 1444/3074/148 1467/3075/1
f 1495/3076/556 1441/3066/57 1445/3067/148 1446/3077/605
f 1449/3078/606 1446/3079/605 1445/3072/148 1447/3071/1
f 1443/3070/1 1464/3080/607 1448/3081/607 1447/3071/1
f 1447/3071/1 1448/3081/607 1450/3082/608 1449/3078/606
f 1449/3083/606 1450/3084/608 1452/3085/609 1379/2972/557
f 1446/3086/605 1449/3083/606 1379/2972/557 1495/2971/556
f 1450/3082/608 1448/3081/607 1461/3087/610 1451/3088/610
f 1450/3082/608 1451/3088/610 1455/3089/611 1453/3090/612
f 1450/3091/608 1453/634/612 1454/3092/613 1452/3093/609
f 1454/3094/613 1453/3095/612 1455/3096/611 1456/3097/614
f 1451/3098/610 1457/3099/615 1456/3100/614 1455/3101/611
f 1452/3102/609 1454/3103/613 1456/3104/614 1457/3105/615
f 1459/3106/616 1452/3102/609 1457/3105/615 1458/3107/615
f 1461/3108/610 1458/3109/615 1457/3099/615 1451/3098/610
f 1459/3106/616 1458/3107/615 1460/3110/615 1485/3111/616
f 1460/3112/615 1458/3109/615 1461/3108/610 1462/3113/610
f 1448/3081/607 1464/3080/607 1462/3114/610 1461/3087/610
f 1463/3115/610 1487/3116/615 1460/3112/615 1462/3113/610
f 1465/3117/607 1463/3118/610 1462/3114/610 1464/3080/607
f 1467/3075/1 1465/3117/607 1464/3080/607 1443/3070/1
f 1465/3117/607 1466/3119/617 1490/3120/610 1463/3118/610
f 1468/3121/618 1466/3119/617 1465/3117/607 1467/3075/1
f 1468/3121/618 1467/3075/1 1444/3074/148 1469/3122/619
f 1468/3123/618 1469/3124/619 1475/3125/604 1470/3126/620
f 1470/3126/620 1471/3127/621 1466/3128/617 1468/3123/618
f 1472/3129/622 1486/3130/616 1471/3131/621 1470/3132/620
f 1470/3133/620 1473/3134/623 1477/3135/624 1472/3136/622
f 1474/3052/599 1428/3048/595 1473/3137/623 1470/3126/620
f 1435/3060/603 1474/3052/599 1470/3126/620 1475/3125/604
f 1444/3069/148 1438/3063/57 1475/3065/604 1469/3138/619
f 1473/3139/623 1476/3140/625 1478/3141/626 1477/3142/624
f 1428/3048/595 1425/3046/593 1476/3143/625 1473/3137/623
f 1477/3142/624 1478/3141/626 1482/3144/626 1479/3145/624
f 1472/3136/622 1477/3135/624 1479/3146/624 1480/3147/622
f 1480/3147/622 1479/3146/624 1481/3148/624 1484/3149/622
f 1479/3145/624 1482/3144/626 1483/3150/626 1481/3151/624
f 1478/3141/626 1409/3152/149 1407/3153/149 1482/3144/626
f 1482/3144/626 1407/3153/149 1405/3154/149 1483/3150/626
f 1481/3151/624 1483/3150/626 1384/3155/559 1381/3156/558
f 1483/3150/626 1405/3154/149 1533/3157/150 1384/3155/559
f 1484/3149/622 1481/3148/624 1381/3158/558 1379/3159/557
f 1379/3160/557 1452/3102/609 1459/3106/616 1484/3161/622
f 1484/3161/622 1459/3106/616 1485/3111/616 1480/3162/622
f 1480/3162/622 1485/3111/616 1486/3130/616 1472/3129/622
f 1486/3130/616 1485/3111/616 1460/3110/615 1487/3163/615
f 1471/3131/621 1486/3130/616 1487/3163/615 1488/3164/615
f 1488/3165/615 1487/3116/615 1463/3115/610 1490/3166/610
f 1490/3166/610 1491/3167/627 1489/3168/628 1488/3165/615
f 1488/3164/615 1489/3169/628 1493/3170/629 1471/3131/621
f 1466/3119/617 1492/3171/630 1491/3172/627 1490/3120/610
f 1492/3173/630 1493/3174/629 1489/3175/628 1491/3176/627
f 1471/3177/621 1493/3178/629 1492/2590/630 1466/3179/617
f 1476/3140/625 1494/3180/153 1409/3152/149 1478/3141/626
f 1425/3046/593 1410/3045/580 1494/3181/153 1476/3143/625
f 1371/2959/57 1441/3066/57 1495/3076/556 1374/2960/549
f 1496/2938/57 1433/3057/57 1368/2955/57 1363/2949/57
f 1498/3182/631 1499/3183/632 1497/3184/590 1430/3185/600
f 1351/2925/541 1498/3186/631 1430/3187/600 1353/2927/544
f 1500/3188/631 1501/3189/632 1499/3183/632 1498/3182/631
f 1349/2921/541 1500/3190/631 1498/3186/631 1351/2925/541
f 1347/2915/541 1502/3191/631 1500/3190/631 1349/2921/541
f 1502/3192/631 1504/3193/632 1501/3189/632 1500/3188/631
f 1503/3194/567 1389/3195/566 1504/3193/632 1502/3192/631
f 1344/2914/540 1503/2801/567 1502/3191/631 1347/2915/541
f 1504/3193/632 1393/3196/141 1505/3197/141 1501/3189/632
f 1389/3195/566 1391/3198/142 1393/3196/141 1504/3193/632
f 1377/2966/552 1388/2970/555 1503/2983/567 1344/2919/540
f 1501/3189/632 1505/3197/141 1419/3199/141 1499/3183/632
f 1499/3183/632 1419/3199/141 1421/3200/154 1497/3184/590
f 1506/3001/1 1508/3201/1 1507/3202/633 1417/3035/587
f 1417/3032/587 1507/3203/633 1509/3204/634 1415/3026/584
f 1508/3201/1 1512/3205/635 1510/3206/636 1507/3202/633
f 1507/3203/633 1510/3207/636 1511/3208/637 1509/3204/634
f 1510/3209/636 1513/3210/31 1515/3211/31 1511/3212/637
f 1512/3213/635 1514/3214/31 1513/3210/31 1510/3209/636
f 1516/3215/31 1513/3210/31 1514/3214/31
f 1516/3215/31 1515/3211/31 1513/3210/31
f 1516/3215/31 1514/3214/31 1517/3216/31
f 1516/3215/31 1517/3216/31 1518/3217/31
f 1516/3215/31 1518/3217/31 1519/3218/31
f 1516/3215/31 1519/3218/31 1520/3219/31
f 1516/3215/31 1520/3219/31 1521/3220/31
f 1516/3215/31 1521/3220/31 1515/3211/31
f 1511/3212/637 1515/3211/31 1521/3220/31 1522/3221/638
f 1522/3221/638 1521/3220/31 1520/3219/31 1524/3222/639
f 1509/3204/634 1511/3208/637 1522/3223/638 1523/3224/640
f 1523/3225/640 1522/3226/638 1524/3227/639 1525/3228/22
f 1525/3228/22 1524/3227/639 1526/3229/641 1527/3230/326
f 1524/3222/639 1520/3219/31 1519/3218/31 1526/3231/641
f 1527/3232/326 1526/3233/641 1528/3234/642 1529/3235/34
f 1526/3231/641 1519/3218/31 1518/3217/31 1528/3236/642
f 1529/3235/34 1528/3234/642 1530/3237/643 1531/3238/300
f 1528/3236/642 1518/3217/31 1517/3216/31 1530/3239/643
f 1531/3240/300 1530/3241/643 1512/3205/635 1508/3201/1
f 1530/3239/643 1517/3216/31 1514/3214/31 1512/3213/635
f 1400/2997/34 1529/3235/34 1531/3238/300 1397/2998/300
f 1397/3000/300 1531/3240/300 1508/3201/1 1506/3001/1
f 1402/3004/326 1527/3232/326 1529/3235/34 1400/2997/34
f 1532/3008/22 1525/3228/22 1527/3230/326 1402/3009/326
f 1413/3030/585 1523/3225/640 1525/3228/22 1532/3008/22
f 1415/3026/584 1509/3204/634 1523/3224/640 1413/3027/585
f 1366/2918/543 1369/2967/547 1377/2966/552 1344/2919/540
f 1534/3242/143 1341/2904/324 1339/2903/22 1361/2945/144
f 1320/2865/529 1309/3243/525 1311/3244/530 1313/2866/531
f 1309/3245/525 1305/3246/324 1535/3247/331 1311/3248/530
f 1536/2821/520 1299/2820/519 1306/2846/300 1535/2845/331
f 1303/3249/523 1536/3250/520 1535/3247/331 1305/3246/324
f 1301/3251/522 1298/3252/517 1536/3253/520 1303/3254/523
f 1258/2740/508 1296/2739/507 1298/3252/517 1301/3251/522
f 1130/3255/434 1105/2456/418 1082/2425/1 1128/2427/300
f 1540/3256/644 1541/3257/57 1597/3258/645 1543/3259/646
f 1541/3257/57 1540/3256/644 1542/3260/647 1600/3261/648
f 1540/3262/644 1544/3263/649 1545/3264/650 1542/3265/647
f 1543/3266/646 1547/3267/651 1544/3263/649 1540/3262/644
f 1546/3268/652 1676/3269/653 1545/3270/650 1544/3271/649
f 1547/3272/651 1548/3273/654 1546/3274/652 1544/3275/649
f 1549/3276/655 1550/3277/656 1548/3278/654 1547/3279/651
f 1552/3280/657 1549/3281/655 1547/3267/651 1543/3266/646
f 1551/3282/658 1684/3283/659 1550/3284/656 1549/3285/655
f 1554/3286/660 1551/3287/658 1549/3281/655 1552/3280/657
f 1552/3288/657 1553/3289/645 1555/3290/661 1554/3291/660
f 1543/3292/646 1597/3293/645 1553/3294/645 1552/3295/657
f 1555/3296/661 1557/3297/662 1556/3298/663 1554/3299/660
f 1556/3300/663 1559/3301/664 1551/3287/658 1554/3286/660
f 1556/3298/663 1557/3297/662 1567/3302/665 1558/3303/666
f 1558/3304/666 1561/3305/667 1559/3301/664 1556/3300/663
f 1559/3306/664 1560/3307/668 1684/3308/659 1551/3309/658
f 1561/3310/667 1562/3311/669 1560/3307/668 1559/3306/664
f 1564/3312/670 1562/3313/669 1561/3314/667 1563/3315/671
f 1561/3305/667 1558/3304/666 1565/3316/672 1563/3317/671
f 1566/3318/673 1564/3319/670 1563/3320/671 1565/3321/672
f 1558/3322/666 1567/3323/665 1566/3324/673 1565/3325/672
f 1567/3326/665 1685/3327/674 1568/3328/675 1566/3329/673
f 1566/3329/673 1568/3328/675 1570/3330/676 1569/3331/677
f 1569/3332/677 1571/3333/678 1564/3334/670 1566/3335/673
f 1570/3336/676 1572/3337/679 1571/3338/678 1569/3339/677
f 1564/3340/670 1571/3341/678 1572/3342/679 1573/3343/680
f 1573/3344/680 1572/3345/679 1574/3346/681 1582/3347/682
f 1572/3348/679 1575/3349/683 1576/3350/684 1574/3351/681
f 1577/3352/685 1575/3353/683 1572/3354/679 1570/3355/676
f 1570/3356/676 1579/3357/686 1578/3358/687 1577/3359/685
f 1579/3360/686 1574/3361/681 1576/3362/684 1578/3363/687
f 1580/3364/688 1582/3365/682 1574/3361/681 1579/3360/686
f 1568/3366/675 1580/3367/688 1579/3368/686 1570/3369/676
f 1685/3370/674 1581/3371/689 1580/3367/688 1568/3366/675
f 1582/3365/682 1580/3364/688 1581/3372/689 1583/3373/690
f 1584/3374/691 1573/3344/680 1582/3347/682 1583/3375/690
f 1586/3376/692 1584/3377/691 1583/3378/690 1585/3379/693
f 1588/3380/694 1585/3381/693 1583/3373/690 1581/3372/689
f 1683/3382/695 1586/3376/692 1585/3379/693 1587/3383/696
f 1590/3384/697 1587/3385/696 1585/3381/693 1588/3380/694
f 1592/3386/698 1590/3387/697 1588/3388/694 1589/3389/699
f 1589/3389/699 1588/3388/694 1581/3390/689 1685/3391/674
f 1591/3392/700 1682/3393/701 1587/3385/696 1590/3384/697
f 1593/3394/702 1591/3395/700 1590/3396/697 1592/3397/698
f 1553/3289/645 1593/3394/702 1592/3397/698 1555/3290/661
f 1555/3296/661 1592/3398/698 1589/3399/699 1557/3297/662
f 1594/3400/703 1595/3401/704 1591/3402/700 1593/3403/702
f 1597/3293/645 1594/3400/703 1593/3403/702 1553/3294/645
f 1596/3404/57 1598/3405/705 1595/3406/704 1594/3407/703
f 1541/3257/57 1596/3404/57 1594/3407/703 1597/3258/645
f 1596/3404/57 1599/3408/648 1602/3409/706 1598/3405/705
f 1541/3257/57 1600/3261/648 1599/3408/648 1596/3404/57
f 1599/3410/648 1600/3411/648 1651/3412/648 1601/3413/648
f 1602/3414/706 1599/3410/648 1601/3413/648 1603/3415/707
f 1605/3416/708 1598/3417/705 1602/3418/706 1604/3419/709
f 1603/3420/707 1607/3421/710 1604/3419/709 1602/3418/706
f 1605/3422/708 1604/3423/709 1606/3424/653 1678/3425/711
f 1604/3426/709 1607/3427/710 1608/3428/653 1606/3429/653
f 1607/3430/710 1609/3431/712 1611/3432/31 1608/3433/653
f 1612/3434/713 1609/3435/712 1607/3421/710 1603/3420/707
f 1614/3436/714 1610/3437/715 1609/3435/712 1612/3434/713
f 1609/3431/712 1610/3438/715 1622/3439/31 1611/3432/31
f 1603/3440/707 1601/3441/648 1613/3442/57 1612/3443/713
f 1612/3443/713 1613/3442/57 1615/3444/57 1614/3445/714
f 1614/3445/714 1615/3444/57 1617/3446/57 1616/3447/716
f 1616/3448/716 1619/3449/717 1610/3437/715 1614/3436/714
f 1616/3447/716 1617/3446/57 1642/3450/718 1618/3451/719
f 1618/3452/719 1620/3453/720 1619/3449/717 1616/3448/716
f 1619/3454/717 1620/3455/720 1624/3456/721 1621/3457/31
f 1610/3438/715 1619/3454/717 1621/3457/31 1622/3439/31
f 1622/3439/31 1621/3457/31 1623/3458/31 1658/3459/31
f 1621/3457/31 1624/3456/721 1626/3460/721 1623/3458/31
f 1620/3455/720 1641/3461/722 1625/3462/721 1624/3456/721
f 1624/3456/721 1625/3462/721 1628/3463/721 1626/3460/721
f 1628/3463/721 1629/3464/723 1627/3465/724 1626/3460/721
f 1626/3460/721 1627/3465/724 1660/3466/31 1623/3458/31
f 1630/3467/725 1631/3468/726 1629/3464/723 1628/3463/721
f 1625/3462/721 1632/3469/727 1630/3467/725 1628/3463/721
f 1630/3470/725 1633/3471/728 1634/3472/729 1631/3473/726
f 1633/3471/728 1630/3470/725 1632/3474/727 1636/3475/730
f 1635/3476/718 1677/3477/731 1634/3478/729 1633/3479/728
f 1637/3480/718 1635/3476/718 1633/3479/728 1636/3481/730
f 1639/3482/732 1637/3480/718 1636/3481/730 1638/3483/733
f 1636/3475/730 1632/3474/727 1640/3484/734 1638/3485/733
f 1638/3486/733 1640/3487/734 1641/3488/722 1639/3489/732
f 1641/3461/722 1640/3490/734 1632/3469/727 1625/3462/721
f 1639/3489/732 1641/3488/722 1620/3453/720 1618/3452/719
f 1618/3451/719 1642/3450/718 1637/3480/718 1639/3482/732
f 1642/3450/718 1643/3491/718 1635/3476/718 1637/3480/718
f 1617/3446/57 1645/3492/57 1643/3491/718 1642/3450/718
f 1643/3491/718 1644/3493/735 1677/3477/731 1635/3476/718
f 1645/3492/57 1646/3494/57 1644/3493/735 1643/3491/718
f 1647/3495/57 1648/3496/736 1646/3494/57 1645/3492/57
f 1615/3444/57 1647/3495/57 1645/3492/57 1617/3446/57
f 1650/3497/737 1648/3496/736 1647/3495/57 1649/3498/57
f 1613/3442/57 1649/3498/57 1647/3495/57 1615/3444/57
f 1651/3499/648 1652/3500/738 1650/3497/737 1649/3498/57
f 1601/3441/648 1651/3499/648 1649/3498/57 1613/3442/57
f 1600/3411/648 1542/3501/647 1652/3502/738 1651/3412/648
f 1542/3265/647 1545/3264/650 1653/3503/739 1652/3504/738
f 1652/3504/738 1653/3503/739 1655/3505/740 1650/3506/737
f 1654/3507/653 1657/3508/31 1655/3509/740 1653/3510/739
f 1654/3511/653 1653/3512/739 1545/3513/650 1676/3514/653
f 1650/3506/737 1655/3505/740 1656/3515/741 1648/3516/736
f 1658/3459/31 1656/3517/741 1655/3509/740 1657/3508/31
f 1611/3432/31 1622/3439/31 1658/3459/31 1657/3508/31
f 1608/3433/653 1611/3432/31 1657/3508/31 1654/3507/653
f 1623/3458/31 1660/3466/31 1656/3517/741 1658/3459/31
f 1659/3518/742 1668/3519/743 1648/3520/736 1656/3521/741
f 1660/3466/31 1661/3522/31 1659/3523/742 1656/3517/741
f 1627/3465/724 1663/3524/744 1661/3522/31 1660/3466/31
f 1661/3522/31 1662/3525/745 1672/3526/746 1659/3523/742
f 1663/3524/744 1664/3527/747 1662/3525/745 1661/3522/31
f 1663/3528/744 1665/3529/748 1666/3530/749 1664/3531/747
f 1627/3532/724 1644/3533/735 1665/3529/748 1663/3528/744
f 1665/3534/748 1667/3535/57 1669/3536/750 1666/3537/749
f 1644/3493/735 1646/3494/57 1667/3535/57 1665/3534/748
f 1646/3494/57 1648/3496/736 1668/3538/743 1667/3535/57
f 1667/3535/57 1668/3538/743 1670/3539/751 1669/3536/750
f 1670/1938/751 1672/3540/746 1662/3541/745 1669/3542/750
f 1669/3542/750 1662/3541/745 1664/3543/747 1666/3544/749
f 1670/3539/751 1668/3538/743 1675/3545/752 1671/3546/753
f 1671/3547/753 1673/3548/754 1672/3549/746 1670/3550/751
f 1672/3526/746 1673/3551/754 1674/3552/755 1659/3523/742
f 1673/3548/754 1671/3547/753 1675/3553/752 1674/3554/755
f 1668/3555/743 1659/3556/742 1674/3557/755 1675/3558/752
f 1606/3429/653 1608/3428/653 1654/3511/653 1676/3514/653
f 1678/3425/711 1606/3424/653 1676/3269/653 1546/3268/652
f 1644/3559/735 1627/3560/724 1629/3561/723 1677/3562/731
f 1677/3562/731 1629/3561/723 1631/3563/726 1634/3564/729
f 1546/3274/652 1548/3273/654 1679/3565/756 1678/3566/711
f 1678/3566/711 1679/3565/756 1681/3567/757 1605/3568/708
f 1548/3278/654 1550/3277/656 1680/3569/758 1679/3570/756
f 1679/3570/756 1680/3569/758 1682/3571/701 1681/3572/757
f 1595/3573/704 1681/3574/757 1682/3393/701 1591/3392/700
f 1598/3417/705 1605/3416/708 1681/3574/757 1595/3573/704
f 1680/3575/758 1683/3576/695 1587/3577/696 1682/3578/701
f 1550/3284/656 1684/3283/659 1683/3576/695 1680/3575/758
f 1684/3579/659 1560/3580/668 1586/3581/692 1683/3582/695
f 1557/3297/662 1589/3399/699 1685/3583/674 1567/3302/665
f 1560/3307/668 1562/3311/669 1584/3584/691 1586/3585/692
f 1562/3586/669 1564/3340/670 1573/3343/680 1584/3587/691
f 1686/3588/759 1687/3589/760 1691/3590/761 1690/3591/762
f 1688/3592/31 1782/3593/763 1687/3594/760 1686/3595/759
f 1686/3595/759 1689/3596/764 1802/3597/765 1688/3592/31
f 1689/3598/764 1686/3588/759 1690/3591/762 1693/3599/766
f 1692/3600/767 1690/3601/762 1691/3602/761 1781/3603/768
f 1693/3604/766 1690/3605/762 1692/3606/767 1694/3607/769
f 1695/3608/770 1693/3609/766 1694/3610/769 1696/3611/771
f 1698/3612/772 1689/3598/764 1693/3599/766 1695/3613/770
f 1697/3614/773 1695/3615/770 1696/3616/771 1710/3617/774
f 1700/3618/775 1698/3612/772 1695/3613/770 1697/3619/773
f 1689/3620/764 1698/3621/772 1699/3622/765 1802/3623/765
f 1698/3624/772 1700/3291/775 1701/3625/776 1699/3626/765
f 1701/3627/776 1700/3628/775 1702/3629/777 1704/3630/778
f 1702/3631/777 1700/3618/775 1697/3619/773 1705/3632/779
f 1703/3633/780 1702/3631/777 1705/3632/779 1706/3634/781
f 1702/3629/777 1703/3635/780 1821/3636/782 1704/3630/778
f 1706/3637/781 1705/3638/779 1707/3639/783 1709/3640/784
f 1705/3638/779 1697/3641/773 1710/3642/774 1707/3639/783
f 1710/3643/774 1711/3644/785 1708/3645/786 1707/3646/783
f 1707/3639/783 1708/3647/786 1811/3648/787 1709/3640/784
f 1696/3616/771 1713/3649/788 1711/3650/785 1710/3617/774
f 1711/3651/785 1712/3652/789 1809/3653/790 1708/3654/786
f 1713/3649/788 1714/3655/791 1712/3656/789 1711/3650/785
f 1715/3657/792 1716/3658/793 1714/3659/791 1713/3660/788
f 1694/3610/769 1715/3657/792 1713/3660/788 1696/3611/771
f 1717/3661/794 1719/3662/795 1716/3663/793 1715/3664/792
f 1692/3606/767 1717/3661/794 1715/3664/792 1694/3607/769
f 1717/3665/794 1692/3600/767 1781/3603/768 1718/3666/768
f 1719/3667/795 1717/3665/794 1718/3666/768 1720/3668/796
f 1721/3669/797 1722/3670/798 1716/3671/793 1719/3672/795
f 1719/3672/795 1720/3673/796 1724/3674/799 1721/3669/797
f 1723/3675/31 1800/3676/800 1722/3677/798 1721/3678/797
f 1723/3675/31 1721/3678/797 1724/3679/799 1725/3680/763
f 1724/3681/799 1726/3682/801 1727/3683/763 1725/3684/763
f 1726/3685/801 1724/3674/799 1720/3673/796 1729/3686/802
f 1726/3687/801 1728/3688/803 1783/3689/31 1727/3690/763
f 1728/3691/803 1726/3685/801 1729/3686/802 1731/3692/804
f 1729/336/802 1730/3693/768 1732/3694/57 1731/3695/804
f 1720/3696/796 1718/3697/768 1730/3698/768 1729/3699/802
f 1731/3695/804 1732/3694/57 1734/3700/57 1733/3701/714
f 1736/3702/715 1728/3691/803 1731/3692/804 1733/3703/714
f 1733/3701/714 1734/3700/57 1763/3704/57 1735/3705/805
f 1738/3706/806 1736/3702/715 1733/3703/714 1735/3707/805
f 1728/3688/803 1736/3708/715 1737/3709/31 1783/3689/31
f 1736/3708/715 1738/3710/806 1740/3711/31 1737/3709/31
f 1739/3712/807 1738/3706/806 1735/3707/805 1760/3713/808
f 1738/3710/806 1739/3714/807 1742/3715/809 1740/3711/31
f 1737/3709/31 1740/3711/31 1741/3716/31 1774/3717/31
f 1740/3711/31 1742/3715/809 1744/3718/809 1741/3716/31
f 1739/3714/807 1759/3719/810 1743/3720/809 1742/3715/809
f 1742/3715/809 1743/3720/809 1746/3721/809 1744/3718/809
f 1741/3716/31 1744/3718/809 1745/3722/811 1773/3723/31
f 1744/3718/809 1746/3721/809 1747/3724/812 1745/3722/811
f 1746/3721/809 1748/3725/725 1749/3726/813 1747/3724/812
f 1743/3720/809 1750/3727/727 1748/3725/725 1746/3721/809
f 1751/3728/728 1753/3729/814 1749/3730/813 1748/3731/725
f 1748/3731/725 1750/3732/727 1754/3733/730 1751/3728/728
f 1755/3734/815 1752/3735/815 1751/3736/728 1754/3737/730
f 1751/3736/728 1752/3735/815 1792/3738/816 1753/3739/814
f 1757/3740/817 1755/3734/815 1754/3737/730 1756/3741/818
f 1750/3732/727 1758/3742/819 1756/3743/818 1754/3733/730
f 1758/3744/819 1759/3745/810 1757/3746/817 1756/3747/818
f 1759/3719/810 1758/3748/819 1750/3727/727 1743/3720/809
f 1759/3745/810 1739/3712/807 1760/3713/808 1757/3746/817
f 1760/3749/808 1761/3750/815 1755/3734/815 1757/3740/817
f 1735/3705/805 1763/3704/57 1761/3750/815 1760/3749/808
f 1763/3704/57 1764/3751/57 1762/3752/815 1761/3750/815
f 1761/3750/815 1762/3752/815 1752/3735/815 1755/3734/815
f 1734/3700/57 1766/3753/57 1764/3751/57 1763/3704/57
f 1762/3752/815 1764/3751/57 1765/3754/57 1791/3755/820
f 1764/3751/57 1766/3753/57 1768/3756/736 1765/3754/57
f 1732/3694/57 1767/3757/57 1766/3753/57 1734/3700/57
f 1766/3753/57 1767/3757/57 1770/3758/821 1768/3756/736
f 1765/3754/57 1768/3756/736 1769/3759/743 1789/3760/57
f 1769/3761/743 1768/3762/736 1771/3763/741 1772/3764/742
f 1775/3765/822 1771/3766/741 1768/3767/736 1770/3768/821
f 1773/3723/31 1784/3769/31 1772/3770/742 1771/3771/741
f 1774/3717/31 1741/3716/31 1773/3723/31 1771/3771/741
f 1775/3772/822 1776/3773/31 1774/3717/31 1771/3771/741
f 1778/3774/763 1776/3773/31 1775/3772/822 1777/3775/823
f 1777/3776/823 1775/3765/822 1770/3768/821 1779/3777/824
f 1782/3778/763 1778/3779/763 1777/3780/823 1687/3781/760
f 1687/3589/760 1777/3776/823 1779/3777/824 1691/3590/761
f 1780/3782/768 1781/3783/768 1691/3784/761 1779/3785/824
f 1780/3786/768 1779/3787/824 1770/3758/821 1767/3757/57
f 1718/3697/768 1781/3783/768 1780/3782/768 1730/3698/768
f 1730/3693/768 1780/3786/768 1767/3757/57 1732/3694/57
f 1725/3684/763 1727/3683/763 1778/3779/763 1782/3778/763
f 1727/3690/763 1783/3689/31 1776/3773/31 1778/3774/763
f 1688/3592/31 1723/3675/31 1725/3680/763 1782/3593/763
f 1783/3689/31 1737/3709/31 1774/3717/31 1776/3773/31
f 1745/3722/811 1786/3788/825 1784/3769/31 1773/3723/31
f 1786/3788/825 1787/3789/747 1785/3790/745 1784/3769/31
f 1784/3769/31 1785/3790/745 1796/3791/746 1772/3770/742
f 1788/3792/826 1790/3793/749 1787/3794/747 1786/3795/825
f 1791/3796/820 1788/3792/826 1786/3795/825 1745/3797/811
f 1791/3755/820 1765/3754/57 1789/3760/57 1788/3798/826
f 1788/3798/826 1789/3760/57 1793/3799/750 1790/3800/749
f 1752/3735/815 1762/3752/815 1791/3755/820 1792/3738/816
f 1745/3801/811 1747/3802/812 1792/3803/816 1791/3804/820
f 1747/3802/812 1749/3805/813 1753/3806/814 1792/3803/816
f 1785/3807/745 1787/3808/747 1790/3809/749 1793/3810/750
f 1789/3760/57 1769/3759/743 1794/3811/751 1793/3799/750
f 1796/3812/746 1785/3807/745 1793/3810/750 1794/3813/751
f 1794/3811/751 1769/3759/743 1799/3814/752 1795/3815/753
f 1797/3816/754 1796/3817/746 1794/3818/751 1795/3819/753
f 1796/3791/746 1797/3820/754 1798/3821/755 1772/3770/742
f 1795/3819/753 1799/3822/752 1798/3823/755 1797/3816/754
f 1772/3824/742 1798/3825/755 1799/3826/752 1769/3827/743
f 1688/3592/31 1802/3597/765 1800/3676/800 1723/3675/31
f 1802/3623/765 1699/3622/765 1801/3828/827 1800/3829/800
f 1800/3829/800 1801/3828/827 1804/3830/828 1722/3831/798
f 1699/3626/765 1701/3625/776 1803/3832/829 1801/3833/827
f 1801/3833/827 1803/3832/829 1805/3834/830 1804/3835/828
f 1804/3836/828 1805/3837/830 1712/3838/789 1714/3839/791
f 1722/3670/798 1804/3836/828 1714/3839/791 1716/3671/793
f 1803/3840/829 1808/3841/831 1806/3842/832 1805/3843/830
f 1805/3837/830 1806/3844/832 1809/3845/790 1712/3838/789
f 1806/3844/832 1807/3846/833 1810/3847/834 1809/3845/790
f 1808/3841/831 1820/3848/835 1807/3849/833 1806/3842/832
f 1708/3654/786 1809/3653/790 1810/3850/834 1811/3851/787
f 1811/3852/787 1810/3853/834 1812/3854/836 1813/3855/837
f 1812/3856/836 1810/3847/834 1807/3846/833 1815/3857/838
f 1813/3855/837 1812/3854/836 1814/3858/839 1827/3859/840
f 1815/3857/838 1816/3860/841 1814/3861/839 1812/3856/836
f 1817/3862/842 1818/3863/843 1816/3864/841 1815/3865/838
f 1820/3866/835 1817/3862/842 1815/3865/838 1807/3867/833
f 1819/3868/844 1823/3869/845 1818/3870/843 1817/3871/842
f 1821/3872/782 1819/3868/844 1817/3871/842 1820/3873/835
f 1704/3630/778 1821/3636/782 1820/561/835 1808/3874/831
f 1703/3875/780 1822/3876/846 1819/3877/844 1821/3878/782
f 1819/3879/844 1822/3880/846 1825/3881/847 1824/3882/848
f 1823/3883/845 1819/3884/844 1824/3885/848 1826/3886/849
f 1824/3887/848 1813/3888/837 1827/3889/840 1826/3890/849
f 1709/3891/784 1811/3892/787 1813/3888/837 1824/3887/848
f 1824/3893/848 1825/3894/847 1706/3895/781 1709/3896/784
f 1818/3897/843 1823/3898/845 1826/3899/849 1827/3900/840
f 1827/3901/840 1814/3902/839 1829/3903/850 1828/3904/851
f 1830/3905/852 1818/3906/843 1827/3907/840 1828/3908/851
f 1818/3909/843 1830/3910/852 1831/3911/853 1816/3912/841
f 1816/3860/841 1831/3913/853 1829/3914/850 1814/3861/839
f 1706/3634/781 1825/3915/847 1822/3916/846 1703/3633/780
f 1701/3627/776 1704/3630/778 1808/3874/831 1803/3917/829
f 1836/3918/171 1837/3919/172 1833/3920/159 1832/3921/158
f 1832/3922/158 1833/3923/159 1945/3924/854 1834/3925/855
f 1835/3926/157 1832/3922/158 1834/3925/855 1843/3927/856
f 1839/3928/170 1836/3918/171 1832/3921/158 1835/3929/157
f 1837/3930/172 1836/3931/171 1838/3932/857 1943/3933/858
f 1836/3931/171 1839/3934/170 1841/3935/859 1838/3932/857
f 1839/3934/170 1840/3936/169 1842/3937/860 1841/3935/859
f 1840/3938/169 1839/3928/170 1835/3929/157 1845/3939/168
f 1843/3940/856 1841/3941/859 1842/3942/860 1844/3943/861
f 1834/3944/855 1838/3945/857 1841/3941/859 1843/3940/856
f 1845/3946/168 1835/3926/157 1843/3927/856 1844/3947/861
f 1847/3948/167 1845/3946/168 1844/3947/861 1846/3949/862
f 1844/3950/861 1842/3951/860 1849/3952/863 1846/3953/862
f 1853/3954/166 1847/3948/167 1846/3949/862 1848/3955/864
f 1846/3953/862 1849/3952/863 1850/3956/865 1848/3957/864
f 1851/3958/180 1852/3959/179 1850/3960/865 1849/3961/863
f 1840/3936/169 1851/3958/180 1849/3961/863 1842/3937/860
f 1852/3962/179 1851/3963/180 1847/3964/167 1853/3965/166
f 1851/3963/180 1840/3966/169 1845/3967/168 1847/3964/167
f 1854/3968/866 1852/3962/179 1853/3965/166 1856/3969/867
f 1852/3959/179 1854/3970/866 1858/3971/868 1850/3960/865
f 1854/3970/866 1855/3972/869 1873/3973/870 1857/3974/871
f 1856/3975/867 1920/3976/872 1855/3977/869 1854/3978/866
f 1854/3970/866 1857/3974/871 1859/3979/873 1858/3971/868
f 1860/3980/874 1858/3981/868 1859/3982/873 1861/3983/875
f 1848/3984/864 1850/3985/865 1858/3981/868 1860/3980/874
f 1856/3986/867 1853/3954/166 1848/3955/864 1860/3987/874
f 1862/3988/876 1856/3986/867 1860/3987/874 1861/3989/875
f 1864/3990/877 1862/3988/876 1861/3989/875 1863/3991/878
f 1861/3983/875 1859/3982/873 1866/3992/879 1863/3993/878
f 1936/3994/162 1864/3990/877 1863/3991/878 1865/3995/880
f 1863/3993/878 1866/3992/879 1867/3996/881 1865/3997/880
f 1868/3998/882 1869/3999/175 1867/4000/881 1866/4001/879
f 1857/3974/871 1868/3998/882 1866/4001/879 1859/3979/873
f 1869/4002/175 1868/4003/882 1864/4004/877 1936/4005/162
f 1868/4006/882 1870/4007/883 1871/4008/884 1864/4009/877
f 1857/3974/871 1873/3973/870 1870/4010/883 1868/3998/882
f 1870/4007/883 1872/4011/885 1915/4012/886 1871/4008/884
f 1873/3973/870 1874/4013/887 1872/4014/885 1870/4010/883
f 1855/3972/869 1876/4015/888 1874/4013/887 1873/3973/870
f 1872/4016/885 1874/4017/887 1875/4018/889 1910/4019/890 1912/4020/891
f 1875/4021/889 1874/4022/887 1876/4023/888 1878/4024/892 1880/4025/893
f 1876/4023/888 1877/4026/894 1879/4027/892 1878/4024/892
f 1920/3976/872 1877/4028/894 1876/4029/888 1855/3977/869
f 1878/4030/892 1879/4031/892 1884/4032/895 1881/4033/895
f 1882/4034/896 1880/4035/893 1878/4030/892 1881/4033/895
f 1908/4036/897 1882/4034/896 1881/4033/895 1883/4037/895
f 1881/4033/895 1884/4032/895 1886/4038/895 1883/4037/895
f 1886/4038/895 1884/4032/895 1885/4039/898 1888/4040/899
f 1919/4041/900 1885/4039/898 1884/4032/895 1879/4031/892
f 1883/4037/895 1886/4038/895 1887/4042/901 1927/4043/901
f 1887/4042/901 1886/4038/895 1888/4040/899 1891/4044/902
f 1891/4045/902 1888/4046/899 1889/4047/903 1893/4048/904
f 1890/4049/905 1922/4050/906 1889/4051/903 1888/4052/899
f 1923/4053/907 1890/4054/905 1888/4040/899 1885/4039/898
f 1892/4055/908 1929/4056/909 1887/4042/901 1891/4044/902
f 1894/4057/910 1892/4058/908 1891/4045/902 1893/4048/904
f 1898/4059/891 1894/4060/910 1893/4061/904 1895/4062/891
f 1893/4061/904 1889/4063/903 1897/4064/891 1895/4062/891
f 1900/4065/891 1898/4059/891 1895/4062/891 1896/4066/891
f 1897/4064/891 1911/4067/891 1896/4066/891 1895/4062/891
f 1934/4068/911 1894/4060/910 1898/4059/891 1899/4069/912
f 1900/4065/891 1901/4070/912 1899/4069/912 1898/4059/891
f 1900/4065/891 1902/4071/913 1903/4072/914 1901/4070/912
f 1896/4066/891 1905/4073/915 1902/4071/913 1900/4065/891
f 1902/4074/913 1904/4075/916 1931/4076/917 1903/4077/914
f 1905/4078/915 1906/4079/918 1904/4075/916 1902/4074/913
f 1905/4078/915 1907/4080/919 1908/4081/897 1906/4079/918
f 1911/4067/891 1907/4082/919 1905/4073/915 1896/4066/891
f 1908/4083/897 1907/4084/919 1909/4085/920 1926/4086/921
f 1907/4082/919 1910/4019/890 1924/4087/922 1909/4088/920
f 1912/4020/891 1910/4019/890 1907/4082/919 1911/4067/891
f 1913/4089/891 1912/4020/891 1911/4067/891 1897/4064/891
f 1912/4020/891 1913/4089/891 1915/4090/886 1872/4016/885
f 1916/4091/923 1915/4090/886 1913/4089/891 1914/4092/924 1918/4093/925
f 1889/4063/903 1914/4092/924 1913/4089/891 1897/4064/891
f 1871/4094/884 1915/4095/886 1916/4096/923 1917/4097/926
f 1917/4097/926 1916/4096/923 1877/4098/894 1920/4099/872
f 1919/4100/900 1879/4027/892 1877/4026/894 1916/4101/923 1918/4102/925
f 1885/4103/898 1919/4104/900 1918/4105/925 1914/1304/924
f 1864/3990/877 1871/4094/884 1917/4097/926 1862/3988/876
f 1862/3988/876 1917/4097/926 1920/4099/872 1856/3986/867
f 1921/4106/927 1923/4107/907 1885/4108/898 1914/4109/924
f 1922/4110/906 1921/4111/927 1914/4092/924 1889/4063/903
f 1890/4112/905 1923/4113/907 1921/4114/927 1922/4115/906
f 1875/4116/889 1880/4117/893 1882/4118/896 1910/4119/890
f 1910/4120/890 1882/4121/896 1925/4122/928 1924/4123/922
f 1924/4124/922 1925/4125/928 1926/4126/921 1909/4127/920
f 1882/4034/896 1908/4036/897 1926/4128/921 1925/4129/928
f 1906/4130/918 1908/4036/897 1883/4037/895 1927/4043/901
f 1906/4130/918 1927/4043/901 1928/4131/909 1904/4132/916
f 1929/4056/909 1928/4131/909 1927/4043/901 1887/4042/901
f 1928/4131/909 1929/4056/909 1932/4133/929 1930/4134/929
f 1904/4132/916 1928/4131/909 1930/4134/929 1931/4135/917
f 1901/4136/912 1903/4137/914 1931/4138/917 1930/4139/929
f 1932/4140/929 1899/4141/912 1901/4136/912 1930/4139/929
f 1932/4133/929 1929/4056/909 1892/4055/908 1933/4142/930
f 1899/4141/912 1932/4140/929 1933/4143/930 1934/4144/911
f 1933/4145/930 1892/4058/908 1894/4057/910 1934/4146/911
f 1869/3999/175 1935/4147/174 1941/4148/931 1867/4000/881
f 1935/4149/174 1869/4150/175 1936/4151/162 1937/4152/161
f 1937/4153/161 1936/3994/162 1865/3995/880 1939/4154/932
f 1944/4155/173 1935/4149/174 1937/4152/161 1938/4156/160
f 1938/4157/160 1937/4153/161 1939/4154/932 1940/4158/933
f 1939/4159/932 1941/4160/931 1942/4161/934 1940/4162/933
f 1865/4163/880 1867/4164/881 1941/4160/931 1939/4159/932
f 1935/4147/174 1944/4165/173 1942/4166/934 1941/4148/931
f 1940/4162/933 1942/4161/934 1943/4167/858 1945/4168/854
f 1944/4165/173 1837/3930/172 1943/3933/858 1942/4166/934
f 1837/3919/172 1944/4169/173 1938/4170/160 1833/3920/159
f 1945/4171/854 1943/4172/858 1838/3945/857 1834/3944/855
f 1833/3923/159 1938/4157/160 1940/4158/933 1945/3924/854
f 1951/4173/935 1949/4174/936 1946/4175/937 1947/4176/938
f 1948/4177/939 1954/4178/940 1947/4179/938 1946/4180/937
f 1949/4181/936 1950/4182/941 1948/4183/939 1946/4184/937
f 1951/4185/935 1952/4186/942 1950/4187/941 1949/4188/936
f 1947/4189/938 1954/4190/940 1952/4191/942 1951/4192/935
f 1953/4193/943 1957/4194/944 1950/4187/941 1952/4186/942
f 1954/4190/940 1955/4195/945 1953/4196/943 1952/4191/942
f 1955/4197/945 1954/4178/940 1948/4177/939 1956/4198/946
f 1955/4199/945 1956/4200/946 1957/4201/944 1953/4202/943
f 1950/4182/941 1957/4203/944 1956/4204/946 1948/4183/939
f 1959/4205/147 1964/4206/148 1961/4207/149 1958/4208/150
f 1960/4209/947 1968/4210/948 1959/4211/147 1958/4212/150
f 1958/4213/150 1961/4214/149 1963/4215/949 1960/4216/947
f 1964/4206/148 1965/4217/152 1962/4218/153 1961/4207/149
f 1961/4214/149 1962/4219/153 1973/4220/308 1963/4215/949
f 1966/4221/950 1967/4222/293 1965/4223/152 1964/4224/148
f 1968/4225/948 1966/4221/950 1964/4224/148 1959/4226/147
f 1967/4222/293 1966/4221/950 1969/4227/143 1970/4228/156
f 1960/4229/947 1963/4230/949 1966/4231/950 1968/4232/948
f 1966/4233/950 1963/4234/949 1971/4235/142 1969/4236/143
f 1971/4237/142 1972/4238/154 1970/4239/156 1969/4240/143
f 1963/4215/949 1973/4220/308 1972/4241/154 1971/4242/142
f 1973/4243/308 1967/4244/293 1970/4245/156 1972/4246/154
f 1967/4244/293 1973/4243/308 1962/4247/153 1965/4248/152
f 1974/4249/951 1975/4250/952 1979/4251/953 1977/4252/954
f 1976/4253/955 1989/4254/956 1975/4255/952 1974/4256/951
f 1977/4257/954 1978/4258/957 1976/4259/955 1974/4260/951
f 1980/4261/137 1983/4262/140 1978/4258/957 1977/4257/954
f 1977/4252/954 1979/4251/953 1981/4263/958 1980/4264/137
f 1980/4264/137 1981/4263/958 2003/4265/959 1982/4266/137
f 1982/4267/137 1984/4268/140 1983/4262/140 1980/4261/137
f 1984/4269/140 1986/4270/960 1985/4271/961 1983/4272/140
f 1983/4272/140 1985/4271/961 1988/4273/962 1978/4274/957
f 1985/4275/961 1986/4276/960 2013/4277/963 1987/4278/964
f 1988/4279/962 1985/4275/961 1987/4278/964 1990/4280/965
f 1978/4274/957 1988/4273/962 1989/4281/956 1976/4282/955
f 1989/4283/956 1988/4279/962 1990/4280/965 1992/4284/966
f 1990/4285/965 1987/4286/964 2000/4287/967 1991/4288/968
f 1992/4289/966 1990/4285/965 1991/4288/968 1994/4290/969
f 1975/4255/952 1989/4254/956 1992/4291/966 1993/4292/970
f 1993/4292/970 1992/4291/966 1994/4293/969 1995/4294/971
f 1991/4295/968 1996/4296/972 1995/4297/971 1994/4298/969
f 1997/4299/973 1993/4300/970 1995/4301/971 1996/4302/972
f 2001/4303/974 1997/4299/973 1996/4302/972 1998/4304/975
f 2000/4305/967 1998/4306/975 1996/4296/972 1991/4295/968
f 2002/4307/976 2001/4303/974 1998/4304/975 1999/4308/977
f 2012/4309/978 1999/4310/977 1998/4306/975 2000/4305/967
f 1981/4311/958 1979/4312/953 1997/4313/973 2001/4314/974
f 2003/4315/959 1981/4311/958 2001/4314/974 2002/4316/976
f 2005/4317/979 2003/4315/959 2002/4316/976 2004/4318/980
f 2004/4319/980 2002/4307/976 1999/4308/977 2007/4320/981
f 2021/4321/982 2005/4317/979 2004/4318/980 2006/4322/983
f 2006/4323/983 2004/4319/980 2007/4320/981 2008/4324/154
f 2010/4325/156 2008/4326/154 2007/4327/981 2009/4328/984
f 2009/4328/984 2007/4327/981 1999/4310/977 2012/4309/978
f 2011/4329/985 2014/4330/986 2010/4331/156 2009/4332/984
f 2013/4333/963 2011/4329/985 2009/4332/984 2012/4334/978
f 1987/4286/964 2013/4333/963 2012/4334/978 2000/4287/967
f 1986/4276/960 2015/4335/987 2011/4336/985 2013/4277/963
f 2015/4335/987 2016/4337/988 2014/4338/986 2011/4336/985
f 2018/4339/143 2016/4340/988 2015/4341/987 2017/4342/140
f 2017/4342/140 2015/4341/987 1986/4270/960 1984/4269/140
f 2020/4343/142 2018/4344/143 2017/4345/140 2019/4346/137
f 2019/4346/137 2017/4345/140 1984/4268/140 1982/4267/137
f 1982/4266/137 2003/4265/959 2005/4347/979 2019/4348/137
f 2019/4348/137 2005/4347/979 2021/4349/982 2020/4350/142
f 2020/4351/142 2021/4352/982 2016/4353/988 2018/4354/143
f 2016/4353/988 2021/4352/982 2006/4355/983 2014/4356/986
f 2014/4356/986 2006/4355/983 2008/4357/154 2010/4358/156
f 1979/4312/953 1975/4359/952 1993/4360/970 1997/4313/973
f 2025/4361/143 2032/4362/144 2023/4363/989 2022/4364/990
f 2022/4365/990 2023/4366/989 2050/4367/991 2024/4368/992
f 2022/4369/990 2024/4370/992 2027/4371/993 2026/4372/994
f 2025/4373/143 2022/4369/990 2026/4372/994 2029/4374/995
f 2026/4375/994 2027/4376/993 2175/4377/996 2028/4378/997
f 2029/4379/995 2026/4380/994 2028/4381/997 2030/4382/998
f 2032/4383/144 2025/4384/143 2029/4385/995 2030/4386/998
f 2030/4382/998 2028/4381/997 2038/4387/999 2031/4388/1000
f 2033/4389/144 2032/4383/144 2030/4386/998 2031/4390/1000
f 2032/4362/144 2033/4391/144 2035/4392/1001 2023/4363/989
f 2034/4393/156 2033/4389/144 2031/4390/1000 2150/4394/1002
f 2033/4391/144 2034/4395/156 2036/4396/1003 2035/4392/1001
f 2035/4397/1001 2036/3158/1003 2148/4398/1004 2037/4399/1005
f 2035/4400/1001 2037/4401/1005 2040/4402/1006 2038/4403/999
f 2023/4404/989 2035/4405/1001 2038/4406/999 2028/4407/997
f 2031/4388/1000 2038/4387/999 2039/4408/1007 2150/4409/1002
f 2038/4410/999 2040/4411/1006 2041/4412/1008 2039/4413/1007
f 2040/4414/1006 2042/4415/1009 2044/4416/1010 2041/4417/1008
f 2037/4401/1005 2046/4418/1011 2042/4419/1009 2040/4402/1006
f 2045/4420/1012 2068/4421/1013 2043/4422/1014 2042/4415/1009
f 2042/4415/1009 2043/4422/1014 2073/4423/1015 2044/4416/1010
f 2046/4424/1011 2049/4425/1016 2045/4426/1012 2042/4427/1009
f 2037/4428/1005 2148/4429/1004 2047/4430/1017 2046/4431/1011
f 2046/4431/1011 2047/4430/1017 2083/4432/1018 2048/4433/1019
f 2049/4434/1016 2046/4431/1011 2048/4433/1019 2052/4435/1019
f 2049/4436/1016 2050/4437/991 2175/4438/996 2045/4439/1012
f 2024/4440/992 2050/4441/991 2049/4434/1016 2051/4442/1020
f 2051/4442/1020 2049/4434/1016 2052/4435/1019 2053/4443/1021
f 2053/4443/1021 2052/4435/1019 2054/4444/57 2055/4445/140
f 2052/4435/1019 2048/4433/1019 2057/4446/57 2054/4444/57
f 2055/4445/140 2054/4444/57 2056/4447/148 2071/4448/147
f 2054/4444/57 2057/4446/57 2059/4449/148 2056/4447/148
f 2048/4433/1019 2083/4432/1018 2058/4450/1022 2057/4446/57
f 2057/4446/57 2058/4450/1022 2060/4451/1023 2059/4449/148
f 2059/4452/148 2060/4453/1023 2063/4454/1024 2061/4455/1025
f 2056/4456/148 2059/4452/148 2061/4455/1025 2064/4457/149
f 2066/4458/31 2064/4459/149 2061/4460/1025 2062/4461/1026
f 2062/4461/1026 2061/4460/1025 2063/4462/1024 2072/4463/1027
f 2071/4464/147 2056/4456/148 2064/4457/149 2065/4465/150
f 2067/4466/137 2065/4467/150 2064/4459/149 2066/4458/31
f 2069/4468/1028 2067/4466/137 2066/4458/31 2068/4421/1013
f 2068/4421/1013 2066/4458/31 2062/4461/1026 2043/4422/1014
f 2070/4469/1029 2069/4468/1028 2068/4421/1013 2045/4420/1012
f 2053/4470/1021 2055/4471/140 2067/4472/137 2069/4473/1028
f 2051/4474/1020 2053/4470/1021 2069/4473/1028 2070/4475/1029
f 2024/4370/992 2051/4474/1020 2070/4475/1029 2027/4371/993
f 2027/4476/993 2070/4469/1029 2045/4420/1012 2175/4477/996
f 2055/4471/140 2071/4478/147 2065/4479/150 2067/4472/137
f 2060/4480/1023 2058/4481/1022 2072/4482/1027 2063/4483/1024
f 2043/4422/1014 2062/4461/1026 2072/4463/1027 2073/4423/1015
f 2077/4484/1030 2073/4485/1015 2072/4486/1027 2074/4487/1031
f 2058/4481/1022 2078/4488/1032 2074/4489/1031 2072/4482/1027
f 2078/4490/1032 2080/4491/1033 2075/4492/1034 2074/4493/1031
f 2074/4487/1031 2075/4494/1034 2173/4495/331 2076/4496/1035
f 2077/4484/1030 2074/4487/1031 2076/4496/1035 2155/4497/1036
f 2081/4498/1037 2084/4499/1038 2079/4500/34 2078/4488/1032
f 2078/4488/1032 2079/4500/34 2174/4501/300 2080/4502/1033
f 2081/4498/1037 2078/4488/1032 2058/4481/1022 2083/4503/1018
f 2082/4504/1039 2085/4505/1040 2084/4499/1038 2081/4498/1037
f 2047/4506/1017 2082/4504/1039 2081/4498/1037 2083/4503/1018
f 2088/4507/1041 2086/4508/1042 2084/4499/1038 2085/4505/1040
f 2086/4508/1042 2089/4509/1043 2079/4500/34 2084/4499/1038
f 2086/4508/1042 2087/4510/1044 2091/4511/1045 2089/4509/1043
f 2114/4512/1046 2087/4510/1044 2086/4508/1042 2088/4507/1041
f 2090/4513/1047 2089/4514/1043 2092/4493/1048 2093/4515/1049
f 2089/4509/1043 2090/4516/1047 2174/4501/300 2079/4500/34
f 2089/4509/1043 2091/4511/1045 2095/4517/1050 2092/4518/1048
f 2094/4519/1051 2155/4497/1036 2076/4496/1035 2092/4520/1048
f 2092/4520/1048 2076/4496/1035 2173/4495/331 2093/4521/1049
f 2094/4519/1051 2092/4520/1048 2095/4522/1050 2098/4523/1052
f 2100/4524/1053 2098/4525/1052 2095/4526/1050 2096/4527/1054
f 2096/4527/1054 2095/4526/1050 2097/4528/1055 2169/4529/1056
f 2091/4511/1045 2172/4530/1057 2097/4531/1055 2095/4517/1050
f 2099/4532/1058 2156/4533/1059 2094/4519/1051 2098/4523/1052
f 2101/4534/1060 2099/4535/1058 2098/4525/1052 2100/4524/1053
f 2105/4536/1061 2101/4534/1060 2100/4524/1053 2102/4537/1062
f 2102/4537/1062 2100/4524/1053 2096/4527/1054 2104/4538/57
f 2107/4539/1063 2105/4536/1061 2102/4537/1062 2103/4540/1064
f 2103/4540/1064 2102/4537/1062 2104/4538/57 2170/4541/140
f 2110/4542/1065 2108/4543/1066 2105/4544/1061 2106/4545/1067
f 2160/4546/1068 2106/4547/1067 2105/4536/1061 2107/4539/1063
f 2108/4548/1066 2112/4549/1069 2101/4550/1060 2105/4551/1061
f 2109/4552/1070 2171/4553/1071 2111/4554/1072 2108/4555/1066
f 2159/4556/1073 2109/4552/1070 2108/4555/1066 2110/4557/1065
f 2108/4555/1066 2111/4554/1072 2113/4558/1072 2112/4559/1069
f 2112/4559/1069 2113/4558/1072 2087/4560/1044 2114/4561/1046
f 2115/4562/1074 2112/4559/1069 2114/4561/1046 2117/4563/1075
f 2112/4564/1069 2115/4565/1074 2118/4566/1076 2101/4567/1060
f 2115/4565/1074 2116/4568/1077 2120/4569/1078 2118/4566/1076
f 2116/4570/1077 2115/4571/1074 2117/4572/1075 2132/4573/1079
f 2118/4574/1076 2119/4575/1080 2099/4535/1058 2101/4534/1060
f 2120/4576/1078 2121/4577/1081 2119/4578/1080 2118/4579/1076
f 2122/4580/1082 2134/4581/1083 2121/4582/1081 2120/4583/1078
f 2125/4584/1084 2122/4580/1082 2120/4583/1078 2123/4585/1085
f 2116/4586/1077 2126/4587/1086 2123/4588/1085 2120/4589/1078
f 2158/4590/1087 2125/4584/1084 2123/4585/1085 2124/4591/1088
f 2124/4592/1088 2123/4593/1085 2106/4594/1067 2160/4595/1068
f 2126/4596/1086 2110/4542/1065 2106/4545/1067 2123/4597/1085
f 2127/4598/1089 2159/4599/1073 2110/4600/1065 2126/4601/1086
f 2129/4602/142 2127/4603/1089 2126/4604/1086 2128/4605/141
f 2128/4605/141 2126/4604/1086 2116/4606/1077 2130/4607/141
f 2129/4608/142 2128/4609/141 2125/4610/1084 2158/4611/1087
f 2128/4609/141 2130/4612/141 2122/4613/1082 2125/4610/1084
f 2130/4607/141 2116/4606/1077 2132/4614/1079 2131/4615/154
f 2130/4612/141 2131/4616/154 2134/4617/1083 2122/4613/1082
f 2131/4618/154 2132/4619/1079 2145/4620/1090 2133/4621/326
f 2131/4616/154 2133/4622/326 2135/4623/1091 2134/4617/1083
f 2134/4624/1083 2135/4625/1091 2136/4626/1092 2121/4627/1081
f 2135/4625/1091 2137/4628/324 2138/4629/1093 2136/4626/1092
f 2133/4622/326 2140/4630/326 2137/4631/324 2135/4623/1091
f 2139/4632/1094 2149/4633/1095 2138/4629/1093 2137/4628/324
f 2140/4630/326 2141/4634/326 2139/4635/1094 2137/4631/324
f 2141/4636/326 2140/4637/326 2142/4638/1090 2143/4639/1090
f 2133/4621/326 2145/4620/1090 2142/4638/1090 2140/4637/326
f 2143/4639/1090 2142/4638/1090 2144/4640/1096 2147/4641/1097
f 2145/4620/1090 2146/4642/1098 2144/4640/1096 2142/4638/1090
f 2132/4619/1079 2117/4643/1075 2146/4642/1098 2145/4620/1090
f 2117/4643/1075 2114/4512/1046 2088/4507/1041 2146/4642/1098
f 2146/4642/1098 2088/4507/1041 2085/4505/1040 2144/4640/1096
f 2147/4641/1097 2144/4640/1096 2085/4505/1040 2082/4504/1039
f 2036/4644/1003 2143/4639/1090 2147/4641/1097 2148/4645/1004
f 2148/4645/1004 2147/4641/1097 2082/4504/1039 2047/4506/1017
f 2034/4646/156 2141/4636/326 2143/4639/1090 2036/4644/1003
f 2141/4634/326 2034/4393/156 2150/4394/1002 2139/4635/1094
f 2150/4647/1002 2039/4648/1007 2149/4633/1095 2139/4632/1094
f 2149/4633/1095 2151/4649/1099 2152/4650/1100 2138/4629/1093
f 2039/4648/1007 2041/4651/1008 2151/4649/1099 2149/4633/1095
f 2041/4651/1008 2044/4652/1010 2153/4653/1101 2151/4649/1099
f 2151/4649/1099 2153/4653/1101 2154/4654/1102 2152/4650/1100
f 2153/4653/1101 2077/4484/1030 2155/4497/1036 2154/4654/1102
f 2044/4652/1010 2073/4485/1015 2077/4484/1030 2153/4653/1101
f 2156/4533/1059 2154/4654/1102 2155/4497/1036 2094/4519/1051
f 2157/4655/1103 2152/4650/1100 2154/4654/1102 2156/4533/1059
f 2119/4656/1080 2157/4655/1103 2156/4533/1059 2099/4532/1058
f 2136/4626/1092 2138/4629/1093 2152/4650/1100 2157/4655/1103
f 2121/4627/1081 2136/4626/1092 2157/4655/1103 2119/4656/1080
f 2127/4657/1089 2129/4658/142 2158/4659/1087 2124/4660/1088
f 2159/4661/1073 2127/4657/1089 2124/4660/1088 2160/4662/1068
f 2109/4663/1070 2159/4661/1073 2160/4662/1068 2107/4664/1063
f 2113/4558/1072 2161/4665/31 2091/4666/1045 2087/4560/1044
f 2111/4554/1072 2163/4667/31 2161/4665/31 2113/4558/1072
f 2163/4667/31 2165/4668/149 2162/4669/149 2161/4665/31
f 2161/4665/31 2162/4669/149 2172/4670/1057 2091/4666/1045
f 2164/4671/137 2166/4672/150 2165/4668/149 2163/4667/31
f 2171/4553/1071 2164/4671/137 2163/4667/31 2111/4554/1072
f 2165/4673/149 2166/4674/150 2168/4675/147 2167/4676/148
f 2162/4677/149 2165/4673/149 2167/4676/148 2169/4678/1056
f 2104/4538/57 2096/4527/1054 2169/4529/1056 2167/4679/148
f 2170/4541/140 2104/4538/57 2167/4679/148 2168/4680/147
f 2172/4681/1057 2162/4677/149 2169/4678/1056 2097/4464/1055
f 2166/4682/150 2164/4683/137 2170/4684/140 2168/4685/147
f 2164/4683/137 2171/4686/1071 2103/4687/1064 2170/4684/140
f 2171/4686/1071 2109/4663/1070 2107/4664/1063 2103/4687/1064
f 2174/4688/300 2090/147/1047 2093/4689/1049 2173/4690/331
f 2080/4691/1033 2174/4688/300 2173/4690/331 2075/4692/1034
f 2050/4437/991 2023/4693/989 2028/4694/997 2175/4438/996
f 2176/4695/31 2188/4696/157 2177/4697/158
f 2176/4695/31 2177/4697/158 2178/4698/159
f 2176/4695/31 2178/4698/159 2179/4699/160
f 2176/4695/31 2179/4699/160 2180/4700/161
f 2176/4695/31 2180/4700/161 2181/4701/162
f 2176/4695/31 2181/4701/162 2182/4702/163
f 2176/4695/31 2182/4702/163 2183/4703/164
f 2176/4695/31 2183/4703/164 2184/4704/165
f 2176/4695/31 2184/4704/165 2185/4705/166
f 2176/4695/31 2185/4705/166 2186/4706/167
f 2176/4695/31 2186/4706/167 2187/4707/168
f 2176/4695/31 2187/4707/168 2188/4696/157
f 2187/4708/168 2191/4709/169 2189/4710/170 2188/4711/157
f 2188/4711/157 2189/4710/170 2192/4712/171 2177/4713/158
f 2190/4714/57 2192/4715/171 2189/4716/170
f 2190/4714/57 2189/4716/170 2191/4717/169
f 2177/4713/158 2192/4712/171 2193/4718/172 2178/4719/159
f 2190/4714/57 2193/4720/172 2192/4715/171
f 2190/4714/57 2194/4697/173 2193/4720/172
f 2178/4719/159 2193/4718/172 2194/4721/173 2179/4722/160
f 2190/4714/57 2195/4723/174 2194/4697/173
f 2179/4724/160 2194/4725/173 2195/4726/174 2180/4727/161
f 2190/4714/57 2196/4728/175 2195/4723/174
f 2180/4727/161 2195/4726/174 2196/4729/175 2181/4730/162
f 2190/4714/57 2197/4731/176 2196/4728/175
f 2181/4732/162 2196/4733/175 2197/4734/176 2182/4735/163
f 2190/4714/57 2198/4736/177 2197/4731/176
f 2182/4735/163 2197/4734/176 2198/4737/177 2183/4738/164
f 2190/4714/57 2199/4739/178 2198/4736/177
f 2183/4738/164 2198/4737/177 2199/4740/178 2184/4741/165
f 2190/4714/57 2200/4742/179 2199/4739/178
f 2184/4743/165 2199/4744/178 2200/4745/179 2185/4746/166
f 2190/4714/57 2201/4747/180 2200/4742/179
f 2185/4746/166 2200/4745/179 2201/4748/180 2186/4749/167
f 2190/4714/57 2191/4717/169 2201/4747/180
f 2186/4749/167 2201/4748/180 2191/4750/169 2187/4751/168
f 2202/4752/22 2214/4753/1104 2203/4754/1105
f 2202/4752/22 2203/4754/1105 2204/4755/1106
f 2202/4752/22 2204/4755/1106 2205/4756/49
f 2202/4752/22 2205/4756/49 2206/4757/48
f 2202/4752/22 2206/4757/48 2207/4758/23
f 2202/4752/22 2207/4758/23 2208/4759/21
f 2202/4752/22 2208/4759/21 2209/4760/18
f 2202/4752/22 2209/4760/18 2210/4761/17
f 2202/4752/22 2210/4761/17 2211/4762/19
f 2202/4752/22 2211/4762/19 2212/4763/30
f 2202/4752/22 2212/4763/30 2213/4764/29
f 2202/4752/22 2213/4764/29 2214/4753/1104
f 2214/4753/1104 2215/4765/1107 2230/4766/1108 2203/4754/1105
f 2216/4767/1109 2217/4768/1110 2215/4769/1107 2214/4770/1104
f 2213/4771/29 2219/4772/11 2216/4767/1109 2214/4770/1104
f 2220/4773/1111 2222/4774/1112 2217/4775/1110 2216/4776/1109
f 2218/4777/1 2220/4773/1111 2216/4776/1109
f 2218/4777/1 2216/4776/1109 2219/4778/11
f 2221/4779/1113 2224/4780/1114 2222/4774/1112 2220/4773/1111
f 2218/4777/1 2221/4779/1113 2220/4773/1111
f 2222/4781/1112 2223/4782/1115 2297/4783/1116 2217/4784/1110
f 2224/4785/1114 2225/4786/1117 2223/4782/1115 2222/4781/1112
f 2226/4787/1118 2295/4788/1119 2225/4786/1117 2224/4785/1114
f 2228/4789/1118 2226/4787/1118 2224/4785/1114 2227/4790/1120
f 2204/4791/1106 2227/4792/1120 2224/4793/1114 2221/4794/1113
f 2203/4754/1105 2230/4766/1108 2227/4795/1120 2204/4755/1106
f 2292/4796/1121 2228/4789/1118 2227/4790/1120 2229/4797/1122
f 2229/4797/1122 2227/4790/1120 2230/4798/1108 2231/4799/1123
f 2231/4799/1123 2230/4798/1108 2215/4800/1107 2232/4801/1124
f 2231/4802/1123 2232/4803/1124 2234/4804/1125 2233/4805/1126
f 2229/4806/1122 2231/4802/1123 2233/4805/1126 2235/4807/1127
f 2233/4808/1126 2234/4809/1125 2238/4810/17 2236/4811/18
f 2235/4812/1127 2233/4808/1126 2236/4811/18 2237/4813/21
f 2239/4814/22 2237/4815/21 2236/4816/18
f 2239/4814/22 2236/4816/18 2238/4817/17
f 2239/4814/22 2248/4818/28 2240/4819/27
f 2239/4814/22 2240/4819/27 2241/4820/50
f 2239/4814/22 2241/4820/50 2242/4821/49
f 2239/4814/22 2242/4821/49 2243/4822/48
f 2239/4814/22 2243/4822/48 2244/4823/23
f 2239/4814/22 2244/4823/23 2237/4815/21
f 2239/4814/22 2238/4817/17 2245/4824/19
f 2239/4814/22 2245/4824/19 2246/4825/30
f 2239/4814/22 2246/4825/30 2247/4826/29
f 2239/4814/22 2247/4826/29 2248/4818/28
f 2249/4827/1128 2250/4828/1129 2240/4829/27 2248/4830/28
f 2252/4831/1130 2249/4832/1128 2248/4833/28 2247/4834/29
f 2251/4835/1131 2271/4836/1132 2250/4828/1129 2249/4827/1128
f 2253/4837/1133 2251/4838/1131 2249/4839/1128 2252/4840/1130
f 2255/4841/1134 2253/4837/1133 2252/4840/1130 2254/4842/1135
f 2254/4843/1135 2252/4831/1130 2247/4834/29 2246/4844/30
f 2257/4845/1136 2255/4841/1134 2254/4842/1135 2256/4846/1137
f 2256/4847/1137 2254/4843/1135 2246/4844/30 2245/4848/19
f 2232/4803/1124 2257/4845/1136 2256/4846/1137 2234/4804/1125
f 2234/4809/1125 2256/4849/1137 2245/4850/19 2238/4810/17
f 2257/4851/1136 2258/4852/1138 2260/4853/31 2255/4854/1134
f 2232/4801/1124 2215/4800/1107 2258/4855/1138 2257/3270/1136
f 2215/4800/1107 2217/4784/1110 2259/4856/1138 2258/4855/1138
f 2258/4852/1138 2259/4857/1138 2261/4858/31 2260/4853/31
f 2260/4853/31 2261/4858/31 2263/4859/1139 2262/4860/1139
f 2255/4854/1134 2260/4853/31 2262/4860/1139 2253/4861/1133
f 2262/4862/1139 2263/4863/1139 2265/4864/1140 2264/4865/1140
f 2253/4866/1133 2262/4862/1139 2264/4865/1140 2251/4867/1131
f 2264/4868/1140 2265/4869/1140 2267/4870/1141 2266/4871/1141
f 2251/4872/1131 2264/4868/1140 2266/4871/1141 2269/4873/1142
f 2266/4874/1141 2267/4875/1141 2278/4876/34 2268/4877/34
f 2269/4878/1142 2266/4874/1141 2268/4877/34 2270/4879/1143
f 2271/4880/1132 2251/4881/1131 2269/4882/1142 2270/4883/1143
f 2273/4884/1144 2271/4880/1132 2270/4883/1143 2272/4885/1145
f 2270/4879/1143 2268/4877/34 2274/4886/1146 2272/4887/1145
f 2275/4888/1147 2273/4889/1144 2272/4890/1145 2274/4891/1146
f 2279/4892/1147 2275/4888/1147 2274/4891/1146 2276/4893/1146
f 2268/4877/34 2278/4876/34 2276/4894/1146 2274/4886/1146
f 2280/4895/1148 2279/4892/1147 2276/4893/1146 2277/4896/1149
f 2278/4876/34 2303/4897/1150 2277/4898/1149 2276/4894/1146
f 2279/4899/1147 2280/4900/1148 2282/4901/1151 2281/4902/1152
f 2275/4903/1147 2279/4899/1147 2281/4902/1152 2284/4904/1152
f 2281/4905/1152 2282/4906/1151 2293/4907/6 2283/4908/57
f 2284/4909/1152 2281/4905/1152 2283/4908/57 2285/4910/57
f 2286/4911/1153 2284/4909/1152 2285/4910/57 2287/4912/1154
f 2273/4913/1144 2275/4903/1147 2284/4904/1152 2286/4914/1153
f 2286/4915/1153 2287/4916/1154 2289/4917/1155 2288/4918/1156
f 2273/4919/1144 2286/4915/1153 2288/4918/1156 2290/4920/1157
f 2288/4921/1156 2289/4922/1155 2243/4923/48 2242/4924/49
f 2290/4925/1157 2288/4921/1156 2242/4924/49 2241/4926/50
f 2271/4836/1132 2273/4927/1144 2290/4928/1157 2250/4828/1129
f 2250/4828/1129 2290/4928/1157 2241/4929/50 2240/4829/27
f 2287/4916/1154 2292/4930/1121 2291/4931/1158 2289/4917/1155
f 2289/4922/1155 2291/4932/1158 2244/4933/23 2243/4923/48
f 2291/4934/1158 2235/4812/1127 2237/4813/21 2244/4935/23
f 2292/4930/1121 2229/4806/1122 2235/4807/1127 2291/4931/1158
f 2287/4912/1154 2285/4910/57 2228/4936/1118 2292/4937/1121
f 2285/4910/57 2283/4908/57 2226/4938/1118 2228/4936/1118
f 2283/4908/57 2293/4907/6 2295/4939/1119 2226/4938/1118
f 2294/4940/1 2295/4941/1119 2293/4942/6
f 2294/4940/1 2293/4942/6 2282/4943/1151
f 2294/4940/1 2225/4944/1117 2295/4941/1119
f 2294/4940/1 2282/4943/1151 2280/4945/1148
f 2294/4940/1 2280/4945/1148 2296/4946/1
f 2294/4940/1 2296/4946/1 2301/4947/1159
f 2294/4940/1 2223/4948/1115 2225/4944/1117
f 2294/4940/1 2297/4949/1116 2223/4948/1115
f 2294/4940/1 2298/4950/1160 2297/4949/1116
f 2294/4940/1 2299/4951/12 2298/4950/1160
f 2294/4940/1 2300/4952/1161 2299/4951/12
f 2294/4940/1 2301/4947/1159 2300/4952/1161
f 2263/4863/1139 2300/4953/1161 2301/4954/1159 2265/4864/1140
f 2265/4869/1140 2301/4955/1159 2302/4956/1162 2267/4870/1141
f 2301/4947/1159 2296/4946/1 2303/4957/1150 2302/4958/1162
f 2267/4875/1141 2302/4959/1162 2303/4897/1150 2278/4876/34
f 2296/4946/1 2280/4945/1148 2277/4960/1149 2303/4957/1150
f 2261/4858/31 2299/4961/12 2300/4962/1161 2263/4859/1139
f 2259/4857/1138 2298/4963/1160 2299/4961/12 2261/4858/31
f 2217/4784/1110 2297/4783/1116 2298/4964/1160 2259/4856/1138
f 2218/4777/1 2304/4965/7 2221/4779/1113
f 2204/4791/1106 2221/4794/1113 2304/4966/7 2205/4967/49
f 2218/4777/1 2305/4968/6 2304/4965/7
f 2205/4967/49 2304/4966/7 2305/4969/6 2206/4970/48
f 2218/4777/1 2306/4971/5 2305/4968/6
f 2206/4970/48 2305/4969/6 2306/4972/5 2207/4973/23
f 2218/4777/1 2307/4974/4 2306/4971/5
f 2207/4975/23 2306/4976/5 2307/4977/4 2208/4978/21
f 2218/4777/1 2308/4979/3 2307/4974/4
f 2208/4978/21 2307/4977/4 2308/4980/3 2209/4981/18
f 2218/4777/1 2309/4982/2 2308/4979/3
f 2209/4981/18 2308/4980/3 2309/4983/2 2210/4984/17
f 2218/4777/1 2310/4985/13 2309/4982/2
f 2210/4984/17 2309/4983/2 2310/4986/13 2211/4987/19
f 2218/4777/1 2311/4988/12 2310/4985/13
f 2211/4989/19 2310/4990/13 2311/4991/12 2212/4992/30
f 2218/4777/1 2219/4778/11 2311/4988/12
f 2212/4992/30 2311/4991/12 2219/4772/11 2213/4771/29
f 2315/4993/1163 2369/4994/33 2313/4995/34 2312/4996/1164
f 2312/4996/1164 2313/4995/34 2371/4997/51 2314/4998/1165
f 2312/4996/1164 2314/4998/1165 2318/4999/1166 2316/5000/1167
f 2315/4993/1163 2312/4996/1164 2316/5000/1167 2317/5001/1168
f 2317/5001/1168 2316/5000/1167 2319/5002/1169 2321/5003/1170
f 2316/5000/1167 2318/4999/1166 2320/5004/1171 2319/5002/1169
f 2319/5002/1169 2320/5004/1171 2323/5005/51 2322/5006/34
f 2321/5003/1170 2319/5002/1169 2322/5006/34 2324/5007/33
f 2326/5008/1172 2321/5009/1170 2324/5010/33 2325/5011/32
f 2328/5012/1173 2326/5008/1172 2325/5011/32 2327/5013/31
f 2330/5014/1174 2328/5012/1173 2327/5013/31 2329/5015/14
f 2332/5016/1175 2330/5017/1174 2329/5018/14 2331/5019/15
f 2334/5020/1176 2332/5016/1175 2331/5019/15 2333/5021/16
f 2336/5022/1177 2334/5020/1176 2333/5021/16 2335/5023/20
f 2338/5024/1178 2336/5022/1177 2335/5023/20 2337/5025/43
f 2340/5026/1179 2338/5027/1178 2337/5028/43 2339/5029/57
f 2342/5030/1180 2340/5026/1179 2339/5029/57 2341/5031/52
f 2320/5032/1171 2342/5030/1180 2341/5031/52 2323/5033/51
f 2343/5034/1181 2344/5035/1182 2340/5026/1179 2342/5030/1180
f 2318/4999/1166 2343/5036/1181 2342/5037/1180 2320/5004/1171
f 2345/5038/1183 2347/5039/1184 2344/5035/1182 2343/5034/1181
f 2314/5040/1165 2345/5038/1183 2343/5034/1181 2318/5041/1166
f 2345/5038/1183 2346/5042/52 2348/5043/57 2347/5039/1184
f 2314/5040/1165 2371/5044/51 2346/5042/52 2345/5038/1183
f 2347/5039/1184 2348/5043/57 2350/5045/43 2349/5046/1185
f 2347/5039/1184 2349/5046/1185 2352/5047/1186 2344/5035/1182
f 2349/5048/1185 2350/5049/43 2370/5050/20 2351/5051/1187
f 2349/5048/1185 2351/5051/1187 2353/5052/1188 2352/5053/1186
f 2352/5053/1186 2353/5052/1188 2336/5022/1177 2338/5024/1178
f 2344/5035/1182 2352/5047/1186 2338/5027/1178 2340/5026/1179
f 2353/5052/1188 2354/5054/1189 2334/5020/1176 2336/5022/1177
f 2351/5051/1187 2356/5055/1190 2354/5054/1189 2353/5052/1188
f 2354/5054/1189 2355/5056/1191 2332/5016/1175 2334/5020/1176
f 2356/5055/1190 2358/5057/1192 2355/5056/1191 2354/5054/1189
f 2356/5055/1190 2357/5058/16 2359/5059/15 2358/5057/1192
f 2351/5051/1187 2370/5050/20 2357/5058/16 2356/5055/1190
f 2358/5057/1192 2359/5059/15 2361/5060/14 2360/5061/1193
f 2358/5057/1192 2360/5061/1193 2363/5062/1194 2355/5056/1191
f 2360/5063/1193 2361/5064/14 2368/5065/31 2362/5066/1195
f 2360/5063/1193 2362/5066/1195 2364/5067/1196 2363/5068/1194
f 2355/5056/1191 2363/5062/1194 2330/5017/1174 2332/5016/1175
f 2363/5068/1194 2364/5067/1196 2328/5012/1173 2330/5014/1174
f 2364/5067/1196 2365/5069/1197 2326/5008/1172 2328/5012/1173
f 2362/5066/1195 2366/5070/1198 2365/5069/1197 2364/5067/1196
f 2365/5071/1197 2317/5001/1168 2321/5003/1170 2326/5072/1172
f 2366/5070/1198 2315/5073/1163 2317/5074/1168 2365/5069/1197
f 2366/5070/1198 2367/5075/32 2369/5076/33 2315/5073/1163
f 2362/5066/1195 2368/5065/31 2367/5075/32 2366/5070/1198
f 2373/5077/1199 2475/5078/1200 2375/5079/1201 2372/5080/1202
f 2512/5081/1203 2373/5077/1199 2372/5080/1202 2374/5082/1204
f 2374/5083/1204 2372/5084/1202 2376/5085/1205 2377/5086/1206
f 2372/5087/1202 2375/5088/1201 2378/5089/1207 2376/5090/1205
f 2377/5086/1206 2376/5085/1205 2379/5091/1208 2381/5092/1209
f 2376/5090/1205 2378/5089/1207 2380/5093/1210 2379/5094/1208
f 2379/5094/1208 2380/5093/1210 2383/5095/1211 2382/5096/1212
f 2381/5092/1209 2379/5091/1208 2382/5097/1212 2384/5098/1213
f 2382/5097/1212 2383/5099/1211 2386/5100/1214 2385/5101/1215
f 2384/5098/1213 2382/5097/1212 2385/5101/1215 2387/5102/1216
f 2385/5103/1215 2386/5104/1214 2389/5105/1217 2388/5106/1218
f 2387/5102/1216 2385/5101/1215 2388/5107/1218 2390/5108/1219
f 2388/5109/1218 2389/5110/1217 2392/5111/1220 2391/5112/1221
f 2390/5113/1219 2388/5109/1218 2391/5112/1221 2393/5114/1222
f 2391/5115/1221 2392/5116/1220 2395/5117/1223 2394/5118/1224
f 2393/5119/1222 2391/5120/1221 2394/5121/1224 2396/5122/1225
f 2394/5123/1224 2395/5124/1223 2398/5125/1226 2397/5126/1227
f 2396/5127/1225 2394/5123/1224 2397/5126/1227 2399/5128/1228
f 2397/5129/1227 2398/5130/1226 2402/5131/1229 2400/5132/1230
f 2399/5133/1228 2397/5134/1227 2400/5135/1230 2401/5136/1231
f 2401/5137/1231 2400/5138/1230 2403/5139/1232 2404/5140/1233
f 2400/5138/1230 2402/5141/1229 2405/5142/1234 2403/5139/1232
f 2404/5143/1233 2403/5144/1232 2406/5145/1235 2407/5146/1236
f 2403/5147/1232 2405/5148/1234 2408/5149/1237 2406/5150/1235
f 2407/5146/1236 2406/5145/1235 2409/5151/1238 2410/5152/1239
f 2406/5145/1235 2408/5153/1237 2411/5154/1240 2409/5151/1238
f 2410/5152/1239 2409/5151/1238 2412/5155/51 2413/5156/34
f 2409/5157/1238 2411/5158/1240 2414/5159/52 2412/5160/51
f 2411/5158/1240 2416/5161/1241 2415/5162/57 2414/5159/52
f 2416/5161/1241 2418/5163/1242 2417/5164/43 2415/5162/57
f 2418/5165/1242 2421/5166/1243 2419/5167/20 2417/5168/43
f 2421/5166/1243 2423/5169/1244 2420/5170/16 2419/5167/20
f 2422/5171/1245 2424/5172/1246 2423/5169/1244 2421/5166/1243
f 2449/5173/1247 2422/5171/1245 2421/5166/1243 2418/5165/1242
f 2424/5172/1246 2427/5174/1248 2425/5175/1249 2423/5169/1244
f 2423/5169/1244 2425/5175/1249 2428/5176/15 2420/5170/16
f 2425/5175/1249 2426/5177/1250 2429/5178/14 2428/5176/15
f 2427/5174/1248 2437/5179/1251 2426/5177/1250 2425/5175/1249
f 2426/5180/1250 2432/5181/1252 2430/5182/31 2429/5183/14
f 2432/5181/1252 2433/5184/1253 2431/5185/32 2430/5182/31
f 2434/5186/1254 2435/5187/1255 2433/5184/1253 2432/5181/1252
f 2437/5188/1251 2434/5186/1254 2432/5181/1252 2426/5180/1250
f 2436/5189/1256 2536/5190/1257 2435/5187/1255 2434/5186/1254
f 2438/5191/1258 2436/5189/1256 2434/5186/1254 2437/5188/1251
f 2440/5192/1259 2438/5193/1258 2437/5179/1251 2427/5174/1248
f 2439/5194/1260 2540/5195/1261 2436/5196/1256 2438/5197/1258
f 2441/5198/1262 2439/5194/1260 2438/5197/1258 2440/5199/1259
f 2443/5200/1263 2441/5198/1262 2440/5199/1259 2442/5201/1264
f 2442/5202/1264 2440/5192/1259 2427/5174/1248 2424/5172/1246
f 2445/5203/1265 2443/5200/1263 2442/5201/1264 2444/5204/1266
f 2444/5205/1266 2442/5202/1264 2424/5172/1246 2422/5171/1245
f 2447/5206/1267 2445/5203/1265 2444/5204/1266 2446/5207/1268
f 2446/5208/1268 2444/5205/1266 2422/5171/1245 2449/5173/1247
f 2451/5209/1269 2447/5206/1267 2446/5207/1268 2448/5210/1270
f 2448/5211/1270 2446/5212/1268 2449/5213/1247 2450/5214/1271
f 2450/5214/1271 2449/5213/1247 2418/5163/1242 2416/5161/1241
f 2405/5148/1234 2448/5211/1270 2450/5214/1271 2408/5149/1237
f 2408/5149/1237 2450/5214/1271 2416/5161/1241 2411/5158/1240
f 2402/5141/1229 2451/5209/1269 2448/5210/1270 2405/5142/1234
f 2452/5215/1272 2454/5216/1273 2447/5217/1267 2451/5218/1269
f 2398/5130/1226 2452/5215/1272 2451/5218/1269 2402/5131/1229
f 2453/5219/1274 2456/5220/1275 2454/5221/1273 2452/5222/1272
f 2395/5124/1223 2453/5219/1274 2452/5222/1272 2398/5125/1226
f 2454/5223/1273 2455/5224/1276 2445/5225/1265 2447/5226/1267
f 2456/5220/1275 2457/5227/1277 2455/5228/1276 2454/5221/1273
f 2458/5229/1278 2459/5230/1279 2457/5231/1277 2456/184/1275
f 2461/5232/1280 2458/5233/1278 2456/5234/1275 2453/5235/1274
f 2460/5236/1281 2554/5237/1282 2459/5238/1279 2458/5239/1278
f 2462/5240/1283 2460/5236/1281 2458/5239/1278 2461/5241/1280
f 2389/5110/1217 2462/5240/1283 2461/5241/1280 2392/5111/1220
f 2392/5116/1220 2461/5232/1280 2453/5235/1274 2395/5117/1223
f 2463/5242/1284 2464/5243/1285 2460/5244/1281 2462/5245/1283
f 2386/5104/1214 2463/5242/1284 2462/5245/1283 2389/5105/1217
f 2465/5246/1286 2466/5247/1287 2464/5243/1285 2463/5242/1284
f 2383/5095/1211 2465/5246/1286 2463/5242/1284 2386/5104/1214
f 2467/5248/1288 2468/5249/1289 2466/5247/1287 2465/5246/1286
f 2380/5093/1210 2467/5248/1288 2465/5246/1286 2383/5095/1211
f 2469/5250/1290 2470/5251/1291 2468/5249/1289 2467/5248/1288
f 2378/5089/1207 2469/5250/1290 2467/5248/1288 2380/5093/1210
f 2471/5252/1292 2472/5253/1293 2470/5251/1291 2469/5250/1290
f 2375/5088/1201 2471/5252/1292 2469/5250/1290 2378/5089/1207
f 2473/5254/1294 2476/5255/1295 2472/5256/1293 2471/5257/1292
f 2475/5078/1200 2473/5254/1294 2471/5257/1292 2375/5079/1201
f 2474/5258/1296 2478/5259/1297 2476/5260/1295 2473/5261/1294
f 2508/5262/1298 2474/5258/1296 2473/5261/1294 2475/5263/1200
f 2476/5255/1295 2477/5264/1299 2584/5265/1300 2472/5256/1293
f 2478/5259/1297 2479/5266/1301 2477/5267/1299 2476/5260/1295
f 2478/5268/1297 2480/5269/5 2482/5270/4 2479/5271/1301
f 2474/5272/1296 2481/5273/6 2480/5274/5 2478/5275/1297
f 2480/5276/5 2481/5277/6 2484/5278/1302 2483/5279/1303
f 2482/5280/4 2480/5276/5 2483/5279/1303 2485/5281/1304
f 2483/5282/1303 2484/5283/1302 2488/5284/12 2486/5285/11
f 2485/5286/1304 2483/5282/1303 2486/5285/11 2487/5287/10
f 2489/5288/1 2487/5289/10 2486/5290/11
f 2489/5288/1 2486/5290/11 2488/5291/12
f 2489/5288/1 2492/5292/13 2490/5293/2
f 2489/5288/1 2490/5293/2 2491/5294/3
f 2489/5288/1 2491/5294/3 2498/5295/4
f 2489/5288/1 2488/5291/12 2492/5292/13
f 2489/5288/1 2493/5296/9 2487/5289/10
f 2489/5288/1 2494/5297/8 2493/5296/9
f 2489/5288/1 2495/5298/7 2494/5297/8
f 2489/5288/1 2496/5299/6 2495/5298/7
f 2489/5288/1 2497/5300/5 2496/5299/6
f 2489/5288/1 2498/5295/4 2497/5300/5
f 2499/5301/1305 2500/5302/1306 2497/5303/5 2498/5304/4
f 2502/5305/1307 2499/5301/1305 2498/5304/4 2491/5306/3
f 2501/5307/10 2597/5308/11 2500/5309/1306 2499/5310/1305
f 2503/5311/9 2501/5307/10 2499/5310/1305 2502/5312/1307
f 2505/5313/8 2503/5311/9 2502/5312/1307 2504/5314/1308
f 2504/5315/1308 2502/5305/1307 2491/5306/3 2490/5316/2
f 2507/5317/7 2505/5313/8 2504/5314/1308 2506/5318/1309
f 2506/5319/1309 2504/5315/1308 2490/5316/2 2492/5320/13
f 2481/5277/6 2507/5317/7 2506/5318/1309 2484/5278/1302
f 2484/5283/1302 2506/5321/1309 2492/5322/13 2488/5284/12
f 2509/5323/1310 2505/5324/8 2507/5325/7 2508/5326/1298
f 2508/5326/1298 2507/5325/7 2481/5273/6 2474/5272/1296
f 2509/5327/1310 2508/5262/1298 2475/5263/1200 2373/5328/1199
f 2510/5329/1311 2503/5330/9 2505/5331/8 2509/5332/1310
f 2510/5333/1311 2509/5327/1310 2373/5328/1199 2512/5334/1203
f 2511/5335/1312 2501/5336/10 2503/5330/9 2510/5329/1311
f 2511/5337/1312 2510/5333/1311 2512/5334/1203 2513/5338/1313
f 2513/5339/1313 2512/5081/1203 2374/5082/1204 2515/5340/1314
f 2598/5341/1315 2511/5337/1312 2513/5338/1313 2514/5342/1316
f 2514/5343/1316 2513/5339/1313 2515/5340/1314 2516/5344/1317
f 2516/5345/1317 2515/5346/1314 2517/5347/1318 2518/5348/1319
f 2515/5349/1314 2374/5083/1204 2377/5086/1206 2517/5350/1318
f 2518/5348/1319 2517/5347/1318 2519/5351/1320 2520/5352/1321
f 2517/5350/1318 2377/5086/1206 2381/5092/1209 2519/5353/1320
f 2520/5352/1321 2519/5351/1320 2521/5354/1322 2522/5355/1323
f 2519/5353/1320 2381/5092/1209 2384/5098/1213 2521/5356/1322
f 2522/5357/1323 2521/5356/1322 2523/5358/1324 2524/5359/1325
f 2521/5356/1322 2384/5098/1213 2387/5102/1216 2523/5358/1324
f 2523/5358/1324 2387/5102/1216 2390/5108/1219 2525/5360/1326
f 2524/5361/1325 2523/5362/1324 2525/5363/1326 2526/5364/1327
f 2525/5365/1326 2390/5113/1219 2393/5114/1222 2527/5366/1328
f 2526/5367/1327 2525/5365/1326 2527/5366/1328 2528/5368/1329
f 2527/5369/1328 2393/5119/1222 2396/5122/1225 2529/5370/1330
f 2528/5371/1329 2527/5372/1328 2529/5373/1330 2530/5374/1331
f 2529/5375/1330 2396/5127/1225 2399/5128/1228 2531/5376/1332
f 2530/5377/1331 2529/5375/1330 2531/5376/1332 2532/5378/1333
f 2531/5379/1332 2399/5133/1228 2401/5136/1231 2533/5380/1334
f 2532/5381/1333 2531/5382/1332 2533/5383/1334 2534/5384/1335
f 2533/5385/1334 2401/5137/1231 2404/5140/1233 2535/5386/1336
f 2534/5387/1335 2533/5385/1334 2535/5386/1336 2536/5388/1257
f 2535/5389/1336 2404/5143/1233 2407/5146/1236 2537/5390/1337
f 2536/5190/1257 2535/5391/1336 2537/5392/1337 2435/5187/1255
f 2537/5390/1337 2407/5146/1236 2410/5152/1239 2538/5393/1338
f 2435/5394/1255 2537/5390/1337 2538/5393/1338 2433/5395/1253
f 2538/5393/1338 2410/5152/1239 2413/5156/34 2539/5396/33
f 2433/5184/1253 2538/5397/1338 2539/3894/33 2431/5185/32
f 2540/5195/1261 2534/5387/1335 2536/5388/1257 2436/5196/1256
f 2541/5398/1339 2532/5381/1333 2534/5384/1335 2540/5399/1261
f 2543/5400/1340 2541/5398/1339 2540/5399/1261 2439/5401/1260
f 2542/5402/1341 2530/5377/1331 2532/5378/1333 2541/5403/1339
f 2544/5404/1342 2542/5402/1341 2541/5403/1339 2543/5405/1340
f 2546/5406/1343 2544/5404/1342 2543/5405/1340 2545/5407/1344
f 2545/5408/1344 2543/5409/1340 2439/5410/1260 2441/5411/1262
f 2548/5412/1345 2546/5406/1343 2545/5407/1344 2547/5413/1346
f 2547/5414/1346 2545/5408/1344 2441/5411/1262 2443/5415/1263
f 2457/5227/1277 2548/5412/1345 2547/5413/1346 2455/5228/1276
f 2455/5224/1276 2547/5414/1346 2443/5415/1263 2445/5225/1265
f 2549/5416/1347 2550/5417/1348 2546/5418/1343 2548/5419/1345
f 2459/5230/1279 2549/5416/1347 2548/5419/1345 2457/5231/1277
f 2551/5420/1349 2552/5421/1350 2550/5422/1348 2549/5423/1347
f 2554/5237/1282 2551/5420/1349 2549/5423/1347 2459/5238/1279
f 2553/5424/1351 2571/5425/1352 2552/5426/1350 2551/5427/1349
f 2555/5428/1353 2553/5424/1351 2551/5427/1349 2554/5429/1282
f 2464/5430/1285 2555/5428/1353 2554/5429/1282 2460/5431/1281
f 2556/5432/1354 2558/5433/1355 2553/5424/1351 2555/5428/1353
f 2466/5434/1287 2556/5432/1354 2555/5428/1353 2464/5430/1285
f 2557/5435/1356 2560/5436/1357 2558/5433/1355 2556/5432/1354
f 2468/5437/1289 2557/5435/1356 2556/5432/1354 2466/5434/1287
f 2558/5433/1355 2559/5438/1358 2571/5425/1352 2553/5424/1351
f 2560/5436/1357 2562/5439/1359 2559/5438/1358 2558/5433/1355
f 2561/5440/1360 2563/5441/1361 2562/5439/1359 2560/5436/1357
f 2585/5442/1362 2561/5440/1360 2560/5436/1357 2557/5435/1356
f 2563/5441/1361 2566/5443/1363 2564/5444/1364 2562/5439/1359
f 2562/5439/1359 2564/5444/1364 2567/5445/1365 2559/5438/1358
f 2564/5446/1364 2565/5447/1366 2568/5448/1367 2567/5449/1365
f 2566/5450/1363 2576/5451/1368 2565/5447/1366 2564/5446/1364
f 2567/5449/1365 2568/5448/1367 2570/5452/1369 2569/5453/1370
f 2559/5438/1358 2567/5445/1365 2569/5454/1370 2571/5425/1352
f 2569/5453/1370 2570/5452/1369 2573/5455/1371 2572/5456/1372
f 2571/5425/1352 2569/5454/1370 2572/5457/1372 2552/5426/1350
f 2572/5458/1372 2573/5459/1371 2575/5460/1373 2574/5461/1374
f 2552/5421/1350 2572/5458/1372 2574/5461/1374 2550/5422/1348
f 2574/5462/1374 2575/5463/1373 2542/5464/1341 2544/5465/1342
f 2550/5417/1348 2574/5466/1374 2544/5467/1342 2546/5418/1343
f 2573/5459/1371 2526/5367/1327 2528/5368/1329 2575/5460/1373
f 2575/5463/1373 2528/5371/1329 2530/5374/1331 2542/5464/1341
f 2570/5452/1369 2524/5361/1325 2526/5364/1327 2573/5455/1371
f 2568/5448/1367 2522/5355/1323 2524/5361/1325 2570/5452/1369
f 2565/5447/1366 2520/5352/1321 2522/5355/1323 2568/5448/1367
f 2577/5468/1375 2578/5469/1376 2576/5451/1368 2566/5450/1363
f 2580/5470/1377 2577/5471/1375 2566/5443/1363 2563/5441/1361
f 2579/5472/1378 2600/5473/1379 2578/5474/1376 2577/5475/1375
f 2581/5476/1380 2579/5472/1378 2577/5475/1375 2580/5477/1377
f 2583/5478/1381 2581/5476/1380 2580/5477/1377 2582/5479/1382
f 2582/5480/1382 2580/5470/1377 2563/5441/1361 2561/5440/1360
f 2477/5264/1299 2583/5478/1381 2582/5479/1382 2584/5265/1300
f 2584/5481/1300 2582/5480/1382 2561/5440/1360 2585/5442/1362
f 2472/5482/1293 2584/5481/1300 2585/5442/1362 2470/5483/1291
f 2470/5483/1291 2585/5442/1362 2557/5435/1356 2468/5437/1289
f 2586/5484/1383 2587/5485/1384 2581/5486/1380 2583/5487/1381
f 2479/5266/1301 2586/5484/1383 2583/5487/1381 2477/5267/1299
f 2586/5488/1383 2588/5489/3 2589/5490/2 2587/5491/1384
f 2479/5271/1301 2482/5270/4 2588/5489/3 2586/5488/1383
f 2589/5492/2 2588/5493/3 2590/5494/1385 2591/5495/1386
f 2588/5493/3 2482/5280/4 2485/5281/1304 2590/5494/1385
f 2591/5496/1386 2590/5497/1385 2493/5498/9 2494/5499/8
f 2590/5497/1385 2485/5500/1304 2487/5501/10 2493/5498/9
f 2593/5502/13 2589/5492/2 2591/5495/1386 2592/5503/1387
f 2592/5504/1387 2591/3330/1386 2494/5505/8 2495/5506/7
f 2595/5507/12 2593/5502/13 2592/5503/1387 2594/5508/1388
f 2594/5509/1388 2592/5504/1387 2495/5506/7 2496/5510/6
f 2597/5308/11 2595/5507/12 2594/5508/1388 2500/5309/1306
f 2500/5511/1306 2594/5509/1388 2496/5510/6 2497/5512/5
f 2599/5513/1389 2593/5514/13 2595/5515/12 2596/5516/1390
f 2596/5516/1390 2595/5515/12 2597/5517/11 2598/5518/1315
f 2598/5518/1315 2597/5517/11 2501/5519/10 2511/5520/1312
f 2596/5521/1390 2598/5341/1315 2514/5342/1316 2600/5522/1379
f 2599/5523/1389 2596/5521/1390 2600/5522/1379 2579/5524/1378
f 2600/5473/1379 2514/5343/1316 2516/5344/1317 2578/5474/1376
f 2587/5485/1384 2599/5523/1389 2579/5524/1378 2581/5486/1380
f 2587/5491/1384 2589/5490/2 2593/5525/13 2599/5526/1389
f 2578/5469/1376 2516/5345/1317 2518/5348/1319 2576/5451/1368
f 2576/5451/1368 2518/5348/1319 2520/5352/1321 2565/5447/1366
f 2601/5527/1391 2604/5528/1392 2602/5529/1393
f 2601/5527/1391 2602/5529/1393 2603/5530/1394
f 2601/5527/1391 2603/5530/1394 2613/5531/1395
f 2601/5527/1391 2605/5532/1396 2604/5528/1392
f 2601/5527/1391 2606/5533/1397 2605/5532/1396
f 2601/5527/1391 2607/5534/1398 2606/5533/1397
f 2601/5527/1391 2608/5535/1399 2607/5534/1398
f 2601/5527/1391 2609/5536/1400 2608/5535/1399
f 2601/5527/1391 2610/5537/1401 2609/5536/1400
f 2601/5527/1391 2611/5538/1402 2610/5537/1401
f 2601/5527/1391 2612/5539/1403 2611/5538/1402
f 2601/5527/1391 2613/5531/1395 2612/5539/1403
f 2615/5540/1404 2612/5541/1403 2613/5542/1395 2614/5543/1405
f 2614/5544/1405 2613/5545/1395 2603/5546/1394 2616/5547/1406
f 2616/5547/1406 2603/5546/1394 2602/5548/1393 2617/5549/1407
f 2617/5550/1407 2602/5551/1393 2604/5552/1392 2618/5553/1408
f 2618/5553/1408 2604/5552/1392 2605/5554/1396 2619/5555/57
f 2619/5555/57 2605/5554/1396 2606/5556/1397 2620/5557/1409
f 2620/5557/1409 2606/5556/1397 2607/5558/1398 2621/5559/1410
f 2621/5560/1410 2607/5561/1398 2608/5562/1399 2622/5563/1411
f 2622/5563/1411 2608/5562/1399 2609/5564/1400 2623/5565/1412
f 2623/5566/1412 2609/5567/1400 2610/5568/1401 2624/5569/1413
f 2624/5569/1413 2610/5568/1401 2611/5570/1402 2625/5571/31
f 2625/5571/31 2611/5570/1402 2612/5541/1403 2615/5540/1404
f 2629/5572/1414 2626/5573/1415 2627/5574/1416 2630/5575/1417
f 2627/5576/1416 2626/5577/1415 2628/5578/1418 3008/5579/1419
f 2629/5580/1414 2631/5581/1420 2628/5582/1418 2626/5583/1415
f 2632/5584/1421 2629/5572/1414 2630/5575/1417 2634/5585/1422
f 2632/5586/1421 2633/5587/1423 2631/5581/1420 2629/5580/1414
f 2632/5586/1421 2635/5588/1424 2638/5589/1425 2633/5587/1423
f 2632/5584/1421 2634/5585/1422 2636/5590/1426 2635/5591/1424
f 2635/5591/1424 2636/5590/1426 3378/5592/1427 2637/5593/1428
f 2635/5588/1424 2637/5594/1428 2640/5595/1429 2638/5589/1425
f 2639/5596/1430 3031/5597/1430 2633/5587/1423 2638/5589/1425
f 2642/5598/1431 2639/5596/1430 2638/5589/1425 2640/5595/1429
f 2641/5599/1432 2644/5600/1433 2642/5601/1431 2640/5602/1429
f 3378/5603/1427 2641/5599/1432 2640/5602/1429 2637/5604/1428
f 2643/5605/1434 3036/5606/1435 2639/5596/1430 2642/5598/1431
f 2644/5600/1433 2645/5607/1436 2643/5608/1434 2642/5601/1431
f 2646/5609/1437 2647/5610/1438 2645/5607/1436 2644/5600/1433
f 2649/5611/1439 2646/5609/1437 2644/5600/1433 2641/5599/1432
f 2648/5612/1440 3155/5613/1441 2647/5610/1438 2646/5609/1437
f 2648/5612/1440 2646/5609/1437 2649/5611/1439 2651/5614/1442
f 2652/5615/1443 2651/5614/1442 2649/5611/1439 2650/5616/1444
f 2650/5616/1444 2649/5611/1439 2641/5599/1432 3378/5603/1427
f 2654/5617/1445 2653/5618/1446 2651/5614/1442 2652/5615/1443
f 2653/5618/1446 2656/5619/1447 2648/5612/1440 2651/5614/1442
f 2996/5620/1448 2655/5621/1449 2653/5618/1446 2654/5617/1445
f 2655/5621/1449 2658/5622/1450 2656/5619/1447 2653/5618/1446
f 2658/5622/1450 2659/5623/1451 2657/5624/1452 2656/5619/1447
f 2656/5619/1447 2657/5624/1452 3155/5613/1441 2648/5612/1440
f 2660/5625/1453 2661/5626/1454 2659/5623/1451 2658/5622/1450
f 2663/5627/1455 2660/5625/1453 2658/5622/1450 2655/5621/1449
f 2662/5628/1456 3143/5629/1457 2661/5626/1454 2660/5625/1453
f 2665/5630/1458 2662/5628/1456 2660/5625/1453 2663/5627/1455
f 2667/5631/1459 2665/5630/1458 2663/5627/1455 2664/5632/1460
f 2664/5632/1460 2663/5627/1455 2655/5621/1449 2996/5620/1448
f 2666/5633/1461 3140/5634/1462 2662/5628/1456 2665/5630/1458
f 2668/5635/1463 2666/5633/1461 2665/5630/1458 2667/5631/1459
f 2669/5636/1426 2670/5637/1464 2668/5638/1463 2667/5639/1459
f 2671/5640/1426 2669/5636/1426 2667/5639/1459 2664/5641/1460
f 2672/5642/1422 2675/5643/1465 2670/5637/1464 2669/5636/1426
f 2674/5644/1422 2672/5642/1422 2669/5636/1426 2671/5640/1426
f 2672/5642/1422 2673/5645/1417 2676/5646/1466 2675/5643/1465
f 2674/5644/1422 2987/5647/1417 2673/5645/1417 2672/5642/1422
f 2675/5648/1465 2676/5649/1466 2678/5650/1467 2677/5651/1
f 2675/5648/1465 2677/5651/1 2679/5652/1468 2670/5653/1464
f 2670/5653/1464 2679/5652/1468 2680/5654/1469 2668/5655/1463
f 2680/5656/1469 2679/5657/1468 2681/5658/1470 3168/5659/1471
f 2679/5660/1468 2682/5661/1472 2689/5662/1473 2681/5663/1470
f 2679/5664/1468 2683/5665/1474 2684/5666/1475 2682/5667/1472
f 2678/5668/1467 2685/5669/1476 2684/5666/1475 2683/5665/1474
f 2685/5669/1476 2688/5670/1477 2686/5671/1478 2684/5666/1475
f 2682/5667/1472 2684/5666/1475 2686/5671/1478 2689/5672/1473
f 2689/5673/1473 2686/5674/1478 2687/5675/1479 2690/5676/1480
f 2688/5677/1477 2699/5678/1481 2687/5675/1479 2686/5674/1478
f 2681/5663/1470 2689/5662/1473 2690/5679/1480 2691/5680/1482
f 2691/5680/1482 2690/5679/1480 2692/5681/1483 2693/5682/1484
f 2690/5676/1480 2687/5675/1479 2695/5683/1485 2692/5684/1483
f 2693/5682/1484 2692/5681/1483 2694/5685/1486 2706/5686/1487
f 2692/5684/1483 2695/5683/1485 2696/5687/1488 2694/5688/1486
f 2697/5689/1489 2700/5690/1490 2696/5687/1488 2695/5683/1485
f 2699/5678/1481 2697/5689/1489 2695/5683/1485 2687/5675/1479
f 2698/5691/1491 2701/5692/1492 2700/5693/1490 2697/5694/1489
f 2858/5695/1493 2698/5691/1491 2697/5694/1489 2699/5696/1481
f 2700/5697/1490 2701/5698/1492 2704/5699/1494 2696/5700/1488
f 2701/5698/1492 2702/5701/1495 2705/5702/1495 2704/5699/1494
f 2703/5703/1496 2854/5704/1497 2702/5701/1495 2701/5698/1492
f 2855/5705/1498 2703/5706/1496 2701/5707/1492 2698/5708/1491
f 2706/5709/1487 2704/5699/1494 2705/5702/1495 2708/5710/1495
f 2694/5711/1486 2696/5700/1488 2704/5699/1494 2706/5709/1487
f 3170/5712/1499 2693/5713/1484 2706/5714/1487 2707/5715/1500
f 2707/5716/1500 2706/5709/1487 2708/5710/1495 2709/5717/1501
f 2708/5710/1495 2710/5718/1502 2712/5719/1503 2709/5717/1501
f 2705/5702/1495 2711/5720/1502 2710/5718/1502 2708/5710/1495
f 2711/5720/1502 2715/5721/1504 2713/5722/1504 2710/5718/1502
f 2710/5718/1502 2713/5722/1504 2714/5723/1505 2712/5719/1503
f 2713/5722/1504 2716/5724/1506 2717/5725/1507 2714/5723/1505
f 2715/5721/1504 2718/5726/1506 2716/5724/1506 2713/5722/1504
f 2716/5724/1506 2719/5727/1508 2721/5728/1509 2717/5725/1507
f 2718/5726/1506 2720/5729/1508 2719/5727/1508 2716/5724/1506
f 2720/5729/1508 2725/5730/1508 2722/5731/1508 2719/5727/1508
f 2719/5727/1508 2722/5731/1508 2724/5732/1510 2721/5728/1509
f 2725/5730/1508 2727/5733/1511 2723/5734/1511 2722/5731/1508
f 2722/5731/1508 2723/5734/1511 3190/5735/1512 2724/5732/1510
f 2720/5729/1508 3371/5736/1508 2726/5737/1508 2725/5730/1508
f 2725/5730/1508 2726/5737/1508 2728/5738/1511 2727/5733/1511
f 2727/5733/1511 2728/5738/1511 2730/5739/1513 2729/5740/1513
f 2727/5733/1511 2729/5740/1513 2732/5741/1513 2723/5734/1511
f 2729/5740/1513 2730/5739/1513 3374/5742/1513 2731/5743/1513
f 2729/5740/1513 2731/5743/1513 2734/5744/1513 2732/5741/1513
f 2723/5734/1511 2732/5741/1513 2733/5745/1514 3190/5735/1512
f 2732/5741/1513 2734/5744/1513 2735/5746/1515 2733/5745/1514
f 2731/5743/1513 2739/5747/1513 2736/5748/1513 2734/5744/1513
f 2734/5744/1513 2736/5748/1513 2738/5749/1516 2735/5746/1515
f 2739/5747/1513 2741/5750/1517 2737/5751/1518 2736/5748/1513
f 2736/5748/1513 2737/5751/1518 2750/5752/1519 2738/5749/1516
f 2731/5743/1513 3374/5742/1513 2740/5753/1513 2739/5747/1513
f 2739/5747/1513 2740/5753/1513 2742/5754/1520 2741/5750/1517
f 2741/5750/1517 2742/5754/1520 2744/5755/1521 2743/5756/1522
f 2741/5750/1517 2743/5756/1522 2746/5757/1523 2737/5751/1518
f 2743/5756/1522 2744/5755/1521 2796/5758/1524 2745/5759/1525
f 2743/5756/1522 2745/5759/1525 2747/5760/1526 2746/5757/1523
f 2746/5757/1523 2747/5760/1526 2749/5761/1527 2748/5762/1528
f 2737/5751/1518 2746/5757/1523 2748/5762/1528 2750/5752/1519
f 2748/5762/1528 2749/5761/1527 2752/5763/1529 2751/5764/1530
f 2751/5764/1530 2754/5765/1531 2750/5752/1519 2748/5762/1528
f 2751/5764/1530 2752/5763/1529 3376/5766/1532 2753/5767/1533
f 2753/5767/1533 2755/5768/1534 2754/5765/1531 2751/5764/1530
f 2754/5769/1531 2756/5770/1535 2738/5771/1516 2750/5772/1519
f 2755/5773/1534 2758/5774/1536 2756/5770/1535 2754/5769/1531
f 2758/5774/1536 2760/5775/1537 2757/5776/1538 2756/5770/1535
f 2756/5770/1535 2757/5776/1538 2735/5777/1515 2738/5771/1516
f 2762/5778/1539 2760/5775/1537 2758/5774/1536 2759/5779/1540
f 2759/5779/1540 2758/5774/1536 2755/5773/1534 3377/5780/1541
f 2760/5775/1537 2761/5781/1542 3191/5782/1543 2757/5776/1538
f 2763/5783/1544 2761/5781/1542 2760/5775/1537 2762/5778/1539
f 2765/5784/1545 2763/5783/1544 2762/5778/1539 2764/5785/1546
f 2764/5785/1546 2762/5778/1539 2759/5779/1540 2767/5786/1547
f 3116/5787/1548 2765/5784/1545 2764/5785/1546 2766/5788/1549
f 2766/5788/1549 2764/5785/1546 2767/5786/1547 2769/5789/1550
f 2767/5786/1547 2759/5779/1540 3377/5780/1541 2768/5790/1551
f 2769/5789/1550 2767/5786/1547 2768/5790/1551 2771/5791/1552
f 3094/5792/1553 2766/5793/1549 2769/5794/1550 2770/5795/1554
f 2770/5795/1554 2769/5794/1550 2771/5796/1552 2772/5797/1555
f 2772/5797/1555 2771/5796/1552 2773/5798/149 2774/5799/149
f 2771/5791/1552 2768/5790/1551 2776/5800/31 2773/5801/149
f 2774/5799/149 2773/5798/149 2775/5802/1556 3366/5803/1557
f 2773/5801/149 2776/5800/31 2778/5804/1558 2775/5805/1556
f 2768/5790/1551 3377/5780/1541 2777/5806/1559 2776/5800/31
f 2776/5800/31 2777/5806/1559 2779/5807/1560 2778/5804/1558
f 2778/5808/1558 2779/5809/1560 2781/5810/1561 2780/5811/1562
f 2775/5812/1556 2778/5808/1558 2780/5811/1562 2783/5813/1563
f 2780/5811/1562 2781/5810/1561 3375/5814/1564 2782/5815/1562
f 2783/5813/1563 2780/5811/1562 2782/5815/1562 2785/5816/1563
f 3366/5803/1557 2775/5802/1556 2783/5817/1563 2784/5818/1565
f 2784/5818/1565 2783/5817/1563 2785/5819/1563 2786/5820/1565
f 2786/5820/1565 2785/5819/1563 2787/5821/1563 2788/5822/1565
f 2785/5816/1563 2782/5815/1562 2790/5823/1562 2787/5824/1563
f 2788/5822/1565 2787/5821/1563 2789/5825/1566 3341/5826/1567
f 2787/5824/1563 2790/5823/1562 2792/5827/16 2789/5828/1566
f 2782/5815/1562 3375/5814/1564 2791/5829/1568 2790/5823/1562
f 2790/5823/1562 2791/5829/1568 2794/5830/1569 2792/5827/16
f 3342/5831/1570 2789/5828/1566 2792/5827/16 2793/5832/1571
f 2793/5832/1571 2792/5827/16 2794/5830/1569 2795/5833/1572
f 2795/5833/1572 2794/5830/1569 2745/5834/1525 2796/5835/1524
f 2791/5829/1568 2747/5836/1526 2745/5834/1525 2794/5830/1569
f 2799/5837/1571 2793/5832/1571 2795/5833/1572 2797/5838/1573
f 2797/5838/1573 2795/5833/1572 2796/5835/1524 2798/5839/1574
f 2800/5840/1575 2797/5841/1573 2798/5842/1574 2802/5843/1576
f 2801/5844/1571 2799/5837/1571 2797/5838/1573 2800/5845/1575
f 2804/5846/1577 2801/5844/1571 2800/5845/1575 2803/5847/1578
f 2803/5848/1578 2800/5840/1575 2802/5843/1576 2806/5849/1579
f 2905/5850/57 2804/5851/1577 2803/5852/1578 2805/5853/1580
f 2805/5853/1580 2803/5852/1578 2806/5854/1579 2807/5855/1581
f 2809/5856/1582 2807/5857/1581 2806/5849/1579 2802/5843/1576
f 2904/5858/1583 2805/5853/1580 2807/5855/1581 2808/5859/1584
f 2807/5857/1581 2809/5856/1582 2811/5860/1585 2808/5861/1584
f 2810/5862/1586 2809/5856/1582 2802/5843/1576 2798/5842/1574
f 2809/5856/1582 2810/5862/1586 2812/5863/1587 2811/5860/1585
f 2811/5864/1585 2812/5865/1587 2814/5866/1588 2813/5867/1589
f 2808/5859/1584 2811/5864/1585 2813/5867/1589 2816/5868/1590
f 2813/5867/1589 2814/5866/1588 3373/5869/1591 2815/5870/1592
f 2816/5868/1590 2813/5867/1589 2815/5870/1592 2818/5871/1593
f 2817/5872/1594 2904/5858/1583 2808/5859/1584 2816/5868/1590
f 2819/5873/1595 2817/5872/1594 2816/5868/1590 2818/5871/1593
f 2821/5874/1596 2819/5873/1595 2818/5871/1593 2820/5875/1597
f 2818/5871/1593 2815/5870/1592 2823/5876/1598 2820/5875/1597
f 2893/5877/1599 2821/5874/1596 2820/5875/1597 2822/5878/1600
f 2820/5875/1597 2823/5876/1598 2825/5879/1601 2822/5878/1600
f 2823/5876/1598 2824/5880/1602 2826/5881/1603 2825/5879/1601
f 2815/5870/1592 3373/5869/1591 2824/5880/1602 2823/5876/1598
f 2825/5879/1601 2826/5881/1603 2828/5882/1604 2827/5883/1605
f 2822/5878/1600 2825/5879/1601 2827/5883/1605 2830/5884/1606
f 2827/5883/1605 2828/5882/1604 3372/5885/1607 2829/5886/1608
f 2830/5884/1606 2827/5883/1605 2829/5886/1608 2832/5887/1609
f 2831/5888/1610 2893/5877/1599 2822/5878/1600 2830/5884/1606
f 2833/5889/1611 2831/5888/1610 2830/5884/1606 2832/5887/1609
f 2835/5890/1612 2833/5889/1611 2832/5887/1609 2834/5891/1613
f 2832/5887/1609 2829/5886/1608 2837/5892/1614 2834/5891/1613
f 2876/5893/1615 2835/5890/1612 2834/5891/1613 2836/5894/1616
f 2834/5891/1613 2837/5892/1614 2839/5895/1617 2836/5894/1616
f 2829/5886/1608 3372/5885/1607 2838/5896/1618 2837/5892/1614
f 2837/5892/1614 2838/5896/1618 2840/5897/1619 2839/5895/1617
f 2839/5895/1617 2840/5897/1619 2842/5898/1620 2841/5899/1621
f 2836/5894/1616 2839/5895/1617 2841/5899/1621 2844/5900/1622
f 2841/5899/1621 2842/5898/1620 2854/5901/1497 2843/5902/1623
f 2844/5900/1622 2841/5899/1621 2843/5902/1623 2846/5903/1624
f 2845/5904/1625 2876/5893/1615 2836/5894/1616 2844/5900/1622
f 2847/5905/1626 2845/5904/1625 2844/5900/1622 2846/5903/1624
f 2850/5906/1627 2847/5907/1626 2846/5908/1624 2843/5909/1623
f 2848/5910/1628 2873/5911/1629 2845/5904/1625 2847/5905/1626
f 2860/5912/1630 2848/5910/1628 2847/5905/1626 2849/5913/1631
f 2849/5913/1631 2847/5905/1626 2850/5914/1627 2851/5915/1632
f 2851/5915/1632 2850/5914/1627 2852/5916/1633 2853/5917/1634
f 2852/5918/1633 2850/5906/1627 2843/5909/1623 2854/5919/1497
f 2853/5920/1634 2852/5921/1633 2854/5704/1497 2703/5703/1496
f 2702/5701/1495 2854/5704/1497 2842/5922/1620 3368/5923/1502
f 2851/5924/1632 2853/5925/1634 2703/5706/1496 2855/5705/1498
f 2849/5926/1631 2851/5924/1632 2855/5705/1498 2856/5927/1635
f 2856/5927/1635 2855/5705/1498 2698/5708/1491 2858/5928/1493
f 2860/5929/1630 2849/5926/1631 2856/5927/1635 2857/5930/1636
f 2857/5930/1636 2856/5927/1635 2858/5928/1493 2859/5931/1637
f 2859/5932/1637 2858/5695/1493 2699/5696/1481 2688/5933/1477
f 2861/5934/1638 2857/5930/1636 2859/5931/1637 2678/5935/1467
f 2678/5936/1467 2859/5932/1637 2688/5933/1477 2685/5937/1476
f 2862/5938/1639 2860/5929/1630 2857/5930/1636 2861/5934/1638
f 2863/5939/1640 2865/5940/1641 2862/5941/1639 2861/5942/1638
f 2676/5649/1466 2863/5939/1640 2861/5942/1638 2678/5650/1467
f 2863/5943/1640 2864/5944/1642 2866/5945/1643 2865/5946/1641
f 2673/5645/1417 2864/5947/1642 2863/5948/1640 2676/5646/1466
f 2865/5946/1641 2866/5945/1643 2868/5949/1644 2867/5950/1645
f 2865/5940/1641 2867/5951/1645 2870/5952/1646 2862/5941/1639
f 2867/5950/1645 2868/5949/1644 2982/5953/1647 2869/5954/1648
f 2867/5951/1645 2869/5955/1648 2871/5956/1649 2870/5952/1646
f 2870/5957/1646 2871/5958/1649 2873/5911/1629 2848/5910/1628
f 2862/5959/1639 2870/5957/1646 2848/5910/1628 2860/5912/1630
f 2869/5955/1648 2882/5960/1650 2872/5961/1651 2871/5956/1649
f 2871/5958/1649 2872/5962/1651 2874/5963/57 2873/5911/1629
f 2873/5911/1629 2874/5963/57 2876/5893/1615 2845/5904/1625
f 2872/5962/1651 2878/5964/1652 2875/5965/1653 2874/5963/57
f 2874/5963/57 2875/5965/1653 2835/5890/1612 2876/5893/1615
f 2875/5965/1653 2877/5966/1654 2833/5889/1611 2835/5890/1612
f 2878/5964/1652 2879/5967/1655 2877/5966/1654 2875/5965/1653
f 2880/5968/1656 2883/5969/1657 2879/5970/1655 2878/5971/1652
f 2882/5960/1650 2880/5968/1656 2878/5971/1652 2872/5961/1651
f 2880/5972/1656 2881/5973/1658 2884/5974/1659 2883/5975/1657
f 2882/5976/1650 2979/5977/57 2881/5973/1658 2880/5972/1656
f 2883/5975/1657 2884/5974/1659 2886/5978/1660 2885/5979/1661
f 2883/5969/1657 2885/5980/1661 2888/5981/1662 2879/5970/1655
f 2885/5979/1661 2886/5978/1660 3016/5982/1663 2887/5983/1664
f 2885/5980/1661 2887/5984/1664 2889/5985/1665 2888/5981/1662
f 2888/5986/1662 2889/5987/1665 2891/5988/1666 2890/5989/1667
f 2879/5967/1655 2888/5986/1662 2890/5989/1667 2877/5966/1654
f 2877/5966/1654 2890/5989/1667 2831/5888/1610 2833/5889/1611
f 2890/5989/1667 2891/5988/1666 2893/5877/1599 2831/5888/1610
f 2889/5987/1665 2895/5990/1668 2892/5991/1669 2891/5988/1666
f 2891/5988/1666 2892/5991/1669 2821/5874/1596 2893/5877/1599
f 2892/5991/1669 2894/5992/1670 2819/5873/1595 2821/5874/1596
f 2895/5990/1668 2897/5993/1671 2894/5992/1670 2892/5991/1669
f 2896/5994/1672 2898/5995/1673 2897/5996/1671 2895/5997/1668
f 2887/5984/1664 2896/5994/1672 2895/5997/1668 2889/5985/1665
f 2898/5995/1673 2901/5998/1674 2899/5999/1675 2897/5996/1671
f 2897/5993/1671 2899/6000/1675 2902/6001/1676 2894/5992/1670
f 2899/6000/1675 2900/6002/1677 2903/6003/1678 2902/6001/1676
f 2901/5998/1674 2911/6004/1679 2900/6005/1677 2899/5999/1675
f 2902/6001/1676 2903/6003/1678 2904/5858/1583 2817/5872/1594
f 2894/5992/1670 2902/6001/1676 2817/5872/1594 2819/5873/1595
f 2903/6003/1678 2905/5850/57 2805/5853/1580 2904/5858/1583
f 2900/6002/1677 2906/6006/148 2905/5850/57 2903/6003/1678
f 2906/6006/148 2907/6007/1680 2804/5851/1577 2905/5850/57
f 2908/6008/148 2910/6009/1681 2907/6010/1680 2906/6011/148
f 2911/6004/1679 2908/6008/148 2906/6011/148 2900/6005/1677
f 2911/6012/1679 2912/6013/1682 2909/6014/57 2908/6015/148
f 2908/6015/148 2909/6014/57 3348/6016/1683 2910/6017/1681
f 2915/6018/1684 2912/6013/1682 2911/6012/1679 2901/6019/1674
f 2909/6014/57 2912/6013/1682 2913/6020/1685 3356/6021/57
f 2913/6022/1685 2912/6023/1682 2914/6024/1686 2922/6025/1687
f 2912/6026/1682 2915/6027/1684 2917/6028/1688 2914/6029/1686
f 2916/6030/1689 2915/6018/1684 2901/6019/1674 2898/6031/1673
f 2915/6027/1684 2916/6032/1689 2918/6033/1690 2917/6028/1688
f 2917/6034/1688 2918/6035/1690 2920/6036/1691 2919/6037/1692
f 2914/6038/1686 2917/6034/1688 2919/6037/1692 2922/6039/1687
f 2919/6037/1692 2920/6036/1691 3022/6040/1693 2921/6041/1694
f 2922/6039/1687 2919/6037/1692 2921/6041/1694 2923/6042/1695
f 2924/6043/1696 2913/6022/1685 2922/6025/1687 2923/6044/1695
f 2926/6045/1697 2924/6043/1696 2923/6044/1695 2925/6046/1698
f 2923/6042/1695 2921/6041/1694 2928/6047/1699 2925/6048/1698
f 3327/6049/1700 2926/6045/1697 2925/6046/1698 2927/6050/1701
f 2925/6048/1698 2928/6047/1699 2930/6051/1702 2927/6052/1701
f 2921/6041/1694 3022/6040/1693 2929/6053/1703 2928/6047/1699
f 2928/6047/1699 2929/6053/1703 2931/6054/1704 2930/6051/1702
f 2930/6051/1702 2931/6054/1704 2933/6055/1705 2932/6056/1706
f 2930/6051/1702 2932/6056/1706 2934/6057/1707 2927/6052/1701
f 2938/6058/1708 2935/6059/1709 2932/6060/1706 2933/6061/1705
f 2935/6062/1709 2937/6063/1710 2934/6064/1707 2932/6065/1706
f 2938/6058/1708 2941/6066/1711 2936/6067/1712 2935/6059/1709
f 2935/6059/1709 2936/6067/1712 3362/6068/1712 2937/6069/1710
f 2939/6070/1713 2943/6071/1714 2941/6072/1711 2938/6073/1708
f 3024/6074/1715 2939/6075/1713 2938/6076/1708 2940/6077/1716
f 2940/6078/1716 2938/6079/1708 2933/6080/1705 2931/6081/1704
f 2941/6066/1711 2942/6082/1717 3364/6083/1718 2936/6067/1712
f 2943/6071/1714 2944/6084/1719 2942/6085/1717 2941/6072/1711
f 2945/6086/1720 2946/6087/1721 2944/6088/1719 2943/6089/1714
f 2948/6090/1722 2945/6086/1720 2943/6089/1714 2939/6075/1713
f 2947/6091/1660 3276/6092/1723 2946/6087/1721 2945/6086/1720
f 2950/6093/1660 2947/6091/1660 2945/6086/1720 2948/6090/1722
f 2951/6094/1724 2950/6093/1660 2948/6090/1722 2949/6095/1725
f 2949/6095/1725 2948/6090/1722 2939/6075/1713 3024/6074/1715
f 2953/6096/1726 2952/6097/1659 2950/6093/1660 2951/6094/1724
f 2952/6097/1659 2955/6098/1659 2947/6091/1660 2950/6093/1660
f 3028/6099/1727 2954/6100/1658 2952/6097/1659 2953/6096/1726
f 2954/6100/1658 2957/6101/1658 2955/6098/1659 2952/6097/1659
f 2955/6098/1659 2956/6102/1728 3276/6092/1723 2947/6091/1660
f 2957/6101/1658 2958/6103/1729 2956/6102/1728 2955/6098/1659
f 2959/6104/57 2960/6105/1730 2958/6103/1729 2957/6101/1658
f 2961/6106/57 2959/6104/57 2957/6101/1658 2954/6100/1658
f 2962/6107/1731 2963/6108/1732 2960/6105/1730 2959/6104/57
f 2965/6109/1733 2962/6107/1731 2959/6104/57 2961/6106/57
f 2964/6110/1734 3029/6111/1735 2963/6108/1732 2962/6107/1731
f 2966/6112/1736 2964/6110/1734 2962/6107/1731 2965/6109/1733
f 2968/6113/1737 2966/6112/1736 2965/6109/1733 2967/6114/1738
f 2967/6114/1738 2965/6109/1733 2961/6106/57 2969/6115/57
f 2971/6116/1739 2968/6113/1737 2967/6114/1738 2970/6117/1740
f 2970/6117/1740 2967/6114/1738 2969/6115/57 2973/6118/57
f 2983/6119/1741 2971/6116/1739 2970/6117/1740 2972/6120/1742
f 2972/6120/1742 2970/6117/1740 2973/6118/57 2975/6121/57
f 2973/6118/57 2969/6115/57 3028/6099/1727 2974/6122/1743
f 2975/6121/57 2973/6118/57 2974/6122/1743 2976/6123/1744
f 2977/6124/57 2975/6121/57 2976/6123/1744 2978/6125/1658
f 2980/6126/1745 2972/6120/1742 2975/6121/57 2977/6124/57
f 2979/5977/57 2977/6124/57 2978/6125/1658 2881/5973/1658
f 2982/5953/1647 2980/6126/1745 2977/6124/57 2979/5977/57
f 2981/6127/1746 2983/6119/1741 2972/6120/1742 2980/6126/1745
f 2868/5949/1644 2981/6127/1746 2980/6126/1745 2982/5953/1647
f 2869/5954/1648 2982/5953/1647 2979/5977/57 2882/5976/1650
f 2984/6128/1747 2985/6129/1748 2983/6119/1741 2981/6127/1746
f 2866/5945/1643 2984/6128/1747 2981/6127/1746 2868/5949/1644
f 2986/6130/1749 2988/6131/1750 2985/6129/1748 2984/6128/1747
f 2864/5944/1642 2986/6130/1749 2984/6128/1747 2866/5945/1643
f 2990/6132/1751 2988/6133/1750 2986/6134/1749 2987/5647/1417
f 2987/5647/1417 2986/6134/1749 2864/5947/1642 2673/5645/1417
f 2991/6135/1752 2989/6136/1753 2988/6133/1750 2990/6132/1751
f 2988/6131/1750 2989/6137/1753 3007/6138/1754 2985/6129/1748
f 2993/6139/1755 2991/6135/1752 2990/6132/1751 2992/6140/1756
f 2992/6140/1756 2990/6132/1751 2987/5647/1417 2674/5644/1422
f 2992/6140/1756 2674/5644/1422 2671/5640/1426 2994/6141/1757
f 2993/6139/1755 2992/6140/1756 2994/6141/1757 2995/6142/1758
f 2995/6142/1758 2994/6141/1757 2996/6143/1448 2654/6144/1445
f 2994/6141/1757 2671/5640/1426 2664/5641/1460 2996/6143/1448
f 2998/6145/1759 2993/6139/1755 2995/6142/1758 2997/6146/1760
f 2997/6146/1760 2995/6142/1758 2654/6144/1445 2652/6147/1443
f 2998/6145/1759 2997/6146/1760 2999/6148/1426 3000/6149/1422
f 2999/6148/1426 2997/6146/1760 2652/6147/1443 2650/6150/1444
f 2634/5585/1422 3000/6149/1422 2999/6148/1426 2636/5590/1426
f 2636/5590/1426 2999/6148/1426 2650/6150/1444 3378/5592/1427
f 3001/6151/1417 3003/6152/1761 2998/6145/1759 3000/6149/1422
f 2634/5585/1422 2630/5575/1417 3001/6151/1417 3000/6149/1422
f 3001/6151/1417 3002/6153/1762 3004/6154/1763 3003/6152/1761
f 2630/5575/1417 2627/5574/1416 3002/6153/1762 3001/6151/1417
f 3003/6152/1761 3004/6154/1763 2989/6136/1753 2991/6135/1752
f 2998/6145/1759 3003/6152/1761 2991/6135/1752 2993/6139/1755
f 3004/6155/1763 3002/6156/1762 3006/6157/1764 3005/6158/1765
f 2989/6137/1753 3004/6155/1763 3005/6158/1765 3007/6138/1754
f 3005/6158/1765 3006/6157/1764 2966/6112/1736 2968/6113/1737
f 3007/6138/1754 3005/6158/1765 2968/6113/1737 2971/6116/1739
f 2985/6129/1748 3007/6138/1754 2971/6116/1739 2983/6119/1741
f 3006/6157/1764 3008/5579/1419 2964/6110/1734 2966/6112/1736
f 3002/6156/1762 2627/5576/1416 3008/5579/1419 3006/6157/1764
f 3008/5579/1419 2628/5578/1418 3029/6111/1735 2964/6110/1734
f 2978/6125/1658 2976/6123/1744 3010/6159/1766 3009/6160/1659
f 2881/5973/1658 2978/6125/1658 3009/6160/1659 2884/5974/1659
f 3009/6160/1659 3010/6159/1766 3012/6161/1767 3011/6162/1660
f 2884/5974/1659 3009/6160/1659 3011/6162/1660 2886/5978/1660
f 3011/6162/1660 3012/6161/1767 3014/6163/1768 3013/6164/1769
f 2886/5978/1660 3011/6162/1660 3013/6164/1769 3016/5982/1663
f 3013/6164/1769 3014/6163/1768 3018/6165/1770 3015/6166/1771
f 3016/5982/1663 3013/6164/1769 3015/6166/1771 3017/6167/1772
f 2887/5983/1664 3016/5982/1663 3017/6167/1772 2896/6168/1672
f 2896/6168/1672 3017/6167/1772 2916/6030/1689 2898/6031/1673
f 3017/6167/1772 3015/6166/1771 3019/6169/1773 2916/6030/1689
f 3015/6166/1771 3018/6165/1770 3020/6170/1774 3019/6169/1773
f 3019/6171/1773 3020/6172/1774 3022/6173/1693 2920/6174/1691
f 2916/6175/1689 3019/6171/1773 2920/6174/1691 2918/6176/1690
f 3020/6172/1774 3021/6177/1775 2929/6178/1703 3022/6173/1693
f 3018/6165/1770 3023/6179/1776 3021/6180/1775 3020/6170/1774
f 3023/6179/1776 3024/6074/1715 2940/6077/1716 3021/6180/1775
f 3021/6177/1775 2940/6078/1716 2931/6081/1704 2929/6178/1703
f 3025/6181/1777 2949/6095/1725 3024/6074/1715 3023/6179/1776
f 3014/6163/1768 3025/6181/1777 3023/6179/1776 3018/6165/1770
f 3026/6182/1778 2951/6094/1724 2949/6095/1725 3025/6181/1777
f 3012/6161/1767 3026/6182/1778 3025/6181/1777 3014/6163/1768
f 3027/6183/1779 2953/6096/1726 2951/6094/1724 3026/6182/1778
f 3010/6159/1766 3027/6183/1779 3026/6182/1778 3012/6161/1767
f 2974/6122/1743 3028/6099/1727 2953/6096/1726 3027/6183/1779
f 2976/6123/1744 2974/6122/1743 3027/6183/1779 3010/6159/1766
f 2969/6115/57 2961/6106/57 2954/6100/1658 3028/6099/1727
f 2963/6184/1732 3029/6185/1735 3030/6186/1430 3032/6187/1435
f 3029/6185/1735 2628/5582/1418 2631/5581/1420 3030/6186/1430
f 3030/6186/1430 2631/5581/1420 2633/5587/1423 3031/5597/1430
f 3032/6187/1435 3030/6186/1430 3031/5597/1430 3034/6188/1435
f 2960/6189/1730 2963/6184/1732 3032/6187/1435 3033/6190/1780
f 3033/6190/1780 3032/6187/1435 3034/6188/1435 3035/6191/1780
f 3037/6192/1780 3035/6191/1780 3034/6188/1435 3036/5606/1435
f 3036/5606/1435 3034/6188/1435 3031/5597/1430 2639/5596/1430
f 3038/6193/1781 3037/6192/1780 3036/5606/1435 2643/5605/1434
f 3039/6194/1782 3040/6195/1782 3035/6191/1780 3037/6192/1780
f 3042/6196/1783 3039/6194/1782 3037/6192/1780 3038/6193/1781
f 3041/6197/1 3277/6198/1 3040/6195/1782 3039/6194/1782
f 3044/6199/1784 3041/6197/1 3039/6194/1782 3042/6196/1783
f 3043/6200/1785 3045/6201/1786 3044/6202/1784 3042/6203/1783
f 3157/6204/31 3043/6200/1785 3042/6203/1783 3038/6205/1781
f 3045/6201/1786 3047/6206/1787 3046/6207/1788 3044/6202/1784
f 3046/6208/1788 3049/6209/1 3041/6197/1 3044/6199/1784
f 3047/6206/1787 3166/6210/1789 3048/6211/1790 3046/6207/1788
f 3048/6212/1790 3051/6213/1 3049/6209/1 3046/6208/1788
f 3051/6213/1 3052/6214/1 3050/6215/1 3049/6209/1
f 3049/6209/1 3050/6215/1 3277/6198/1 3041/6197/1
f 3053/6216/1 3054/6217/1 3052/6214/1 3051/6213/1
f 3056/6218/1791 3053/6216/1 3051/6213/1 3048/6212/1790
f 3055/6219/300 3270/6220/300 3054/6217/1 3053/6216/1
f 3058/6221/1792 3055/6219/300 3053/6216/1 3056/6218/1791
f 3057/6222/1793 3059/6223/1794 3058/6224/1792 3056/6225/1791
f 3166/6210/1789 3057/6226/1793 3056/6227/1791 3048/6211/1790
f 3059/6228/1794 3064/6229/1712 3061/6230/1718 3058/6231/1792
f 3060/6232/1795 3266/6233/1795 3055/6234/300 3058/6231/1792
f 3061/6230/1718 3062/6235/1795 3060/6232/1795 3058/6231/1792
f 3063/6236/1718 3230/6237/1795 3062/6235/1795 3061/6230/1718
f 3064/6229/1712 3065/6238/1712 3063/6236/1718 3061/6230/1718
f 3066/6239/1796 3067/6240/1797 3065/6238/1712 3064/6229/1712
f 3069/6241/1798 3066/6239/1796 3064/6229/1712 3059/6228/1794
f 3066/6242/1796 3068/6243/1799 3367/6244/1800 3067/6245/1797
f 3069/6241/1798 3072/6246/1801 3068/6247/1799 3066/6239/1796
f 3070/6248/1802 3073/6249/1803 3072/6250/1801 3069/6251/1798
f 3164/6252/1804 3070/6253/1802 3069/6254/1798 3071/6255/1805
f 3071/3876/1805 3069/6256/1798 3059/6223/1794 3057/6222/1793
f 3073/6257/1803 3074/6258/1806 3068/6259/1799 3072/6260/1801
f 3078/6261/1807 3074/6258/1806 3073/6257/1803 3075/6262/1808
f 3076/6263/1809 3075/6264/1808 3073/6249/1803 3070/6248/1802
f 3097/6265/1810 3077/6266/1811 3075/6264/1808 3076/6263/1809
f 3079/6267/1812 3078/6261/1807 3075/6262/1808 3077/6268/1811
f 3080/6269/1813 3081/6270/1814 3074/6258/1806 3078/6261/1807
f 3083/6271/1815 3080/6269/1813 3078/6261/1807 3079/6267/1812
f 3219/6272/1816 3081/6273/1814 3080/6274/1813 3082/6275/1817
f 3082/6275/1817 3080/6274/1813 3083/6276/1815 3084/6277/1818
f 3084/6277/1818 3083/6276/1815 3085/6278/1819 3086/6279/1820
f 3085/6280/1819 3083/6271/1815 3079/6267/1812 3088/6281/1821
f 3086/6279/1820 3085/6278/1819 3087/6282/1822 3192/6283/1823
f 3087/6284/1822 3085/6280/1819 3088/6281/1821 3090/6285/1824
f 3088/6281/1821 3079/6267/1812 3077/6268/1811 3089/6286/1825
f 3090/6285/1824 3088/6281/1821 3089/6286/1825 3092/6287/1826
f 3192/6288/1823 3087/6289/1822 3090/6290/1824 3091/6291/1827
f 3091/6291/1827 3090/6290/1824 3092/6292/1826 3093/6293/1828
f 3093/6294/1828 3092/6295/1826 3089/6296/1825 3096/6297/1829
f 3093/6298/1828 3094/6299/1553 2770/6300/1554 3091/6301/1827
f 3114/6302/1830 3094/6299/1553 3093/6298/1828 3095/6303/1831
f 3095/6303/1831 3093/6298/1828 3096/6304/1829 3098/6305/1832
f 3096/6297/1829 3089/6296/1825 3077/6266/1811 3097/6265/1810
f 3098/6305/1832 3096/6304/1829 3097/6306/1810 3100/6307/1833
f 3112/6308/1834 3095/6303/1831 3098/6305/1832 3099/6309/1835
f 3099/6309/1835 3098/6305/1832 3100/6307/1833 3102/6310/1836
f 3100/6307/1833 3097/6306/1810 3076/6311/1809 3101/6312/1837
f 3102/6310/1836 3100/6307/1833 3101/6312/1837 3103/6313/1838
f 3104/6314/1839 3102/6310/1836 3103/6313/1838 3105/6315/1840
f 3107/6316/1787 3099/6309/1835 3102/6310/1836 3104/6314/1839
f 3106/6317/1841 3104/6314/1839 3105/6315/1840 3162/6318/1842
f 3108/6319/1786 3107/6316/1787 3104/6314/1839 3106/6317/1841
f 3111/6320/1786 3109/6321/1787 3107/6316/1787 3108/6319/1786
f 3109/6321/1787 3112/6308/1834 3099/6309/1835 3107/6316/1787
f 3110/6322/1843 3113/6323/1844 3112/6308/1834 3109/6321/1787
f 3126/6324/1845 3110/6322/1843 3109/6321/1787 3111/6320/1786
f 3113/6323/1844 3114/6302/1830 3095/6303/1831 3112/6308/1834
f 3110/6325/1843 3117/6326/1846 3115/6327/1847 3113/6328/1844
f 3113/6328/1844 3115/6327/1847 3116/6329/1548 3114/6330/1830
f 3115/6331/1847 3118/6332/1848 2765/5784/1545 3116/5787/1548
f 3117/6333/1846 3120/6334/1849 3118/6332/1848 3115/6331/1847
f 3120/6334/1849 3121/6335/1850 3119/6336/1851 3118/6332/1848
f 3118/6332/1848 3119/6336/1851 2763/5783/1544 2765/5784/1545
f 3122/6337/1852 3123/6338/1853 3121/6335/1850 3120/6334/1849
f 3125/6339/1854 3122/6337/1852 3120/6334/1849 3117/6333/1846
f 3124/6340/1855 3182/6341/1856 3123/6338/1853 3122/6337/1852
f 3127/6342/1857 3124/6340/1855 3122/6337/1852 3125/6339/1854
f 3128/6343/1858 3127/6344/1857 3125/6345/1854 3126/6346/1845
f 3126/6346/1845 3125/6345/1854 3117/6326/1846 3110/6325/1843
f 3130/6347/1859 3129/6348/1860 3127/6344/1857 3128/6343/1858
f 3129/6349/1860 3132/6350/31 3124/6340/1855 3127/6342/1857
f 3142/6351/1861 3131/6352/1862 3129/6348/1860 3130/6347/1859
f 3131/6353/1862 3134/6354/1863 3132/6350/31 3129/6349/1860
f 3134/6354/1863 3135/6355/1864 3133/6356/1865 3132/6350/31
f 3132/6350/31 3133/6356/1865 3182/6341/1856 3124/6340/1855
f 3136/6357/1866 3137/6358/1867 3135/6355/1864 3134/6354/1863
f 3139/6359/1868 3136/6357/1866 3134/6354/1863 3131/6353/1862
f 3138/6360/1869 3167/6361/1870 3137/6358/1867 3136/6357/1866
f 3141/6362/1871 3138/6360/1869 3136/6357/1866 3139/6359/1868
f 2666/6363/1461 3141/6364/1871 3139/6365/1868 3140/6366/1462
f 3140/6366/1462 3139/6365/1868 3131/6352/1862 3142/6351/1861
f 3141/6367/1871 2680/5656/1469 3168/5659/1471 3138/6368/1869
f 2668/5655/1463 2680/5654/1469 3141/6364/1871 2666/6363/1461
f 3140/5634/1462 3142/6369/1861 3143/5629/1457 2662/5628/1456
f 3142/6369/1861 3130/6370/1859 3144/6371/31 3143/5629/1457
f 3143/5629/1457 3144/6371/31 3146/6372/31 2661/5626/1454
f 3144/6371/31 3145/6373/1785 3147/6374/1785 3146/6372/31
f 3130/6370/1859 3128/6375/1858 3145/6373/1785 3144/6371/31
f 3146/6372/31 3147/6374/1785 3149/6376/1872 3148/6377/31
f 2661/5626/1454 3146/6372/31 3148/6377/31 2659/5623/1451
f 3148/6377/31 3149/6376/1872 3151/6378/1873 3150/6379/31
f 2659/5623/1451 3148/6377/31 3150/6379/31 2657/5624/1452
f 3150/6379/31 3151/6378/1873 3153/6380/1874 3152/6381/31
f 2657/5624/1452 3150/6379/31 3152/6381/31 3155/5613/1441
f 3152/6381/31 3153/6380/1874 3156/6382/1785 3154/6383/31
f 3152/6381/31 3154/6383/31 2647/5610/1438 3155/5613/1441
f 3154/6383/31 3156/6382/1785 3043/6200/1785 3157/6204/31
f 2647/5610/1438 3154/6383/31 3157/6204/31 2645/5607/1436
f 2645/5607/1436 3157/6204/31 3038/6205/1781 2643/5608/1434
f 3156/6382/1785 3158/6384/1786 3045/6201/1786 3043/6200/1785
f 3153/6380/1874 3160/6385/1875 3158/6384/1786 3156/6382/1785
f 3158/6384/1786 3159/6386/1787 3047/6206/1787 3045/6201/1786
f 3160/6385/1875 3161/6387/1876 3159/6386/1787 3158/6384/1786
f 3162/6318/1842 3105/6315/1840 3161/6387/1876 3160/6385/1875
f 3151/6378/1873 3162/6318/1842 3160/6385/1875 3153/6380/1874
f 3149/6376/1872 3106/6317/1841 3162/6318/1842 3151/6378/1873
f 3105/6315/1840 3103/6313/1838 3163/6388/1877 3161/6387/1876
f 3161/6387/1876 3163/6388/1877 3165/6389/1878 3159/6386/1787
f 3103/6313/1838 3101/6312/1837 3164/6252/1804 3163/6388/1877
f 3163/6388/1877 3164/6252/1804 3071/6255/1805 3165/6389/1878
f 3165/6389/1878 3071/6255/1805 3057/6226/1793 3166/6210/1789
f 3159/6386/1787 3165/6389/1878 3166/6210/1789 3047/6206/1787
f 3101/6312/1837 3076/6311/1809 3070/6253/1802 3164/6252/1804
f 3147/6374/1785 3108/6319/1786 3106/6317/1841 3149/6376/1872
f 3145/6373/1785 3111/6320/1786 3108/6319/1786 3147/6374/1785
f 3128/6375/1858 3126/6324/1845 3111/6320/1786 3145/6373/1785
f 3138/6368/1869 3168/5659/1471 3169/6390/1879 3167/6391/1870
f 3168/5659/1471 2681/5658/1470 2691/6392/1482 3169/6390/1879
f 3169/6390/1879 2691/6392/1482 2693/5713/1484 3170/5712/1499
f 3167/6391/1870 3169/6390/1879 3170/5712/1499 3171/6393/1880
f 3171/6393/1880 3170/5712/1499 2707/5715/1500 3172/6394/1881
f 3171/6395/1880 3172/6396/1881 3174/6397/1882 3173/6398/1883
f 3167/6361/1870 3171/6395/1880 3173/6398/1883 3137/6358/1867
f 3174/6399/1882 2709/6400/1501 3175/6401/1884 3173/6402/1883
f 3173/6402/1883 3175/6401/1884 3176/6403/1885 3137/6404/1867
f 3179/6405/1886 3176/6406/1885 3175/6407/1884 3177/6408/1887
f 3177/6408/1887 3175/6407/1884 2709/6409/1501 2712/6410/1503
f 3180/6411/1888 3179/6405/1886 3177/6408/1887 3178/6412/1889
f 3178/6412/1889 3177/6408/1887 2712/6410/1503 2714/6413/1505
f 3137/6358/1867 3176/6406/1885 3179/6405/1886 3135/6355/1864
f 3135/6355/1864 3179/6405/1886 3180/6411/1888 3133/6356/1865
f 3133/6356/1865 3180/6411/1888 3181/6414/1890 3182/6341/1856
f 3181/6414/1890 3180/6411/1888 3178/6412/1889 3184/6415/1891
f 3182/6341/1856 3181/6414/1890 3183/6416/1892 3123/6338/1853
f 3183/6416/1892 3181/6414/1890 3184/6415/1891 3185/6417/1893
f 3184/6415/1891 3178/6412/1889 2714/6413/1505 2717/6418/1507
f 3185/6417/1893 3184/6415/1891 2717/6418/1507 2721/6419/1509
f 3188/6420/1894 3183/6416/1892 3185/6417/1893 3186/6421/1895
f 3186/6421/1895 3185/6417/1893 2721/6419/1509 2724/6422/1510
f 3189/6423/1896 3188/6420/1894 3186/6421/1895 3187/6424/1897
f 3187/6424/1897 3186/6421/1895 2724/6422/1510 3190/6425/1512
f 3123/6338/1853 3183/6416/1892 3188/6420/1894 3121/6335/1850
f 3121/6335/1850 3188/6420/1894 3189/6423/1896 3119/6336/1851
f 3119/6336/1851 3189/6423/1896 2761/5781/1542 2763/5783/1544
f 2761/5781/1542 3189/6423/1896 3187/6424/1897 3191/5782/1543
f 3191/5782/1543 3187/6424/1897 3190/6425/1512 2733/6426/1514
f 2757/5776/1538 3191/5782/1543 2733/6426/1514 2735/5777/1515
f 3172/6427/1881 2707/5716/1500 2709/5717/1501 3174/6428/1882
f 3114/6330/1830 3116/6329/1548 2766/5793/1549 3094/5792/1553
f 3091/6301/1827 2770/6300/1554 2772/6429/1555 3192/6430/1823
f 3193/6431/31 3195/6432/31 3086/6433/1820 3192/6430/1823
f 2772/6429/1555 2774/6434/149 3193/6431/31 3192/6430/1823
f 3194/6435/1898 3197/6436/1899 3195/6432/31 3193/6431/31
f 2774/6434/149 3366/6437/1557 3194/6435/1898 3193/6431/31
f 3195/6432/31 3196/6438/1900 3084/6439/1818 3086/6433/1820
f 3197/6436/1899 3198/6440/1901 3196/6438/1900 3195/6432/31
f 3197/6441/1899 3199/6442/1902 3201/6443/1903 3198/6444/1901
f 3194/6445/1898 3202/6446/1904 3199/6442/1902 3197/6441/1899
f 3202/6446/1904 3203/6447/1904 3200/6448/1905 3199/6442/1902
f 3199/6442/1902 3200/6448/1905 3211/6449/1906 3201/6443/1903
f 2784/6450/1565 2786/6451/1565 3203/6447/1904 3202/6446/1904
f 3366/6452/1557 2784/6450/1565 3202/6446/1904 3194/6445/1898
f 2786/6451/1565 2788/6453/1565 3204/6454/1904 3203/6447/1904
f 3203/6447/1904 3204/6454/1904 3206/6455/1907 3200/6448/1905
f 3204/6454/1904 3205/6456/1908 3207/6457/1909 3206/6455/1907
f 2788/6453/1565 3341/6458/1567 3205/6456/1908 3204/6454/1904
f 3206/6455/1907 3207/6457/1909 3209/6459/1910 3208/6460/1911
f 3200/6448/1905 3206/6455/1907 3208/6460/1911 3211/6449/1906
f 3208/6460/1911 3209/6459/1910 3350/6461/1912 3210/6462/1913
f 3211/6449/1906 3208/6460/1911 3210/6462/1913 3212/6463/1914
f 3201/6443/1903 3211/6449/1906 3212/6463/1914 3214/6464/1915
f 3212/6465/1914 3210/6466/1913 3353/6467/1916 3213/6468/1917
f 3214/6469/1915 3212/6465/1914 3213/6468/1917 3215/6470/1918
f 3216/6471/1919 3214/6469/1915 3215/6470/1918 3218/6472/1920
f 3198/6444/1901 3201/6443/1903 3214/6464/1915 3216/6473/1919
f 3217/6474/1921 3221/6475/1922 3219/6476/1816 3216/6471/1919
f 3217/6474/1921 3216/6471/1919 3218/6472/1920 3365/6477/1923
f 3216/6478/1919 3219/6479/1816 3082/6480/1817 3220/6481/1924
f 3198/6440/1901 3216/6478/1919 3220/6481/1924 3196/6438/1900
f 3196/6438/1900 3220/6481/1924 3082/6480/1817 3084/6439/1818
f 3067/6240/1797 3367/6482/1800 3081/6273/1814 3219/6272/1816
f 3223/6483/1925 3067/6240/1797 3219/6272/1816 3221/6484/1922
f 3221/6485/1922 3217/6486/1921 3365/6487/1923 3222/6488/1926
f 3223/6489/1925 3221/6485/1922 3222/6488/1926 3224/6490/1927
f 3223/6489/1925 3224/6490/1927 3226/6491/1928 3225/6492/1929
f 3067/6240/1797 3223/6483/1925 3225/6493/1929 3065/6238/1712
f 3225/6492/1929 3226/6491/1928 3228/6494/31 3227/6495/1930
f 3065/6238/1712 3225/6493/1929 3227/6496/1930 3063/6236/1718
f 3228/6494/31 3231/6497/1931 3229/6498/1932 3227/6495/1930
f 3227/6496/1930 3229/6499/1932 3230/6237/1795 3063/6236/1718
f 3231/6500/1931 3232/6501/1933 3230/6502/1795 3229/6503/1932
f 3233/6504/1934 3235/6505/1935 3232/6501/1933 3231/6500/1931
f 3228/6494/31 3234/6506/1936 3233/6507/1934 3231/6497/1931
f 3234/6508/1936 3236/6509/1937 3235/6510/1935 3233/6511/1934
f 3236/6509/1937 3240/6512/1937 3237/6513/1935 3235/6510/1935
f 3235/6505/1935 3237/6514/1935 3239/6515/1933 3232/6501/1933
f 3240/6512/1937 3241/6516/1937 3238/6517/1935 3237/6513/1935
f 3237/6514/1935 3238/6518/1935 3267/6519/1933 3239/6515/1933
f 3242/6520/1938 3243/6521/1938 3241/6516/1937 3240/6512/1937
f 3245/6522/1938 3242/6520/1938 3240/6512/1937 3236/6509/1937
f 3244/6523/1939 3255/6524/1940 3243/6525/1938 3242/6526/1938
f 3247/6527/1941 3244/6523/1939 3242/6526/1938 3245/6528/1938
f 3226/6529/1928 3247/6527/1941 3245/6528/1938 3246/6530/1942
f 3246/6531/1942 3245/6522/1938 3236/6509/1937 3234/6508/1936
f 3248/6532/1943 3250/6533/1944 3244/6534/1939 3247/6535/1941
f 3224/6536/1927 3248/6532/1943 3247/6535/1941 3226/6537/1928
f 3222/6538/1926 3249/6539/1945 3248/6532/1943 3224/6536/1927
f 3251/6540/1946 3250/6533/1944 3248/6532/1943 3249/6539/1945
f 3251/6540/1946 3254/6541/1947 3252/6542/1948 3250/6533/1944
f 3250/6533/1944 3252/6542/1948 3255/6543/1940 3244/6534/1939
f 3252/6542/1948 3253/6544/1949 3256/6545/1950 3255/6543/1940
f 3354/6546/1951 3253/6544/1949 3252/6542/1948 3254/6541/1947
f 3255/6524/1940 3256/6547/1950 3258/6548/1938 3243/6525/1938
f 3253/6544/1949 3355/6549/1952 3257/6550/1953 3256/6545/1950
f 3256/6547/1950 3257/6551/1953 3259/6552/1938 3258/6548/1938
f 3258/6553/1938 3259/6554/1938 3261/6555/1937 3260/6556/1937
f 3243/6521/1938 3258/6553/1938 3260/6556/1937 3241/6516/1937
f 3260/6556/1937 3261/6555/1937 3263/6557/1935 3262/6558/1935
f 3241/6516/1937 3260/6556/1937 3262/6558/1935 3238/6517/1935
f 3262/6559/1935 3263/6560/1935 3265/6561/1933 3264/6562/1933
f 3238/6518/1935 3262/6559/1935 3264/6562/1933 3267/6519/1933
f 3264/6562/1933 3265/6561/1933 3268/6563/1795 3266/6564/1795
f 3267/6519/1933 3264/6562/1933 3266/6564/1795 3060/6565/1795
f 3239/6515/1933 3267/6519/1933 3060/6565/1795 3062/6566/1795
f 3266/6233/1795 3268/6567/1795 3270/6568/300 3055/6234/300
f 3269/6569/1795 3271/6570/300 3270/6568/300 3268/6567/1795
f 3279/6571/1933 3269/6572/1795 3268/6563/1795 3265/6561/1933
f 3271/6573/300 3272/6574/1 3054/6217/1 3270/6220/300
f 3280/6575/1795 2942/6082/1717 3271/6570/300 3269/6569/1795
f 2942/6576/1717 2944/6577/1719 3272/6574/1 3271/6573/300
f 3272/6574/1 3273/6578/1 3052/6214/1 3054/6217/1
f 2944/6577/1719 2946/6579/1721 3273/6578/1 3272/6574/1
f 2946/6579/1721 3276/6580/1723 3274/6581/1 3273/6578/1
f 3273/6578/1 3274/6581/1 3050/6215/1 3052/6214/1
f 3276/6580/1723 2956/6582/1728 3275/6583/1 3274/6581/1
f 3274/6581/1 3275/6583/1 3277/6198/1 3050/6215/1
f 3275/6583/1 3278/6584/1782 3040/6195/1782 3277/6198/1
f 2956/6582/1728 2958/6585/1729 3278/6584/1782 3275/6583/1
f 3278/6584/1782 3033/6190/1780 3035/6191/1780 3040/6195/1782
f 2958/6585/1729 2960/6189/1730 3033/6190/1780 3278/6584/1782
f 3282/6586/1933 3280/6587/1795 3269/6572/1795 3279/6571/1933
f 3364/6083/1718 2942/6082/1717 3280/6575/1795 3281/6588/1795
f 3283/6589/1933 3281/6590/1795 3280/6587/1795 3282/6586/1933
f 3285/6591/1935 3283/6589/1933 3282/6586/1933 3284/6592/1935
f 3284/6592/1935 3282/6586/1933 3279/6571/1933 3286/6593/1935
f 3290/6594/1937 3285/6595/1935 3284/6596/1935 3287/6597/1937
f 3287/6597/1937 3284/6596/1935 3286/6598/1935 3289/6599/1937
f 3291/6600/1938 3290/6594/1937 3287/6597/1937 3288/6601/1938
f 3288/6601/1938 3287/6597/1937 3289/6599/1937 3361/6602/1938
f 3292/6603/1937 3295/6604/1935 3285/6595/1935 3290/6594/1937
f 3294/6605/1938 3292/6603/1937 3290/6594/1937 3291/6600/1938
f 3293/6606/1954 3296/6607/1955 3295/6604/1935 3292/6603/1937
f 3306/6608/1956 3293/6606/1954 3292/6603/1937 3294/6605/1938
f 3296/6609/1955 3299/6610/1957 3297/6611/1933 3295/6612/1935
f 3295/6612/1935 3297/6611/1933 3283/6589/1933 3285/6591/1935
f 3297/6611/1933 3298/6613/1795 3281/6590/1795 3283/6589/1933
f 3299/6610/1957 3300/6614/1958 3298/6613/1795 3297/6611/1933
f 3301/6615/57 3302/6616/1959 3300/6617/1958 3299/6618/1957
f 3301/6615/57 3299/6618/1957 3296/6619/1955 3293/6620/1954
f 3304/6621/1960 3302/6616/1959 3301/6615/57 3303/6622/1961
f 3303/6622/1961 3301/6615/57 3293/6620/1954 3306/6623/1956
f 3359/6624/1962 3304/6621/1960 3303/6622/1961 3305/6625/1963
f 3305/6626/1963 3303/6627/1961 3307/6628/1964 3308/6629/1965
f 3303/6630/1961 3306/6631/1956 3294/6632/1938 3307/6633/1964
f 3308/6629/1965 3307/6628/1964 3309/6634/1966 3311/6635/1967
f 3307/6633/1964 3294/6632/1938 3291/6636/1938 3309/6637/1966
f 3309/6637/1966 3291/6636/1938 3288/6638/1938 3310/6639/1968
f 3311/6635/1967 3309/6634/1966 3310/6640/1968 3313/6641/1969
f 3323/6642/1970 3308/6629/1965 3311/6635/1967 3312/6643/1971
f 3312/6643/1971 3311/6635/1967 3313/6641/1969 3315/6644/1972
f 3313/6641/1969 3310/6640/1968 3360/6645/1973 3314/6646/1974
f 3313/6641/1969 3314/6646/1974 3316/6647/1975 3315/6644/1972
f 3317/6648/1976 3315/6644/1972 3316/6647/1975 3318/6649/1977
f 3320/6650/1978 3312/6643/1971 3315/6644/1972 3317/6648/1976
f 3319/6651/1979 3317/6652/1976 3318/6653/1977 3349/6654/1980
f 3321/6655/1981 3320/6656/1978 3317/6652/1976 3319/6651/1979
f 3325/6657/1982 3322/6658/1983 3320/6656/1978 3321/6655/1981
f 3322/6659/1983 3323/6642/1970 3312/6643/1971 3320/6650/1978
f 3324/6660/1984 3358/6661/1985 3323/6642/1970 3322/6659/1983
f 3326/6662/1986 3324/6663/1984 3322/6658/1983 3325/6657/1982
f 3326/6662/1986 3325/6657/1982 3327/6664/1700 3357/6665/1987
f 3325/6666/1982 3328/6667/1988 2926/6668/1697 3327/6669/1700
f 3329/6670/1989 3330/6671/1990 3328/6667/1988 3325/6666/1982
f 3329/6672/1989 3325/6673/1982 3321/6674/1981 3332/6675/1991
f 3331/6676/1992 3356/6021/57 3330/6671/1990 3329/6670/1989
f 3331/6677/1992 3329/6672/1989 3332/6675/1991 3333/6678/1993
f 3333/6678/1993 3332/6675/1991 3334/6679/1994 3336/6680/1995
f 3332/6675/1991 3321/6674/1981 3319/6681/1979 3334/6679/1994
f 3334/6679/1994 3319/6681/1979 3349/6682/1980 3335/6683/1996
f 3336/6680/1995 3334/6679/1994 3335/6683/1996 3338/6684/1997
f 3346/6685/1998 3333/6678/1993 3336/6680/1995 3337/6686/1998
f 3337/6686/1998 3336/6680/1995 3338/6684/1997 3339/6687/1998
f 3338/6684/1997 3335/6683/1996 3209/6459/1910 3207/6457/1909
f 3339/6687/1998 3338/6684/1997 3207/6457/1909 3205/6456/1908
f 3343/6688/1999 3337/6686/1998 3339/6687/1998 3340/6689/1999
f 3340/6689/1999 3339/6687/1998 3205/6456/1908 3341/6458/1567
f 3340/6690/1999 3341/5826/1567 2789/5825/1566 3342/6691/1570
f 3343/6692/1999 3340/6690/1999 3342/6691/1570 3344/6693/1570
f 3345/6694/1999 3343/6692/1999 3344/6693/1570 3347/6695/1570
f 3345/6696/1999 3346/6685/1998 3337/6686/1998 3343/6688/1999
f 2910/6697/1681 3348/6698/1683 3346/6685/1998 3345/6696/1999
f 2910/6009/1681 3345/6694/1999 3347/6695/1570 2907/6010/1680
f 3347/6699/1570 3344/6700/1570 2799/5837/1571 2801/5844/1571
f 2907/6701/1680 3347/6699/1570 2801/5844/1571 2804/5846/1577
f 3348/6698/1683 3331/6677/1992 3333/6678/1993 3346/6685/1998
f 3348/6016/1683 2909/6014/57 3356/6021/57 3331/6676/1992
f 3344/6700/1570 3342/5831/1570 2793/5832/1571 2799/5837/1571
f 3335/6683/1996 3349/6682/1980 3350/6461/1912 3209/6459/1910
f 3349/6654/1980 3318/6653/1977 3351/6702/2000 3350/6703/1912
f 3210/6466/1913 3350/6703/1912 3351/6702/2000 3353/6467/1916
f 3318/6649/1977 3316/6647/1975 3352/6704/2001 3351/6705/2000
f 3353/6706/1916 3351/6705/2000 3352/6704/2001 3354/6546/1951
f 3213/6707/1917 3353/6706/1916 3354/6546/1951 3254/6541/1947
f 3354/6546/1951 3352/6704/2001 3355/6549/1952 3253/6544/1949
f 3316/6647/1975 3314/6646/1974 3355/6549/1952 3352/6704/2001
f 3314/6646/1974 3360/6645/1973 3257/6550/1953 3355/6549/1952
f 3356/6021/57 2913/6020/1685 2924/6708/1696 3330/6671/1990
f 3330/6671/1990 2924/6708/1696 2926/6668/1697 3328/6667/1988
f 3359/6709/1962 3357/6710/1987 3327/6049/1700 2937/6069/1710
f 2937/6069/1710 3327/6049/1700 2927/6050/1701 2934/6711/1707
f 3359/6624/1962 3305/6625/1963 3358/6712/1985 3357/6713/1987
f 3357/6713/1987 3358/6712/1985 3324/6714/1984 3326/6715/1986
f 2937/6069/1710 3362/6068/1712 3304/6716/1960 3359/6709/1962
f 3358/6661/1985 3305/6626/1963 3308/6629/1965 3323/6642/1970
f 3310/6639/1968 3288/6638/1938 3361/6717/1938 3360/6718/1973
f 3360/6718/1973 3361/6717/1938 3259/6552/1938 3257/6551/1953
f 3361/6602/1938 3289/6599/1937 3261/6555/1937 3259/6554/1938
f 3362/6068/1712 3363/6719/1718 3302/6720/1959 3304/6716/1960
f 2936/6067/1712 3364/6083/1718 3363/6719/1718 3362/6068/1712
f 3302/6720/1959 3363/6719/1718 3298/6721/1795 3300/6722/1958
f 3363/6719/1718 3364/6083/1718 3281/6588/1795 3298/6721/1795
f 3289/6599/1937 3286/6598/1935 3263/6557/1935 3261/6555/1937
f 3286/6593/1935 3279/6571/1933 3265/6561/1933 3263/6560/1935
f 3215/6723/1918 3213/6707/1917 3254/6541/1947 3251/6540/1946
f 3218/6724/1920 3215/6723/1918 3251/6540/1946 3249/6539/1945
f 3365/6725/1923 3218/6724/1920 3249/6539/1945 3222/6538/1926
f 3226/6491/1928 3246/6726/1942 3234/6506/1936 3228/6494/31
f 3232/6501/1933 3239/6515/1933 3062/6566/1795 3230/6502/1795
f 3367/6727/1800 3068/6259/1799 3074/6258/1806 3081/6270/1814
f 3368/5923/1502 2842/5922/1620 2840/6728/1619 3369/6729/1504
f 2705/5702/1495 2702/5701/1495 3368/5923/1502 2711/5720/1502
f 2711/5720/1502 3368/5923/1502 3369/6729/1504 2715/5721/1504
f 3369/6729/1504 2840/6728/1619 2838/6730/1618 3370/6731/1506
f 2715/5721/1504 3369/6729/1504 3370/6731/1506 2718/5726/1506
f 3370/6731/1506 2838/6730/1618 3372/6732/1607 3371/5736/1508
f 2718/5726/1506 3370/6731/1506 3371/5736/1508 2720/5729/1508
f 3371/5736/1508 3372/6732/1607 2828/6733/1604 2726/5737/1508
f 2726/5737/1508 2828/6733/1604 2826/6734/1603 2728/5738/1511
f 2728/5738/1511 2826/6734/1603 2824/6735/1602 2730/5739/1513
f 2730/5739/1513 2824/6735/1602 3373/6736/1591 3374/5742/1513
f 3374/5742/1513 3373/6736/1591 2814/6737/1588 2740/5753/1513
f 2740/5753/1513 2814/6737/1588 2812/5863/1587 2742/5754/1520
f 2742/5754/1520 2812/5863/1587 2810/5862/1586 2744/5755/1521
f 2744/5755/1521 2810/5862/1586 2798/5842/1574 2796/5758/1524
f 3375/5814/1564 2749/6738/1527 2747/5836/1526 2791/5829/1568
f 2781/6739/1561 2752/5763/1529 2749/5761/1527 3375/6740/1564
f 2779/6741/1560 3376/5766/1532 2752/5763/1529 2781/6739/1561
f 2777/5806/1559 2753/6742/1533 3376/6743/1532 2779/5807/1560
f 3377/5780/1541 2755/5773/1534 2753/6742/1533 2777/5806/1559
