# Blender 4.0.2
# www.blender.org
mtllib M249_stock.mtl
o M249_stock
v -0.023295 0.126664 0.048050
v -0.013863 0.126664 0.048050
v -0.023295 0.126664 0.023058
v -0.023295 0.139738 0.048050
v -0.023295 0.139738 0.023058
v -0.013863 0.139738 0.048050
v -0.013863 0.139738 0.023058
v -0.004432 0.139738 0.048050
v -0.013863 0.156693 0.048050
v -0.013863 0.141029 0.047291
v -0.013863 0.141029 0.024958
v -0.013863 0.156180 0.047291
v -0.013863 0.157810 0.046854
v -0.013863 0.159003 0.045661
v -0.013863 0.158517 0.047561
v -0.004432 0.158517 0.047561
v -0.013863 0.159852 0.046226
v -0.004432 0.159852 0.046226
v -0.013863 0.160341 0.044402
v -0.004432 0.160341 0.044402
v -0.013863 0.159552 0.029132
v -0.013863 0.159440 0.044031
v -0.013863 0.158651 0.030470
v -0.013863 0.156986 0.027894
v -0.013863 0.153715 0.025747
v -0.013863 0.157887 0.025994
v -0.013863 0.154029 0.023847
v -0.004432 0.157887 0.025994
v -0.004432 0.154029 0.023847
v -0.004432 0.156955 0.028346
v -0.004432 0.159552 0.029132
v -0.004432 0.158620 0.030753
v -0.004432 0.159409 0.043801
v -0.004432 0.158987 0.045373
v -0.004432 0.157837 0.046523
v -0.004432 0.156266 0.046944
v -0.004432 0.141657 0.046944
v -0.004432 0.156693 0.048050
v -0.004432 0.141657 0.025411
v -0.004432 0.153861 0.026199
v -0.004432 0.139738 0.023058
v -0.004432 0.139738 0.000893
v 0.004999 0.139738 0.023058
v 0.004999 0.139738 0.000893
v 0.014431 0.139738 0.023058
v 0.004999 0.139738 0.048050
v 0.004999 0.141233 0.025098
v 0.004999 0.154643 0.023847
v 0.014431 0.154643 0.023847
v 0.004999 0.157887 0.025994
v 0.004999 0.154360 0.025886
v 0.004999 0.157048 0.028033
v 0.004999 0.158713 0.030571
v 0.004999 0.159552 0.029131
v 0.004999 0.159501 0.044023
v 0.004999 0.159068 0.045640
v 0.004999 0.160341 0.044402
v 0.014431 0.160341 0.044402
v 0.004999 0.159852 0.046226
v 0.014431 0.159852 0.046226
v 0.004999 0.158517 0.047561
v 0.014431 0.158517 0.047561
v 0.004999 0.156693 0.048050
v 0.004999 0.157884 0.046824
v 0.004999 0.156267 0.047258
v 0.004999 0.148750 0.047258
v 0.004999 0.141233 0.047258
v 0.004999 0.148216 0.048050
v 0.014431 0.148216 0.048050
v 0.014431 0.156693 0.048050
v 0.014431 0.139738 0.048050
v 0.014431 0.148498 0.047499
v 0.014431 0.156239 0.047499
v 0.014431 0.140757 0.047499
v 0.014431 0.140757 0.024678
v 0.014431 0.154299 0.025467
v 0.014431 0.157116 0.027614
v 0.014431 0.158781 0.030291
v 0.014431 0.157887 0.025994
v 0.014431 0.159552 0.029131
v 0.014431 0.159570 0.044168
v 0.014431 0.159124 0.045833
v 0.014431 0.157904 0.047053
v 0.014431 0.126664 0.048050
v 0.023862 0.139738 0.048050
v 0.023862 0.139738 0.023058
v 0.023862 0.126664 0.048050
v 0.023862 0.126664 0.023058
v 0.014431 0.126664 0.023058
v 0.023862 0.126664 0.000893
v 0.023862 0.139738 0.000893
v 0.014431 0.126664 0.000893
v 0.014431 0.139738 0.000893
v 0.004999 0.126664 0.000893
v -0.004432 0.126664 0.000893
v 0.004999 0.126664 0.023058
v -0.004432 0.126664 0.023058
v 0.004999 0.126664 0.048050
v -0.004432 0.126664 0.048050
v -0.013863 0.126664 0.023058
v -0.013863 0.126664 0.000893
v -0.013863 0.139738 0.000893
v -0.023295 0.126664 0.000893
v -0.023295 0.139738 0.000893
v -0.016360 0.154327 0.040328
v -0.016360 0.154327 0.036879
v -0.016360 0.152602 0.037341
v -0.016360 0.151340 0.038604
v -0.016360 0.150878 0.040328
v -0.016360 0.151340 0.042053
v -0.016360 0.152602 0.043316
v -0.016360 0.154327 0.043778
v -0.016360 0.156052 0.043316
v -0.016360 0.157315 0.042053
v -0.016360 0.157777 0.040328
v -0.016360 0.157315 0.038604
v -0.016360 0.156052 0.037341
v 0.016927 0.156052 0.037341
v 0.016927 0.154327 0.040328
v 0.016927 0.157315 0.038604
v 0.016927 0.154327 0.036879
v 0.016927 0.152602 0.037341
v 0.016927 0.151340 0.038604
v 0.016927 0.150878 0.040328
v 0.016927 0.151340 0.042053
v 0.016927 0.152602 0.043316
v 0.016927 0.154327 0.043778
v 0.016927 0.156052 0.043316
v 0.016927 0.157315 0.042053
v 0.016927 0.157777 0.040328
v 0.039665 0.150184 0.062013
v 0.039665 0.150184 0.054622
v 0.041439 0.150660 0.062013
v 0.037892 0.150660 0.062013
v 0.037892 0.150660 0.054622
v 0.036593 0.151958 0.062013
v 0.036593 0.151958 0.054622
v 0.036118 0.153732 0.062013
v 0.036118 0.153732 0.054622
v 0.036593 0.155505 0.062013
v 0.036593 0.155505 0.054622
v 0.037892 0.156803 0.062013
v 0.037892 0.156803 0.054622
v 0.039665 0.157279 0.062013
v 0.039665 0.157279 0.054622
v 0.041439 0.156803 0.062013
v 0.041439 0.156803 0.054622
v 0.042737 0.155505 0.062013
v 0.042737 0.155505 0.054622
v 0.043212 0.153732 0.062013
v 0.043212 0.153732 0.054622
v 0.042737 0.151958 0.062013
v 0.042737 0.151958 0.054622
v 0.041439 0.150660 0.054622
v 0.039665 0.143174 0.058631
v 0.039665 0.143174 0.051239
v 0.044944 0.144589 0.058631
v 0.034387 0.144589 0.058631
v 0.034387 0.144589 0.051239
v 0.030523 0.148453 0.058631
v 0.030523 0.148453 0.051239
v 0.029108 0.153732 0.058631
v 0.029108 0.153732 0.051239
v 0.030523 0.159010 0.058631
v 0.030523 0.159010 0.051239
v 0.034387 0.162874 0.058631
v 0.034387 0.162874 0.051239
v 0.039665 0.164289 0.058631
v 0.039665 0.164289 0.051239
v 0.044944 0.162874 0.058631
v 0.044944 0.162874 0.051239
v 0.048808 0.159010 0.058631
v 0.048808 0.159010 0.051239
v 0.050223 0.153732 0.058631
v 0.050223 0.153732 0.051239
v 0.048808 0.148453 0.058631
v 0.048808 0.148453 0.051239
v 0.044944 0.144589 0.051239
v 0.046170 0.149976 0.049681
v 0.047177 0.153732 0.049681
v 0.043421 0.147227 0.049681
v 0.039665 0.153732 0.049681
v 0.039665 0.146220 0.049681
v 0.035910 0.160236 0.049681
v 0.033161 0.157487 0.049681
v 0.046170 0.157487 0.049681
v 0.043421 0.160236 0.049681
v 0.035910 0.147227 0.049681
v 0.032154 0.153732 0.049681
v 0.039665 0.161243 0.049681
v 0.033161 0.149976 0.049681
v 0.041780 0.205821 0.147232
v 0.041780 0.198541 0.162434
v 0.043895 0.202497 0.145694
v 0.037550 0.205821 0.147232
v 0.037550 0.198541 0.162434
v 0.035436 0.202497 0.145694
v 0.035436 0.195670 0.160159
v 0.037550 0.199172 0.144156
v 0.037550 0.192799 0.157884
v 0.041780 0.199172 0.144156
v 0.041780 0.192799 0.157884
v 0.043895 0.195670 0.160159
v 0.041780 0.191483 0.158949
v 0.037550 0.191483 0.158949
v 0.043895 0.192997 0.162284
v 0.041780 0.190302 0.159119
v 0.037550 0.190302 0.159119
v 0.043895 0.190271 0.162782
v 0.041780 0.185461 0.158090
v 0.037550 0.185461 0.158090
v 0.043895 0.184529 0.161633
v 0.041780 0.163721 0.150559
v 0.041780 0.160709 0.148894
v 0.037550 0.163721 0.150559
v 0.043895 0.162177 0.153881
v 0.043895 0.158442 0.151772
v 0.041780 0.160634 0.157203
v 0.041780 0.156176 0.154651
v 0.037550 0.160634 0.157203
v 0.041780 0.183597 0.165175
v 0.041780 0.190240 0.166445
v 0.037550 0.183597 0.165175
v 0.037550 0.190240 0.166445
v 0.035436 0.184529 0.161633
v 0.035436 0.190271 0.162782
v 0.035436 0.162177 0.153881
v 0.035436 0.158442 0.151772
v 0.037550 0.156176 0.154651
v 0.037550 0.160709 0.148894
v 0.035436 0.156273 0.149448
v 0.037550 0.153239 0.151500
v 0.037550 0.159308 0.147395
v 0.035436 0.154902 0.146526
v 0.037550 0.151393 0.147577
v 0.037550 0.158412 0.145474
v 0.035436 0.154138 0.141233
v 0.037550 0.150487 0.141532
v 0.035436 0.153915 0.084262
v 0.037550 0.157789 0.140934
v 0.041780 0.157789 0.140934
v 0.037550 0.157578 0.084262
v 0.041780 0.157578 0.084262
v 0.043895 0.153915 0.084262
v 0.043895 0.154138 0.141233
v 0.041780 0.150252 0.084262
v 0.037550 0.150252 0.084262
v 0.041780 0.150487 0.141532
v 0.041780 0.151393 0.147577
v 0.041780 0.153239 0.151500
v 0.043895 0.154902 0.146526
v 0.043895 0.156273 0.149448
v 0.041780 0.158412 0.145474
v 0.041780 0.159308 0.147395
v 0.035436 0.192997 0.162284
v 0.037550 0.194511 0.165620
v 0.041780 0.194511 0.165620
v 0.039973 0.193346 0.141111
v 0.035133 0.194570 0.141538
v 0.039973 0.190769 0.146532
v 0.044812 0.194570 0.141538
v 0.039973 0.193653 0.134352
v 0.034164 0.195123 0.134865
v 0.045781 0.195123 0.134865
v 0.039973 0.194521 0.129386
v 0.046191 0.196094 0.129935
v 0.033755 0.196094 0.129935
v 0.039973 0.198455 0.123399
v 0.045320 0.199808 0.123872
v 0.034625 0.199808 0.123872
v 0.039973 0.200211 0.119204
v 0.045183 0.201529 0.119665
v 0.034762 0.201529 0.119665
v 0.039973 0.200154 0.112346
v 0.033604 0.201765 0.112908
v 0.046341 0.201765 0.112908
v 0.039973 0.201591 0.107482
v 0.033481 0.203233 0.108056
v 0.046464 0.203233 0.108056
v 0.039973 0.204509 0.102221
v 0.033991 0.206022 0.102749
v 0.045954 0.206022 0.102749
v 0.039973 0.206900 0.096443
v 0.034167 0.208368 0.096956
v 0.045778 0.208368 0.096956
v 0.039973 0.207028 0.088511
v 0.032920 0.208812 0.089134
v 0.047025 0.208812 0.089134
v 0.039973 0.208791 0.082762
v 0.032804 0.210604 0.083395
v 0.047141 0.210604 0.083395
v 0.039973 0.212587 0.075775
v 0.033445 0.214239 0.076352
v 0.046500 0.214239 0.076352
v 0.039973 0.215896 0.068697
v 0.033840 0.217447 0.069239
v 0.046106 0.217447 0.069239
v 0.039973 0.216432 0.060403
v 0.032725 0.218265 0.061043
v 0.047220 0.218265 0.061043
v 0.039973 0.218700 0.052111
v 0.032429 0.220608 0.052777
v 0.047516 0.220608 0.052777
v 0.039973 0.221769 0.043186
v 0.047539 0.223683 0.043855
v 0.039973 0.236347 0.047341
v 0.032406 0.223683 0.043855
v 0.026868 0.228912 0.045681
v 0.024840 0.236055 0.048176
v 0.026906 0.225822 0.054598
v 0.024885 0.232944 0.057086
v 0.027420 0.223274 0.062793
v 0.025478 0.230116 0.065182
v 0.029350 0.221686 0.070719
v 0.027707 0.227476 0.072741
v 0.028666 0.218750 0.077927
v 0.026917 0.224913 0.080079
v 0.027557 0.215558 0.085125
v 0.025636 0.222326 0.087489
v 0.027757 0.213686 0.090836
v 0.025867 0.220344 0.093161
v 0.029917 0.212380 0.098357
v 0.028362 0.217861 0.100271
v 0.029613 0.210156 0.104193
v 0.028010 0.215803 0.106165
v 0.028729 0.207719 0.109623
v 0.028943 0.206166 0.114446
v 0.026989 0.213848 0.111763
v 0.028729 0.219976 0.113903
v 0.027236 0.212178 0.116545
v 0.028943 0.218190 0.118645
v 0.029552 0.210049 0.122640
v 0.030948 0.214968 0.124358
v 0.029277 0.208552 0.126926
v 0.030948 0.205130 0.120922
v 0.030710 0.203504 0.125162
v 0.029203 0.200391 0.131436
v 0.029912 0.199137 0.136267
v 0.027537 0.206261 0.133486
v 0.029203 0.212132 0.135536
v 0.028355 0.204621 0.138183
v 0.029912 0.210105 0.140098
v 0.030293 0.202484 0.144302
v 0.031590 0.207053 0.145898
v 0.029648 0.200516 0.149937
v 0.031590 0.197915 0.142706
v 0.031031 0.195642 0.148235
v 0.030151 0.193989 0.151427
v 0.034810 0.192075 0.146989
v 0.034302 0.190070 0.150059
v 0.039973 0.188635 0.149558
v 0.034454 0.187487 0.158250
v 0.030413 0.191301 0.159582
v 0.039973 0.196383 0.161771
v 0.039973 0.186091 0.157763
v 0.045492 0.187487 0.158250
v 0.045643 0.190070 0.150059
v 0.049532 0.191301 0.159582
v 0.051011 0.196512 0.161402
v 0.049794 0.193989 0.151427
v 0.048914 0.195642 0.148235
v 0.051314 0.199342 0.153297
v 0.049794 0.204696 0.155167
v 0.050297 0.200516 0.149937
v 0.048914 0.205390 0.151639
v 0.049652 0.202484 0.144302
v 0.048355 0.197915 0.142706
v 0.048355 0.207053 0.145898
v 0.051590 0.204621 0.138183
v 0.050033 0.199137 0.136267
v 0.050033 0.210105 0.140098
v 0.052409 0.206261 0.133486
v 0.050743 0.212132 0.135536
v 0.050743 0.200391 0.131436
v 0.050668 0.208552 0.126926
v 0.049235 0.213601 0.128689
v 0.049235 0.203504 0.125162
v 0.050394 0.210049 0.122640
v 0.048997 0.214968 0.124358
v 0.048997 0.205130 0.120922
v 0.052709 0.212178 0.116545
v 0.051002 0.218190 0.118645
v 0.051002 0.206166 0.114446
v 0.052956 0.213848 0.111763
v 0.051216 0.219976 0.113903
v 0.051216 0.207719 0.109623
v 0.051935 0.215803 0.106165
v 0.050332 0.221450 0.108137
v 0.050332 0.210156 0.104193
v 0.051583 0.217861 0.100271
v 0.050028 0.223342 0.102185
v 0.050028 0.212380 0.098357
v 0.054078 0.220344 0.093161
v 0.052188 0.213686 0.090836
v 0.052188 0.227003 0.095487
v 0.054309 0.222326 0.087489
v 0.052388 0.215558 0.085125
v 0.052388 0.229093 0.089852
v 0.053028 0.224913 0.080079
v 0.051279 0.218750 0.077927
v 0.051279 0.231076 0.082232
v 0.052238 0.227476 0.072741
v 0.050595 0.221686 0.070719
v 0.050595 0.233266 0.074763
v 0.054467 0.230116 0.065182
v 0.052525 0.223274 0.062793
v 0.052525 0.236958 0.067572
v 0.055060 0.232944 0.057086
v 0.053039 0.225822 0.054598
v 0.053039 0.240065 0.059573
v 0.055105 0.236055 0.048176
v 0.053078 0.228912 0.045681
v 0.053078 0.243198 0.050670
v 0.047539 0.248427 0.052497
v 0.047516 0.245279 0.061394
v 0.039973 0.250341 0.053165
v 0.039973 0.247187 0.062060
v 0.032406 0.248427 0.052497
v 0.032429 0.245279 0.061394
v 0.026868 0.243198 0.050670
v 0.026906 0.240065 0.059573
v 0.027420 0.236958 0.067572
v 0.032725 0.241966 0.069321
v 0.029350 0.233266 0.074763
v 0.033840 0.237504 0.076244
v 0.028666 0.231076 0.082232
v 0.033445 0.235587 0.083807
v 0.027557 0.229093 0.089852
v 0.032804 0.234047 0.091582
v 0.027757 0.227003 0.095487
v 0.029917 0.223342 0.102185
v 0.032920 0.231877 0.097189
v 0.039973 0.233661 0.097812
v 0.034167 0.227354 0.103587
v 0.039973 0.228823 0.104100
v 0.033991 0.225583 0.109581
v 0.039973 0.227097 0.110109
v 0.033481 0.224463 0.115470
v 0.029613 0.221450 0.108137
v 0.039973 0.226105 0.116044
v 0.033605 0.222591 0.120182
v 0.039973 0.224202 0.120744
v 0.034762 0.218569 0.125616
v 0.039973 0.219887 0.126076
v 0.034625 0.217297 0.129980
v 0.039973 0.218650 0.130452
v 0.033755 0.216429 0.137037
v 0.030710 0.213601 0.128689
v 0.034164 0.214119 0.141500
v 0.039973 0.218002 0.137586
v 0.046191 0.216429 0.137037
v 0.039973 0.215589 0.142013
v 0.045781 0.214119 0.141500
v 0.039973 0.211622 0.147494
v 0.044812 0.210398 0.147066
v 0.039973 0.210263 0.153341
v 0.035133 0.210398 0.147066
v 0.034810 0.208957 0.152885
v 0.034302 0.208615 0.156536
v 0.031031 0.205390 0.151639
v 0.030151 0.204696 0.155167
v 0.030413 0.201722 0.163222
v 0.028631 0.199342 0.153297
v 0.028935 0.196512 0.161402
v 0.034454 0.205536 0.164554
v 0.039973 0.206933 0.165041
v 0.039973 0.210050 0.157036
v 0.045492 0.205536 0.164554
v 0.049532 0.201722 0.163222
v 0.045643 0.208615 0.156536
v 0.045135 0.208957 0.152885
v 0.045320 0.217297 0.129980
v 0.045183 0.218569 0.125616
v 0.046341 0.222591 0.120182
v 0.046464 0.224463 0.115470
v 0.045954 0.225583 0.109581
v 0.045778 0.227354 0.103587
v 0.047025 0.231877 0.097189
v 0.047141 0.234047 0.091582
v 0.039973 0.235860 0.092215
v 0.046500 0.235587 0.083807
v 0.039973 0.237239 0.084384
v 0.046106 0.237504 0.076244
v 0.039973 0.239056 0.076785
v 0.047220 0.241966 0.069321
v 0.039973 0.243800 0.069961
v 0.045135 0.192075 0.146989
v -0.004189 0.149854 0.047228
v -0.004189 0.162928 0.047228
v 0.004757 0.149854 0.047228
v -0.004189 0.149854 0.037897
v -0.004189 0.149854 0.033429
v -0.004189 0.162928 0.037897
v -0.004189 0.162928 0.033429
v 0.004757 0.162928 0.037897
v -0.022291 0.162928 0.037897
v -0.004189 0.167056 0.037897
v -0.004189 0.167056 0.047228
v -0.022291 0.167056 0.037897
v 0.004757 0.167056 0.037897
v 0.004757 0.167056 0.047228
v 0.004757 0.162928 0.047228
v -0.022291 0.167056 0.047228
v -0.027925 0.167056 0.037897
v -0.027925 0.167056 0.047228
v -0.027925 0.162928 0.037897
v -0.027925 0.162928 0.047228
v -0.027925 0.124713 0.047947
v -0.027925 0.124713 0.057278
v -0.022291 0.124713 0.047947
v -0.022291 0.124713 0.057278
v -0.022291 0.162928 0.047228
v 0.004757 0.162928 0.033429
v 0.004757 0.149854 0.037897
v 0.004757 0.149854 0.033429
v -0.026331 0.144378 -0.291899
v -0.026331 0.144378 -0.285062
v -0.026331 0.149213 -0.287065
v -0.026331 0.151216 -0.291899
v -0.026331 0.149213 -0.296734
v -0.026331 0.144378 -0.298737
v 0.026331 0.144378 -0.291899
v 0.026331 0.144378 -0.298737
v 0.026331 0.144378 -0.285062
v 0.026331 0.144754 -0.291899
v 0.026331 0.149213 -0.287065
v 0.026331 0.151216 -0.291899
v 0.026331 0.149213 -0.296734
v 0.005223 0.173278 -0.235723
v 0.005223 0.173278 -0.242531
v 0.005223 0.169874 -0.241619
v 0.005223 0.167382 -0.239127
v 0.005223 0.166470 -0.235723
v 0.005223 0.167382 -0.232318
v 0.005223 0.169874 -0.229826
v 0.005223 0.173278 -0.228914
v 0.005223 0.176682 -0.229826
v 0.005223 0.179175 -0.232318
v 0.005223 0.180087 -0.235723
v 0.005223 0.179175 -0.239127
v 0.005223 0.176682 -0.241619
v 0.005223 0.175372 -0.242737
v 0.005223 0.177107 -0.242823
v 0.005223 0.173001 -0.242706
v 0.005223 0.174007 -0.249036
v 0.005223 0.175713 -0.248707
v 0.005223 0.171697 -0.249569
v -0.000093 0.174007 -0.249036
v -0.000093 0.175713 -0.248707
v -0.000093 0.171697 -0.249569
v -0.005408 0.174007 -0.249036
v -0.005408 0.175372 -0.242737
v -0.005408 0.175713 -0.248707
v -0.005408 0.171697 -0.249569
v -0.005408 0.169402 -0.250162
v -0.005408 0.173001 -0.242706
v -0.005408 0.173278 -0.242531
v -0.005408 0.170631 -0.242737
v -0.016508 0.170631 -0.242737
v -0.005408 0.169874 -0.241619
v -0.005408 0.173278 -0.235723
v -0.005408 0.167382 -0.239127
v -0.016508 0.169874 -0.241619
v -0.016508 0.173278 -0.242531
v -0.016508 0.173278 -0.235723
v -0.016508 0.167382 -0.239127
v -0.016508 0.166470 -0.235723
v -0.005408 0.166470 -0.235723
v -0.016508 0.167382 -0.232318
v -0.005408 0.167382 -0.232318
v -0.016508 0.169874 -0.229826
v -0.005408 0.169874 -0.229826
v -0.016508 0.173278 -0.228914
v -0.005408 0.173278 -0.228914
v -0.016508 0.176682 -0.229826
v -0.005408 0.176682 -0.229826
v -0.016508 0.179175 -0.232318
v -0.005408 0.179175 -0.232318
v -0.016508 0.180087 -0.235723
v -0.005408 0.180087 -0.235723
v -0.016508 0.179175 -0.239127
v -0.005408 0.179175 -0.239127
v -0.016508 0.176682 -0.241619
v -0.016508 0.177107 -0.242823
v -0.016508 0.175372 -0.242737
v -0.005408 0.177107 -0.242823
v -0.016508 0.175713 -0.248707
v -0.016508 0.180659 -0.272684
v -0.016508 0.174007 -0.249036
v -0.016508 0.171697 -0.249569
v -0.016508 0.178953 -0.273012
v -0.016508 0.176643 -0.273545
v -0.003954 0.178953 -0.273012
v -0.003954 0.180659 -0.272684
v -0.003954 0.176643 -0.273545
v -0.003954 0.180189 -0.278456
v -0.003954 0.181895 -0.278127
v -0.003954 0.184245 -0.296311
v -0.003954 0.177879 -0.278988
v -0.003954 0.181935 -0.296843
v -0.003954 0.175584 -0.279582
v -0.003954 0.179640 -0.297437
v -0.000093 0.175584 -0.279582
v -0.003954 0.174348 -0.274139
v -0.016508 0.174348 -0.274139
v -0.000093 0.174348 -0.274139
v -0.000093 0.169402 -0.250162
v 0.003768 0.174348 -0.274139
v 0.016322 0.174348 -0.274139
v 0.003768 0.176643 -0.273545
v 0.005223 0.169402 -0.250162
v 0.003768 0.175584 -0.279582
v 0.003768 0.179640 -0.297437
v 0.003768 0.177879 -0.278988
v 0.003768 0.181935 -0.296843
v 0.003768 0.180189 -0.278456
v 0.003768 0.184245 -0.296311
v 0.003768 0.181895 -0.278127
v 0.003768 0.178953 -0.273012
v 0.016322 0.178953 -0.273012
v 0.003768 0.180659 -0.272684
v 0.016322 0.180659 -0.272684
v -0.000093 0.180659 -0.272684
v 0.003768 0.200412 -0.268940
v -0.000093 0.202800 -0.268488
v 0.003768 0.201648 -0.273948
v -0.000093 0.204037 -0.273469
v -0.003954 0.201648 -0.273948
v -0.000093 0.181895 -0.278127
v -0.000093 0.185951 -0.295982
v 0.003768 0.185951 -0.295982
v -0.000093 0.184245 -0.296311
v -0.003954 0.185951 -0.295982
v -0.000093 0.181935 -0.296843
v -0.000093 0.179640 -0.297437
v -0.003954 0.200412 -0.268940
v 0.016322 0.175713 -0.248707
v 0.016322 0.174007 -0.249036
v 0.016322 0.177107 -0.242823
v 0.016322 0.175372 -0.242737
v 0.016322 0.179175 -0.239127
v 0.016322 0.173278 -0.235723
v 0.016322 0.180087 -0.235723
v 0.016322 0.176682 -0.241619
v 0.016322 0.173278 -0.242531
v 0.016322 0.169874 -0.241619
v 0.016322 0.173001 -0.242706
v 0.016322 0.171697 -0.249569
v 0.016322 0.170631 -0.242737
v 0.005223 0.170631 -0.242737
v 0.016322 0.169402 -0.250162
v 0.016322 0.176643 -0.273545
v 0.016322 0.167382 -0.239127
v 0.016322 0.166470 -0.235723
v 0.016322 0.167382 -0.232318
v 0.016322 0.169874 -0.229826
v 0.016322 0.173278 -0.228914
v 0.016322 0.176682 -0.229826
v 0.016322 0.179175 -0.232318
v -0.016508 0.169402 -0.250162
v -0.016508 0.173001 -0.242706
v -0.005408 0.176682 -0.241619
v -0.025063 0.171934 -0.235729
v -0.025063 0.171934 -0.240612
v -0.025063 0.169493 -0.239958
v -0.025063 0.167705 -0.238170
v -0.025063 0.167051 -0.235729
v -0.025063 0.167705 -0.233288
v -0.025063 0.169493 -0.231500
v -0.025063 0.171934 -0.230846
v -0.025063 0.174375 -0.231500
v -0.025063 0.176163 -0.233288
v -0.025063 0.176817 -0.235729
v -0.025063 0.176163 -0.238171
v -0.025063 0.174375 -0.239958
v 0.025063 0.174375 -0.239958
v 0.025063 0.171934 -0.235729
v 0.025063 0.176163 -0.238171
v 0.025063 0.171934 -0.240612
v 0.025063 0.169493 -0.239958
v 0.025063 0.167705 -0.238170
v 0.025063 0.167051 -0.235729
v 0.025063 0.167705 -0.233288
v 0.025063 0.169493 -0.231500
v 0.025063 0.171934 -0.230846
v 0.025063 0.174375 -0.231500
v 0.025063 0.176163 -0.233288
v 0.025063 0.176817 -0.235729
v -0.032567 0.173278 -0.235723
v -0.032567 0.173278 -0.242371
v -0.032567 0.169954 -0.241480
v -0.032567 0.167521 -0.239047
v -0.032567 0.166630 -0.235723
v -0.032567 0.167521 -0.232399
v -0.032567 0.169954 -0.229965
v -0.032567 0.173278 -0.229075
v -0.032567 0.176602 -0.229965
v -0.032567 0.179036 -0.232399
v -0.032567 0.179926 -0.235723
v -0.032567 0.179036 -0.239047
v -0.032567 0.176602 -0.241480
v -0.021315 0.176602 -0.241480
v -0.021315 0.173278 -0.235723
v -0.021315 0.179036 -0.239047
v -0.021315 0.173278 -0.242371
v -0.021315 0.169954 -0.241480
v -0.021315 0.167521 -0.239047
v -0.021315 0.166630 -0.235723
v -0.021315 0.167521 -0.232399
v -0.021315 0.169954 -0.229965
v -0.021315 0.173278 -0.229075
v -0.021315 0.176602 -0.229965
v -0.021315 0.179036 -0.232399
v -0.021315 0.179926 -0.235723
v -0.025063 0.173851 -0.284342
v -0.025063 0.173851 -0.287491
v -0.025063 0.172276 -0.287069
v -0.025063 0.171124 -0.285917
v -0.025063 0.170702 -0.284342
v -0.025063 0.171124 -0.282768
v -0.025063 0.172276 -0.281615
v -0.025063 0.173851 -0.281194
v -0.025063 0.175425 -0.281615
v -0.025063 0.176578 -0.282768
v -0.025063 0.177000 -0.284342
v -0.025063 0.176578 -0.285917
v -0.025063 0.175425 -0.287069
v 0.025063 0.175425 -0.287069
v 0.025063 0.173851 -0.284342
v 0.025063 0.176578 -0.285917
v 0.025063 0.173851 -0.287491
v 0.025063 0.172276 -0.287069
v 0.025063 0.171124 -0.285917
v 0.025063 0.170702 -0.284342
v 0.025063 0.171124 -0.282768
v 0.025063 0.172276 -0.281615
v 0.025063 0.173851 -0.281194
v 0.025063 0.175425 -0.281615
v 0.025063 0.176578 -0.282768
v 0.025063 0.177000 -0.284342
v -0.020536 0.173917 -0.284592
v -0.020536 0.173917 -0.291241
v -0.020536 0.170593 -0.290350
v -0.020536 0.168159 -0.287916
v -0.020536 0.167269 -0.284592
v -0.020536 0.168159 -0.281268
v -0.020536 0.170593 -0.278835
v -0.020536 0.173917 -0.277944
v -0.020536 0.177241 -0.278835
v -0.020536 0.179674 -0.281268
v -0.020536 0.180565 -0.284592
v -0.020536 0.179674 -0.287916
v -0.020536 0.177241 -0.290350
v -0.012270 0.177241 -0.290350
v -0.012270 0.173917 -0.284592
v -0.012270 0.179674 -0.287916
v -0.012270 0.173917 -0.291241
v -0.012270 0.170593 -0.290350
v -0.012270 0.168159 -0.287916
v -0.012270 0.167269 -0.284592
v -0.012270 0.168159 -0.281268
v -0.012270 0.170593 -0.278835
v -0.012270 0.173917 -0.277944
v -0.012270 0.177241 -0.278835
v -0.012270 0.179674 -0.281268
v -0.012270 0.180565 -0.284592
v -0.032567 0.173917 -0.284592
v -0.032567 0.173917 -0.291241
v -0.032567 0.170593 -0.290350
v -0.032567 0.168159 -0.287916
v -0.032567 0.167269 -0.284592
v -0.032567 0.168159 -0.281268
v -0.032567 0.170593 -0.278835
v -0.032567 0.173917 -0.277944
v -0.032567 0.177241 -0.278835
v -0.032567 0.179674 -0.281268
v -0.032567 0.180565 -0.284592
v -0.032567 0.179674 -0.287916
v -0.032567 0.177241 -0.290350
v -0.021315 0.177241 -0.290350
v -0.021315 0.173917 -0.284592
v -0.021315 0.179674 -0.287916
v -0.021315 0.173917 -0.291241
v -0.021315 0.170593 -0.290350
v -0.021315 0.168159 -0.287916
v -0.021315 0.167269 -0.284592
v -0.021315 0.168159 -0.281268
v -0.021315 0.170593 -0.278835
v -0.021315 0.173917 -0.277944
v -0.021315 0.177241 -0.278835
v -0.021315 0.179674 -0.281268
v -0.021315 0.180565 -0.284592
v -0.022492 0.162714 -0.221564
v 0.022492 0.162714 -0.221564
v -0.022492 0.162714 -0.239241
v -0.022492 0.178882 -0.223219
v -0.020406 0.166689 -0.221564
v -0.020333 0.166589 -0.239241
v 0.020406 0.166689 -0.221564
v -0.020333 0.178882 -0.223219
v -0.020333 0.187958 -0.238387
v -0.020333 0.196276 -0.276960
v -0.022492 0.187958 -0.238387
v -0.022492 0.196276 -0.276960
v -0.022492 0.162714 -0.268890
v -0.022492 0.188593 -0.291147
v -0.022492 0.162714 -0.298540
v -0.020333 0.188593 -0.291147
v -0.020517 0.166906 -0.298540
v -0.020333 0.166589 -0.268890
v 0.020517 0.166906 -0.298540
v 0.020333 0.166589 -0.268890
v 0.020333 0.188593 -0.291147
v 0.022492 0.162714 -0.298540
v 0.022492 0.188593 -0.291147
v 0.022492 0.162714 -0.268890
v 0.022492 0.162714 -0.239241
v 0.022492 0.196276 -0.276960
v 0.022492 0.187958 -0.238387
v 0.020333 0.196276 -0.276960
v 0.020333 0.187958 -0.238387
v 0.020333 0.178882 -0.223219
v 0.020333 0.166589 -0.239241
v 0.022492 0.178882 -0.223219
v -0.019262 0.175335 -0.005213
v 0.019262 0.175335 -0.005213
v -0.019262 0.175335 -0.010487
v -0.014710 0.180719 -0.005213
v -0.014710 0.180719 -0.010487
v 0.014710 0.180719 -0.005213
v 0.014710 0.180719 -0.010487
v 0.019262 0.175335 -0.010487
v -0.019262 0.175335 -0.016289
v 0.019262 0.175335 -0.016289
v -0.019262 0.175335 -0.021563
v -0.014710 0.180719 -0.016289
v -0.014710 0.180719 -0.021563
v 0.014710 0.180719 -0.016289
v 0.014710 0.180719 -0.021563
v 0.019262 0.175335 -0.021563
v -0.019262 0.175335 -0.027365
v 0.019262 0.175335 -0.027365
v -0.019262 0.175335 -0.032639
v -0.014710 0.180719 -0.027365
v -0.014710 0.180719 -0.032639
v 0.014710 0.180719 -0.027365
v 0.014710 0.180719 -0.032639
v 0.019262 0.175335 -0.032639
v -0.019262 0.175335 -0.038441
v 0.019262 0.175335 -0.038441
v -0.019262 0.175335 -0.043715
v -0.014710 0.180719 -0.038441
v -0.014710 0.180719 -0.043715
v 0.014710 0.180719 -0.038441
v 0.014710 0.180719 -0.043715
v 0.019262 0.175335 -0.043715
v -0.019262 0.175335 -0.049516
v 0.019262 0.175335 -0.049516
v -0.019262 0.175335 -0.054791
v -0.014710 0.180719 -0.049516
v -0.014710 0.180719 -0.054791
v 0.014710 0.180719 -0.049516
v 0.014710 0.180719 -0.054791
v 0.019262 0.175335 -0.054791
v -0.019262 0.175335 -0.060592
v 0.019262 0.175335 -0.060592
v -0.019262 0.175335 -0.065866
v -0.014710 0.180719 -0.060592
v -0.014710 0.180719 -0.065866
v 0.014710 0.180719 -0.060592
v 0.014710 0.180719 -0.065866
v 0.019262 0.175335 -0.065866
v -0.019262 0.175335 -0.071668
v 0.019262 0.175335 -0.071668
v -0.019262 0.175335 -0.076942
v -0.014710 0.180719 -0.071668
v -0.014710 0.180719 -0.076942
v 0.014710 0.180719 -0.071668
v 0.014710 0.180719 -0.076942
v 0.019262 0.175335 -0.076942
v -0.019262 0.175335 -0.082744
v 0.019262 0.175335 -0.082744
v -0.019262 0.175335 -0.088018
v -0.014710 0.180719 -0.082744
v -0.014710 0.180719 -0.088018
v 0.014710 0.180719 -0.082744
v 0.014710 0.180719 -0.088018
v 0.019262 0.175335 -0.088018
v -0.019262 0.175335 -0.093820
v 0.019262 0.175335 -0.093820
v -0.019262 0.175335 -0.099094
v -0.014710 0.180719 -0.093820
v -0.014710 0.180719 -0.099094
v 0.014710 0.180719 -0.093820
v 0.014710 0.180719 -0.099094
v 0.019262 0.175335 -0.099094
v -0.019262 0.175335 -0.104895
v 0.019262 0.175335 -0.104895
v -0.019262 0.175335 -0.110170
v -0.014710 0.180719 -0.104895
v -0.014710 0.180719 -0.110170
v 0.014710 0.180719 -0.104895
v 0.014710 0.180719 -0.110170
v 0.019262 0.175335 -0.110170
v -0.019262 0.175335 -0.115971
v 0.019262 0.175335 -0.115971
v -0.019262 0.175335 -0.121245
v -0.014710 0.180719 -0.115971
v -0.014710 0.180719 -0.121245
v 0.014710 0.180719 -0.115971
v 0.014710 0.180719 -0.121245
v 0.019262 0.175335 -0.121245
v -0.019262 0.175335 -0.127047
v 0.019262 0.175335 -0.127047
v -0.019262 0.175335 -0.132321
v -0.014710 0.180719 -0.127047
v -0.014710 0.180719 -0.132321
v 0.014710 0.180719 -0.127047
v 0.014710 0.180719 -0.132321
v 0.019262 0.175335 -0.132321
v -0.019262 0.175335 -0.138123
v 0.019262 0.175335 -0.138123
v -0.019262 0.175335 -0.143397
v -0.014710 0.180719 -0.138123
v -0.014710 0.180719 -0.143397
v 0.014710 0.180719 -0.138123
v 0.014710 0.180719 -0.143397
v 0.019262 0.175335 -0.143397
v -0.019262 0.175335 -0.149199
v 0.019262 0.175335 -0.149199
v -0.019262 0.175335 -0.154473
v -0.014710 0.180719 -0.149199
v -0.014710 0.180719 -0.154473
v 0.014710 0.180719 -0.149199
v 0.014710 0.180719 -0.154473
v 0.019262 0.175335 -0.154473
v -0.019262 0.175335 -0.160275
v 0.019262 0.175335 -0.160275
v -0.019262 0.175335 -0.165549
v -0.014710 0.180719 -0.160275
v -0.014710 0.180719 -0.165549
v 0.014710 0.180719 -0.160275
v 0.014710 0.180719 -0.165549
v 0.019262 0.175335 -0.165549
v -0.019262 0.175335 -0.171350
v 0.019262 0.175335 -0.171350
v -0.019262 0.175335 -0.176625
v -0.014710 0.180719 -0.171350
v -0.014710 0.180719 -0.176625
v 0.014710 0.180719 -0.171350
v 0.014710 0.180719 -0.176625
v 0.019262 0.175335 -0.176625
v -0.019262 0.175335 -0.182426
v 0.019262 0.175335 -0.182426
v -0.019262 0.175335 -0.187700
v -0.014710 0.180719 -0.182426
v -0.014710 0.180719 -0.187700
v 0.014710 0.180719 -0.182426
v 0.014710 0.180719 -0.187700
v 0.019262 0.175335 -0.187700
v -0.019262 0.175335 -0.193502
v 0.019262 0.175335 -0.193502
v -0.019262 0.175335 -0.198776
v -0.014710 0.180719 -0.193502
v -0.014710 0.180719 -0.198776
v 0.014710 0.180719 -0.193502
v 0.014710 0.180719 -0.198776
v 0.019262 0.175335 -0.198776
v -0.019262 0.175335 -0.204578
v 0.019262 0.175335 -0.204578
v -0.019262 0.175335 -0.209852
v -0.014710 0.180719 -0.204578
v -0.014710 0.180719 -0.209852
v 0.014710 0.180719 -0.204578
v 0.014710 0.180719 -0.209852
v 0.019262 0.175335 -0.209852
v -0.019262 0.175335 -0.215654
v 0.019262 0.175335 -0.215654
v -0.019262 0.175335 -0.220928
v -0.014710 0.180719 -0.215654
v -0.014710 0.180719 -0.220928
v 0.014710 0.180719 -0.215654
v 0.014710 0.180719 -0.220928
v 0.019262 0.175335 -0.220928
v -0.040455 0.152201 0.011073
v 0.041022 0.152201 0.011073
v -0.040455 0.154167 0.011600
v -0.040455 0.152201 0.015005
v -0.040455 0.150235 0.011600
v -0.040455 0.148796 0.013039
v 0.041022 0.150235 0.011600
v 0.041022 0.152201 0.015005
v 0.041022 0.148796 0.013039
v 0.041022 0.148269 0.015005
v 0.041022 0.148796 0.016971
v -0.040455 0.148269 0.015005
v -0.040455 0.148796 0.016971
v -0.040455 0.150235 0.018410
v -0.040455 0.152201 0.018936
v 0.041022 0.150235 0.018410
v 0.041022 0.152201 0.018936
v 0.041022 0.154167 0.018410
v 0.041022 0.155606 0.016971
v -0.040455 0.154166 0.018410
v -0.040455 0.155606 0.016971
v -0.040455 0.156132 0.015005
v -0.040455 0.155606 0.013039
v 0.041022 0.156132 0.015005
v 0.041022 0.155606 0.013039
v 0.041022 0.154167 0.011600
v -0.014169 0.152201 0.015005
v -0.014169 0.154354 0.008117
v -0.014169 0.147312 0.009696
v -0.014169 0.145159 0.016584
v -0.014169 0.150048 0.021892
v -0.014169 0.157089 0.020313
v -0.014169 0.159242 0.013425
v 0.024562 0.159242 0.013425
v 0.024562 0.152201 0.015005
v 0.024562 0.157089 0.020313
v 0.024562 0.154354 0.008117
v 0.024562 0.147312 0.009696
v 0.024562 0.145159 0.016584
v 0.024562 0.150048 0.021892
v -0.024890 0.152201 0.015005
v -0.024890 0.152499 0.007795
v -0.024890 0.146106 0.011141
v -0.024890 0.145807 0.018351
v -0.024890 0.151902 0.022215
v -0.024890 0.158295 0.019489
v -0.024890 0.158594 0.009191
v -0.023821 0.173288 0.008762
v -0.016679 0.158594 0.009191
v -0.016679 0.152201 0.015005
v -0.016679 0.158295 0.019489
v -0.016679 0.152499 0.007795
v -0.017748 0.173288 0.008762
v -0.017748 0.176022 0.012567
v -0.023821 0.176022 0.012567
v -0.016679 0.146106 0.011141
v -0.016679 0.145807 0.018351
v -0.016679 0.151902 0.022215
v 0.024023 0.152890 -0.113646
v 0.024023 0.140361 -0.110548
v 0.024023 0.139922 -0.093904
v 0.021594 0.152890 -0.113646
v 0.024023 0.154043 -0.125448
v 0.024023 0.147708 -0.137878
v 0.021594 0.154043 -0.125448
v 0.024023 0.141297 -0.126889
v 0.024023 0.128552 -0.128330
v 0.024023 0.138730 -0.143143
v 0.024023 0.129753 -0.148407
v 0.024023 0.139495 -0.171089
v 0.024023 0.130953 -0.168485
v 0.024023 0.144342 -0.188418
v 0.024023 0.148036 -0.173693
v 0.024023 0.156781 -0.188274
v 0.021594 0.148036 -0.173693
v 0.021594 0.156781 -0.188274
v 0.021594 0.147708 -0.137878
v 0.021594 0.157281 -0.200205
v 0.024023 0.157281 -0.200205
v 0.021594 0.149943 -0.273838
v 0.024023 0.149943 -0.273838
v 0.021594 0.143258 -0.273815
v 0.021594 0.136574 -0.273793
v 0.024023 0.143258 -0.273815
v 0.024023 0.136574 -0.273793
v 0.024023 0.144926 -0.199849
v 0.024023 0.132571 -0.199493
v 0.024023 0.131904 -0.188562
v 0.021594 0.132571 -0.199493
v 0.021594 0.131904 -0.188562
v 0.021594 0.130953 -0.168485
v 0.021594 0.129753 -0.148407
v 0.021594 0.128552 -0.128330
v 0.021594 0.127831 -0.107450
v 0.024023 0.127831 -0.107450
v 0.021594 0.134460 -0.093616
v 0.024023 0.134460 -0.093616
v 0.021594 0.137191 -0.093760
v 0.021594 0.139922 -0.093904
v 0.024023 0.137191 -0.093760
v -0.017134 0.163181 -0.005062
v 0.017134 0.163181 -0.005062
v -0.017134 0.163181 -0.221407
v -0.017134 0.169022 -0.005062
v -0.020800 0.163181 -0.005062
v -0.020800 0.167548 -0.005062
v -0.020800 0.163181 -0.221407
v -0.020800 0.167548 -0.221407
v -0.017134 0.169022 -0.221407
v -0.017134 0.175668 -0.221407
v 0.017134 0.169022 -0.221407
v 0.017134 0.175668 -0.221407
v 0.017134 0.169022 -0.005062
v 0.017134 0.163181 -0.221407
v 0.020800 0.167548 -0.221407
v 0.020800 0.163181 -0.221407
v 0.020800 0.167548 -0.005062
v 0.020800 0.163181 -0.005062
v 0.017134 0.175668 -0.005062
v -0.017134 0.175668 -0.005062
v -0.024313 0.132806 0.002278
v 0.024313 0.132806 0.002278
v -0.024313 0.132806 -0.026693
v -0.033040 0.132806 0.002278
v -0.024313 0.142299 0.002278
v -0.033040 0.142299 0.002278
v 0.024313 0.142299 0.002278
v -0.024313 0.142299 0.018729
v -0.024313 0.152232 0.002278
v -0.024313 0.162646 0.002278
v 0.024313 0.152232 0.002278
v -0.024313 0.152232 0.023172
v -0.024313 0.162646 0.018729
v -0.033040 0.152232 0.023172
v -0.033040 0.142299 0.018729
v -0.033040 0.152232 0.002278
v -0.033040 0.162646 0.018729
v -0.033040 0.162646 0.002278
v -0.033040 0.162646 -0.026693
v -0.033040 0.152232 -0.026693
v -0.024313 0.162646 -0.026693
v -0.033040 0.162646 -0.039228
v -0.039437 0.162646 -0.026693
v -0.039437 0.152232 -0.026693
v -0.045835 0.162646 -0.026693
v -0.039437 0.162646 -0.039228
v -0.045835 0.162646 -0.039228
v -0.039437 0.162646 -0.070973
v -0.039437 0.166497 -0.039228
v -0.033040 0.166497 -0.039228
v -0.039437 0.166497 -0.070973
v -0.033040 0.166497 -0.070973
v -0.024313 0.166497 -0.070973
v -0.033040 0.162646 -0.070973
v -0.033040 0.162646 -0.082643
v -0.024313 0.162646 -0.070973
v -0.021687 0.162646 -0.082643
v 0.024313 0.162646 -0.070973
v 0.021687 0.162646 -0.082643
v 0.033040 0.162646 -0.070973
v 0.024313 0.166497 -0.070973
v 0.024313 0.166497 -0.039228
v 0.033040 0.166497 -0.070973
v 0.039437 0.166497 -0.070973
v 0.033040 0.166497 -0.039228
v 0.039437 0.166497 -0.039228
v 0.033040 0.162646 -0.039228
v 0.033040 0.162646 -0.026693
v 0.024313 0.162646 -0.039228
v 0.039437 0.162646 -0.039228
v 0.039437 0.162646 -0.026693
v 0.045835 0.162646 -0.039228
v 0.039437 0.162646 -0.070973
v 0.039437 0.162646 -0.082643
v 0.045835 0.162646 -0.070973
v 0.045835 0.162646 -0.082643
v 0.045835 0.152232 -0.070973
v 0.045835 0.152232 -0.082643
v 0.045835 0.142299 -0.070973
v 0.045835 0.152232 -0.039228
v 0.045835 0.152232 -0.026693
v 0.045835 0.142299 -0.039228
v 0.045835 0.132806 -0.039228
v 0.045835 0.142299 -0.026693
v 0.045835 0.132806 -0.026693
v 0.039437 0.142299 -0.026693
v 0.039437 0.132806 -0.026693
v 0.039437 0.152232 -0.026693
v 0.033040 0.142299 -0.026693
v 0.033040 0.132806 -0.026693
v 0.033040 0.142299 0.002278
v 0.033040 0.152232 -0.026693
v 0.033040 0.152232 0.002278
v 0.033040 0.162646 0.002278
v 0.033040 0.152232 0.023172
v 0.033040 0.142299 0.018729
v 0.024313 0.152232 0.023172
v 0.033040 0.162646 0.018729
v 0.024313 0.162646 0.018729
v 0.024313 0.162646 0.002278
v 0.024313 0.162646 -0.026693
v 0.024313 0.142299 0.018729
v 0.033040 0.132806 0.002278
v 0.024313 0.132806 -0.026693
v 0.033040 0.132806 -0.039228
v 0.024313 0.132806 -0.039228
v 0.033040 0.132806 -0.070973
v 0.039437 0.132806 -0.039228
v 0.039437 0.132806 -0.070973
v 0.039437 0.132806 -0.082643
v 0.045835 0.132806 -0.070973
v 0.045835 0.132806 -0.082643
v 0.045835 0.142299 -0.082643
v 0.039437 0.142299 -0.082643
v 0.039437 0.152232 -0.082643
v 0.033040 0.142299 -0.082643
v 0.021687 0.142299 -0.082643
v 0.033040 0.132806 -0.082643
v 0.033040 0.152232 -0.082643
v 0.033040 0.162646 -0.082643
v 0.021687 0.152232 -0.082643
v 0.021687 0.152232 -0.304191
v 0.021687 0.162646 -0.304191
v -0.021687 0.152232 -0.304191
v 0.021687 0.142299 -0.304191
v 0.021687 0.132806 -0.304191
v -0.021687 0.142299 -0.304191
v -0.021687 0.132806 -0.304191
v -0.021687 0.142299 -0.082643
v -0.021687 0.132806 -0.082643
v -0.033040 0.142299 -0.082643
v -0.021687 0.152232 -0.082643
v -0.033040 0.152232 -0.082643
v -0.039437 0.152232 -0.082643
v -0.039437 0.142299 -0.082643
v -0.045835 0.152232 -0.082643
v -0.039437 0.162646 -0.082643
v -0.045835 0.162646 -0.082643
v -0.045835 0.162646 -0.070973
v -0.045835 0.152232 -0.070973
v -0.045835 0.142299 -0.070973
v -0.045835 0.152232 -0.039228
v -0.045835 0.152232 -0.026693
v -0.045835 0.142299 -0.039228
v -0.045835 0.142299 -0.026693
v -0.045835 0.132806 -0.039228
v -0.045835 0.132806 -0.026693
v -0.039437 0.132806 -0.039228
v -0.045835 0.132806 -0.070973
v -0.045835 0.132806 -0.082643
v -0.039437 0.132806 -0.070973
v -0.039437 0.132806 -0.082643
v -0.033040 0.132806 -0.070973
v -0.024313 0.132806 -0.070973
v -0.033040 0.132806 -0.082643
v -0.033040 0.132806 -0.039228
v -0.033040 0.132806 -0.026693
v -0.024313 0.132806 -0.039228
v -0.033040 0.142299 -0.026693
v -0.039437 0.132806 -0.026693
v -0.039437 0.142299 -0.026693
v 0.024313 0.132806 -0.070973
v 0.021687 0.132806 -0.082643
v -0.045835 0.142299 -0.082643
v -0.021687 0.162646 -0.304191
v 0.045835 0.162646 -0.026693
v -0.024313 0.162646 -0.039228
v -0.024313 0.166497 -0.039228
v 0.022716 0.159071 0.070648
v 0.022716 0.159071 0.283652
v 0.013419 0.162280 0.070648
v 0.029381 0.150679 0.070648
v 0.019255 0.154182 0.070648
v 0.012455 0.156529 0.070648
v 0.019255 0.154182 0.283652
v 0.024174 0.147988 0.070648
v 0.024174 0.147988 0.283652
v 0.026473 0.140077 0.070648
v 0.026473 0.140077 0.283652
v 0.027259 0.126747 0.070648
v 0.032178 0.141052 0.070648
v 0.032178 0.141052 0.283652
v 0.033001 0.127067 0.070648
v 0.033001 0.127067 0.283652
v 0.027259 0.126747 0.283652
v 0.029381 0.150679 0.283652
v 0.012455 0.156529 0.283652
v 0.000000 0.156529 0.283652
v 0.013419 0.162280 0.283652
v 0.000000 0.162280 0.283652
v 0.000000 0.162280 0.070648
v -0.013419 0.162280 0.283652
v -0.013419 0.162280 0.070648
v -0.022716 0.159071 0.283652
v -0.012455 0.156529 0.283652
v -0.012455 0.156529 0.070648
v -0.019255 0.154182 0.283652
v -0.019255 0.154182 0.070648
v -0.024174 0.147988 0.283652
v -0.024174 0.147988 0.070648
v -0.026473 0.140077 0.283652
v -0.029381 0.150679 0.283652
v -0.029381 0.150679 0.070648
v -0.032178 0.141052 0.283652
v -0.032178 0.141052 0.070648
v -0.033001 0.127067 0.283652
v -0.033001 0.127067 0.070648
v -0.027259 0.126747 0.283652
v -0.027259 0.126747 0.070648
v -0.026473 0.140077 0.070648
v -0.022716 0.159071 0.070648
v 0.000000 0.156529 0.070648
v 0.000000 0.197929 0.381685
v 0.000000 0.197929 0.397097
v 0.005886 0.196351 0.381685
v -0.005886 0.196351 0.381685
v 0.000000 0.195637 0.381685
v 0.004741 0.194367 0.381685
v 0.000000 0.195637 0.397097
v -0.004741 0.194367 0.381685
v -0.008211 0.190897 0.381685
v -0.004741 0.194367 0.397097
v -0.008211 0.190897 0.397097
v -0.005886 0.196351 0.397097
v -0.010195 0.192042 0.397097
v -0.011773 0.186156 0.397097
v -0.010195 0.192042 0.381685
v -0.011773 0.186156 0.381685
v -0.010195 0.180270 0.381685
v -0.009481 0.186156 0.381685
v -0.008211 0.181415 0.381685
v -0.009481 0.186156 0.397097
v -0.008211 0.181415 0.397097
v -0.004741 0.177945 0.397097
v -0.010195 0.180270 0.397097
v -0.005886 0.175960 0.397097
v -0.005886 0.175960 0.381685
v 0.000000 0.174383 0.397097
v -0.006224 0.168800 0.397044
v -0.006224 0.168800 0.378342
v -0.000016 0.168800 0.397044
v -0.006553 0.164537 0.396874
v -0.000016 0.164537 0.396874
v -0.006553 0.164537 0.375799
v -0.007829 0.160170 0.396700
v -0.000016 0.160170 0.396700
v -0.007829 0.138924 0.395852
v -0.007829 0.160170 0.373195
v -0.007829 0.138924 0.370517
v -0.000016 0.160170 0.373195
v -0.000016 0.138924 0.370517
v 0.007798 0.160170 0.373195
v -0.000016 0.164537 0.375799
v -0.000016 0.168800 0.378342
v 0.006521 0.164537 0.375799
v 0.006193 0.168800 0.378342
v 0.006521 0.164537 0.396874
v 0.006193 0.168800 0.397044
v 0.007798 0.160170 0.396700
v 0.007798 0.138924 0.395852
v 0.007798 0.138924 0.370517
v -0.000016 0.138924 0.395852
v 0.005886 0.175960 0.397097
v 0.010195 0.180270 0.397097
v 0.005886 0.175960 0.381685
v 0.004741 0.177945 0.397097
v 0.004741 0.177945 0.381685
v 0.008211 0.181415 0.397097
v 0.000000 0.176675 0.397097
v 0.000000 0.176675 0.381685
v -0.004741 0.177945 0.381685
v 0.000000 0.174383 0.381685
v 0.008211 0.181415 0.381685
v 0.009481 0.186156 0.397097
v 0.009481 0.186156 0.381685
v 0.008211 0.190897 0.397097
v 0.011773 0.186156 0.397097
v 0.010195 0.192042 0.397097
v 0.011773 0.186156 0.381685
v 0.010195 0.192042 0.381685
v 0.010195 0.180270 0.381685
v 0.008211 0.190897 0.381685
v 0.005886 0.196351 0.397097
v 0.004741 0.194367 0.397097
v -0.022215 0.181056 -0.080871
v -0.022215 0.187232 -0.080871
v -0.019016 0.181056 -0.080871
v -0.022215 0.172965 -0.080871
v -0.022215 0.181056 -0.102602
v -0.022215 0.187232 -0.102602
v -0.022215 0.181056 -0.192753
v -0.022215 0.172965 -0.102602
v -0.022215 0.172965 -0.192753
v -0.019016 0.172965 -0.102602
v -0.019016 0.172965 -0.080871
v -0.019016 0.181056 -0.102602
v -0.019016 0.172965 -0.192753
v -0.019016 0.181056 -0.192753
v -0.019016 0.187232 -0.192753
v -0.009026 0.181056 -0.192753
v -0.009026 0.187232 -0.192753
v -0.005134 0.181056 -0.192753
v -0.009026 0.181056 -0.102602
v -0.009026 0.181056 -0.080871
v -0.005134 0.181056 -0.102602
v -0.005134 0.181056 -0.080871
v 0.005029 0.181056 -0.102602
v 0.009026 0.181056 -0.102602
v 0.005029 0.181056 -0.080871
v 0.005029 0.181056 -0.192753
v 0.005029 0.187232 -0.192753
v 0.009026 0.181056 -0.192753
v 0.009026 0.187232 -0.192753
v 0.019016 0.181056 -0.192753
v 0.019016 0.187232 -0.192753
v 0.022215 0.181056 -0.192753
v 0.019016 0.181056 -0.102602
v 0.019016 0.172965 -0.192753
v 0.019016 0.172965 -0.102602
v 0.022215 0.172965 -0.192753
v 0.022215 0.172965 -0.102602
v 0.022215 0.172965 -0.080871
v 0.022215 0.181056 -0.102602
v 0.022215 0.187232 -0.102602
v 0.022215 0.181056 -0.080871
v 0.022215 0.187232 -0.080871
v 0.019016 0.181056 -0.080871
v 0.009026 0.181056 -0.080871
v 0.019016 0.187232 -0.080871
v 0.019016 0.172965 -0.080871
v 0.019016 0.187232 -0.102602
v 0.009026 0.187232 -0.080871
v 0.009026 0.187232 -0.102602
v 0.005029 0.187232 -0.080871
v 0.009026 0.193495 -0.080871
v 0.005029 0.193495 -0.080871
v 0.009026 0.193495 -0.102602
v 0.009026 0.193495 -0.192753
v 0.005029 0.193495 -0.102602
v 0.008817 0.194733 -0.103094
v 0.005548 0.194733 -0.103094
v 0.008103 0.198637 -0.103784
v 0.008817 0.194733 -0.193245
v 0.008817 0.194514 -0.195710
v 0.008103 0.196316 -0.193904
v 0.008103 0.196026 -0.196674
v 0.012906 0.196316 -0.197288
v 0.012282 0.198637 -0.100494
v 0.010949 0.196026 -0.200263
v 0.012906 0.199051 -0.198528
v 0.008103 0.199051 -0.195059
v 0.010949 0.198740 -0.201501
v 0.012282 0.202066 -0.102590
v 0.007935 0.202283 -0.092454
v 0.008103 0.202066 -0.105735
v 0.004833 0.202066 -0.105735
v 0.008103 0.215826 -0.108789
v 0.004833 0.215826 -0.108789
v 0.008103 0.215826 -0.201427
v 0.008103 0.215607 -0.204203
v 0.004105 0.215607 -0.204203
v 0.008103 0.198740 -0.197827
v 0.004105 0.198740 -0.197827
v -0.006058 0.198740 -0.197827
v 0.005695 0.198740 -0.202370
v -0.007664 0.198740 -0.202370
v 0.005695 0.196026 -0.201132
v -0.007664 0.196026 -0.201132
v 0.004105 0.196026 -0.196674
v -0.006058 0.196026 -0.196674
v 0.004820 0.194514 -0.195710
v -0.005343 0.194514 -0.195710
v 0.005029 0.193276 -0.195530
v 0.005029 0.187232 -0.195530
v 0.009026 0.193276 -0.195530
v -0.005134 0.193276 -0.195530
v -0.009026 0.193276 -0.195530
v -0.005134 0.187232 -0.195530
v -0.009026 0.187232 -0.195530
v -0.005134 0.187232 -0.192753
v -0.009026 0.193495 -0.192753
v -0.009235 0.194514 -0.195710
v -0.009235 0.194733 -0.193245
v -0.009950 0.196026 -0.196674
v -0.009950 0.196316 -0.193904
v -0.012780 0.196026 -0.200263
v -0.013416 0.196316 -0.197288
v -0.012780 0.198740 -0.201501
v -0.013416 0.199051 -0.198528
v -0.009950 0.198740 -0.197827
v -0.009950 0.215607 -0.204203
v -0.009950 0.199051 -0.195059
v -0.009950 0.202066 -0.105735
v -0.009950 0.215826 -0.201427
v -0.009950 0.215826 -0.108789
v -0.006058 0.215826 -0.108789
v -0.006058 0.215826 -0.094787
v -0.006058 0.202066 -0.105735
v -0.006058 0.202533 -0.091742
v -0.009583 0.202283 -0.092454
v -0.007664 0.202533 -0.089242
v -0.012791 0.202066 -0.102590
v -0.009583 0.198854 -0.090359
v -0.007664 0.198997 -0.087142
v -0.006058 0.198637 -0.103784
v -0.012791 0.198637 -0.100494
v -0.009950 0.198637 -0.103784
v -0.009235 0.194733 -0.103094
v -0.005343 0.194733 -0.103094
v -0.009026 0.193495 -0.102602
v -0.009026 0.193495 -0.080871
v -0.009026 0.187232 -0.102602
v -0.005134 0.193495 -0.102602
v -0.005134 0.193495 -0.080871
v -0.005134 0.187232 -0.080871
v -0.005343 0.194733 -0.081363
v -0.005134 0.193495 -0.080043
v -0.005343 0.194733 -0.080535
v 0.005029 0.193495 -0.080043
v 0.004820 0.194733 -0.080535
v 0.005548 0.194733 -0.081363
v 0.004833 0.198997 -0.089786
v -0.006058 0.198997 -0.089786
v 0.004833 0.198637 -0.103784
v 0.005695 0.198997 -0.087142
v 0.007935 0.198854 -0.090359
v 0.005695 0.202533 -0.089242
v 0.004833 0.202533 -0.091742
v 0.004833 0.215826 -0.094787
v -0.009026 0.187232 -0.080871
v -0.019016 0.187232 -0.080871
v -0.019016 0.187232 -0.102602
v -0.006058 0.215607 -0.204203
v 0.009026 0.187232 -0.195530
v 0.022215 0.187232 -0.192753
v -0.022215 0.187232 -0.192753
v 0.000000 0.228224 -0.052875
v 0.011742 0.248561 -0.052875
v 0.000000 0.251707 -0.052875
v 0.020337 0.239966 -0.052875
v 0.023484 0.228224 -0.052875
v 0.020337 0.216482 -0.052875
v 0.011742 0.207886 -0.052875
v 0.000000 0.204740 -0.052875
v -0.011742 0.207886 -0.052875
v -0.020337 0.216482 -0.052875
v -0.023484 0.228224 -0.052875
v -0.020337 0.239965 -0.052875
v -0.011742 0.248561 -0.052875
v -0.011742 0.248561 -0.069435
v -0.020337 0.239965 -0.069435
v 0.000000 0.251707 -0.069435
v -0.012910 0.250585 -0.071674
v -0.022361 0.241134 -0.071674
v 0.000000 0.254044 -0.071674
v -0.012910 0.250585 -0.076431
v -0.022361 0.241134 -0.076431
v 0.000000 0.254044 -0.076431
v -0.011019 0.247310 -0.078949
v -0.019086 0.239243 -0.078949
v 0.000000 0.250262 -0.078949
v -0.011019 0.247310 -0.088649
v -0.019086 0.239243 -0.088649
v 0.000000 0.250262 -0.088649
v -0.009913 0.245393 -0.093499
v -0.017169 0.238136 -0.093499
v 0.000000 0.248049 -0.093499
v -0.009913 0.245393 -0.124932
v -0.017169 0.238136 -0.124932
v 0.000000 0.248049 -0.124932
v 0.009913 0.245393 -0.124932
v 0.009913 0.245393 -0.093499
v 0.017169 0.238136 -0.124932
v 0.019826 0.228224 -0.124932
v 0.017169 0.238136 -0.093499
v 0.019826 0.228224 -0.093499
v 0.019086 0.239243 -0.088649
v 0.022039 0.228224 -0.088649
v 0.019086 0.239243 -0.078949
v 0.011019 0.247310 -0.088649
v 0.011019 0.247310 -0.078949
v 0.012910 0.250585 -0.076431
v 0.012910 0.250585 -0.071674
v 0.022361 0.241134 -0.076431
v 0.022361 0.241134 -0.071674
v 0.025820 0.228224 -0.076431
v 0.022361 0.215313 -0.076431
v 0.025820 0.228224 -0.071674
v 0.022039 0.228224 -0.078949
v 0.019086 0.217204 -0.078949
v 0.011019 0.209138 -0.078949
v 0.019086 0.217204 -0.088649
v 0.011019 0.209138 -0.088649
v 0.017169 0.218311 -0.093499
v 0.009913 0.211054 -0.093499
v 0.017169 0.218311 -0.124932
v 0.009913 0.211054 -0.124932
v 0.000000 0.208398 -0.124932
v 0.000000 0.208398 -0.093499
v -0.009913 0.211054 -0.124932
v -0.009913 0.211054 -0.093499
v -0.017169 0.218311 -0.124932
v -0.017169 0.218311 -0.093499
v -0.019826 0.228224 -0.124932
v -0.019826 0.228224 -0.093499
v -0.022039 0.228224 -0.088649
v -0.022039 0.228224 -0.078949
v -0.019086 0.217204 -0.088649
v -0.019086 0.217204 -0.078949
v -0.011019 0.209138 -0.088649
v -0.011019 0.209138 -0.078949
v 0.000000 0.206185 -0.088649
v 0.000000 0.206185 -0.078949
v 0.000000 0.202403 -0.076431
v -0.012910 0.205863 -0.076431
v 0.000000 0.202403 -0.071674
v 0.012910 0.205863 -0.076431
v 0.012910 0.205863 -0.071674
v 0.011742 0.207886 -0.069435
v 0.022361 0.215313 -0.071674
v 0.020337 0.216482 -0.069435
v 0.023484 0.228224 -0.069435
v 0.020337 0.239966 -0.069435
v 0.011742 0.248561 -0.069435
v 0.000000 0.204740 -0.069435
v -0.011742 0.207886 -0.069435
v -0.020337 0.216482 -0.069435
v -0.012910 0.205863 -0.071674
v -0.022361 0.215313 -0.071674
v -0.025820 0.228224 -0.071674
v -0.022361 0.215313 -0.076431
v -0.025820 0.228224 -0.076431
v -0.023484 0.228224 -0.069435
v 0.024485 0.226415 -0.197408
v 0.024485 0.220878 -0.202944
v 0.024485 0.226415 -0.205237
v 0.024485 0.218585 -0.197408
v 0.024485 0.220878 -0.191871
v 0.024485 0.226415 -0.189578
v 0.024485 0.231951 -0.191871
v 0.024485 0.234244 -0.197408
v 0.024485 0.231951 -0.202944
v 0.017335 0.231951 -0.202944
v 0.017335 0.234244 -0.197408
v 0.017335 0.226415 -0.205237
v 0.014057 0.234530 -0.205887
v 0.008116 0.240472 -0.205887
v 0.014057 0.234530 -0.223291
v 0.016232 0.226415 -0.205887
v 0.014057 0.234530 -0.197408
v 0.008116 0.240472 -0.197408
v 0.014057 0.234530 -0.188928
v 0.008116 0.240472 -0.188928
v 0.014057 0.234530 -0.186526
v 0.016232 0.226415 -0.188928
v 0.017335 0.231951 -0.191871
v 0.017335 0.226415 -0.189578
v 0.017335 0.220878 -0.191871
v 0.017335 0.218585 -0.197408
v 0.014057 0.218299 -0.188928
v 0.008116 0.212357 -0.188928
v 0.014057 0.218299 -0.186526
v 0.014057 0.218299 -0.197408
v 0.008116 0.212357 -0.197408
v 0.014057 0.218299 -0.205887
v 0.014057 0.218299 -0.223291
v 0.008116 0.212357 -0.205887
v 0.017335 0.220878 -0.202944
v 0.008116 0.212357 -0.223291
v 0.000000 0.210183 -0.205887
v 0.000000 0.210183 -0.223291
v 0.000000 0.210183 -0.197408
v -0.008116 0.212357 -0.205887
v -0.008116 0.212357 -0.223291
v -0.014057 0.218299 -0.205887
v -0.008116 0.212357 -0.197408
v -0.008116 0.212357 -0.188928
v -0.014057 0.218299 -0.197408
v -0.014057 0.218299 -0.188928
v -0.017335 0.218585 -0.197408
v -0.017335 0.220878 -0.202944
v -0.024485 0.218585 -0.197408
v -0.017335 0.220878 -0.191871
v -0.024485 0.220878 -0.191871
v -0.017335 0.226415 -0.189578
v -0.024485 0.226415 -0.189578
v -0.017335 0.231951 -0.191871
v -0.016232 0.226415 -0.188928
v -0.016232 0.226415 -0.186526
v -0.014057 0.234530 -0.188928
v -0.014057 0.234530 -0.186526
v -0.008116 0.240472 -0.188928
v -0.014057 0.234530 -0.197408
v -0.008116 0.240472 -0.197408
v -0.014057 0.234530 -0.205887
v -0.017335 0.234244 -0.197408
v -0.024485 0.234244 -0.197408
v -0.017335 0.231951 -0.202944
v -0.024485 0.231951 -0.202944
v -0.017335 0.226415 -0.205237
v -0.024485 0.226415 -0.205237
v -0.016232 0.226415 -0.205887
v -0.016232 0.226415 -0.223291
v -0.020669 0.226415 -0.225615
v -0.014057 0.234530 -0.223291
v -0.014057 0.218299 -0.223291
v -0.017900 0.216080 -0.225615
v -0.010334 0.208515 -0.225615
v -0.017900 0.216080 -0.229857
v -0.016257 0.217029 -0.231776
v -0.020669 0.226415 -0.229857
v -0.010334 0.208515 -0.229857
v -0.009386 0.210158 -0.231776
v 0.000000 0.205746 -0.229857
v 0.010334 0.208515 -0.229857
v 0.000000 0.207643 -0.231776
v 0.000000 0.205746 -0.225615
v 0.010334 0.208515 -0.225615
v 0.017900 0.216080 -0.225615
v 0.017900 0.216080 -0.229857
v 0.020669 0.226415 -0.225615
v 0.017900 0.236749 -0.225615
v 0.020669 0.226415 -0.229857
v 0.016232 0.226415 -0.223291
v 0.018772 0.226415 -0.231776
v 0.017900 0.236749 -0.229857
v 0.010334 0.244314 -0.229857
v 0.016257 0.235800 -0.231776
v 0.009386 0.242671 -0.231776
v 0.016257 0.235800 -0.248846
v 0.009386 0.242671 -0.248846
v 0.017707 0.236638 -0.250159
v 0.018772 0.226415 -0.248846
v 0.020446 0.226415 -0.250159
v 0.016257 0.217029 -0.248846
v 0.017707 0.216191 -0.250159
v 0.009386 0.210158 -0.248846
v 0.016257 0.217029 -0.231776
v 0.009386 0.210158 -0.231776
v 0.010223 0.208707 -0.250159
v 0.000000 0.207643 -0.248846
v 0.000000 0.205968 -0.250159
v -0.009386 0.210158 -0.248846
v -0.010223 0.208707 -0.250159
v -0.016257 0.217029 -0.248846
v -0.017707 0.216191 -0.250159
v -0.018772 0.226415 -0.248846
v -0.020446 0.226415 -0.250159
v -0.016257 0.235800 -0.248846
v -0.018772 0.226415 -0.231776
v -0.016257 0.235800 -0.231776
v -0.009386 0.242671 -0.231776
v -0.017900 0.236749 -0.229857
v -0.010334 0.244314 -0.229857
v -0.017900 0.236749 -0.225615
v -0.010334 0.244314 -0.225615
v 0.000000 0.247083 -0.225615
v -0.008116 0.240472 -0.223291
v 0.000000 0.242646 -0.223291
v -0.008116 0.240472 -0.205887
v 0.000000 0.242646 -0.205887
v -0.005646 0.245166 -0.202944
v -0.005646 0.255227 -0.202944
v -0.007940 0.245166 -0.197408
v -0.000110 0.245166 -0.205237
v -0.000110 0.255227 -0.205237
v 0.005426 0.245166 -0.202944
v 0.005426 0.255227 -0.202944
v 0.007720 0.245166 -0.197408
v 0.007720 0.255227 -0.197408
v 0.005426 0.245166 -0.191871
v 0.005426 0.255227 -0.191871
v -0.000110 0.245166 -0.189578
v -0.000110 0.255227 -0.189578
v -0.005646 0.245166 -0.191871
v 0.000000 0.242646 -0.188928
v 0.000000 0.242646 -0.186526
v 0.008116 0.240472 -0.186526
v 0.000000 0.244933 -0.183092
v -0.008116 0.240472 -0.186526
v -0.009259 0.242452 -0.183092
v -0.016037 0.235674 -0.183092
v -0.009259 0.242452 -0.147336
v 0.000000 0.244933 -0.147336
v -0.016037 0.235674 -0.147336
v -0.012558 0.248166 -0.138044
v 0.000000 0.251531 -0.138044
v -0.021752 0.238973 -0.138044
v -0.012558 0.248166 -0.116530
v 0.000000 0.251531 -0.116530
v -0.021752 0.238973 -0.116530
v -0.011768 0.246797 -0.114813
v 0.000000 0.249950 -0.114813
v -0.020382 0.238182 -0.114813
v -0.010847 0.247225 -0.093147
v 0.000000 0.250151 -0.091725
v -0.018787 0.239230 -0.097029
v -0.011757 0.248681 -0.090593
v 0.000000 0.251832 -0.089011
v -0.020364 0.240070 -0.094915
v -0.011757 0.248519 -0.088678
v 0.000000 0.251645 -0.087047
v -0.020364 0.239977 -0.093133
v -0.010230 0.245906 -0.089059
v 0.000000 0.248628 -0.087643
v -0.017719 0.238468 -0.092926
v 0.000000 0.228308 -0.098209
v 0.010230 0.245906 -0.089059
v 0.017719 0.238468 -0.092926
v 0.020460 0.228308 -0.098209
v 0.017719 0.218148 -0.103491
v 0.010230 0.210711 -0.107359
v 0.000000 0.207988 -0.108774
v -0.020460 0.228308 -0.098209
v -0.017719 0.218148 -0.103491
v -0.010230 0.210711 -0.107359
v -0.011757 0.208098 -0.109760
v 0.000000 0.204971 -0.111390
v -0.011757 0.207936 -0.111043
v -0.020364 0.216640 -0.105305
v -0.020364 0.216546 -0.106721
v -0.023514 0.228308 -0.099219
v -0.023514 0.228308 -0.100818
v -0.021693 0.228308 -0.102333
v -0.023535 0.226415 -0.114813
v -0.018787 0.217387 -0.107637
v -0.020382 0.214647 -0.114813
v -0.010847 0.209392 -0.111519
v 0.000000 0.206465 -0.112941
v -0.011768 0.206032 -0.114813
v 0.000000 0.202879 -0.114813
v -0.012558 0.204663 -0.116530
v -0.012558 0.204663 -0.138044
v -0.021752 0.213856 -0.116530
v 0.000000 0.201298 -0.116530
v 0.012558 0.204663 -0.116530
v 0.000000 0.201298 -0.138044
v 0.012558 0.204663 -0.138044
v 0.000000 0.207896 -0.147336
v 0.009259 0.210377 -0.147336
v 0.000000 0.207896 -0.183092
v -0.009259 0.210377 -0.147336
v -0.009259 0.210377 -0.183092
v -0.016037 0.217155 -0.147336
v -0.016037 0.217155 -0.183092
v -0.018518 0.226415 -0.147336
v -0.021752 0.213856 -0.138044
v -0.025117 0.226415 -0.138044
v -0.025117 0.226415 -0.116530
v -0.018518 0.226415 -0.183092
v -0.014057 0.218299 -0.186526
v -0.008116 0.212357 -0.186526
v 0.000000 0.210183 -0.186526
v 0.008116 0.212357 -0.186526
v 0.000000 0.210183 -0.188928
v 0.009259 0.210377 -0.183092
v 0.016037 0.217155 -0.183092
v 0.018518 0.226415 -0.183092
v 0.016037 0.217155 -0.147336
v 0.018518 0.226415 -0.147336
v 0.021752 0.213856 -0.138044
v 0.025117 0.226415 -0.138044
v 0.021752 0.213856 -0.116530
v 0.025117 0.226415 -0.116530
v 0.020382 0.214647 -0.114813
v 0.023535 0.226415 -0.114813
v 0.011768 0.206032 -0.114813
v 0.018787 0.217387 -0.107637
v 0.021693 0.228308 -0.102333
v 0.010847 0.209392 -0.111519
v 0.020364 0.216546 -0.106721
v 0.011757 0.207936 -0.111043
v 0.023514 0.228308 -0.100818
v 0.020364 0.216640 -0.105305
v 0.023514 0.228308 -0.099219
v 0.011757 0.208098 -0.109760
v 0.020364 0.239977 -0.093133
v 0.020364 0.240070 -0.094915
v 0.011757 0.248519 -0.088678
v 0.011757 0.248681 -0.090593
v 0.010847 0.247225 -0.093147
v 0.011768 0.246797 -0.114813
v 0.018787 0.239230 -0.097029
v 0.020382 0.238182 -0.114813
v 0.021752 0.238973 -0.116530
v 0.021752 0.238973 -0.138044
v 0.012558 0.248166 -0.116530
v 0.012558 0.248166 -0.138044
v 0.009259 0.242452 -0.147336
v 0.009259 0.242452 -0.183092
v 0.016037 0.235674 -0.147336
v 0.016037 0.235674 -0.183092
v 0.000000 0.204785 -0.112624
v 0.016232 0.226415 -0.186526
v -0.005646 0.255227 -0.191871
v -0.000110 0.255227 -0.197408
v -0.007940 0.255227 -0.197408
v 0.008116 0.240472 -0.223291
v 0.010334 0.244314 -0.225615
v 0.000000 0.247083 -0.229857
v 0.000000 0.245186 -0.231776
v 0.000000 0.245186 -0.248846
v 0.000000 0.246861 -0.250159
v -0.009386 0.242671 -0.248846
v -0.010223 0.244122 -0.250159
v -0.017707 0.236638 -0.250159
v -0.010223 0.244122 -0.253391
v -0.009116 0.242205 -0.255209
v 0.000000 0.246861 -0.253391
v -0.017707 0.236638 -0.253391
v -0.015790 0.235531 -0.255209
v -0.020446 0.226415 -0.253391
v -0.017707 0.216191 -0.253391
v -0.018233 0.226415 -0.255209
v -0.015790 0.217298 -0.255209
v -0.018233 0.226415 -0.262885
v -0.015790 0.217298 -0.262885
v -0.020851 0.226415 -0.265208
v -0.015790 0.235531 -0.262885
v -0.018057 0.236840 -0.265208
v -0.009116 0.242205 -0.262885
v -0.010425 0.244472 -0.265208
v 0.000000 0.244647 -0.262885
v 0.000000 0.247265 -0.265208
v 0.009116 0.242205 -0.262885
v 0.000000 0.244647 -0.255209
v 0.009116 0.242205 -0.255209
v 0.015790 0.235531 -0.255209
v 0.010223 0.244122 -0.253391
v 0.017707 0.236638 -0.253391
v 0.010223 0.244122 -0.250159
v 0.020446 0.226415 -0.253391
v 0.018233 0.226415 -0.255209
v 0.017707 0.216191 -0.253391
v 0.015790 0.217298 -0.255209
v 0.010223 0.208707 -0.253391
v 0.009116 0.210624 -0.255209
v 0.000000 0.205968 -0.253391
v 0.000000 0.208182 -0.255209
v -0.010223 0.208707 -0.253391
v -0.009116 0.210624 -0.255209
v -0.009116 0.210625 -0.262885
v 0.000000 0.208182 -0.262885
v -0.010425 0.208357 -0.265208
v 0.000000 0.205564 -0.265208
v -0.010425 0.208357 -0.271130
v -0.018057 0.215989 -0.265208
v -0.018057 0.215989 -0.271130
v 0.000000 0.226415 -0.271130
v -0.020851 0.226415 -0.271130
v -0.018057 0.236840 -0.271130
v -0.010425 0.244472 -0.271130
v 0.000000 0.247265 -0.271130
v 0.010425 0.244472 -0.271130
v 0.010425 0.244472 -0.265208
v 0.018057 0.236840 -0.271130
v 0.018057 0.236840 -0.265208
v 0.020851 0.226415 -0.271130
v 0.020851 0.226415 -0.265208
v 0.018057 0.215989 -0.271130
v 0.018057 0.215989 -0.265208
v 0.010425 0.208357 -0.271130
v 0.010425 0.208357 -0.265208
v 0.000000 0.205564 -0.271130
v 0.009116 0.210625 -0.262885
v 0.015790 0.217298 -0.262885
v 0.018233 0.226415 -0.262885
v 0.015790 0.235531 -0.262885
v -0.024485 0.226415 -0.197408
v -0.024485 0.220878 -0.202944
v -0.024485 0.231951 -0.191871
vn -0.0000 -0.7071 0.7071
vn -0.3015 0.3015 0.9045
vn -0.5774 0.5774 0.5774
vn -0.5774 -0.5774 0.5774
vn -0.7071 -0.7071 -0.0000
vn -0.0000 -1.0000 -0.0000
vn -0.7071 0.7071 -0.0000
vn -0.2875 0.9104 -0.2975
vn -1.0000 -0.0000 -0.0000
vn 0.3015 0.3015 0.9045
vn 0.6789 0.0958 0.7280
vn -0.6789 0.0958 0.7280
vn -0.6532 0.3786 0.6557
vn -0.6532 0.6557 0.3786
vn 0.6532 0.6557 0.3786
vn 0.6532 0.3786 0.6557
vn 0.6736 0.7350 0.0775
vn -0.6736 0.7350 0.0775
vn 0.6615 0.7228 -0.1998
vn -0.6615 0.7228 -0.1998
vn -0.6485 0.5436 -0.5329
vn -0.6599 0.2087 -0.7218
vn 0.6599 0.2087 -0.7218
vn 0.6485 0.5436 -0.5329
vn 1.0000 -0.0000 -0.0000
vn 0.2875 0.9104 -0.2975
vn -0.0000 0.7071 -0.7071
vn -0.2881 0.9101 -0.2977
vn 0.2881 0.9101 -0.2977
vn -0.6525 0.2375 -0.7196
vn 0.6525 0.2375 -0.7196
vn -0.6556 0.5591 -0.5075
vn 0.6556 0.5591 -0.5075
vn -0.6615 0.7228 -0.1999
vn 0.6615 0.7228 -0.1999
vn -0.7071 -0.0000 0.7071
vn 0.7071 -0.0000 0.7071
vn 0.5774 -0.5774 0.5774
vn 0.5774 0.5774 0.5774
vn 0.7071 0.7071 -0.0000
vn 0.7071 -0.7071 -0.0000
vn 0.5774 -0.5774 -0.5774
vn -0.0000 -0.7071 -0.7071
vn 0.5774 0.5774 -0.5774
vn -0.5774 -0.5774 -0.5774
vn -0.5774 0.5774 -0.5774
vn -0.6532 0.3786 -0.6557
vn -0.6532 -0.0000 -0.7572
vn -0.6532 -0.3786 -0.6557
vn -0.6532 -0.6557 -0.3786
vn -0.6532 -0.7572 -0.0000
vn -0.6532 -0.6557 0.3786
vn -0.6532 -0.3786 0.6557
vn -0.6532 -0.0000 0.7572
vn -0.6532 0.7572 -0.0000
vn -0.6532 0.6557 -0.3786
vn 0.6532 0.6557 -0.3786
vn 0.6532 0.3786 -0.6557
vn 0.6532 -0.0000 -0.7572
vn 0.6532 -0.3786 -0.6557
vn 0.6532 -0.6557 -0.3786
vn 0.6532 -0.7572 -0.0000
vn 0.6532 -0.6557 0.3786
vn 0.6532 -0.3786 0.6557
vn 0.6532 -0.0000 0.7572
vn 0.6532 0.7572 -0.0000
vn -0.5000 -0.8660 -0.0000
vn 0.5000 -0.8660 -0.0000
vn -0.8660 -0.5000 -0.0000
vn -0.8660 0.5000 -0.0000
vn -0.5000 0.8660 -0.0000
vn -0.0000 1.0000 -0.0000
vn 0.5000 0.8660 -0.0000
vn 0.8660 0.5000 -0.0000
vn 0.8660 -0.5000 -0.0000
vn -0.3786 -0.6557 0.6532
vn -0.4368 -0.7565 -0.4868
vn -0.0000 -0.8735 -0.4868
vn -0.0000 -0.7572 0.6532
vn 0.4368 -0.7565 -0.4868
vn 0.3786 -0.6557 0.6532
vn 0.6557 -0.3786 0.6532
vn 0.7572 -0.0000 0.6532
vn 0.6557 0.3786 0.6532
vn 0.3786 0.6557 0.6532
vn -0.0000 0.7572 0.6532
vn -0.3786 0.6557 0.6532
vn -0.6557 0.3786 0.6532
vn -0.7572 -0.0000 0.6532
vn -0.6557 -0.3786 0.6532
vn -0.7565 -0.4368 -0.4868
vn -0.8735 -0.0000 -0.4868
vn -0.7565 0.4368 -0.4868
vn -0.4368 0.7565 -0.4868
vn -0.0000 0.8735 -0.4868
vn 0.4368 0.7565 -0.4868
vn 0.7565 0.4368 -0.4868
vn 0.8735 -0.0000 -0.4868
vn 0.7565 -0.4368 -0.4868
vn 0.1352 -0.2342 -0.9627
vn 0.2342 -0.1352 -0.9627
vn 0.2704 -0.0000 -0.9627
vn -0.0000 -0.0000 -1.0000
vn -0.0000 -0.2704 -0.9627
vn -0.1352 -0.2342 -0.9627
vn -0.1352 0.2342 -0.9627
vn -0.0000 0.2704 -0.9627
vn -0.2342 0.1352 -0.9627
vn -0.2704 -0.0000 -0.9627
vn 0.2342 0.1352 -0.9627
vn 0.1352 0.2342 -0.9627
vn -0.2342 -0.1352 -0.9627
vn -0.4957 0.7836 0.3744
vn -0.4722 0.6888 0.5501
vn 0.4722 0.6888 0.5501
vn 0.4957 0.7836 0.3744
vn 0.9974 0.0556 0.0460
vn 1.0000 0.0014 0.0026
vn -1.0000 0.0014 0.0026
vn -0.9974 0.0556 0.0460
vn -0.4976 -0.7863 -0.3661
vn -0.5351 -0.6650 -0.5210
vn 0.4977 -0.7863 -0.3661
vn 0.5351 -0.6650 -0.5210
vn 0.5419 -0.3389 -0.7691
vn -0.5419 -0.3389 -0.7691
vn 0.9969 0.0339 0.0703
vn 0.5258 0.0235 -0.8503
vn -0.5258 0.0235 -0.8503
vn 0.9982 0.0034 0.0597
vn 0.5078 0.2302 -0.8302
vn -0.5078 0.2302 -0.8302
vn 0.9998 -0.0045 0.0211
vn 0.5118 0.3502 -0.7845
vn -0.5118 0.3502 -0.7845
vn 0.9996 -0.0125 0.0257
vn 0.9988 -0.0310 0.0375
vn 0.5233 0.5244 -0.6716
vn -0.5233 0.5244 -0.6716
vn 0.4874 -0.3615 0.7949
vn 0.4807 -0.5443 0.6874
vn 0.4895 -0.2259 0.8422
vn -0.4874 -0.3615 0.7949
vn -0.4807 -0.5443 0.6874
vn -0.4895 -0.2259 0.8422
vn -0.4759 -0.0002 0.8795
vn 0.4759 -0.0002 0.8795
vn -0.9982 0.0034 0.0597
vn -0.9998 -0.0045 0.0211
vn -0.9996 -0.0125 0.0257
vn -0.9988 -0.0310 0.0375
vn -0.9988 -0.0410 0.0279
vn -0.4799 -0.7266 0.4918
vn -0.5231 0.7062 -0.4771
vn -0.9989 -0.0446 0.0145
vn -0.4813 -0.8390 0.2539
vn -0.5222 0.8179 -0.2417
vn -0.9998 -0.0220 0.0024
vn -0.4900 -0.8692 0.0664
vn -0.5090 0.8586 -0.0607
vn -1.0000 -0.0012 0.0001
vn -0.4992 -0.8665 0.0035
vn -0.5002 0.8659 -0.0032
vn 0.5222 0.8179 -0.2417
vn 0.5090 0.8586 -0.0607
vn 0.5002 0.8659 -0.0032
vn 0.9998 -0.0220 0.0024
vn 1.0000 -0.0012 0.0001
vn 0.4900 -0.8692 0.0664
vn 0.4992 -0.8665 0.0035
vn 0.4813 -0.8390 0.2539
vn 0.9989 -0.0446 0.0145
vn 0.4799 -0.7266 0.4918
vn 0.9988 -0.0410 0.0279
vn 0.5231 0.7062 -0.4771
vn -0.9969 0.0339 0.0703
vn -0.4704 0.3674 0.8023
vn 0.4704 0.3674 0.8023
vn -0.0000 -0.9710 -0.2391
vn -0.4978 -0.8451 -0.1951
vn -0.4875 -0.8705 -0.0682
vn -0.0000 -0.9938 -0.1113
vn -0.0000 -0.8619 -0.5070
vn -0.4905 -0.7379 -0.4637
vn 0.4905 -0.7379 -0.4637
vn 0.4978 -0.8451 -0.1951
vn 0.4875 -0.8705 -0.0682
vn -0.4996 -0.8038 -0.3229
vn -0.0000 -0.9302 -0.3670
vn 0.4996 -0.8038 -0.3229
vn -0.0000 -0.8817 -0.4718
vn 0.4940 -0.7568 -0.4281
vn -0.4940 -0.7568 -0.4281
vn -0.0000 -0.9822 -0.1880
vn 0.4946 -0.8570 -0.1443
vn -0.4946 -0.8570 -0.1443
vn -0.0000 -0.9896 -0.1436
vn 0.4908 -0.8655 -0.1002
vn -0.4908 -0.8655 -0.1002
vn -0.4991 -0.7964 -0.3415
vn -0.0000 -0.9227 -0.3855
vn 0.4991 -0.7964 -0.3415
vn -0.4967 -0.7746 -0.3915
vn -0.0000 -0.9003 -0.4354
vn 0.4967 -0.7746 -0.3915
vn -0.4954 -0.8548 -0.1549
vn -0.0000 -0.9801 -0.1986
vn 0.4954 -0.8548 -0.1549
vn -0.4923 -0.8625 -0.1167
vn -0.0000 -0.9871 -0.1602
vn 0.4923 -0.8625 -0.1167
vn -0.4991 -0.7961 -0.3423
vn -0.0000 -0.9223 -0.3864
vn 0.4991 -0.7961 -0.3423
vn -0.4956 -0.7670 -0.4075
vn -0.0000 -0.8924 -0.4512
vn 0.4956 -0.7670 -0.4075
vn -0.4981 -0.8434 -0.2016
vn -0.0000 -0.9694 -0.2456
vn 0.4981 -0.8434 -0.2016
vn -0.4930 -0.8611 -0.1242
vn -0.0000 -0.9858 -0.1677
vn 0.4930 -0.8611 -0.1242
vn -0.4997 -0.8291 -0.2507
vn -0.0000 -0.9555 -0.2949
vn 0.4997 -0.8291 -0.2507
vn -0.3873 -0.4249 -0.8182
vn -0.0000 -0.5229 -0.8524
vn 0.3873 -0.4249 -0.8182
vn -0.0000 0.3297 -0.9441
vn -0.8654 -0.4838 -0.1301
vn -0.6709 -0.1572 -0.7247
vn -0.7747 0.2085 -0.5970
vn -0.9993 -0.0121 0.0346
vn -0.8539 -0.5204 -0.0052
vn -0.9860 -0.0550 0.1574
vn -0.8627 -0.4991 -0.0814
vn -0.9961 -0.0289 0.0828
vn -0.8585 -0.4245 -0.2878
vn -0.9913 0.0435 -0.1244
vn -0.8644 -0.4512 -0.2218
vn -0.9982 0.0200 -0.0573
vn -0.8528 -0.5223 0.0022
vn -0.9847 -0.0575 0.1645
vn -0.8580 -0.5124 -0.0353
vn -0.9908 -0.0447 0.1280
vn -0.8604 -0.4313 -0.2716
vn -0.9935 0.0377 -0.1078
vn -0.8645 -0.4515 -0.2210
vn -0.9982 0.0197 -0.0564
vn -0.8501 -0.5263 0.0183
vn -0.9816 -0.0629 0.1801
vn -0.8645 0.4909 0.1081
vn -0.8604 0.5066 0.0560
vn -0.8501 0.4005 0.3419
vn -0.9892 -0.0482 0.1381
vn -0.8567 0.4187 0.3012
vn -0.8567 -0.5152 -0.0249
vn -0.9880 0.0510 -0.1460
vn -0.8556 0.5174 0.0168
vn -0.8556 -0.4154 -0.3089
vn -0.8653 -0.4585 -0.2023
vn -0.9992 0.0131 -0.0376
vn -0.8443 -0.5336 0.0494
vn -0.9749 -0.0734 0.2102
vn -0.8653 0.4848 0.1271
vn -0.8443 0.3868 0.3709
vn -0.9955 -0.0311 0.0891
vn -0.8622 0.4388 0.2532
vn -0.8622 -0.5011 -0.0750
vn -0.9809 0.0641 -0.1836
vn -0.8495 0.5271 -0.0219
vn -0.8495 -0.3989 -0.3453
vn -0.8600 -0.4298 -0.2753
vn -0.9930 0.0390 -0.1116
vn -0.4965 -0.7729 -0.3951
vn -0.0000 -0.8985 -0.4390
vn -0.6544 -0.5727 0.4938
vn -0.3778 -0.8338 0.4026
vn -0.0000 -0.9294 0.3692
vn -0.0000 -0.3297 0.9441
vn 0.3778 -0.8338 0.4026
vn 0.4965 -0.7729 -0.3951
vn 0.6544 -0.5727 0.4938
vn 0.8600 -0.4298 -0.2753
vn 0.7557 -0.2159 0.6183
vn 0.9930 0.0390 -0.1116
vn 0.8495 -0.3989 -0.3453
vn 0.9809 0.0641 -0.1836
vn 0.8600 0.5077 0.0521
vn 0.6544 0.1407 0.7429
vn 0.8495 0.5271 -0.0219
vn 0.9955 -0.0311 0.0891
vn 0.8622 0.4388 0.2532
vn 0.8622 -0.5011 -0.0750
vn 0.8443 -0.5336 0.0494
vn 0.9749 -0.0734 0.2102
vn 0.8443 0.3868 0.3709
vn 0.8653 -0.4585 -0.2023
vn 0.9992 0.0131 -0.0376
vn 0.8653 0.4848 0.1271
vn 0.9880 0.0510 -0.1460
vn 0.8556 0.5174 0.0168
vn 0.8556 -0.4154 -0.3089
vn 0.9892 -0.0482 0.1381
vn 0.8567 0.4187 0.3012
vn 0.8567 -0.5152 -0.0249
vn 0.9816 -0.0629 0.1801
vn 0.8501 0.4005 0.3419
vn 0.8501 -0.5263 0.0183
vn 0.9982 0.0197 -0.0564
vn 0.8645 0.4909 0.1081
vn 0.8645 -0.4515 -0.2210
vn 0.9935 0.0377 -0.1078
vn 0.8604 0.5066 0.0560
vn 0.8604 -0.4313 -0.2716
vn 0.9908 -0.0447 0.1280
vn 0.8580 0.4230 0.2914
vn 0.8580 -0.5124 -0.0353
vn 0.9847 -0.0575 0.1645
vn 0.8528 0.4074 0.3268
vn 0.8528 -0.5223 0.0022
vn 0.8644 -0.4512 -0.2218
vn 0.9982 0.0200 -0.0573
vn 0.8644 0.4912 0.1073
vn 0.8585 -0.4245 -0.2878
vn 0.9913 0.0434 -0.1244
vn 0.8585 0.5114 0.0390
vn 0.8627 -0.4991 -0.0814
vn 0.9961 -0.0289 0.0828
vn 0.8627 0.4413 0.2470
vn 0.8539 -0.5204 -0.0052
vn 0.9860 -0.0550 0.1574
vn 0.8539 0.4105 0.3199
vn 0.8654 -0.4838 -0.1301
vn 0.9993 -0.0121 0.0346
vn 0.8654 0.4596 0.1994
vn 0.6709 -0.1572 -0.7247
vn 0.7747 0.2085 -0.5970
vn 0.6709 0.5742 -0.4693
vn 0.4997 0.8050 0.3200
vn 0.3873 0.8419 -0.3758
vn -0.0000 0.9313 0.3641
vn -0.0000 0.9399 -0.3416
vn -0.4997 0.8050 0.3200
vn -0.3873 0.8419 -0.3758
vn -0.8654 0.4596 0.1994
vn -0.6709 0.5742 -0.4693
vn -0.8539 0.4105 0.3199
vn -0.4930 0.7512 0.4389
vn -0.8627 0.4413 0.2470
vn -0.4981 0.7855 0.3672
vn -0.8585 0.5114 0.0390
vn -0.4956 0.8539 0.1586
vn -0.8644 0.4912 0.1073
vn -0.4991 0.8361 0.2278
vn -0.8528 0.4074 0.3268
vn -0.4924 0.7476 0.4457
vn -0.8580 0.4230 0.2914
vn -0.4954 0.7653 0.4109
vn -0.0000 0.8722 0.4892
vn -0.0000 0.9623 0.2718
vn -0.0000 0.8906 0.4547
vn -0.4967 0.8499 0.1759
vn -0.0000 0.9756 0.2197
vn -0.4991 0.8358 0.2286
vn -0.0000 0.9621 0.2727
vn -0.4908 0.7397 0.4604
vn -0.0000 0.8638 0.5038
vn -0.4946 0.7606 0.4206
vn -0.0000 0.8857 0.4643
vn -0.4940 0.8588 0.1361
vn -0.0000 0.9837 0.1797
vn -0.4996 0.8301 0.2477
vn -0.0000 0.9565 0.2919
vn -0.4875 0.7237 0.4885
vn -0.0000 0.8470 0.5316
vn 0.4996 0.8301 0.2477
vn 0.4940 0.8588 0.1361
vn 0.4875 0.7237 0.4885
vn -0.0000 0.9087 0.4174
vn 0.4978 0.7828 0.3734
vn -0.4978 0.7828 0.3734
vn -0.0000 0.9902 0.1398
vn 0.4905 0.8661 0.0965
vn -0.4905 0.8661 0.0965
vn -0.4965 0.8508 0.1720
vn -0.0000 0.9764 0.2158
vn -0.8600 0.5077 0.0521
vn -0.3778 0.4019 0.8341
vn -0.6544 0.1407 0.7429
vn -0.7557 -0.2159 0.6183
vn -0.0000 0.4974 0.8675
vn 0.3778 0.4019 0.8341
vn 0.4965 0.8508 0.1720
vn 0.4946 0.7606 0.4206
vn 0.4908 0.7397 0.4604
vn 0.4991 0.8358 0.2286
vn 0.4967 0.8499 0.1759
vn 0.4954 0.7653 0.4109
vn 0.4924 0.7476 0.4457
vn 0.4991 0.8361 0.2278
vn 0.4956 0.8539 0.1586
vn -0.0000 0.9793 0.2024
vn 0.4981 0.7855 0.3672
vn -0.0000 0.9115 0.4112
vn 0.4930 0.7512 0.4389
vn -0.0000 0.8759 0.4825
vn -0.3015 -0.3015 0.9045
vn -0.7071 -0.0000 -0.7071
vn 0.9045 0.3015 -0.3015
vn 0.2513 -0.3769 -0.8915
vn 0.3555 -0.2278 0.9065
vn -0.0000 0.7071 0.7071
vn -0.6794 -0.0941 -0.7278
vn -0.7371 0.0866 0.6702
vn -0.7584 -0.1658 -0.6303
vn -0.6415 0.1951 0.7419
vn 0.7584 -0.1658 -0.6303
vn 0.6415 0.1951 0.7419
vn 0.7071 -0.0000 -0.7071
vn 0.5595 -0.4605 0.6892
vn -0.5595 -0.4605 0.6892
vn -0.6303 0.5490 0.5490
vn -0.6303 0.7764 -0.0000
vn -0.6303 0.5490 -0.5490
vn -0.5595 -0.4605 -0.6892
vn 0.5595 -0.4605 -0.6892
vn 0.6303 0.5490 -0.5490
vn 0.6303 0.5490 0.5490
vn 0.6303 0.7764 -0.0000
vn -0.7291 -0.5277 -0.4358
vn -0.6803 0.6791 -0.2759
vn -0.7396 0.6272 -0.2442
vn -0.3924 0.8477 0.3571
vn -0.7112 -0.1456 0.6878
vn -0.7101 -0.1672 0.6840
vn -0.0000 0.5550 0.8318
vn -0.0000 -0.2071 0.9783
vn -0.0000 -0.2375 0.9714
vn 0.7112 -0.1456 0.6878
vn 0.3924 0.8477 0.3571
vn 0.7101 -0.1672 0.6840
vn 0.7396 0.6272 -0.2442
vn 0.2187 -0.9515 0.2166
vn -0.0000 -0.8488 0.5288
vn 0.8008 -0.5851 -0.1281
vn 0.7291 -0.5277 -0.4358
vn -0.8008 -0.5851 -0.1281
vn -0.6682 -0.7438 -0.0146
vn -0.6803 0.6790 -0.2759
vn 0.6803 0.6790 -0.2759
vn -0.7592 0.6508 -0.0095
vn -0.5767 0.6796 -0.4535
vn -0.7112 0.1456 -0.6878
vn -0.7062 0.6935 0.1430
vn -0.7101 0.1672 -0.6840
vn -0.7031 0.1472 -0.6957
vn -0.7041 0.1687 -0.6897
vn -0.9065 0.3555 -0.2278
vn -0.5756 0.6847 -0.4471
vn -0.7071 -0.6895 -0.1566
vn -0.5758 -0.4254 -0.6982
vn -0.3103 -0.8174 -0.4854
vn -0.0000 -0.9752 -0.2215
vn -0.0000 -0.5203 -0.8540
vn -0.0000 -0.9773 -0.2118
vn -0.5748 -0.4327 -0.6945
vn 0.3103 -0.8174 -0.4854
vn -0.2187 -0.9515 0.2166
vn 0.7071 -0.6895 -0.1566
vn 0.6682 -0.7438 -0.0146
vn 0.5748 -0.4327 -0.6945
vn 0.7041 0.1687 -0.6897
vn 0.7101 0.1672 -0.6840
vn 0.5758 -0.4254 -0.6982
vn 0.7112 0.1456 -0.6878
vn 0.7031 0.1472 -0.6957
vn 0.9065 0.3555 -0.2278
vn 0.5756 0.6847 -0.4471
vn 0.7062 0.6935 0.1430
vn 0.5767 0.6796 -0.4535
vn 0.7592 0.6508 -0.0095
vn -0.0000 0.5564 0.8309
vn 0.6908 0.2454 0.6801
vn -0.0000 0.6503 0.7597
vn 0.6938 0.5073 -0.5112
vn -0.0000 0.9104 -0.4137
vn -0.0000 0.8420 -0.5394
vn -0.6908 0.2454 0.6801
vn -0.6938 0.5073 -0.5112
vn -0.0000 0.8373 -0.5467
vn -0.0000 0.2070 -0.9783
vn -0.0000 0.2375 -0.9714
vn 0.6803 0.6791 -0.2759
vn -0.5718 -0.5686 0.5914
vn 0.5718 -0.5686 0.5914
vn -0.2242 0.3628 0.9045
vn 0.2242 0.3627 0.9045
vn -0.6466 0.4152 0.6400
vn -0.6723 0.6887 0.2717
vn 0.5948 0.4367 0.6749
vn 0.7064 0.7078 -0.0014
vn 0.6724 0.6883 0.2722
vn -0.7064 0.7078 -0.0014
vn 0.7057 0.7085 0.0028
vn 0.6372 0.7627 -0.1105
vn -0.6367 0.7633 -0.1091
vn -0.7010 0.4580 -0.5467
vn -0.5582 -0.5512 -0.6202
vn 0.5645 0.5280 -0.6345
vn 0.1005 0.4631 -0.8806
vn -0.7057 0.7085 0.0028
vn -0.1005 0.4631 -0.8806
vn 0.5582 -0.5512 -0.6202
vn -0.6372 0.7627 -0.1105
vn -0.5645 0.5280 -0.6345
vn 0.7010 0.4580 -0.5467
vn 0.6367 0.7633 -0.1091
vn 0.6723 0.6887 0.2717
vn -0.6724 0.6883 0.2722
vn 0.6466 0.4152 0.6400
vn -0.5948 0.4367 0.6749
vn 0.7581 -0.3518 0.5491
vn 0.3291 0.7092 0.6235
vn -0.3291 0.7092 0.6235
vn -0.7581 -0.3518 0.5491
vn -0.7581 -0.3518 -0.5491
vn 0.7581 -0.3518 -0.5491
vn -0.3291 0.7092 -0.6235
vn 0.3291 0.7092 -0.6235
vn 0.7581 -0.3517 0.5491
vn -0.7581 -0.3517 -0.5491
vn 0.7581 -0.3517 -0.5491
vn -0.7581 -0.3517 0.5491
vn 0.7581 -0.3517 -0.5492
vn 0.7581 -0.3517 0.5492
vn -0.7581 -0.3517 -0.5492
vn -0.6100 0.7732 -0.1734
vn -0.6100 0.2364 -0.7563
vn -0.6100 -0.5368 -0.5829
vn -0.6100 -0.7732 0.1734
vn -0.6100 -0.2364 0.7563
vn -0.6100 0.5368 0.5829
vn 0.6100 0.5368 0.5829
vn 0.6100 0.7732 -0.1734
vn 0.6100 0.2364 -0.7563
vn 0.6100 -0.5368 -0.5829
vn 0.6100 -0.7732 0.1734
vn 0.6100 -0.2364 0.7563
vn -0.7410 0.0896 -0.6655
vn -0.6368 -0.0988 -0.7647
vn -0.6100 -0.6693 -0.4243
vn -0.6100 -0.7021 0.3675
vn -0.6158 -0.0637 0.7853
vn -0.7148 0.2798 0.6409
vn -0.5432 0.8043 0.2409
vn -0.5943 0.3757 -0.7111
vn 0.7410 0.0896 -0.6655
vn 0.6368 -0.0988 -0.7647
vn 0.5943 0.3757 -0.7111
vn 0.7148 0.2798 0.6409
vn 0.5432 0.8043 0.2409
vn 0.6100 -0.6693 -0.4243
vn 0.6100 -0.7021 0.3675
vn 0.6158 -0.0637 0.7853
vn 0.6569 0.7110 0.2509
vn 0.6491 0.7475 -0.1414
vn 0.6182 0.3913 0.6817
vn 0.7071 0.0373 0.7061
vn -0.0000 0.9430 0.3328
vn -0.0000 0.4979 0.8673
vn -0.0000 0.9826 -0.1859
vn 0.7648 0.6272 -0.1476
vn -0.0000 0.9734 -0.2290
vn 0.7043 -0.7091 -0.0334
vn 0.7071 -0.7058 -0.0422
vn 0.6572 -0.7378 0.1543
vn 0.7085 -0.7047 -0.0378
vn 0.7712 0.6127 0.1727
vn 0.7056 -0.7076 -0.0383
vn 0.6556 0.7234 0.2167
vn -0.0000 0.9579 0.2870
vn -0.0000 0.9625 0.2712
vn 0.6916 0.7220 -0.0207
vn -0.0000 0.9996 -0.0287
vn 0.5826 0.5445 -0.6035
vn -0.0000 0.6699 -0.7425
vn 0.7071 -0.0024 -0.7071
vn -0.0000 -0.0034 -1.0000
vn 0.5804 -0.5611 -0.5901
vn -0.0000 -0.6891 -0.7247
vn 0.7079 -0.7051 -0.0405
vn -0.0000 -0.9985 -0.0541
vn -0.0000 -0.9984 -0.0574
vn -0.0000 -0.9986 -0.0535
vn -0.0000 -0.9982 -0.0597
vn -0.0000 -0.9989 -0.0471
vn -0.0000 -0.9788 0.2047
vn 0.6010 -0.4079 0.6873
vn -0.0000 -0.5104 0.8600
vn -0.0000 0.0527 0.9986
vn 0.4268 0.2885 0.8571
vn -0.4268 0.2885 0.8571
vn -0.5773 -0.5774 0.5774
vn -0.6627 0.4479 0.6001
vn -0.6627 0.4479 -0.6001
vn -0.4268 0.2885 -0.8571
vn 0.4268 0.2885 -0.8571
vn 0.6627 0.4479 0.6001
vn 0.6627 0.4479 -0.6001
vn 0.5773 -0.5774 0.5774
vn 0.3015 -0.3015 0.9045
vn -0.3015 -0.9045 0.3015
vn -0.9045 -0.3015 0.3015
vn 0.6028 -0.6696 0.4340
vn -0.6028 -0.6696 0.4340
vn 0.6271 -0.0068 0.7789
vn 0.3015 0.9045 0.3015
vn 0.6016 0.6665 0.4403
vn -0.3015 0.9045 0.3015
vn -0.6016 0.6665 0.4403
vn -0.6271 -0.0068 0.7789
vn -0.0000 -0.0000 1.0000
vn -0.3015 0.9045 -0.3015
vn 0.3015 0.9045 -0.3015
vn 0.3015 -0.9045 0.3015
vn 0.9045 -0.3015 0.3015
vn 0.3015 -0.9045 -0.3015
vn -0.3015 -0.9045 -0.3015
vn 0.4395 0.6208 -0.6492
vn 0.4395 0.6208 0.6492
vn 0.6626 0.3424 0.6661
vn 0.6626 0.3424 -0.6661
vn 0.1225 0.7306 -0.6717
vn 0.1225 0.7306 0.6717
vn -0.3645 -0.5150 -0.7759
vn -0.1101 -0.6564 -0.7463
vn -0.5843 -0.3020 -0.7532
vn -0.3645 -0.5150 0.7759
vn -0.1101 -0.6564 0.7463
vn -0.5843 -0.3020 0.7532
vn -0.6702 -0.1156 -0.7331
vn -0.6702 -0.1156 0.7331
vn 0.7200 0.1242 -0.6828
vn -0.5432 -0.6094 -0.5775
vn -0.5432 -0.6094 0.5775
vn 0.6095 -0.5434 -0.5772
vn 0.7200 0.1242 0.6828
vn 0.6095 -0.5434 0.5772
vn -0.1225 0.7306 -0.6717
vn -0.1225 0.7306 0.6717
vn 0.1101 -0.6564 0.7463
vn -0.4395 0.6208 -0.6492
vn -0.4395 0.6208 0.6492
vn 0.3645 -0.5150 0.7759
vn 0.1101 -0.6564 -0.7463
vn 0.3645 -0.5150 -0.7759
vn 0.5843 -0.3020 0.7532
vn 0.5843 -0.3020 -0.7532
vn -0.6626 0.3424 0.6661
vn 0.6702 -0.1156 0.7331
vn 0.6702 -0.1156 -0.7331
vn -0.7200 0.1242 0.6828
vn -0.6626 0.3424 -0.6661
vn -0.7200 0.1242 -0.6828
vn -0.6095 -0.5434 -0.5772
vn -0.6095 -0.5434 0.5772
vn 0.5432 -0.6094 0.5775
vn 0.5432 -0.6094 -0.5775
vn -0.3786 0.6557 -0.6532
vn -0.0000 0.7572 -0.6532
vn 0.3786 0.6557 -0.6532
vn -0.3189 -0.5523 -0.7703
vn -0.0000 -0.6377 -0.7703
vn 0.3189 -0.5523 -0.7703
vn -0.3189 -0.5523 0.7703
vn -0.0000 -0.6377 0.7703
vn 0.3189 -0.5523 0.7703
vn -0.6557 0.3786 -0.6532
vn 0.5523 -0.3189 -0.7703
vn 0.5523 -0.3189 0.7703
vn 0.6377 -0.0000 0.7703
vn -0.7572 -0.0000 -0.6532
vn 0.6377 -0.0000 -0.7703
vn -0.6557 -0.3786 -0.6532
vn 0.5523 0.3189 -0.7703
vn 0.5523 0.3189 0.7703
vn 0.3189 0.5523 -0.7703
vn 0.3189 0.5523 0.7703
vn -0.5453 -0.2138 0.8105
vn -0.6183 -0.0774 -0.7821
vn -0.6995 0.0256 0.7142
vn -0.6927 0.3881 -0.6079
vn -0.0000 -0.0241 0.9997
vn -0.0000 -0.0048 1.0000
vn -0.0000 0.6377 0.7703
vn -0.6740 0.0921 0.7330
vn -0.6339 0.4940 -0.5952
vn -0.0000 -0.0399 0.9992
vn -0.7305 0.0802 0.6782
vn -0.6772 0.2929 -0.6750
vn -0.0000 -0.7211 0.6929
vn -0.5795 -0.5877 0.5647
vn -0.5710 -0.5430 -0.6157
vn -0.0000 0.3255 -0.9455
vn -0.0000 -0.6614 -0.7500
vn -0.0000 0.5122 -0.8588
vn 0.6772 0.2929 -0.6750
vn 0.5710 -0.5430 -0.6157
vn 0.6339 0.4940 -0.5952
vn -0.0000 0.4880 -0.8728
vn 0.6925 0.3874 -0.6085
vn 0.6990 0.0241 0.7147
vn 0.6740 0.0921 0.7330
vn 0.7305 0.0802 0.6782
vn 0.5795 -0.5877 0.5647
vn 0.5456 -0.2153 0.8099
vn 0.6187 -0.0795 -0.7816
vn -0.5523 0.3189 0.7703
vn -0.3189 0.5523 0.7703
vn 0.6557 -0.3786 -0.6532
vn -0.3189 0.5523 -0.7703
vn -0.0000 0.6377 -0.7703
vn -0.5523 0.3189 -0.7703
vn -0.0001 0.2755 -0.9613
vn -0.6377 -0.0000 -0.7703
vn -0.6377 -0.0000 0.7703
vn -0.5523 -0.3189 -0.7703
vn -0.5523 -0.3189 0.7703
vn 0.6557 0.3786 -0.6532
vn 0.7572 -0.0000 -0.6532
vn -0.5773 0.5774 0.5774
vn 0.5774 -0.5774 0.5773
vn 0.3015 -0.3015 -0.9045
vn -0.3015 -0.3015 -0.9045
vn -0.5774 -0.5774 0.5773
vn 0.5773 0.5774 0.5774
vn 0.8532 0.4524 0.2596
vn 0.5773 0.5773 0.5774
vn 0.5912 -0.0789 0.8026
vn 0.7236 0.5188 0.4552
vn 0.9964 0.0848 -0.0028
vn 0.9704 0.2410 -0.0131
vn 0.6982 0.3318 0.6343
vn 0.6171 0.1838 0.7651
vn 0.3525 -0.8515 0.3882
vn 0.6164 -0.4834 0.6216
vn 0.8150 -0.5793 0.0144
vn 0.7380 0.0144 -0.6747
vn 0.7630 0.0377 -0.6453
vn 0.2165 -0.9391 -0.2667
vn 0.4139 -0.7605 -0.5003
vn 0.7372 -0.6649 -0.1199
vn 0.7655 -0.6035 0.2231
vn 0.7321 0.6035 -0.3159
vn 0.7130 0.6960 0.0851
vn 0.4228 0.4617 -0.7798
vn 0.7074 0.7060 -0.0335
vn 0.2579 0.9301 0.2616
vn 0.3436 0.8706 -0.3521
vn 0.6892 -0.5817 0.4321
vn 0.5922 0.7607 0.2659
vn 0.5910 0.6338 0.4990
vn 0.7515 0.1429 0.6441
vn 0.6525 0.1642 0.7398
vn 0.6341 -0.2734 -0.7233
vn -0.0000 0.5685 -0.8227
vn -0.0000 -0.3536 -0.9354
vn 0.0683 0.5223 -0.8500
vn -0.0701 0.5219 -0.8501
vn 0.0469 -0.8280 -0.5588
vn -0.0482 -0.8276 -0.5592
vn -0.0000 -0.8768 -0.4808
vn -0.0000 -0.3487 -0.9372
vn -0.0000 -0.0723 -0.9974
vn -0.7024 -0.1112 -0.7031
vn -0.6664 -0.4608 -0.5862
vn -0.9964 -0.0848 0.0028
vn -0.9704 -0.2410 0.0131
vn -0.5760 -0.8165 0.0401
vn -0.2159 -0.9685 -0.1239
vn -0.7491 -0.6625 -0.0059
vn -0.5613 -0.7086 -0.4275
vn -0.7053 0.6925 -0.1516
vn -0.5407 0.4538 -0.7083
vn -0.7059 0.7075 -0.0343
vn -0.3285 0.8728 -0.3611
vn -0.6341 -0.2734 -0.7233
vn -0.2578 0.9302 0.2612
vn -0.7134 0.6980 0.0618
vn -0.7515 0.1429 0.6441
vn -0.5912 0.6338 0.4987
vn -0.6525 0.1642 0.7398
vn -0.2816 0.9227 0.2633
vn -0.7527 0.1470 0.6417
vn -0.6316 0.7429 0.2216
vn -0.3796 0.7766 0.5028
vn -0.7140 -0.5938 0.3710
vn -0.3909 -0.4148 0.8217
vn -0.7587 -0.6290 0.1699
vn -0.5134 -0.5600 0.6503
vn -0.5412 -0.8254 0.1608
vn -0.3061 -0.9117 0.2741
vn -0.7318 0.0338 0.6807
vn -0.6944 0.0916 0.7137
vn -0.8595 0.3993 0.3191
vn -0.6561 0.6056 0.4503
vn -0.5773 0.5773 0.5774
vn -0.6972 -0.1177 0.7071
vn -0.8137 0.5560 0.1699
vn 0.4707 -0.4274 0.7719
vn -0.5153 -0.4944 0.7000
vn 0.3878 0.7315 0.5607
vn 0.8581 0.4209 0.2940
vn 0.6503 -0.7298 0.2110
vn 0.3685 -0.4178 0.8304
vn 0.3484 0.7851 0.5121
vn 0.2886 0.9207 0.2626
vn 0.7527 0.1470 0.6417
vn -0.7867 0.4542 0.4181
vn -0.4542 0.7867 0.4181
vn -0.0000 0.9084 0.4181
vn -0.4643 0.8042 0.3710
vn -0.8042 0.4643 0.3710
vn -0.0000 0.9286 0.3710
vn -0.4484 0.7767 -0.4424
vn -0.7767 0.4484 -0.4424
vn -0.0000 0.8968 -0.4424
vn -0.4308 0.7461 -0.5078
vn -0.7461 0.4308 -0.5078
vn -0.0000 0.8615 -0.5078
vn -0.4893 0.8475 -0.2055
vn -0.8475 0.4893 -0.2055
vn -0.0000 0.9787 -0.2055
vn -0.4877 0.8448 -0.2201
vn -0.8448 0.4877 -0.2201
vn -0.0000 0.9755 -0.2201
vn 0.4877 0.8448 -0.2201
vn 0.8448 0.4877 -0.2201
vn 0.9755 -0.0000 -0.2201
vn 0.8475 0.4893 -0.2055
vn 0.9787 -0.0000 -0.2055
vn 0.4893 0.8475 -0.2055
vn 0.7461 0.4307 -0.5078
vn 0.8615 -0.0000 -0.5078
vn 0.4307 0.7461 -0.5078
vn 0.4484 0.7767 -0.4424
vn 0.7767 0.4484 -0.4424
vn 0.4643 0.8042 0.3710
vn 0.8042 0.4643 0.3710
vn 0.9286 -0.0000 0.3710
vn 0.8968 -0.0000 -0.4424
vn 0.7767 -0.4484 -0.4424
vn 0.7461 -0.4307 -0.5078
vn 0.8042 -0.4643 0.3710
vn 0.8475 -0.4893 -0.2055
vn 0.4484 -0.7767 -0.4424
vn 0.4307 -0.7461 -0.5078
vn 0.4893 -0.8475 -0.2055
vn 0.8448 -0.4877 -0.2201
vn 0.4877 -0.8448 -0.2201
vn -0.0000 -0.9755 -0.2201
vn -0.4877 -0.8448 -0.2201
vn -0.8448 -0.4877 -0.2201
vn -0.9755 -0.0000 -0.2201
vn -0.9787 -0.0000 -0.2055
vn -0.8475 -0.4893 -0.2055
vn -0.8615 -0.0000 -0.5078
vn -0.7461 -0.4308 -0.5078
vn -0.4307 -0.7461 -0.5078
vn -0.4893 -0.8475 -0.2055
vn -0.0000 -0.8615 -0.5078
vn -0.0000 -0.9787 -0.2055
vn -0.0000 -0.8968 -0.4424
vn -0.4484 -0.7767 -0.4424
vn -0.0000 -0.9286 0.3710
vn -0.4643 -0.8042 0.3710
vn 0.4643 -0.8042 0.3710
vn 0.4542 -0.7867 0.4181
vn -0.0000 -0.9084 0.4181
vn 0.7867 -0.4542 0.4181
vn 0.9084 -0.0000 0.4181
vn 0.7867 0.4542 0.4181
vn 0.4542 0.7867 0.4181
vn -0.4542 -0.7867 0.4181
vn -0.7867 -0.4542 0.4181
vn -0.8042 -0.4643 0.3710
vn -0.7767 -0.4484 -0.4424
vn -0.9084 -0.0000 0.4181
vn -0.9286 -0.0000 0.3710
vn -0.8968 -0.0000 -0.4424
vn 0.6303 -0.7764 -0.0000
vn 0.6303 -0.5490 -0.5490
vn 0.6303 -0.0000 -0.7764
vn 0.6303 -0.5490 0.5490
vn 0.6303 -0.0000 0.7764
vn 0.2443 0.9697 -0.0000
vn 0.3617 0.7066 -0.6082
vn 0.4185 -0.0000 -0.9082
vn 0.7870 0.6053 -0.1197
vn 0.5888 0.8083 -0.0000
vn 0.9138 -0.0000 -0.4062
vn 0.6338 0.7584 -0.1523
vn 0.8389 0.5442 -0.0000
vn 0.7178 0.4144 0.5595
vn 0.4144 0.7178 0.5595
vn 0.8288 -0.0000 0.5595
vn 0.6338 0.7584 0.1523
vn 0.7870 0.6053 0.1197
vn 0.3617 0.7066 0.6082
vn 0.4764 0.8251 -0.3037
vn 0.8251 0.4764 -0.3037
vn 0.9138 -0.0000 0.4062
vn 0.9528 -0.0000 -0.3037
vn 0.4185 -0.0000 0.9082
vn 0.3617 -0.7066 0.6082
vn 0.7870 -0.6053 0.1197
vn 0.2443 -0.9697 -0.0000
vn 0.5888 -0.8083 -0.0000
vn 0.8251 -0.4764 -0.3037
vn 0.4764 -0.8251 -0.3037
vn 0.7870 -0.6053 -0.1197
vn 0.3617 -0.7066 -0.6082
vn 0.7178 -0.4144 0.5595
vn 0.4144 -0.7178 0.5595
vn -0.0000 -0.8288 0.5595
vn -0.4144 -0.7178 0.5595
vn -0.7870 -0.6053 -0.1197
vn -0.7178 -0.4144 0.5595
vn -0.5888 -0.8083 -0.0000
vn -0.7870 -0.6053 0.1197
vn -0.3617 -0.7066 0.6082
vn -0.2443 -0.9697 -0.0000
vn -0.3617 -0.7066 -0.6082
vn -0.6303 -0.7764 -0.0000
vn -0.6303 -0.5490 -0.5490
vn -0.6303 -0.5490 0.5490
vn -0.4185 -0.0000 0.9082
vn -0.6303 -0.0000 0.7764
vn -0.9138 -0.0000 0.4062
vn -0.3617 0.7066 0.6082
vn -0.7870 0.6053 0.1197
vn -0.8251 -0.4764 -0.3037
vn -0.9528 -0.0000 -0.3037
vn -0.8251 0.4764 -0.3037
vn -0.4764 0.8251 -0.3037
vn -0.6376 0.7539 0.1583
vn -0.5888 0.8083 -0.0000
vn -0.8500 0.5268 -0.0000
vn -0.2443 0.9697 -0.0000
vn -0.7870 0.6053 -0.1197
vn -0.6376 0.7539 -0.1583
vn -0.3617 0.7066 -0.6082
vn -0.4185 -0.0000 -0.9082
vn -0.6303 -0.0000 -0.7764
vn -0.9138 -0.0000 -0.4062
vn -0.8288 -0.0000 0.5595
vn -0.7178 0.4144 0.5595
vn -0.7582 -0.4378 0.4832
vn -0.8755 -0.0000 0.4832
vn -0.7582 0.4378 0.4832
vn -0.4378 -0.7582 0.4832
vn -0.4666 -0.8081 -0.3596
vn -0.8081 -0.4666 -0.3596
vn -0.9331 -0.0000 -0.3596
vn -0.4574 -0.7922 -0.4040
vn -0.7922 -0.4574 -0.4040
vn -0.9148 -0.0000 -0.4040
vn -0.0000 -0.9148 -0.4040
vn -0.0000 -0.9331 -0.3596
vn -0.0000 -0.8755 0.4832
vn 0.4666 -0.8081 -0.3596
vn 0.4378 -0.7582 0.4832
vn 0.4574 -0.7922 -0.4040
vn 0.7582 -0.4378 0.4832
vn 0.8081 -0.4666 -0.3596
vn 0.9331 -0.0000 -0.3596
vn 0.8755 -0.0000 0.4832
vn 0.7582 0.4378 0.4832
vn 0.8081 0.4666 -0.3596
vn 0.9148 -0.0000 -0.4040
vn 0.7922 0.4574 -0.4040
vn 0.7922 -0.4574 -0.4040
vn 0.4666 0.8081 -0.3596
vn 0.4378 0.7582 0.4832
vn 0.4574 0.7922 -0.4040
vn 0.7650 0.4417 0.4687
vn 0.4417 0.7650 0.4687
vn 0.8834 -0.0000 0.4687
vn 0.7893 0.4557 0.4114
vn 0.4557 0.7893 0.4114
vn 0.9114 -0.0000 0.4114
vn 0.7893 -0.4557 0.4114
vn 0.7650 -0.4417 0.4687
vn 0.4557 -0.7893 0.4114
vn 0.4417 -0.7650 0.4687
vn -0.0000 -0.8834 0.4687
vn -0.0000 -0.9114 0.4114
vn -0.4417 -0.7650 0.4687
vn -0.4557 -0.7893 0.4114
vn -0.7650 -0.4417 0.4687
vn -0.7893 -0.4557 0.4114
vn -0.8834 -0.0000 0.4687
vn -0.9114 -0.0000 0.4114
vn -0.7650 0.4417 0.4687
vn -0.7893 0.4557 0.4114
vn -0.7922 0.4574 -0.4040
vn -0.8081 0.4666 -0.3596
vn -0.4574 0.7922 -0.4040
vn -0.4417 0.7650 0.4687
vn -0.4666 0.8081 -0.3596
vn -0.4378 0.7582 0.4832
vn -0.4144 0.7178 0.5595
vn -0.0000 0.8755 0.4832
vn -0.0000 0.9331 -0.3596
vn -0.0000 0.8288 0.5595
vn 0.0034 0.8454 -0.5341
vn -0.7157 0.2475 -0.6531
vn -0.0027 0.2788 -0.9603
vn -0.9861 0.1662 -0.0000
vn -0.5490 0.6303 -0.5490
vn -0.0000 0.6303 -0.7764
vn -0.7764 0.6303 -0.0000
vn 0.5490 0.6303 -0.5490
vn 0.7091 0.2643 -0.6537
vn 0.7764 0.6303 -0.0000
vn 0.9821 0.1885 -0.0000
vn 0.5490 0.6303 0.5490
vn 0.7091 0.2643 0.6537
vn -0.0000 0.6303 0.7764
vn -0.0027 0.2788 0.9603
vn 0.0034 0.8454 0.5341
vn -0.5490 0.6303 0.5490
vn -0.7157 0.2475 0.6531
vn -0.0000 0.9528 -0.3037
vn -0.0000 0.9608 -0.2771
vn 0.4804 0.8321 -0.2771
vn -0.4804 0.8321 -0.2771
vn -0.8321 0.4804 -0.2771
vn -0.4738 0.8207 -0.3194
vn -0.0000 0.9476 -0.3194
vn -0.8207 0.4738 -0.3194
vn -0.4785 0.8287 -0.2903
vn -0.0000 0.9569 -0.2903
vn -0.8287 0.4785 -0.2903
vn -0.4693 0.8129 0.3448
vn -0.0000 0.9387 0.3448
vn -0.8129 0.4693 0.3448
vn -0.4652 0.7954 0.3885
vn -0.0000 0.9243 0.3818
vn -0.7962 0.4434 0.4117
vn -0.3903 0.8623 -0.3226
vn -0.0000 0.9492 -0.3146
vn -0.7098 0.6148 -0.3439
vn -0.4441 0.8670 -0.2260
vn -0.0000 0.9801 -0.1987
vn -0.7685 0.5688 -0.2931
vn -0.4703 0.5075 0.7220
vn -0.0000 0.6393 0.7690
vn -0.7681 0.1808 0.6142
vn -0.0913 -0.3291 0.9399
vn -0.0000 -0.3061 0.9520
vn -0.1487 -0.3850 0.9109
vn -0.0000 -0.4613 0.8872
vn 0.1487 -0.3850 0.9109
vn 0.0913 -0.3291 0.9399
vn 0.1634 -0.4518 0.8770
vn 0.1388 -0.5147 0.8460
vn 0.0804 -0.5616 0.8235
vn -0.0000 -0.5795 0.8150
vn -0.0804 -0.5616 0.8235
vn -0.1634 -0.4518 0.8770
vn -0.1388 -0.5147 0.8460
vn -0.0000 -0.9022 0.4313
vn -0.3767 -0.8215 0.4281
vn -0.6864 -0.5768 0.4428
vn -0.0000 -0.8239 -0.5668
vn -0.5116 -0.6752 -0.5314
vn -0.8378 -0.3000 -0.4561
vn -0.8348 -0.2143 0.5072
vn -0.9140 0.1556 -0.3746
vn -0.9053 -0.2309 -0.3565
vn -0.8996 0.2375 -0.3666
vn -0.6936 -0.4467 0.5650
vn -0.8857 -0.0286 0.4634
vn -0.3413 -0.6389 0.6895
vn -0.6487 -0.7145 -0.2622
vn -0.0000 -0.9860 -0.1665
vn -0.0000 -0.6741 0.7386
vn -0.0000 -0.9387 0.3448
vn -0.4693 -0.8129 0.3448
vn -0.8129 -0.4693 0.3448
vn -0.0000 -0.9569 -0.2903
vn -0.4785 -0.8287 -0.2903
vn -0.8287 -0.4785 -0.2903
vn 0.4693 -0.8129 0.3448
vn 0.3413 -0.6389 0.6895
vn 0.4785 -0.8287 -0.2903
vn -0.0000 -0.9476 -0.3194
vn 0.4738 -0.8207 -0.3194
vn -0.4738 -0.8207 -0.3194
vn -0.0000 -0.9608 -0.2771
vn 0.4804 -0.8321 -0.2771
vn -0.4804 -0.8321 -0.2771
vn -0.8207 -0.4738 -0.3194
vn -0.8321 -0.4804 -0.2771
vn -0.9476 -0.0000 -0.3194
vn -0.9608 -0.0000 -0.2771
vn -0.9569 -0.0000 -0.2903
vn -0.9387 -0.0000 0.3448
vn -0.4764 -0.8251 -0.3037
vn -0.0000 -0.9528 -0.3037
vn 0.8321 -0.4804 -0.2771
vn 0.8207 -0.4738 -0.3194
vn 0.9608 -0.0000 -0.2771
vn 0.9476 -0.0000 -0.3194
vn 0.8287 -0.4785 -0.2903
vn 0.9569 -0.0000 -0.2903
vn 0.8129 -0.4693 0.3448
vn 0.9387 -0.0000 0.3448
vn 0.6936 -0.4467 0.5650
vn 0.8857 -0.0286 0.4634
vn 0.8996 0.2375 -0.3666
vn 0.9053 -0.2309 -0.3565
vn 0.6487 -0.7145 -0.2622
vn 0.9140 0.1556 -0.3746
vn 0.8378 -0.3000 -0.4561
vn 0.5116 -0.6752 -0.5314
vn 0.6864 -0.5768 0.4428
vn 0.3767 -0.8215 0.4281
vn 0.8348 -0.2143 0.5072
vn 0.7681 0.1808 0.6142
vn 0.7685 0.5688 -0.2931
vn 0.4441 0.8670 -0.2260
vn 0.4703 0.5075 0.7220
vn 0.3903 0.8623 -0.3226
vn 0.7098 0.6148 -0.3439
vn 0.4652 0.7954 0.3885
vn 0.7962 0.4434 0.4117
vn 0.8129 0.4693 0.3448
vn 0.4693 0.8129 0.3448
vn 0.8287 0.4785 -0.2903
vn 0.4785 0.8287 -0.2903
vn 0.4738 0.8207 -0.3194
vn 0.8207 0.4738 -0.3194
vn 0.8321 0.4804 -0.2771
vn -0.0000 0.9148 -0.4040
vn -0.0000 0.8834 0.4687
vn -0.4557 0.7893 0.4114
vn -0.0000 0.9114 0.4114
vn -0.7929 0.4578 -0.4023
vn -0.4578 0.7929 -0.4023
vn -0.0000 0.9155 -0.4023
vn -0.7702 0.4447 -0.4572
vn -0.4447 0.7702 -0.4572
vn -0.0000 0.8894 -0.4572
vn -0.8894 -0.0000 -0.4572
vn -0.9155 -0.0000 -0.4023
vn -0.7929 -0.4578 -0.4023
vn -0.7702 -0.4447 -0.4572
vn -0.7787 -0.4496 0.4377
vn -0.8991 -0.0000 0.4377
vn -0.7787 0.4496 0.4377
vn -0.7987 -0.4611 0.3867
vn -0.9222 -0.0000 0.3867
vn -0.7987 0.4611 0.3867
vn -0.4496 0.7787 0.4377
vn -0.4611 0.7987 0.3867
vn -0.0000 0.8991 0.4377
vn -0.0000 0.9222 0.3867
vn 0.4611 0.7987 0.3867
vn 0.4496 0.7787 0.4377
vn 0.4447 0.7702 -0.4572
vn 0.4578 0.7929 -0.4023
vn 0.7787 0.4496 0.4377
vn 0.7702 0.4447 -0.4572
vn 0.7929 0.4578 -0.4023
vn 0.8894 -0.0000 -0.4572
vn 0.9155 -0.0000 -0.4023
vn 0.7702 -0.4447 -0.4572
vn 0.7929 -0.4578 -0.4023
vn 0.4447 -0.7702 -0.4572
vn 0.4578 -0.7929 -0.4023
vn -0.0000 -0.8894 -0.4572
vn -0.0000 -0.9155 -0.4023
vn -0.4578 -0.7929 -0.4023
vn -0.4447 -0.7702 -0.4572
vn -0.0000 -0.8991 0.4377
vn -0.4496 -0.7787 0.4377
vn -0.0000 -0.9222 0.3867
vn -0.4611 -0.7987 0.3867
vn -0.3786 -0.6557 -0.6532
vn -0.0000 -0.7572 -0.6532
vn 0.7987 0.4611 0.3867
vn 0.9222 -0.0000 0.3867
vn 0.7987 -0.4611 0.3867
vn 0.3786 -0.6557 -0.6532
vn 0.4611 -0.7987 0.3867
vn 0.4496 -0.7787 0.4377
vn 0.7787 -0.4496 0.4377
vn 0.8991 -0.0000 0.4377
vt 0.915308 0.490924
vt 0.903553 0.490924
vt 0.903553 0.482445
vt 0.915308 0.482445
vt 0.387365 0.847960
vt 0.395844 0.847960
vt 0.395844 0.870428
vt 0.387365 0.870428
vt 0.953941 0.720757
vt 0.953941 0.743225
vt 0.942186 0.743225
vt 0.942186 0.720757
vt 0.325107 0.866014
vt 0.325107 0.874493
vt 0.302646 0.874493
vt 0.302646 0.866014
vt 0.282961 0.964667
vt 0.281800 0.963985
vt 0.281800 0.943907
vt 0.282961 0.942199
vt 0.903553 0.499403
vt 0.915308 0.499403
vt 0.888309 0.499403
vt 0.888309 0.490924
vt 0.267717 0.964667
vt 0.268179 0.963985
vt 0.266713 0.963592
vt 0.265641 0.962520
vt 0.265248 0.961054
vt 0.265957 0.948862
vt 0.267454 0.946546
vt 0.270395 0.944616
vt 0.266078 0.964228
vt 0.264877 0.963028
vt 0.878894 0.018137
vt 0.887374 0.018137
vt 0.887375 0.019369
vt 0.878895 0.019369
vt 0.886669 0.499404
vt 0.886669 0.490925
vt 0.878894 0.016487
vt 0.887374 0.016486
vt 0.264438 0.961388
vt 0.878894 0.002781
vt 0.887374 0.002781
vt 0.265147 0.947659
vt 0.266644 0.944838
vt 0.270113 0.942908
vt 0.088751 0.976971
vt 0.097228 0.976958
vt 0.097186 0.980409
vt 0.088709 0.980422
vt 0.878895 0.000000
vt 0.887375 0.000000
vt 0.053416 0.962958
vt 0.049948 0.961028
vt 0.050786 0.958913
vt 0.053567 0.960843
vt 0.048451 0.958206
vt 0.049289 0.956749
vt 0.047742 0.944477
vt 0.048580 0.945018
vt 0.064540 0.942192
vt 0.064540 0.961552
vt 0.048958 0.943605
vt 0.049993 0.942571
vt 0.051405 0.942192
vt 0.048181 0.942838
vt 0.049381 0.941637
vt 0.051021 0.941198
vt 0.066264 0.941198
vt 0.066264 0.963667
vt 0.088751 0.964130
vt 0.097228 0.964117
vt 0.345028 0.866014
vt 0.325107 0.857534
vt 0.345028 0.857534
vt 0.325107 0.849055
vt 0.345028 0.849055
vt 0.302646 0.857534
vt 0.302646 0.849055
vt 0.325107 0.840575
vt 0.345028 0.840575
vt 0.405796 0.964100
vt 0.414273 0.964087
vt 0.414273 0.977480
vt 0.405796 0.977493
vt 0.965746 0.260854
vt 0.965746 0.283322
vt 0.964402 0.282610
vt 0.964402 0.262687
vt 0.952346 0.261563
vt 0.952600 0.263396
vt 0.414231 0.980379
vt 0.405754 0.980392
vt 0.949429 0.263493
vt 0.950184 0.265326
vt 0.957644 0.282610
vt 0.950886 0.282610
vt 0.949432 0.282221
vt 0.948368 0.281156
vt 0.947978 0.279703
vt 0.948687 0.267608
vt 0.947932 0.266313
vt 0.947223 0.280043
vt 0.947662 0.281683
vt 0.796510 0.959195
vt 0.804989 0.959195
vt 0.804989 0.972902
vt 0.796510 0.972902
vt 0.804989 0.974553
vt 0.796510 0.974553
vt 0.804990 0.975784
vt 0.796511 0.975784
vt 0.948863 0.282883
vt 0.886669 0.516363
vt 0.886669 0.507883
vt 0.888309 0.507883
vt 0.888309 0.516362
vt 0.950502 0.283323
vt 0.958124 0.283323
vt 0.895931 0.516362
vt 0.895931 0.507883
vt 0.903553 0.507883
vt 0.903553 0.516362
vt 0.141090 0.941507
vt 0.148712 0.941507
vt 0.148458 0.942002
vt 0.141498 0.942002
vt 0.156333 0.941507
vt 0.155418 0.942002
vt 0.155418 0.962519
vt 0.143243 0.961810
vt 0.140710 0.959880
vt 0.139213 0.957472
vt 0.138504 0.944996
vt 0.138905 0.943499
vt 0.140001 0.942403
vt 0.156333 0.963975
vt 0.142933 0.963266
vt 0.140016 0.961336
vt 0.138520 0.958516
vt 0.796511 0.956416
vt 0.804990 0.956416
vt 0.137811 0.944786
vt 0.138250 0.943146
vt 0.139450 0.941946
vt 0.915308 0.507883
vt 0.915308 0.516362
vt 0.915308 0.524842
vt 0.903553 0.524842
vt 0.325106 0.832096
vt 0.302645 0.840575
vt 0.302645 0.832096
vt 0.953981 0.185723
vt 0.942226 0.185723
vt 0.942226 0.163254
vt 0.953981 0.163254
vt 0.421283 0.847960
vt 0.429762 0.847960
vt 0.429762 0.870428
vt 0.421283 0.870428
vt 0.429762 0.828032
vt 0.421283 0.828032
vt 0.953981 0.205651
vt 0.942226 0.205651
vt 0.742075 0.921644
vt 0.730321 0.921642
vt 0.730321 0.913165
vt 0.742075 0.913167
vt 0.730321 0.930119
vt 0.742075 0.930121
vt 0.412803 0.847960
vt 0.412803 0.828032
vt 0.730321 0.938596
vt 0.742075 0.938598
vt 0.404324 0.847960
vt 0.404324 0.828032
vt 0.412803 0.870428
vt 0.404324 0.870428
vt 0.395844 0.828032
vt 0.387365 0.828032
vt 0.730321 0.947073
vt 0.742075 0.947075
vt 0.742075 0.955552
vt 0.730321 0.955550
vt 0.953941 0.763154
vt 0.942186 0.763154
vt 0.345028 0.874493
vt 0.345028 0.832096
vt 0.830956 0.647618
vt 0.831759 0.650613
vt 0.830153 0.650613
vt 0.828763 0.649811
vt 0.827960 0.648420
vt 0.827960 0.646815
vt 0.828763 0.645425
vt 0.830153 0.644622
vt 0.831759 0.644622
vt 0.833149 0.645425
vt 0.833952 0.646815
vt 0.833952 0.648420
vt 0.833149 0.649811
vt 0.579118 0.583393
vt 0.579118 0.553474
vt 0.580243 0.553501
vt 0.580243 0.583420
vt 0.581789 0.553511
vt 0.581789 0.583430
vt 0.836948 0.647618
vt 0.834755 0.645425
vt 0.836145 0.644622
vt 0.837750 0.644622
vt 0.583344 0.553502
vt 0.583344 0.583421
vt 0.584489 0.553475
vt 0.584489 0.583394
vt 0.834755 0.649811
vt 0.047322 0.710388
vt 0.047322 0.680460
vt 0.048874 0.680460
vt 0.048874 0.710388
vt 0.836145 0.650613
vt 0.050423 0.680460
vt 0.050423 0.710388
vt 0.837750 0.650613
vt 0.991876 0.340300
vt 0.991876 0.370228
vt 0.990741 0.370226
vt 0.990741 0.340299
vt 0.839141 0.649811
vt 0.989191 0.370225
vt 0.989191 0.340298
vt 0.839943 0.648420
vt 0.987640 0.370226
vt 0.987640 0.340299
vt 0.839943 0.646815
vt 0.813120 0.991385
vt 0.813120 0.961458
vt 0.814285 0.961457
vt 0.814285 0.991385
vt 0.839141 0.645425
vt 0.815846 0.961457
vt 0.815846 0.991385
vt 0.817385 0.961457
vt 0.817385 0.991385
vt 0.977575 0.374935
vt 0.977575 0.381581
vt 0.975980 0.381579
vt 0.975980 0.374934
vt 0.974385 0.381581
vt 0.974385 0.374935
vt 0.978742 0.374939
vt 0.978742 0.381584
vt 0.464496 0.987053
vt 0.464496 0.993698
vt 0.462902 0.993700
vt 0.462902 0.987054
vt 0.466091 0.987054
vt 0.466091 0.993700
vt 0.467260 0.987058
vt 0.467260 0.993704
vt 0.586084 0.583729
vt 0.586084 0.577086
vt 0.587678 0.577097
vt 0.587678 0.583740
vt 0.584489 0.583740
vt 0.584489 0.577097
vt 0.982365 0.381766
vt 0.982365 0.375121
vt 0.983535 0.375117
vt 0.983535 0.381763
vt 0.980769 0.381767
vt 0.980769 0.375122
vt 0.979176 0.381766
vt 0.979176 0.375121
vt 0.973218 0.381584
vt 0.973218 0.374939
vt 0.281146 0.980309
vt 0.287791 0.980309
vt 0.287787 0.985055
vt 0.281142 0.985055
vt 0.287791 0.989800
vt 0.281146 0.989800
vt 0.559604 0.951892
vt 0.559604 0.956805
vt 0.557147 0.961060
vt 0.552892 0.963517
vt 0.547979 0.963517
vt 0.543724 0.961060
vt 0.541267 0.956805
vt 0.541267 0.951892
vt 0.543724 0.947637
vt 0.547979 0.945180
vt 0.552892 0.945180
vt 0.557147 0.947637
vt 0.281156 0.976835
vt 0.287801 0.976835
vt 0.987654 0.766852
vt 0.994300 0.766846
vt 0.994308 0.771590
vt 0.987663 0.771596
vt 0.987654 0.762104
vt 0.994300 0.762098
vt 0.987663 0.758626
vt 0.994308 0.758621
vt 0.588053 0.831028
vt 0.594696 0.831028
vt 0.594663 0.835775
vt 0.588020 0.835775
vt 0.588019 0.826283
vt 0.594663 0.826283
vt 0.980737 0.644942
vt 0.987383 0.644947
vt 0.987390 0.648432
vt 0.980744 0.648427
vt 0.980737 0.640193
vt 0.987383 0.640198
vt 0.980744 0.635450
vt 0.987390 0.635456
vt 0.287801 0.993275
vt 0.281156 0.993275
vt 0.726170 0.957305
vt 0.723714 0.961560
vt 0.721742 0.959620
vt 0.723490 0.956593
vt 0.726170 0.952392
vt 0.723490 0.953097
vt 0.716969 0.954845
vt 0.718716 0.961368
vt 0.715221 0.961368
vt 0.712196 0.950070
vt 0.715222 0.948322
vt 0.710448 0.953097
vt 0.710448 0.956593
vt 0.721743 0.950070
vt 0.718717 0.948322
vt 0.712195 0.959620
vt 0.710295 0.961560
vt 0.707839 0.957305
vt 0.714548 0.964017
vt 0.714549 0.945680
vt 0.719461 0.945680
vt 0.710295 0.948137
vt 0.707839 0.952392
vt 0.719460 0.964017
vt 0.723714 0.948137
vt 0.964486 0.966173
vt 0.964486 0.980009
vt 0.960684 0.980008
vt 0.960684 0.966173
vt 0.703574 0.720544
vt 0.690067 0.727413
vt 0.689253 0.724221
vt 0.702034 0.717630
vt 0.253842 0.649701
vt 0.241060 0.643110
vt 0.241871 0.639921
vt 0.255379 0.646790
vt 0.252315 0.652620
vt 0.240261 0.646308
vt 0.082184 0.976574
vt 0.082184 0.988933
vt 0.078381 0.988933
vt 0.078381 0.976574
vt 0.688456 0.721026
vt 0.700510 0.714713
vt 0.813461 0.933438
vt 0.813430 0.932246
vt 0.817232 0.932220
vt 0.817263 0.933412
vt 0.686184 0.724276
vt 0.686934 0.721066
vt 0.813420 0.931183
vt 0.817221 0.931156
vt 0.683966 0.723140
vt 0.685998 0.720542
vt 0.813413 0.926839
vt 0.817214 0.926813
vt 0.680497 0.719180
vt 0.683107 0.717161
vt 0.813444 0.907355
vt 0.817245 0.907328
vt 0.668783 0.701427
vt 0.671709 0.699899
vt 0.667270 0.697879
vt 0.670469 0.697064
vt 0.813461 0.904660
vt 0.817263 0.904634
vt 0.665873 0.702953
vt 0.664087 0.698694
vt 0.677902 0.721198
vt 0.463454 0.927567
vt 0.463457 0.923562
vt 0.467260 0.923560
vt 0.467257 0.927566
vt 0.463449 0.948207
vt 0.467252 0.948206
vt 0.463449 0.954179
vt 0.467252 0.954177
vt 0.681948 0.725737
vt 0.235773 0.644191
vt 0.232304 0.648151
vt 0.229707 0.646136
vt 0.233753 0.641597
vt 0.220590 0.665905
vt 0.217677 0.664381
vt 0.237803 0.646792
vt 0.234911 0.650173
vt 0.223514 0.667435
vt 0.219077 0.669452
vt 0.215892 0.668640
vt 0.222274 0.670270
vt 0.218800 0.672297
vt 0.215518 0.672495
vt 0.222094 0.672106
vt 0.219420 0.675132
vt 0.216346 0.676304
vt 0.222504 0.673967
vt 0.221768 0.679327
vt 0.219004 0.681114
vt 0.224542 0.677548
vt 0.252759 0.720108
vt 0.250150 0.722115
vt 0.255379 0.718109
vt 0.179413 0.785900
vt 0.179413 0.789966
vt 0.175610 0.789966
vt 0.175610 0.785901
vt 0.179414 0.840895
vt 0.175611 0.840895
vt 0.669961 0.688004
vt 0.700952 0.647223
vt 0.703574 0.649225
vt 0.672738 0.689786
vt 0.667200 0.686220
vt 0.698346 0.645219
vt 0.175619 0.945132
vt 0.175620 0.893644
vt 0.179423 0.893644
vt 0.179422 0.945132
vt 0.175620 0.950565
vt 0.179422 0.950565
vt 0.664541 0.691030
vt 0.667613 0.692199
vt 0.175620 0.954087
vt 0.179423 0.954087
vt 0.663714 0.694839
vt 0.666993 0.695034
vt 0.670700 0.693367
vt 0.670289 0.695228
vt 0.179414 0.784195
vt 0.175611 0.784195
vt 0.179414 0.782881
vt 0.175611 0.782881
vt 0.175620 0.956912
vt 0.179423 0.956912
vt 0.238739 0.646268
vt 0.237991 0.643055
vt 0.237253 0.639851
vt 0.463457 0.961645
vt 0.463451 0.958020
vt 0.467254 0.958019
vt 0.467260 0.961644
vt 0.685449 0.727483
vt 0.034949 0.833357
vt 0.030598 0.833739
vt 0.029727 0.827738
vt 0.034949 0.827280
vt 0.034949 0.838239
vt 0.030308 0.838645
vt 0.039591 0.838645
vt 0.039301 0.833739
vt 0.040172 0.827738
vt 0.029359 0.823303
vt 0.034949 0.822813
vt 0.040540 0.823303
vt 0.034950 0.817420
vt 0.039758 0.817842
vt 0.030142 0.817842
vt 0.034950 0.813644
vt 0.039634 0.814055
vt 0.030265 0.814055
vt 0.034950 0.807478
vt 0.040675 0.807980
vt 0.029224 0.807980
vt 0.029113 0.803613
vt 0.034950 0.803102
vt 0.040786 0.803613
vt 0.029572 0.798835
vt 0.034950 0.798364
vt 0.040328 0.798835
vt 0.029731 0.793621
vt 0.034950 0.793163
vt 0.040170 0.793621
vt 0.028609 0.786587
vt 0.034950 0.786031
vt 0.041291 0.786587
vt 0.028506 0.781423
vt 0.034950 0.780858
vt 0.041395 0.781423
vt 0.029081 0.775081
vt 0.034950 0.774567
vt 0.040819 0.775081
vt 0.029437 0.768678
vt 0.034950 0.768195
vt 0.040464 0.768678
vt 0.028435 0.761307
vt 0.034950 0.760737
vt 0.041466 0.761307
vt 0.028168 0.753870
vt 0.034951 0.753276
vt 0.041733 0.753870
vt 0.028148 0.745840
vt 0.034951 0.745244
vt 0.041753 0.745840
vt 0.511808 0.927720
vt 0.524462 0.923971
vt 0.524462 0.930999
vt 0.521142 0.937161
vt 0.663748 0.826836
vt 0.668714 0.826819
vt 0.668694 0.835304
vt 0.663714 0.835321
vt 0.515392 0.940806
vt 0.508753 0.940958
vt 0.675496 0.826812
vt 0.675496 0.835297
vt 0.668980 0.819110
vt 0.675496 0.819104
vt 0.664210 0.819127
vt 0.669982 0.811918
vt 0.675496 0.811912
vt 0.025400 0.769998
vt 0.023665 0.762867
vt 0.669627 0.804927
vt 0.675496 0.804921
vt 0.665330 0.804942
vt 0.665945 0.811932
vt 0.669051 0.797868
vt 0.675496 0.797862
vt 0.664333 0.797884
vt 0.669155 0.792466
vt 0.675496 0.792460
vt 0.664513 0.792482
vt 0.670276 0.785702
vt 0.675496 0.785697
vt 0.025910 0.794870
vt 0.023968 0.788105
vt 0.670118 0.780088
vt 0.675496 0.780083
vt 0.666181 0.780102
vt 0.666455 0.785716
vt 0.669660 0.774755
vt 0.675496 0.774749
vt 0.665387 0.774770
vt 0.669771 0.770201
vt 0.675496 0.770196
vt 0.665579 0.770216
vt 0.681332 0.774755
vt 0.680874 0.780088
vt 0.681221 0.770201
vt 0.675496 0.764399
vt 0.680180 0.764403
vt 0.670811 0.764403
vt 0.675496 0.760317
vt 0.680304 0.760321
vt 0.670688 0.760321
vt 0.667168 0.760334
vt 0.667382 0.764415
vt 0.026836 0.815176
vt 0.025033 0.809351
vt 0.669906 0.754069
vt 0.675496 0.754064
vt 0.665813 0.754084
vt 0.670273 0.749599
vt 0.675496 0.749594
vt 0.025904 0.828988
vt 0.025267 0.824641
vt 0.681086 0.754069
vt 0.680718 0.749599
vt 0.675496 0.743772
vt 0.679847 0.743776
vt 0.671144 0.743776
vt 0.675496 0.738404
vt 0.680137 0.738409
vt 0.670855 0.738409
vt 0.667457 0.738421
vt 0.667959 0.743787
vt 0.027413 0.834780
vt 0.670398 0.735206
vt 0.675496 0.735201
vt 0.666665 0.735219
vt 0.034949 0.840964
vt 0.029851 0.841411
vt 0.670534 0.727488
vt 0.666901 0.727501
vt 0.029987 0.848782
vt 0.034949 0.848347
vt 0.869702 0.009593
vt 0.863168 0.016802
vt 0.860736 0.012439
vt 0.860736 0.007320
vt 0.863168 0.002818
vt 0.040048 0.841411
vt 0.039911 0.848782
vt 0.867382 0.000138
vt 0.657257 0.726708
vt 0.657494 0.734426
vt 0.653768 0.734412
vt 0.653631 0.726694
vt 0.872248 0.000000
vt 0.648673 0.734407
vt 0.648672 0.726689
vt 0.656701 0.737628
vt 0.653310 0.737615
vt 0.648671 0.737610
vt 0.643572 0.734412
vt 0.643708 0.726694
vt 0.644027 0.737615
vt 0.648670 0.742978
vt 0.644316 0.742983
vt 0.653019 0.742983
vt 0.653893 0.748805
vt 0.648673 0.748800
vt 0.643448 0.748805
vt 0.654262 0.753275
vt 0.648675 0.753270
vt 0.643081 0.753275
vt 0.648672 0.759523
vt 0.643861 0.759528
vt 0.653477 0.759528
vt 0.648671 0.763605
vt 0.643984 0.763609
vt 0.653353 0.763609
vt 0.648675 0.769401
vt 0.642947 0.769407
vt 0.654398 0.769407
vt 0.648676 0.773955
vt 0.642836 0.773961
vt 0.654509 0.773961
vt 0.648674 0.779289
vt 0.643294 0.779295
vt 0.654049 0.779295
vt 0.648673 0.784903
vt 0.643451 0.784908
vt 0.653890 0.784908
vt 0.648678 0.791665
vt 0.642334 0.791672
vt 0.655015 0.791672
vt 0.655119 0.797074
vt 0.648678 0.797067
vt 0.642230 0.797073
vt 0.654542 0.804133
vt 0.648676 0.804127
vt 0.642804 0.804133
vt 0.654186 0.811124
vt 0.648675 0.811118
vt 0.643158 0.811124
vt 0.655191 0.818316
vt 0.648678 0.818309
vt 0.642159 0.818316
vt 0.655458 0.826025
vt 0.648679 0.826018
vt 0.641894 0.826025
vt 0.655479 0.834509
vt 0.648680 0.834503
vt 0.641874 0.834509
vt 0.515392 0.914578
vt 0.521142 0.917961
vt 0.508753 0.914730
vt 0.636919 0.826043
vt 0.636885 0.834528
vt 0.503003 0.918375
vt 0.839131 0.479481
vt 0.845913 0.480034
vt 0.845934 0.488105
vt 0.839133 0.487550
vt 0.499684 0.924536
vt 0.832348 0.480034
vt 0.832329 0.488105
vt 0.499684 0.931564
vt 0.682279 0.826819
vt 0.687243 0.826836
vt 0.687278 0.835321
vt 0.682299 0.835304
vt 0.503003 0.937575
vt 0.682012 0.819110
vt 0.686781 0.819127
vt 0.681010 0.811918
vt 0.685046 0.811932
vt 0.681365 0.804927
vt 0.685661 0.804942
vt 0.827960 0.454074
vt 0.832681 0.452636
vt 0.833257 0.459660
vt 0.828958 0.460970
vt 0.681941 0.797868
vt 0.681837 0.792466
vt 0.686478 0.792482
vt 0.686658 0.797884
vt 0.680715 0.785702
vt 0.684536 0.785716
vt 0.832783 0.447545
vt 0.839125 0.447028
vt 0.839126 0.452110
vt 0.833903 0.441689
vt 0.839123 0.441262
vt 0.833744 0.436259
vt 0.839122 0.435820
vt 0.684810 0.780102
vt 0.833284 0.430940
vt 0.839122 0.430463
vt 0.829010 0.432242
vt 0.829805 0.437459
vt 0.833395 0.426661
vt 0.839121 0.426193
vt 0.685412 0.770216
vt 0.685605 0.774770
vt 0.834433 0.421682
vt 0.839119 0.421299
vt 0.683609 0.764415
vt 0.834309 0.417729
vt 0.839118 0.417337
vt 0.683823 0.760334
vt 0.833527 0.411366
vt 0.839118 0.410910
vt 0.829432 0.412613
vt 0.830788 0.418802
vt 0.833894 0.407300
vt 0.839117 0.406874
vt 0.684541 0.749612
vt 0.685178 0.754084
vt 0.844708 0.411366
vt 0.843926 0.417729
vt 0.844338 0.407300
vt 0.839115 0.401854
vt 0.843465 0.402210
vt 0.834763 0.402210
vt 0.839114 0.396567
vt 0.843755 0.396946
vt 0.834472 0.396946
vt 0.683534 0.738421
vt 0.683032 0.743787
vt 0.834015 0.393657
vt 0.839114 0.393240
vt 0.830281 0.394794
vt 0.831073 0.397981
vt 0.680594 0.735206
vt 0.684090 0.727501
vt 0.684326 0.735219
vt 0.680458 0.727488
vt 0.675496 0.727483
vt 0.872248 0.019104
vt 0.867382 0.019242
vt 0.876461 0.016424
vt 0.839113 0.385972
vt 0.834150 0.386377
vt 0.878894 0.011922
vt 0.878894 0.006803
vt 0.844074 0.386377
vt 0.844212 0.393657
vt 0.639833 0.734426
vt 0.640068 0.726708
vt 0.876461 0.002440
vt 0.847942 0.394794
vt 0.847151 0.397981
vt 0.640623 0.737628
vt 0.641125 0.742994
vt 0.639618 0.748819
vt 0.638981 0.753290
vt 0.848798 0.412613
vt 0.847443 0.418802
vt 0.843803 0.421682
vt 0.640335 0.759541
vt 0.640549 0.763622
vt 0.844845 0.426661
vt 0.638748 0.769423
vt 0.844957 0.430940
vt 0.638556 0.773976
vt 0.849227 0.432242
vt 0.848433 0.437459
vt 0.844499 0.436259
vt 0.639350 0.779309
vt 0.639623 0.784922
vt 0.844342 0.441689
vt 0.637683 0.791689
vt 0.845465 0.447545
vt 0.637504 0.797091
vt 0.845570 0.452636
vt 0.850285 0.454074
vt 0.849289 0.460970
vt 0.844995 0.459660
vt 0.839127 0.459181
vt 0.638500 0.804149
vt 0.639114 0.811139
vt 0.844641 0.466504
vt 0.839128 0.466054
vt 0.637381 0.818333
vt 0.845645 0.472831
vt 0.839130 0.472299
vt 0.833613 0.466504
vt 0.832613 0.472831
vt 0.660414 0.826043
vt 0.660449 0.834528
vt 0.659952 0.818333
vt 0.044501 0.769998
vt 0.046236 0.762867
vt 0.658830 0.804149
vt 0.658215 0.811139
vt 0.659828 0.797091
vt 0.659648 0.791689
vt 0.043991 0.794870
vt 0.045933 0.788105
vt 0.657978 0.779309
vt 0.657704 0.784922
vt 0.658774 0.773977
vt 0.658581 0.769423
vt 0.043064 0.815176
vt 0.044867 0.809351
vt 0.656991 0.759541
vt 0.656776 0.763622
vt 0.658347 0.753290
vt 0.043995 0.828988
vt 0.044633 0.824641
vt 0.042486 0.834780
vt 0.656198 0.742994
vt 0.550462 0.963517
vt 0.562216 0.963517
vt 0.562216 0.971906
vt 0.550462 0.971906
vt 0.693111 0.918668
vt 0.685068 0.918668
vt 0.685068 0.906914
vt 0.693111 0.906914
vt 0.562216 0.975923
vt 0.550462 0.975923
vt 0.992088 0.059762
vt 0.988072 0.059762
vt 0.988072 0.051718
vt 0.992088 0.051718
vt 0.467261 0.916638
vt 0.475302 0.916638
vt 0.475301 0.920349
vt 0.467260 0.920349
vt 0.491571 0.916638
vt 0.491571 0.920349
vt 0.019414 0.968139
vt 0.019414 0.984413
vt 0.011025 0.984413
vt 0.011025 0.968139
vt 0.927514 0.958076
vt 0.935900 0.958076
vt 0.935900 0.966119
vt 0.927514 0.966119
vt 0.927514 0.941801
vt 0.935900 0.941802
vt 0.781281 0.959865
vt 0.772892 0.959865
vt 0.772892 0.956154
vt 0.781281 0.956154
vt 0.693111 0.922379
vt 0.685068 0.922379
vt 0.781281 0.971619
vt 0.772892 0.971619
vt 0.927514 0.936736
vt 0.935900 0.936736
vt 0.496636 0.916638
vt 0.496635 0.920349
vt 0.769237 0.625171
vt 0.770094 0.628782
vt 0.761932 0.630719
vt 0.761075 0.627109
vt 0.761932 0.591593
vt 0.770094 0.589656
vt 0.491363 0.882200
vt 0.496427 0.882200
vt 0.256048 0.876970
vt 0.256048 0.841444
vt 0.264161 0.843578
vt 0.264161 0.879103
vt 0.668794 0.918668
vt 0.663728 0.918668
vt 0.663714 0.884303
vt 0.668779 0.884303
vt 0.663728 0.922379
vt 0.668794 0.922379
vt 0.768875 0.959865
vt 0.768875 0.971619
vt 0.229303 0.993105
vt 0.229303 0.981351
vt 0.237344 0.981349
vt 0.237344 0.993103
vt 0.834520 0.272194
vt 0.834520 0.224847
vt 0.840667 0.224847
vt 0.840667 0.272194
vt 0.853737 0.988169
vt 0.853737 0.994316
vt 0.849390 0.992515
vt 0.847589 0.988169
vt 0.849390 0.983822
vt 0.853737 0.982021
vt 0.828373 0.272194
vt 0.828373 0.224847
vt 0.819722 0.992616
vt 0.823731 0.988269
vt 0.824069 0.988269
vt 0.824069 0.994416
vt 0.824069 0.982122
vt 0.819722 0.983922
vt 0.817921 0.988269
vt 0.867268 0.815441
vt 0.867268 0.862787
vt 0.862970 0.862786
vt 0.862970 0.815440
vt 0.698219 0.882654
vt 0.698219 0.835321
vt 0.702550 0.835365
vt 0.702550 0.882698
vt 0.871660 0.815440
vt 0.871660 0.862786
vt 0.632537 0.834528
vt 0.632536 0.787181
vt 0.636885 0.787178
vt 0.636885 0.834525
vt 0.185422 0.962469
vt 0.183477 0.956665
vt 0.186640 0.956470
vt 0.189476 0.957883
vt 0.191226 0.960524
vt 0.191420 0.963687
vt 0.190008 0.966523
vt 0.187366 0.968273
vt 0.184204 0.968468
vt 0.181367 0.967055
vt 0.179617 0.964414
vt 0.179423 0.961251
vt 0.180835 0.958415
vt 0.183318 0.955528
vt 0.184832 0.955914
vt 0.186915 0.956366
vt 0.185600 0.950593
vt 0.187161 0.950608
vt 0.189292 0.950552
vt 0.898010 0.768490
vt 0.899543 0.768490
vt 0.899543 0.773269
vt 0.898010 0.773269
vt 0.895933 0.768489
vt 0.895933 0.773268
vt 0.898010 0.778048
vt 0.899543 0.778048
vt 0.895933 0.778047
vt 0.122460 0.963675
vt 0.124837 0.969488
vt 0.122707 0.969432
vt 0.120377 0.964126
vt 0.121145 0.969448
vt 0.118863 0.964512
vt 0.893870 0.778046
vt 0.893870 0.773267
vt 0.124554 0.963278
vt 0.126966 0.969600
vt 0.125021 0.962158
vt 0.122185 0.963570
vt 0.119022 0.963376
vt 0.179423 0.892636
vt 0.179423 0.885964
vt 0.189402 0.885964
vt 0.189402 0.892636
vt 0.179423 0.893644
vt 0.189402 0.893643
vt 0.120967 0.957572
vt 0.126771 0.959516
vt 0.387285 0.984374
vt 0.385024 0.984427
vt 0.385024 0.974450
vt 0.387285 0.974397
vt 0.951844 0.115917
vt 0.952119 0.115813
vt 0.954213 0.116209
vt 0.954680 0.117330
vt 0.950626 0.121916
vt 0.956430 0.119971
vt 0.956625 0.123134
vt 0.698125 0.983644
vt 0.701188 0.983644
vt 0.701188 0.993624
vt 0.698125 0.993624
vt 0.955212 0.125970
vt 0.704246 0.983644
vt 0.704246 0.993624
vt 0.952570 0.127720
vt 0.928685 0.482273
vt 0.926446 0.482269
vt 0.926446 0.472290
vt 0.928685 0.472293
vt 0.949408 0.127915
vt 0.923386 0.482268
vt 0.923386 0.472288
vt 0.946572 0.126502
vt 0.920325 0.482269
vt 0.920325 0.472290
vt 0.944822 0.123860
vt 0.765908 0.920430
vt 0.765907 0.918131
vt 0.775886 0.918131
vt 0.775888 0.920430
vt 0.944627 0.120698
vt 0.765906 0.915050
vt 0.775886 0.915050
vt 0.946040 0.117862
vt 0.765907 0.912012
vt 0.775886 0.912012
vt 0.948681 0.116112
vt 0.765908 0.908740
vt 0.775887 0.908740
vt 0.948522 0.114975
vt 0.950036 0.115361
vt 0.950804 0.110040
vt 0.952366 0.110055
vt 0.765909 0.903484
vt 0.775888 0.903484
vt 0.950735 0.088030
vt 0.952297 0.088045
vt 0.764599 0.881818
vt 0.775886 0.881818
vt 0.954496 0.109999
vt 0.954428 0.087989
vt 0.064977 0.983567
vt 0.067049 0.983579
vt 0.067049 0.994863
vt 0.064977 0.994851
vt 0.063446 0.983560
vt 0.063446 0.994844
vt 0.179423 0.946178
vt 0.179474 0.944617
vt 0.184493 0.944617
vt 0.184441 0.946178
vt 0.179429 0.948310
vt 0.184448 0.948310
vt 0.200954 0.944617
vt 0.200903 0.946178
vt 0.200910 0.948310
vt 0.184511 0.950440
vt 0.200973 0.950440
vt 0.179493 0.950440
vt 0.194181 0.859498
vt 0.190710 0.859498
vt 0.190710 0.843435
vt 0.194181 0.843435
vt 0.194181 0.864395
vt 0.190710 0.864395
vt 0.069108 0.983592
vt 0.069108 0.994876
vt 0.179423 0.864395
vt 0.194181 0.885964
vt 0.197652 0.864395
vt 0.198960 0.885964
vt 0.197652 0.859498
vt 0.208939 0.885964
vt 0.208939 0.864395
vt 0.972723 0.465061
vt 0.972723 0.476345
vt 0.970664 0.476332
vt 0.970664 0.465048
vt 0.136511 0.949442
vt 0.136448 0.951573
vt 0.131429 0.951573
vt 0.131492 0.949442
vt 0.197652 0.843435
vt 0.114968 0.951573
vt 0.115031 0.949442
vt 0.131499 0.947311
vt 0.115038 0.947311
vt 0.136518 0.947311
vt 0.131448 0.945750
vt 0.114987 0.945750
vt 0.136467 0.945750
vt 0.974795 0.465073
vt 0.974795 0.476357
vt 0.976326 0.465081
vt 0.976326 0.476364
vt 0.756351 0.903484
vt 0.746372 0.903484
vt 0.746369 0.881818
vt 0.757657 0.881818
vt 0.761128 0.881818
vt 0.761130 0.903484
vt 0.152132 0.963976
vt 0.155603 0.963975
vt 0.155603 0.981732
vt 0.152132 0.983880
vt 0.131178 0.927600
vt 0.135815 0.927686
vt 0.987640 0.373699
vt 0.987990 0.370228
vt 0.992520 0.370228
vt 0.992147 0.373698
vt 0.725626 0.983867
vt 0.722156 0.983885
vt 0.722156 0.964017
vt 0.725626 0.966142
vt 0.987990 0.377171
vt 0.992520 0.377170
vt 0.718686 0.983903
vt 0.718686 0.966179
vt 0.074418 0.992718
vt 0.070947 0.992717
vt 0.070947 0.976574
vt 0.074418 0.976574
vt 0.077889 0.992718
vt 0.077889 0.976575
vt 0.973232 0.766806
vt 0.974763 0.766814
vt 0.974763 0.770284
vt 0.973232 0.770276
vt 0.973232 0.773747
vt 0.974763 0.773754
vt 0.976836 0.770296
vt 0.976836 0.773766
vt 0.976836 0.766825
vt 0.978894 0.766839
vt 0.978894 0.770309
vt 0.978894 0.773779
vt 0.180126 0.926554
vt 0.184763 0.926467
vt 0.148660 0.963978
vt 0.148660 0.981734
vt 0.168519 0.934850
vt 0.170081 0.934834
vt 0.170012 0.956844
vt 0.168450 0.956860
vt 0.756350 0.908740
vt 0.746371 0.908740
vt 0.166238 0.929914
vt 0.167751 0.929529
vt 0.163755 0.927028
vt 0.166396 0.928778
vt 0.756349 0.912012
vt 0.746370 0.912012
vt 0.168341 0.922974
vt 0.162342 0.924192
vt 0.756349 0.915050
vt 0.746369 0.915050
vt 0.169559 0.928973
vt 0.169834 0.929077
vt 0.172395 0.927560
vt 0.171928 0.928681
vt 0.172211 0.934890
vt 0.174340 0.935003
vt 0.208939 0.893643
vt 0.198960 0.893643
vt 0.198960 0.892636
vt 0.208939 0.892636
vt 0.174271 0.957013
vt 0.172143 0.956900
vt 0.189009 0.956762
vt 0.191420 0.950440
vt 0.174145 0.924918
vt 0.890967 0.975646
vt 0.890967 0.985623
vt 0.888706 0.985676
vt 0.888706 0.975699
vt 0.174340 0.921756
vt 0.689809 0.993623
vt 0.689809 0.983643
vt 0.692872 0.983644
vt 0.692872 0.993623
vt 0.172927 0.918920
vt 0.695930 0.983643
vt 0.695930 0.993623
vt 0.170286 0.917170
vt 0.937045 0.472293
vt 0.937045 0.482273
vt 0.934806 0.482269
vt 0.934806 0.472290
vt 0.167123 0.916975
vt 0.931746 0.482268
vt 0.931746 0.472288
vt 0.164287 0.918388
vt 0.928685 0.482269
vt 0.928685 0.472290
vt 0.162537 0.921029
vt 0.756350 0.920430
vt 0.746371 0.920430
vt 0.746370 0.918131
vt 0.756349 0.918131
vt 0.893870 0.768488
vt 0.956556 0.087877
vt 0.956625 0.109887
vt 0.116380 0.961626
vt 0.114968 0.958790
vt 0.115162 0.955627
vt 0.116912 0.952985
vt 0.119749 0.951573
vt 0.122911 0.951767
vt 0.125553 0.953517
vt 0.126966 0.956354
vt 0.518759 0.278319
vt 0.521863 0.281423
vt 0.519895 0.282560
vt 0.517623 0.282560
vt 0.515655 0.281423
vt 0.514519 0.279455
vt 0.514519 0.277183
vt 0.515655 0.275215
vt 0.517623 0.274079
vt 0.519895 0.274079
vt 0.521863 0.275215
vt 0.523000 0.277183
vt 0.523000 0.279455
vt 0.949068 0.893571
vt 0.949068 0.848518
vt 0.950660 0.848557
vt 0.950660 0.893610
vt 0.952849 0.848571
vt 0.952849 0.893624
vt 0.527240 0.278319
vt 0.530344 0.275215
vt 0.531480 0.277183
vt 0.531480 0.279455
vt 0.955050 0.848558
vt 0.955050 0.893611
vt 0.528376 0.274079
vt 0.526104 0.274079
vt 0.956671 0.848520
vt 0.956671 0.893573
vt 0.524136 0.275215
vt 0.910719 0.366015
vt 0.910719 0.411081
vt 0.908522 0.411081
vt 0.908522 0.366015
vt 0.523000 0.277183
vt 0.906329 0.411081
vt 0.906329 0.366015
vt 0.331401 0.910159
vt 0.331401 0.955225
vt 0.329795 0.955223
vt 0.329795 0.910157
vt 0.524136 0.281423
vt 0.327601 0.955222
vt 0.327601 0.910156
vt 0.526104 0.282560
vt 0.325405 0.955223
vt 0.325405 0.910157
vt 0.528376 0.282560
vt 0.936593 0.427085
vt 0.936593 0.472151
vt 0.934944 0.472152
vt 0.934944 0.427086
vt 0.530344 0.281423
vt 0.932735 0.472152
vt 0.932735 0.427086
vt 0.930556 0.472152
vt 0.930556 0.427085
vt 0.108885 0.975730
vt 0.110432 0.981504
vt 0.107338 0.981504
vt 0.104659 0.979957
vt 0.103112 0.977277
vt 0.103112 0.974183
vt 0.104659 0.971504
vt 0.107338 0.969957
vt 0.110432 0.969957
vt 0.113112 0.971504
vt 0.114659 0.974183
vt 0.114659 0.977277
vt 0.113112 0.979957
vt 0.719234 0.385910
vt 0.709121 0.385910
vt 0.709173 0.383742
vt 0.719287 0.383742
vt 0.709193 0.380761
vt 0.719306 0.380761
vt 0.620416 0.976487
vt 0.616189 0.972261
vt 0.618869 0.970714
vt 0.621963 0.970714
vt 0.709175 0.377765
vt 0.719288 0.377765
vt 0.614642 0.974940
vt 0.614642 0.978034
vt 0.709123 0.375558
vt 0.719236 0.375558
vt 0.616189 0.980714
vt 0.528023 0.983677
vt 0.528023 0.993793
vt 0.525032 0.993793
vt 0.525032 0.983677
vt 0.618869 0.982261
vt 0.522046 0.993793
vt 0.522046 0.983677
vt 0.621963 0.982261
vt 0.962197 0.223457
vt 0.962197 0.213341
vt 0.964383 0.213344
vt 0.964383 0.223461
vt 0.624642 0.980714
vt 0.967371 0.213346
vt 0.967371 0.223462
vt 0.626189 0.978034
vt 0.970361 0.213344
vt 0.970361 0.223461
vt 0.626189 0.974940
vt 0.955169 0.060103
vt 0.955169 0.049987
vt 0.957413 0.049986
vt 0.957413 0.060102
vt 0.624642 0.972261
vt 0.960422 0.049985
vt 0.960422 0.060101
vt 0.963388 0.049986
vt 0.963388 0.060102
vt 0.538246 0.664256
vt 0.535511 0.663523
vt 0.536244 0.662254
vt 0.537513 0.661522
vt 0.538979 0.661522
vt 0.540248 0.662254
vt 0.540980 0.663523
vt 0.540980 0.664989
vt 0.540247 0.666258
vt 0.538978 0.666991
vt 0.537513 0.666991
vt 0.536244 0.666258
vt 0.535511 0.664989
vt 0.803281 0.127061
vt 0.803281 0.082008
vt 0.804308 0.082033
vt 0.804308 0.127086
vt 0.805720 0.082042
vt 0.805720 0.127095
vt 0.842678 0.647356
vt 0.841945 0.650091
vt 0.840676 0.649358
vt 0.839943 0.648089
vt 0.807138 0.082033
vt 0.807138 0.127087
vt 0.843410 0.650091
vt 0.844680 0.649358
vt 0.808184 0.082009
vt 0.808184 0.127062
vt 0.845412 0.648089
vt 0.853116 0.385972
vt 0.853116 0.431038
vt 0.851700 0.431038
vt 0.851700 0.385972
vt 0.845412 0.646624
vt 0.850285 0.431038
vt 0.850285 0.385972
vt 0.844680 0.645355
vt 0.941659 0.482447
vt 0.941659 0.527513
vt 0.940623 0.527511
vt 0.940623 0.482445
vt 0.843410 0.644622
vt 0.939208 0.527511
vt 0.939208 0.482445
vt 0.841945 0.644622
vt 0.937792 0.527511
vt 0.937792 0.482445
vt 0.840676 0.645355
vt 0.302612 0.694149
vt 0.302612 0.739215
vt 0.301549 0.739215
vt 0.301549 0.694149
vt 0.839943 0.646624
vt 0.300124 0.739215
vt 0.300124 0.694149
vt 0.298719 0.739215
vt 0.298719 0.694149
vt 0.445595 0.976367
vt 0.449822 0.980594
vt 0.447142 0.982141
vt 0.444048 0.982141
vt 0.441369 0.980594
vt 0.439822 0.977914
vt 0.439822 0.974820
vt 0.441369 0.972141
vt 0.444048 0.970594
vt 0.447142 0.970594
vt 0.449822 0.972141
vt 0.451369 0.974820
vt 0.451369 0.977914
vt 0.864333 0.187073
vt 0.856904 0.187073
vt 0.856957 0.184905
vt 0.864386 0.184905
vt 0.856977 0.181924
vt 0.864406 0.181924
vt 0.235076 0.975576
vt 0.240850 0.974029
vt 0.240850 0.977123
vt 0.239303 0.979802
vt 0.856958 0.178928
vt 0.864387 0.178928
vt 0.239303 0.971349
vt 0.236623 0.969802
vt 0.856907 0.176720
vt 0.864336 0.176720
vt 0.233529 0.969802
vt 0.936533 0.419653
vt 0.936533 0.427085
vt 0.933542 0.427085
vt 0.933542 0.419653
vt 0.230850 0.971349
vt 0.930556 0.427085
vt 0.930556 0.419653
vt 0.229303 0.974029
vt 0.744941 0.385910
vt 0.737510 0.385910
vt 0.737513 0.383724
vt 0.744945 0.383724
vt 0.229303 0.977123
vt 0.737515 0.380736
vt 0.744946 0.380736
vt 0.230850 0.979802
vt 0.737513 0.377747
vt 0.744945 0.377747
vt 0.233529 0.981349
vt 0.563405 0.282299
vt 0.555974 0.282299
vt 0.555973 0.280054
vt 0.563404 0.280054
vt 0.236623 0.981349
vt 0.555972 0.277045
vt 0.563403 0.277045
vt 0.555973 0.274079
vt 0.563404 0.274079
vt 0.823695 0.976348
vt 0.827921 0.980575
vt 0.825242 0.982122
vt 0.822148 0.982122
vt 0.819468 0.980575
vt 0.817921 0.977895
vt 0.817921 0.974801
vt 0.819468 0.972122
vt 0.822148 0.970575
vt 0.825242 0.970575
vt 0.827921 0.972122
vt 0.829468 0.974801
vt 0.829468 0.977895
vt 0.729420 0.385910
vt 0.719306 0.385910
vt 0.719359 0.383742
vt 0.729473 0.383742
vt 0.719379 0.380761
vt 0.729492 0.380761
vt 0.120741 0.975374
vt 0.124968 0.971147
vt 0.126515 0.973827
vt 0.126515 0.976921
vt 0.719361 0.377765
vt 0.729474 0.377765
vt 0.122288 0.969600
vt 0.119194 0.969600
vt 0.719309 0.375558
vt 0.729422 0.375558
vt 0.116515 0.971147
vt 0.148660 0.993997
vt 0.148660 0.983880
vt 0.151651 0.983880
vt 0.151651 0.993997
vt 0.114968 0.973827
vt 0.154638 0.983880
vt 0.154638 0.993997
vt 0.114968 0.976921
vt 0.970282 0.522183
vt 0.970282 0.512067
vt 0.972468 0.512070
vt 0.972468 0.522186
vt 0.116515 0.979600
vt 0.975456 0.512072
vt 0.975456 0.522188
vt 0.119194 0.981147
vt 0.978445 0.512070
vt 0.978445 0.522186
vt 0.122288 0.981147
vt 0.962197 0.213344
vt 0.962197 0.223460
vt 0.959953 0.223462
vt 0.959953 0.213345
vt 0.124968 0.979600
vt 0.956944 0.223462
vt 0.956944 0.213346
vt 0.953978 0.223461
vt 0.953978 0.213345
vt 0.123028 0.890103
vt 0.123028 0.849660
vt 0.126602 0.851535
vt 0.126602 0.888228
vt 0.343089 0.711753
vt 0.302645 0.711753
vt 0.302645 0.695861
vt 0.343089 0.695861
vt 0.385418 0.850557
vt 0.370882 0.849069
vt 0.362722 0.835433
vt 0.385418 0.834665
vt 0.137566 0.890101
vt 0.137566 0.888160
vt 0.871522 0.720032
vt 0.871783 0.735923
vt 0.852564 0.735361
vt 0.860577 0.721638
vt 0.174536 0.773665
vt 0.174602 0.789549
vt 0.137909 0.789549
vt 0.137975 0.773665
vt 0.355240 0.759749
vt 0.355244 0.773596
vt 0.353303 0.773596
vt 0.353299 0.759749
vt 0.872069 0.762578
vt 0.845458 0.770119
vt 0.355239 0.724884
vt 0.353298 0.724884
vt 0.355244 0.800753
vt 0.385418 0.808008
vt 0.362151 0.787999
vt 0.385418 0.781351
vt 0.355244 0.712316
vt 0.353303 0.712316
vt 0.070947 0.941198
vt 0.047742 0.941034
vt 0.047742 0.939094
vt 0.067179 0.939422
vt 0.872069 0.789237
vt 0.852501 0.782799
vt 0.174702 0.720362
vt 0.174536 0.747017
vt 0.137976 0.747017
vt 0.137811 0.720362
vt 0.070947 0.900766
vt 0.067179 0.902541
vt 0.872069 0.650828
vt 0.872069 0.677487
vt 0.845458 0.669946
vt 0.852501 0.657266
vt 0.047742 0.900602
vt 0.047742 0.902543
vt 0.077915 0.858334
vt 0.054649 0.851686
vt 0.047742 0.838932
vt 0.077915 0.831677
vt 0.343089 0.765067
vt 0.302645 0.765067
vt 0.302645 0.738410
vt 0.343089 0.738410
vt 0.055220 0.804252
vt 0.077915 0.805020
vt 0.353299 0.698469
vt 0.353298 0.663604
vt 0.355239 0.663604
vt 0.355240 0.698469
vt 0.353303 0.651036
vt 0.355244 0.651036
vt 0.871784 0.704142
vt 0.852564 0.704704
vt 0.353303 0.712316
vt 0.355244 0.712316
vt 0.871523 0.720032
vt 0.860578 0.718427
vt 0.137566 0.849658
vt 0.137566 0.851599
vt 0.063379 0.790615
vt 0.077915 0.789127
vt 0.980670 0.439609
vt 0.975830 0.435516
vt 0.975830 0.409066
vt 0.980670 0.404973
vt 0.990048 0.810263
vt 0.990048 0.844900
vt 0.985306 0.844900
vt 0.985306 0.810263
vt 0.301996 0.991684
vt 0.301996 0.996529
vt 0.297254 0.996543
vt 0.297254 0.991698
vt 0.993239 0.591917
vt 0.993239 0.618368
vt 0.988499 0.618367
vt 0.988499 0.591917
vt 0.697853 0.940768
vt 0.697853 0.945620
vt 0.693111 0.945609
vt 0.693111 0.940756
vt 0.979222 0.127915
vt 0.984062 0.132007
vt 0.984062 0.158450
vt 0.979222 0.162541
vt 0.979222 0.162551
vt 0.974382 0.158458
vt 0.974382 0.132008
vt 0.979222 0.127915
vt 0.983623 0.258098
vt 0.983623 0.223462
vt 0.988365 0.223462
vt 0.988365 0.258098
vt 0.991876 0.369582
vt 0.991876 0.364737
vt 0.996618 0.364724
vt 0.996618 0.369568
vt 0.988365 0.276363
vt 0.988365 0.249912
vt 0.993105 0.249912
vt 0.993105 0.276363
vt 0.937147 0.759756
vt 0.937147 0.764609
vt 0.932406 0.764597
vt 0.932406 0.759745
vt 0.978917 0.565467
vt 0.983757 0.569559
vt 0.983757 0.596002
vt 0.978917 0.600093
vt 0.980425 0.511272
vt 0.975585 0.507179
vt 0.975585 0.480729
vt 0.980425 0.476636
vt 0.985318 0.964040
vt 0.985318 0.929404
vt 0.990060 0.929404
vt 0.990060 0.964040
vt 0.901217 0.996708
vt 0.901217 0.991863
vt 0.905959 0.991850
vt 0.905959 0.996695
vt 0.993544 0.127915
vt 0.993544 0.154365
vt 0.988804 0.154365
vt 0.988804 0.127915
vt 0.970300 0.809304
vt 0.970300 0.814157
vt 0.965558 0.814145
vt 0.965558 0.809293
vt 0.985318 0.964030
vt 0.980478 0.959938
vt 0.980478 0.933495
vt 0.977641 0.317959
vt 0.972800 0.313866
vt 0.972800 0.287415
vt 0.977641 0.283323
vt 0.982912 0.766806
vt 0.982912 0.732170
vt 0.987654 0.732170
vt 0.987654 0.766806
vt 0.991857 0.474161
vt 0.991857 0.469317
vt 0.996599 0.469303
vt 0.996599 0.474148
vt 0.988365 0.249912
vt 0.993105 0.223462
vt 0.993105 0.249912
vt 0.941889 0.759756
vt 0.941889 0.764609
vt 0.937147 0.764597
vt 0.937147 0.759745
vt 0.982898 0.374924
vt 0.978058 0.370831
vt 0.978058 0.344389
vt 0.982898 0.340298
vt 0.978046 0.908258
vt 0.973206 0.904166
vt 0.973206 0.877715
vt 0.978046 0.873622
vt 0.984062 0.162551
vt 0.984062 0.127915
vt 0.988804 0.162551
vt 0.609896 0.996547
vt 0.609896 0.991703
vt 0.614638 0.991689
vt 0.614638 0.996534
vt 0.988499 0.644818
vt 0.988499 0.618368
vt 0.993239 0.618368
vt 0.993239 0.644818
vt 0.907355 0.926181
vt 0.907355 0.931034
vt 0.902613 0.931022
vt 0.902613 0.926170
vt 0.983133 0.723744
vt 0.978293 0.719651
vt 0.978293 0.693208
vt 0.983133 0.689118
vt 0.978783 0.258098
vt 0.973943 0.254005
vt 0.973943 0.227555
vt 0.978783 0.223462
vt 0.982929 0.557118
vt 0.982929 0.522482
vt 0.987670 0.522482
vt 0.987670 0.557118
vt 0.444564 0.996423
vt 0.444564 0.991579
vt 0.449306 0.991565
vt 0.449306 0.996410
vt 0.989153 0.404173
vt 0.989153 0.377722
vt 0.993893 0.377722
vt 0.993893 0.404173
vt 0.923555 0.773394
vt 0.923555 0.778246
vt 0.918813 0.778234
vt 0.918813 0.773382
vt 0.983623 0.258088
vt 0.978783 0.253995
vt 0.978783 0.227553
vt 0.282961 0.972742
vt 0.282961 0.946291
vt 0.287801 0.942199
vt 0.985510 0.439609
vt 0.985510 0.404973
vt 0.990251 0.404973
vt 0.990251 0.439609
vt 0.392107 0.991933
vt 0.392107 0.996778
vt 0.387365 0.996791
vt 0.387365 0.991947
vt 0.988173 0.204626
vt 0.988173 0.178175
vt 0.992914 0.178175
vt 0.992914 0.204626
vt 0.439734 0.991163
vt 0.439734 0.996015
vt 0.434993 0.996004
vt 0.434993 0.991151
vt 0.985306 0.844890
vt 0.980466 0.840797
vt 0.980466 0.814354
vt 0.977076 0.808462
vt 0.972236 0.804369
vt 0.972236 0.777919
vt 0.977076 0.773826
vt 0.987875 0.689118
vt 0.987875 0.723754
vt 0.983133 0.723754
vt 0.642632 0.991859
vt 0.642632 0.996704
vt 0.637890 0.996718
vt 0.637890 0.991873
vt 0.990007 0.503086
vt 0.990007 0.476636
vt 0.994747 0.476636
vt 0.994747 0.503086
vt 0.904588 0.778234
vt 0.904588 0.773382
vt 0.909330 0.773394
vt 0.909330 0.778246
vt 0.985265 0.511262
vt 0.980425 0.507169
vt 0.980425 0.480726
vt 0.985265 0.476636
vt 0.978058 0.374934
vt 0.973218 0.370841
vt 0.973218 0.344391
vt 0.978058 0.340298
vt 0.988072 0.025268
vt 0.988072 0.059904
vt 0.983330 0.059904
vt 0.983330 0.025268
vt 0.015767 0.991899
vt 0.015767 0.996744
vt 0.011025 0.996758
vt 0.011025 0.991913
vt 0.005618 0.994264
vt 0.005618 0.967813
vt 0.010358 0.967814
vt 0.010358 0.994264
vt 0.994613 0.122830
vt 0.994613 0.127682
vt 0.989871 0.127670
vt 0.989871 0.122818
vt 0.982481 0.317949
vt 0.977641 0.313856
vt 0.977641 0.287413
vt 0.982481 0.283323
vt 0.975626 0.810263
vt 0.980466 0.814356
vt 0.980466 0.840807
vt 0.975626 0.844900
vt 0.990007 0.511272
vt 0.985265 0.511272
vt 0.668455 0.991530
vt 0.668455 0.996375
vt 0.663714 0.996388
vt 0.663714 0.991544
vt 0.993239 0.565467
vt 0.993239 0.591917
vt 0.988499 0.591917
vt 0.988499 0.565467
vt 0.914071 0.778234
vt 0.914071 0.773382
vt 0.918813 0.773394
vt 0.918813 0.778246
vt 0.982929 0.557108
vt 0.978089 0.553016
vt 0.978089 0.526573
vt 0.982929 0.522482
vt 0.978490 0.059904
vt 0.973650 0.055811
vt 0.973650 0.029361
vt 0.978490 0.025268
vt 0.983757 0.634739
vt 0.983757 0.600103
vt 0.988499 0.600103
vt 0.988499 0.634739
vt 0.439822 0.996424
vt 0.439822 0.991579
vt 0.444564 0.991565
vt 0.444564 0.996410
vt 0.992782 0.648911
vt 0.992782 0.675362
vt 0.988042 0.675362
vt 0.988042 0.648911
vt 0.980388 0.122830
vt 0.980388 0.127682
vt 0.975646 0.127671
vt 0.975646 0.122818
vt 0.983300 0.683537
vt 0.978460 0.679445
vt 0.978460 0.653002
vt 0.983300 0.648911
vt 0.980478 0.964040
vt 0.975638 0.959947
vt 0.975638 0.933497
vt 0.980478 0.929404
vt 0.990503 0.087877
vt 0.990503 0.122513
vt 0.985762 0.122513
vt 0.985762 0.087877
vt 0.996599 0.464445
vt 0.996599 0.469290
vt 0.991857 0.469303
vt 0.991857 0.464459
vt 0.989318 0.872609
vt 0.989318 0.846159
vt 0.994059 0.846159
vt 0.994059 0.872609
vt 0.985129 0.127671
vt 0.985129 0.122818
vt 0.989871 0.122830
vt 0.989871 0.127682
vt 0.980922 0.087877
vt 0.985762 0.091970
vt 0.985762 0.118413
vt 0.980922 0.122503
vt 0.978917 0.634739
vt 0.974077 0.630646
vt 0.974077 0.604196
vt 0.978917 0.600103
vt 0.991435 0.773826
vt 0.991435 0.808462
vt 0.986693 0.808462
vt 0.986693 0.773826
vt 0.396848 0.991933
vt 0.396848 0.996778
vt 0.392107 0.996791
vt 0.392107 0.991947
vt 0.990060 0.955855
vt 0.994800 0.929404
vt 0.994800 0.955855
vt 0.980215 0.082773
vt 0.980215 0.087625
vt 0.975473 0.087614
vt 0.975473 0.082762
vt 0.647955 0.984002
vt 0.643115 0.979909
vt 0.643115 0.953466
vt 0.647955 0.949375
vt 0.978592 0.212811
vt 0.973751 0.208719
vt 0.973751 0.182268
vt 0.978592 0.178175
vt 0.983300 0.683547
vt 0.988042 0.648911
vt 0.988042 0.683547
vt 0.196162 0.996341
vt 0.196162 0.991496
vt 0.200904 0.991483
vt 0.200904 0.996328
vt 0.988005 0.086796
vt 0.988005 0.060346
vt 0.992745 0.060346
vt 0.992745 0.086796
vt 0.899846 0.778234
vt 0.899846 0.773382
vt 0.904588 0.773394
vt 0.904588 0.778246
vt 0.982339 0.474646
vt 0.977499 0.470553
vt 0.977499 0.444110
vt 0.982339 0.440019
vt 0.487841 0.981817
vt 0.483001 0.977724
vt 0.483001 0.951274
vt 0.487841 0.947181
vt 0.987640 0.340298
vt 0.987640 0.374934
vt 0.982898 0.374934
vt 0.674949 0.991530
vt 0.674949 0.996375
vt 0.670207 0.996388
vt 0.670207 0.991544
vt 0.987654 0.758620
vt 0.987654 0.732170
vt 0.992394 0.732170
vt 0.992394 0.758620
vt 0.985129 0.122830
vt 0.985129 0.127682
vt 0.980388 0.127670
vt 0.980388 0.122818
vt 0.982886 0.908249
vt 0.978046 0.904156
vt 0.978046 0.877713
vt 0.982886 0.873622
vt 0.978072 0.766806
vt 0.973232 0.762713
vt 0.973232 0.736263
vt 0.978072 0.732170
vt 0.983757 0.600103
vt 0.983757 0.565467
vt 0.988499 0.565467
vt 0.773617 0.991495
vt 0.773617 0.996339
vt 0.768875 0.996353
vt 0.768875 0.991508
vt 0.988072 0.051718
vt 0.988072 0.025268
vt 0.992812 0.025268
vt 0.992812 0.051718
vt 0.982745 0.684265
vt 0.982745 0.689118
vt 0.978003 0.689106
vt 0.978003 0.684254
vt 0.985510 0.439599
vt 0.980670 0.435507
vt 0.980670 0.409064
vt 0.980922 0.122513
vt 0.976081 0.118420
vt 0.976081 0.091970
vt 0.987222 0.283323
vt 0.987222 0.317959
vt 0.982481 0.317959
vt 0.982481 0.283323
vt 0.813120 0.996243
vt 0.813120 0.991399
vt 0.817862 0.991385
vt 0.817862 0.996230
vt 0.987671 0.548932
vt 0.987671 0.522482
vt 0.992411 0.522482
vt 0.992411 0.548932
vt 0.854944 0.820297
vt 0.854944 0.815445
vt 0.859686 0.815456
vt 0.859686 0.820308
vt 0.982912 0.766796
vt 0.978072 0.762704
vt 0.978072 0.736261
vt 0.981916 0.808462
vt 0.977076 0.804369
vt 0.977076 0.777919
vt 0.981916 0.773826
vt 0.987628 0.873622
vt 0.987628 0.908258
vt 0.982886 0.908258
vt 0.975537 0.991242
vt 0.975537 0.996087
vt 0.970795 0.996101
vt 0.970795 0.991256
vt 0.987875 0.715568
vt 0.987875 0.689118
vt 0.992615 0.689118
vt 0.992615 0.715568
vt 0.914071 0.773394
vt 0.914071 0.778246
vt 0.909330 0.778234
vt 0.909330 0.773382
vt 0.983432 0.212802
vt 0.978592 0.208709
vt 0.978592 0.182266
vt 0.983432 0.178175
vt 0.871975 0.974203
vt 0.867135 0.970110
vt 0.867135 0.943660
vt 0.871975 0.939567
vt 0.983432 0.212812
vt 0.983432 0.178175
vt 0.988173 0.178175
vt 0.988173 0.212812
vt 0.191420 0.996341
vt 0.191420 0.991496
vt 0.196162 0.991483
vt 0.196162 0.996328
vt 0.637890 0.991859
vt 0.637890 0.965409
vt 0.642630 0.965409
vt 0.642630 0.991860
vt 0.928297 0.773394
vt 0.928297 0.778246
vt 0.923555 0.778234
vt 0.923555 0.773382
vt 0.983330 0.059894
vt 0.978490 0.055801
vt 0.978490 0.029359
vt 0.983330 0.025268
vt 0.974077 0.596010
vt 0.974077 0.569559
vt 0.987115 0.474656
vt 0.987115 0.440019
vt 0.991857 0.440019
vt 0.991857 0.474656
vt 0.021202 0.991942
vt 0.021202 0.996787
vt 0.016460 0.996800
vt 0.016460 0.991955
vt 0.994788 0.810263
vt 0.994788 0.836714
vt 0.990048 0.836714
vt 0.990048 0.810263
vt 0.987487 0.684265
vt 0.987487 0.689118
vt 0.982745 0.689106
vt 0.982745 0.684254
vt 0.983757 0.634729
vt 0.978917 0.630636
vt 0.978917 0.604193
vt 0.356731 0.626743
vt 0.356731 0.553510
vt 0.358503 0.553499
vt 0.358503 0.626732
vt 0.354968 0.626731
vt 0.354968 0.553498
vt 0.925370 0.618740
vt 0.928785 0.619655
vt 0.927870 0.621239
vt 0.926285 0.622154
vt 0.924456 0.622154
vt 0.359809 0.553468
vt 0.359809 0.626701
vt 0.930856 0.055885
vt 0.927442 0.056800
vt 0.927442 0.054970
vt 0.928357 0.053385
vt 0.928357 0.058384
vt 0.707890 0.629703
vt 0.707890 0.702956
vt 0.706121 0.702956
vt 0.706121 0.629703
vt 0.704355 0.702956
vt 0.704355 0.629703
vt 0.929941 0.059299
vt 0.922871 0.621239
vt 0.921956 0.619655
vt 0.921956 0.617825
vt 0.800807 0.616035
vt 0.800807 0.542782
vt 0.802100 0.542784
vt 0.802100 0.616037
vt 0.922871 0.616240
vt 0.803867 0.542784
vt 0.803867 0.616038
vt 0.933356 0.058384
vt 0.931771 0.059299
vt 0.934271 0.056800
vt 0.805635 0.542784
vt 0.805635 0.616037
vt 0.528502 0.667936
vt 0.528502 0.741190
vt 0.527175 0.741190
vt 0.527175 0.667937
vt 0.934271 0.054970
vt 0.924456 0.615325
vt 0.926285 0.615325
vt 0.927870 0.616240
vt 0.525395 0.741191
vt 0.525395 0.667937
vt 0.928785 0.617825
vt 0.523641 0.741190
vt 0.523641 0.667937
vt 0.931771 0.052470
vt 0.933356 0.053385
vt 0.929941 0.052470
vt 0.353686 0.626700
vt 0.353686 0.553467
vt 0.472879 0.970039
vt 0.478497 0.966795
vt 0.478497 0.973283
vt 0.472879 0.976527
vt 0.467260 0.973283
vt 0.467260 0.966795
vt 0.472879 0.963551
vt 0.562972 0.953170
vt 0.562972 0.918349
vt 0.569213 0.918348
vt 0.569213 0.953169
vt 0.573869 0.918350
vt 0.573869 0.953172
vt 0.076566 0.970086
vt 0.070947 0.973330
vt 0.070947 0.966842
vt 0.076566 0.963598
vt 0.967408 0.213020
vt 0.967408 0.178208
vt 0.973751 0.178175
vt 0.973751 0.212987
vt 0.076566 0.976574
vt 0.082184 0.973330
vt 0.010958 0.906938
vt 0.010958 0.941760
vt 0.004760 0.941760
vt 0.004760 0.906938
vt 0.082184 0.966842
vt 0.000000 0.941760
vt 0.000000 0.906939
vt 0.973943 0.223462
vt 0.973943 0.258283
vt 0.967611 0.258286
vt 0.967611 0.223464
vt 0.811194 0.940756
vt 0.808477 0.948035
vt 0.805275 0.943414
vt 0.805933 0.936959
vt 0.811852 0.934302
vt 0.817113 0.938099
vt 0.816973 0.944346
vt 0.817113 0.961457
vt 0.813024 0.960445
vt 0.970710 0.535692
vt 0.978089 0.535718
vt 0.978038 0.541186
vt 0.970659 0.541160
vt 0.971710 0.522482
vt 0.977168 0.522501
vt 0.381132 0.951230
vt 0.375214 0.948573
vt 0.378415 0.943952
vt 0.386911 0.947640
vt 0.382962 0.931540
vt 0.387051 0.930528
vt 0.707601 0.983283
vt 0.707601 0.988743
vt 0.704246 0.988741
vt 0.704246 0.983282
vt 0.975133 0.115046
vt 0.969673 0.115047
vt 0.968700 0.099105
vt 0.976081 0.099104
vt 0.978089 0.546961
vt 0.970710 0.546935
vt 0.375872 0.955028
vt 0.381791 0.957685
vt 0.724032 0.191412
vt 0.724032 0.184030
vt 0.730516 0.184030
vt 0.730516 0.191412
vt 0.387051 0.953888
vt 0.968700 0.087878
vt 0.976081 0.087877
vt 0.976077 0.093354
vt 0.968695 0.093355
vt 0.730642 0.714187
vt 0.719509 0.717460
vt 0.719710 0.702745
vt 0.731215 0.703541
vt 0.719766 0.732426
vt 0.717318 0.732662
vt 0.343499 0.549758
vt 0.343493 0.531709
vt 0.345677 0.531709
vt 0.345683 0.549758
vt 0.343492 0.521074
vt 0.345676 0.521074
vt 0.716768 0.688246
vt 0.725039 0.692624
vt 0.343496 0.510053
vt 0.345680 0.510053
vt 0.708206 0.701950
vt 0.708498 0.683869
vt 0.708376 0.720733
vt 0.708791 0.665788
vt 0.716361 0.663115
vt 0.723931 0.660442
vt 0.708859 0.647717
vt 0.720037 0.647360
vt 0.731215 0.647002
vt 0.343497 0.477856
vt 0.343493 0.464544
vt 0.345677 0.464544
vt 0.345681 0.477856
vt 0.343493 0.453809
vt 0.345677 0.453809
vt 0.343499 0.387805
vt 0.345683 0.387805
vt 0.414273 0.976107
vt 0.414273 0.970097
vt 0.416457 0.970097
vt 0.416457 0.976107
vt 0.414273 0.964087
vt 0.416457 0.964087
vt 0.720114 0.637070
vt 0.709030 0.637873
vt 0.709717 0.570979
vt 0.715721 0.570698
vt 0.731197 0.636266
vt 0.721724 0.570416
vt 0.134402 0.589719
vt 0.134402 0.599548
vt 0.132218 0.599548
vt 0.132218 0.589719
vt 0.134402 0.522909
vt 0.132218 0.522909
vt 0.134402 0.617602
vt 0.132218 0.617602
vt 0.134402 0.635656
vt 0.132218 0.635656
vt 0.134402 0.653710
vt 0.132218 0.653710
vt 0.134402 0.672484
vt 0.132218 0.672484
vt 0.134402 0.684904
vt 0.132218 0.684904
vt 0.949416 0.964405
vt 0.949416 0.966860
vt 0.947232 0.966860
vt 0.947232 0.964405
vt 0.949416 0.969316
vt 0.947232 0.969316
vt 0.714871 0.732899
vt 0.946854 0.777123
vt 0.952105 0.777123
vt 0.952105 0.807931
vt 0.946854 0.807931
vt 0.544564 0.389433
vt 0.575372 0.389433
vt 0.575372 0.583941
vt 0.544564 0.583941
vt 0.541267 0.583941
vt 0.541267 0.389433
vt 0.950780 0.811228
vt 0.946854 0.811228
vt 0.298719 0.499641
vt 0.302645 0.499641
vt 0.302645 0.694149
vt 0.298719 0.694149
vt 0.952474 0.226759
vt 0.947223 0.226758
vt 0.947223 0.223462
vt 0.951150 0.223463
vt 0.930556 0.417903
vt 0.930556 0.223462
vt 0.933853 0.223497
vt 0.933853 0.417938
vt 0.958449 0.226760
vt 0.958449 0.257560
vt 0.952474 0.257558
vt 0.893870 0.573980
vt 0.899846 0.573980
vt 0.899846 0.768488
vt 0.947223 0.257557
vt 0.900614 0.215808
vt 0.894638 0.215808
vt 0.894638 0.021300
vt 0.900614 0.021300
vt 0.937149 0.223462
vt 0.937149 0.417903
vt 0.933853 0.417938
vt 0.933853 0.223497
vt 0.951150 0.260854
vt 0.947223 0.260853
vt 0.911242 0.220458
vt 0.915169 0.220458
vt 0.915169 0.414966
vt 0.911242 0.414966
vt 0.946854 0.773826
vt 0.950780 0.773826
vt 0.578669 0.389433
vt 0.578669 0.583941
vt 0.958080 0.777123
vt 0.958080 0.807931
vt 0.608101 0.000000
vt 0.638910 0.000000
vt 0.638910 0.194441
vt 0.608101 0.194442
vt 0.883733 0.168875
vt 0.875198 0.168875
vt 0.875198 0.125156
vt 0.883733 0.125156
vt 0.196169 0.026046
vt 0.152450 0.026046
vt 0.152450 0.000000
vt 0.196169 0.000000
vt 0.204014 0.000000
vt 0.204014 0.026046
vt 0.875198 0.117311
vt 0.883733 0.117311
vt 0.696320 0.629703
vt 0.704166 0.629703
vt 0.704166 0.644493
vt 0.696320 0.644493
vt 0.866268 0.168875
vt 0.866268 0.125156
vt 0.942062 0.221985
vt 0.933132 0.221985
vt 0.933132 0.203200
vt 0.942062 0.207194
vt 0.923768 0.221985
vt 0.923768 0.207194
vt 0.856904 0.168875
vt 0.856904 0.125156
vt 0.063439 0.972594
vt 0.063446 0.981960
vt 0.055600 0.981960
vt 0.055594 0.972594
vt 0.063446 0.963667
vt 0.055600 0.963667
vt 0.910968 0.433751
vt 0.902038 0.433752
vt 0.902038 0.418961
vt 0.910968 0.414966
vt 0.920332 0.433751
vt 0.920332 0.418961
vt 0.113751 0.275440
vt 0.121597 0.275440
vt 0.121597 0.290226
vt 0.113751 0.290226
vt 0.920332 0.459798
vt 0.910968 0.459798
vt 0.113751 0.249403
vt 0.121597 0.249403
vt 0.965485 0.180720
vt 0.965485 0.190083
vt 0.959733 0.190083
vt 0.959733 0.180720
vt 0.113751 0.238137
vt 0.121597 0.238137
vt 0.127349 0.238137
vt 0.127349 0.249403
vt 0.953981 0.190083
vt 0.953981 0.180720
vt 0.133101 0.238137
vt 0.133101 0.249403
vt 0.127349 0.209606
vt 0.133101 0.209605
vt 0.785735 0.834712
vt 0.785735 0.863253
vt 0.782273 0.863253
vt 0.782273 0.834712
vt 0.137811 0.771599
vt 0.137811 0.777350
vt 0.134349 0.777350
vt 0.134349 0.771599
vt 0.856904 0.123063
vt 0.828373 0.123063
vt 0.828373 0.117311
vt 0.856904 0.117311
vt 0.211619 0.778291
vt 0.211619 0.772541
vt 0.215081 0.772541
vt 0.215081 0.778292
vt 0.211619 0.786134
vt 0.215081 0.786135
vt 0.856904 0.130908
vt 0.828373 0.130908
vt 0.121597 0.209606
vt 0.121597 0.199117
vt 0.127349 0.199117
vt 0.113751 0.209606
vt 0.111390 0.199117
vt 0.072394 0.199118
vt 0.070033 0.209606
vt 0.211619 0.829840
vt 0.215081 0.829841
vt 0.062187 0.209606
vt 0.062187 0.199118
vt 0.211619 0.837684
vt 0.215081 0.837684
vt 0.828373 0.174627
vt 0.856904 0.174627
vt 0.856904 0.182473
vt 0.828373 0.182472
vt 0.211619 0.843434
vt 0.215081 0.843435
vt 0.856904 0.188225
vt 0.828373 0.188224
vt 0.137811 0.836760
vt 0.137811 0.842512
vt 0.134349 0.842512
vt 0.134349 0.836760
vt 0.137811 0.828915
vt 0.134349 0.828915
vt 0.062187 0.238138
vt 0.062187 0.249404
vt 0.056435 0.249404
vt 0.056435 0.238138
vt 0.070033 0.238138
vt 0.070033 0.249404
vt 0.050683 0.249404
vt 0.050683 0.238138
vt 0.056435 0.209607
vt 0.050683 0.209607
vt 0.047376 0.889467
vt 0.047376 0.918009
vt 0.043915 0.918009
vt 0.043915 0.889467
vt 0.056435 0.199118
vt 0.050683 0.199118
vt 0.877306 0.474539
vt 0.886669 0.474539
vt 0.886669 0.485031
vt 0.877306 0.485031
vt 0.886669 0.513572
vt 0.877306 0.513572
vt 0.868375 0.474539
vt 0.868375 0.485031
vt 0.868375 0.513572
vt 0.886669 0.524842
vt 0.877306 0.524841
vt 0.868375 0.524841
vt 0.859840 0.485030
vt 0.859840 0.513572
vt 0.859840 0.524841
vt 0.959693 0.739050
vt 0.959693 0.747586
vt 0.953941 0.747586
vt 0.953941 0.739050
vt 0.959693 0.730120
vt 0.953941 0.730120
vt 0.965445 0.739050
vt 0.965445 0.747586
vt 0.965445 0.730120
vt 0.920699 0.573980
vt 0.912164 0.573980
vt 0.912164 0.547934
vt 0.920699 0.547934
vt 0.903233 0.573980
vt 0.903233 0.547934
vt 0.965445 0.720757
vt 0.959693 0.720757
vt 0.893870 0.573980
vt 0.893870 0.547934
vt 0.893870 0.533143
vt 0.903233 0.529149
vt 0.912164 0.533144
vt 0.047742 0.972594
vt 0.047748 0.963667
vt 0.055594 0.963667
vt 0.055587 0.972594
vt 0.047748 0.981960
vt 0.055594 0.981960
vt 0.062187 0.275441
vt 0.070033 0.275441
vt 0.070033 0.290226
vt 0.062187 0.290226
vt 0.924378 0.019185
vt 0.915014 0.019186
vt 0.915014 0.000401
vt 0.924378 0.004395
vt 0.906084 0.019186
vt 0.906084 0.004395
vt 0.558307 0.990714
vt 0.550462 0.990714
vt 0.550462 0.975923
vt 0.558307 0.975923
vt 0.883733 0.176720
vt 0.875198 0.176720
vt 0.144605 0.026046
vt 0.144605 0.000000
vt 0.152450 0.037316
vt 0.144605 0.037316
vt 0.138853 0.037316
vt 0.138853 0.026046
vt 0.152450 0.065857
vt 0.144605 0.065857
vt 0.138853 0.065857
vt 0.133101 0.037316
vt 0.133101 0.026046
vt 0.133101 0.065857
vt 0.144605 0.076349
vt 0.138853 0.076349
vt 0.133101 0.076349
vt 0.859840 0.474539
vt 0.547018 0.918351
vt 0.547018 0.926886
vt 0.541267 0.926888
vt 0.541267 0.918352
vt 0.547018 0.935816
vt 0.541267 0.935817
vt 0.552768 0.918350
vt 0.552768 0.926885
vt 0.552768 0.935815
vt 0.562972 0.926883
vt 0.562972 0.935813
vt 0.562972 0.918348
vt 0.552768 0.945178
vt 0.547018 0.945179
vt 0.562972 0.945176
vt 0.648273 0.199186
vt 0.638910 0.199186
vt 0.638910 0.000000
vt 0.648273 0.000000
vt 0.657203 0.199186
vt 0.657203 0.000000
vt 0.909977 0.060287
vt 0.900614 0.060285
vt 0.900614 0.021300
vt 0.909977 0.021302
vt 0.918907 0.060289
vt 0.918907 0.021304
vt 0.927442 0.060290
vt 0.927442 0.021306
vt 0.665739 0.199186
vt 0.665739 0.000000
vt 0.636885 0.385972
vt 0.645420 0.385972
vt 0.645420 0.585157
vt 0.636885 0.585157
vt 0.654350 0.385972
vt 0.654350 0.585157
vt 0.467260 0.928889
vt 0.467260 0.920353
vt 0.477464 0.920351
vt 0.477464 0.928886
vt 0.467260 0.937818
vt 0.477464 0.937816
vt 0.467260 0.947181
vt 0.477464 0.947179
vt 0.663714 0.385972
vt 0.663714 0.585157
vt 0.483214 0.928885
vt 0.483214 0.937815
vt 0.483214 0.947178
vt 0.488965 0.928884
vt 0.488965 0.937814
vt 0.488965 0.947177
vt 0.133101 0.199117
vt 0.372710 0.890368
vt 0.382073 0.890368
vt 0.382073 0.900860
vt 0.372710 0.900860
vt 0.372710 0.861827
vt 0.382073 0.861827
vt 0.363779 0.890368
vt 0.363779 0.900860
vt 0.363779 0.861827
vt 0.372710 0.850557
vt 0.382073 0.850557
vt 0.363779 0.850558
vt 0.355244 0.850558
vt 0.355244 0.861827
vt 0.355244 0.890368
vt 0.209766 0.037316
vt 0.209766 0.026046
vt 0.215518 0.026046
vt 0.215518 0.037316
vt 0.209766 0.065857
vt 0.215518 0.065857
vt 0.355244 0.900860
vt 0.209766 0.076349
vt 0.215518 0.076349
vt 0.204014 0.076349
vt 0.204014 0.065857
vt 0.204014 0.037316
vt 0.196169 0.065857
vt 0.196169 0.037316
vt 0.193807 0.076349
vt 0.893503 0.433752
vt 0.902038 0.459798
vt 0.893503 0.459798
vt 0.965485 0.163254
vt 0.965485 0.171789
vt 0.959733 0.171789
vt 0.959733 0.163254
vt 0.953981 0.171789
vt 0.953981 0.163254
vt 0.483214 0.920350
vt 0.154812 0.076349
vt 0.193807 0.275535
vt 0.154812 0.275535
vt 0.488965 0.920349
vt 0.072394 0.000001
vt 0.111390 0.000000
vt 0.541267 0.945180
vt 0.137811 0.785196
vt 0.134349 0.785196
vt 0.636902 0.194442
vt 0.636902 0.385946
vt 0.629339 0.385963
vt 0.629339 0.194459
vt 0.311003 0.387805
vt 0.311003 0.579243
vt 0.302645 0.579319
vt 0.302645 0.387881
vt 0.785976 0.825195
vt 0.788861 0.816839
vt 0.793257 0.819951
vt 0.791146 0.826063
vt 0.796406 0.810850
vt 0.798825 0.815531
vt 0.143925 0.602603
vt 0.137811 0.602597
vt 0.137811 0.411094
vt 0.143925 0.411100
vt 0.709135 0.191503
vt 0.703571 0.191518
vt 0.703571 0.000015
vt 0.709135 0.000000
vt 0.696461 0.191525
vt 0.696461 0.000022
vt 0.805060 0.808338
vt 0.805937 0.813466
vt 0.684477 0.191528
vt 0.684477 0.000024
vt 0.817633 0.807601
vt 0.817921 0.812762
vt 0.620677 0.194466
vt 0.620677 0.385970
vt 0.608101 0.385972
vt 0.608101 0.194468
vt 0.702639 0.918988
vt 0.702639 0.727484
vt 0.707802 0.727483
vt 0.707802 0.918987
vt 0.859619 0.644622
vt 0.847045 0.643882
vt 0.847922 0.638752
vt 0.859907 0.639459
vt 0.838391 0.641367
vt 0.840810 0.636686
vt 0.830845 0.635375
vt 0.835241 0.632264
vt 0.827960 0.627016
vt 0.833131 0.626149
vt 0.155122 0.411100
vt 0.155122 0.602603
vt 0.827960 0.614952
vt 0.833131 0.614952
vt 0.323067 0.579243
vt 0.323067 0.387805
vt 0.335132 0.387805
vt 0.335132 0.579243
vt 0.827960 0.602887
vt 0.833131 0.603754
vt 0.343492 0.387881
vt 0.343492 0.579319
vt 0.830845 0.594528
vt 0.835241 0.597640
vt 0.166320 0.411100
vt 0.166320 0.602603
vt 0.172434 0.411094
vt 0.172434 0.602597
vt 0.684477 0.383032
vt 0.690032 0.191541
vt 0.690032 0.383044
vt 0.838391 0.588537
vt 0.840810 0.593218
vt 0.697138 0.191547
vt 0.697138 0.383050
vt 0.847045 0.586021
vt 0.847922 0.591151
vt 0.615653 0.385992
vt 0.624310 0.386001
vt 0.624310 0.577504
vt 0.615653 0.577496
vt 0.608101 0.577475
vt 0.636885 0.386003
vt 0.636885 0.577507
vt 0.859619 0.585282
vt 0.859907 0.590444
vt 0.920332 0.223463
vt 0.920332 0.414966
vt 0.915169 0.414966
vt 0.915169 0.223462
vt 0.709121 0.191549
vt 0.709121 0.383053
vt 0.817633 0.866924
vt 0.805060 0.866182
vt 0.805937 0.861054
vt 0.817921 0.861763
vt 0.796406 0.863666
vt 0.798825 0.858986
vt 0.788861 0.857674
vt 0.793257 0.854564
vt 0.785976 0.849317
vt 0.791146 0.848451
vt 0.785976 0.837256
vt 0.791146 0.837257
vt 0.911198 0.211832
vt 0.911198 0.225684
vt 0.905905 0.225647
vt 0.905905 0.211795
vt 0.900614 0.225684
vt 0.900614 0.211832
vt 0.742033 0.103130
vt 0.747323 0.104548
vt 0.746293 0.106332
vt 0.742033 0.105190
vt 0.736742 0.104548
vt 0.737771 0.106332
vt 0.682452 0.637085
vt 0.682455 0.632823
vt 0.696311 0.632823
vt 0.696308 0.637085
vt 0.682455 0.641347
vt 0.696311 0.641347
vt 0.732868 0.108422
vt 0.734651 0.109452
vt 0.682464 0.644467
vt 0.696320 0.644467
vt 0.678533 0.263412
vt 0.682407 0.267286
vt 0.680623 0.268316
vt 0.677503 0.265196
vt 0.673241 0.261994
vt 0.673241 0.264054
vt 0.146985 0.286119
vt 0.160842 0.286119
vt 0.160829 0.289997
vt 0.146972 0.289997
vt 0.683825 0.272578
vt 0.681765 0.272578
vt 0.146990 0.280825
vt 0.160847 0.280825
vt 0.731449 0.113714
vt 0.733509 0.113714
vt 0.146985 0.275535
vt 0.160842 0.275535
vt 0.732866 0.119006
vt 0.734650 0.117976
vt 0.836897 0.286059
vt 0.832632 0.286062
vt 0.832631 0.272206
vt 0.836897 0.272203
vt 0.828373 0.286059
vt 0.828373 0.272203
vt 0.682407 0.277871
vt 0.680623 0.276841
vt 0.840026 0.286050
vt 0.840026 0.272194
vt 0.678533 0.281745
vt 0.677503 0.279961
vt 0.974129 0.689107
vt 0.974129 0.675250
vt 0.978003 0.675261
vt 0.978003 0.689118
vt 0.325400 0.937947
vt 0.325190 0.944382
vt 0.311344 0.943830
vt 0.308599 0.937277
vt 0.673255 0.288182
vt 0.673241 0.283163
vt 0.678836 0.288182
vt 0.673241 0.281103
vt 0.325401 0.934111
vt 0.306469 0.933355
vt 0.673254 0.292015
vt 0.679131 0.292015
vt 0.673254 0.295941
vt 0.680279 0.295941
vt 0.325405 0.930181
vt 0.304289 0.929338
vt 0.673253 0.315042
vt 0.680278 0.315042
vt 0.325405 0.911064
vt 0.302645 0.910156
vt 0.734745 0.156086
vt 0.734807 0.137007
vt 0.741829 0.137007
vt 0.741768 0.156086
vt 0.736011 0.133102
vt 0.741886 0.133102
vt 0.748852 0.137007
vt 0.748791 0.156086
vt 0.747762 0.133102
vt 0.736361 0.129290
vt 0.741942 0.129290
vt 0.747522 0.129290
vt 0.420643 0.917671
vt 0.422774 0.913749
vt 0.439575 0.913079
vt 0.439576 0.916916
vt 0.418463 0.921691
vt 0.439579 0.920848
vt 0.667377 0.292015
vt 0.667673 0.288182
vt 0.666229 0.295941
vt 0.416819 0.940873
vt 0.439579 0.939965
vt 0.666228 0.315042
vt 0.957732 0.083069
vt 0.950707 0.083069
vt 0.950707 0.060290
vt 0.957732 0.060290
vt 0.964757 0.083069
vt 0.964757 0.060290
vt 0.667948 0.281745
vt 0.425519 0.907196
vt 0.439365 0.906644
vt 0.664074 0.277871
vt 0.665858 0.276841
vt 0.668978 0.279961
vt 0.080167 0.802995
vt 0.080167 0.789139
vt 0.084041 0.789127
vt 0.084041 0.802984
vt 0.160847 0.275535
vt 0.165110 0.275565
vt 0.165110 0.289417
vt 0.160847 0.289387
vt 0.953050 0.893628
vt 0.956173 0.893639
vt 0.956173 0.907495
vt 0.953050 0.907485
vt 0.169371 0.275535
vt 0.169371 0.289386
vt 0.747319 0.122880
vt 0.742028 0.124298
vt 0.742029 0.122238
vt 0.746290 0.121096
vt 0.736738 0.122880
vt 0.737768 0.121096
vt 0.948786 0.893624
vt 0.948786 0.907481
vt 0.662656 0.272578
vt 0.664716 0.272578
vt 0.944525 0.893628
vt 0.944525 0.907485
vt 0.664074 0.267286
vt 0.665858 0.268316
vt 0.146961 0.286119
vt 0.133105 0.286119
vt 0.133101 0.280823
vt 0.146957 0.280823
vt 0.133105 0.275535
vt 0.146961 0.275535
vt 0.751196 0.108422
vt 0.752612 0.113714
vt 0.750553 0.113714
vt 0.749412 0.109452
vt 0.751193 0.119006
vt 0.749410 0.117976
vt 0.146972 0.290005
vt 0.133116 0.290005
vt 0.682464 0.629703
vt 0.667948 0.263412
vt 0.668978 0.265196
vt 0.295088 0.740456
vt 0.300640 0.740456
vt 0.300640 0.759994
vt 0.295088 0.759994
vt 0.934952 0.166130
vt 0.929399 0.166130
vt 0.929399 0.163254
vt 0.934952 0.163254
vt 0.942226 0.163254
vt 0.942226 0.166130
vt 0.287814 0.759994
vt 0.287814 0.740457
vt 0.300640 0.841045
vt 0.295088 0.841045
vt 0.287814 0.841045
vt 0.172898 0.376124
vt 0.170022 0.376124
vt 0.170022 0.295072
vt 0.172898 0.295072
vt 0.170022 0.275535
vt 0.172898 0.275535
vt 0.207474 0.690270
vt 0.207474 0.670733
vt 0.214748 0.670733
vt 0.214748 0.690270
vt 0.207474 0.771322
vt 0.214748 0.771322
vt 0.937353 0.127913
vt 0.937353 0.125038
vt 0.944627 0.125040
vt 0.944627 0.127915
vt 0.931801 0.125037
vt 0.931801 0.116058
vt 0.937353 0.116059
vt 0.931801 0.127912
vt 0.084877 0.717202
vt 0.075896 0.717202
vt 0.075896 0.636151
vt 0.084877 0.636151
vt 0.931801 0.112559
vt 0.937353 0.112560
vt 0.072396 0.717202
vt 0.072396 0.636151
vt 0.075896 0.616613
vt 0.084877 0.616614
vt 0.072396 0.616614
vt 0.063259 0.636151
vt 0.063259 0.616614
vt 0.063259 0.717202
vt 0.059665 0.717202
vt 0.059665 0.636151
vt 0.059665 0.616613
vt 0.931801 0.103425
vt 0.937353 0.103426
vt 0.931801 0.099832
vt 0.937353 0.099833
vt 0.931801 0.090853
vt 0.937353 0.090854
vt 0.050683 0.717202
vt 0.050683 0.636151
vt 0.931801 0.087978
vt 0.937353 0.087979
vt 0.944627 0.087980
vt 0.944627 0.090855
vt 0.761075 0.570118
vt 0.761075 0.489067
vt 0.768349 0.489067
vt 0.768349 0.570118
vt 0.264230 0.822704
vt 0.261354 0.822704
vt 0.261354 0.741652
vt 0.264230 0.741652
vt 0.900776 0.314377
vt 0.900776 0.395429
vt 0.893503 0.395429
vt 0.893503 0.314377
vt 0.261354 0.722115
vt 0.264230 0.722115
vt 0.900776 0.414966
vt 0.893503 0.414966
vt 0.906329 0.314378
vt 0.906329 0.395429
vt 0.906329 0.414966
vt 0.934952 0.203200
vt 0.929399 0.203200
vt 0.929399 0.200324
vt 0.934952 0.200324
vt 0.942226 0.200324
vt 0.942226 0.203200
vt 0.761075 0.589656
vt 0.768349 0.589656
vt 0.050683 0.616613
vt 0.929399 0.191342
vt 0.934952 0.191342
vt 0.170137 0.683627
vt 0.179119 0.683627
vt 0.179119 0.703158
vt 0.170137 0.703158
vt 0.167261 0.683627
vt 0.167261 0.703158
vt 0.929399 0.187748
vt 0.934952 0.187748
vt 0.345112 0.266972
vt 0.345112 0.286510
vt 0.339481 0.286510
vt 0.339481 0.266972
vt 0.923768 0.191342
vt 0.923768 0.187748
vt 0.866854 0.981341
vt 0.863260 0.981341
vt 0.863260 0.961810
vt 0.866854 0.961810
vt 0.339481 0.367561
vt 0.338367 0.368003
vt 0.338367 0.286952
vt 0.345112 0.367561
vt 0.910925 0.830103
vt 0.907334 0.830239
vt 0.907479 0.829119
vt 0.910416 0.829008
vt 0.907987 0.825587
vt 0.910925 0.825476
vt 0.336942 0.368598
vt 0.334855 0.287574
vt 0.339678 0.370057
vt 0.338564 0.370220
vt 0.337203 0.371089
vt 0.459511 0.739114
vt 0.459511 0.736625
vt 0.462071 0.733398
vt 0.463830 0.736072
vt 0.459511 0.820132
vt 0.463269 0.823090
vt 0.212301 0.613986
vt 0.213003 0.526942
vt 0.215496 0.525906
vt 0.215443 0.612202
vt 0.212833 0.524255
vt 0.215307 0.523221
vt 0.019346 0.840265
vt 0.019349 0.760056
vt 0.023107 0.757229
vt 0.023665 0.843383
vt 0.019346 0.842745
vt 0.021905 0.846047
vt 0.212216 0.623089
vt 0.215358 0.621305
vt 0.016409 0.760056
vt 0.019199 0.748125
vt 0.789127 0.805142
vt 0.786187 0.805141
vt 0.786187 0.792768
vt 0.789127 0.792769
vt 0.896493 0.314377
vt 0.893783 0.234069
vt 0.908864 0.228345
vt 0.908864 0.311632
vt 0.893503 0.231581
vt 0.908667 0.225849
vt 0.687278 0.832372
vt 0.687278 0.828779
vt 0.702494 0.828645
vt 0.702494 0.832238
vt 0.015752 0.842745
vt 0.017181 0.846828
vt 0.687278 0.819644
vt 0.702494 0.819511
vt 0.006615 0.842745
vt 0.005171 0.846828
vt 0.964764 0.076904
vt 0.964764 0.064897
vt 0.967214 0.064871
vt 0.967214 0.076878
vt 0.964757 0.081645
vt 0.967207 0.081619
vt 0.455917 0.736625
vt 0.446780 0.736625
vt 0.445336 0.732617
vt 0.457346 0.732617
vt 0.736869 0.982877
vt 0.736869 0.973743
vt 0.738236 0.973080
vt 0.738236 0.982215
vt 0.736869 0.986470
vt 0.738236 0.985807
vt 0.735754 0.983069
vt 0.735754 0.973934
vt 0.735754 0.986662
vt 0.730321 0.983068
vt 0.730321 0.973933
vt 0.730321 0.986661
vt 0.735754 0.970436
vt 0.736869 0.970244
vt 0.730321 0.970434
vt 0.665152 0.257774
vt 0.665152 0.261273
vt 0.662656 0.261273
vt 0.662656 0.257774
vt 0.665152 0.248637
vt 0.662656 0.248637
vt 0.440015 0.733927
vt 0.434384 0.733927
vt 0.434581 0.731431
vt 0.440015 0.731431
vt 0.433271 0.733486
vt 0.433468 0.731270
vt 0.431848 0.732895
vt 0.432109 0.730405
vt 0.738236 0.969581
vt 0.443280 0.736625
vt 0.443280 0.739114
vt 0.440165 0.736072
vt 0.440736 0.733398
vt 0.103516 0.718334
vt 0.103691 0.715651
vt 0.106184 0.716687
vt 0.105991 0.719368
vt 0.964757 0.060316
vt 0.967207 0.060290
vt 0.003116 0.840265
vt 0.003115 0.842745
vt 0.000571 0.846047
vt 0.000000 0.843383
vt 0.687278 0.816146
vt 0.702494 0.816012
vt 0.687278 0.810279
vt 0.687558 0.807791
vt 0.702639 0.813516
vt 0.702443 0.816012
vt 0.003118 0.760056
vt 0.000564 0.757229
vt 0.690268 0.727483
vt 0.702639 0.730229
vt 0.102908 0.760847
vt 0.106408 0.760848
vt 0.106408 0.773221
vt 0.102908 0.773220
vt 0.174715 0.969685
vt 0.162342 0.972000
vt 0.162425 0.959740
vt 0.174715 0.957013
vt 0.006618 0.747490
vt 0.006618 0.760056
vt 0.003449 0.748125
vt 0.005174 0.745244
vt 0.102908 0.619502
vt 0.102947 0.616613
vt 0.106184 0.618399
vt 0.106050 0.621287
vt 0.103001 0.628606
vt 0.106142 0.630391
vt 0.446780 0.820132
vt 0.446780 0.832716
vt 0.445336 0.835093
vt 0.443611 0.832202
vt 0.443281 0.820132
vt 0.440726 0.823090
vt 0.931742 0.776951
vt 0.928297 0.777568
vt 0.928309 0.774000
vt 0.931754 0.773382
vt 0.433271 0.814537
vt 0.429762 0.813919
vt 0.434384 0.814979
vt 0.931754 0.778080
vt 0.928309 0.778697
vt 0.707746 0.983282
vt 0.704246 0.963751
vt 0.707746 0.963751
vt 0.440015 0.814979
vt 0.440015 0.834516
vt 0.434384 0.834516
vt 0.999693 0.477695
vt 0.999693 0.497233
vt 0.998580 0.496791
vt 0.998580 0.477254
vt 0.929399 0.175111
vt 0.929399 0.178611
vt 0.923768 0.178611
vt 0.923768 0.175111
vt 0.579088 0.144830
vt 0.579088 0.153967
vt 0.578344 0.153967
vt 0.578344 0.144830
vt 0.999693 0.497977
vt 0.998580 0.497536
vt 0.541054 0.546578
vt 0.541054 0.555716
vt 0.539940 0.555528
vt 0.539940 0.546391
vt 0.482448 0.977272
vt 0.481337 0.977712
vt 0.481335 0.976970
vt 0.482448 0.976527
vt 0.915913 0.213030
vt 0.915913 0.222821
vt 0.915169 0.222821
vt 0.915169 0.213684
vt 0.923585 0.213671
vt 0.923585 0.223462
vt 0.481337 0.997250
vt 0.477825 0.997872
vt 0.477501 0.985288
vt 0.482448 0.996810
vt 0.456572 0.832716
vt 0.457347 0.835093
vt 0.456572 0.820132
vt 0.459361 0.832202
vt 0.212258 0.625978
vt 0.215496 0.624193
vt 0.917762 0.983968
vt 0.917762 0.971957
vt 0.920942 0.971954
vt 0.920942 0.983965
vt 0.016410 0.747490
vt 0.017185 0.745244
vt 0.200973 0.957250
vt 0.213346 0.959566
vt 0.213346 0.972238
vt 0.201056 0.969510
vt 0.365185 0.975177
vt 0.374976 0.975180
vt 0.374976 0.987134
vt 0.365185 0.987130
vt 0.994747 0.489220
vt 0.995071 0.476636
vt 0.934952 0.178611
vt 0.934952 0.175111
vt 0.475688 0.752148
vt 0.466706 0.752148
vt 0.466706 0.732617
vt 0.475688 0.732617
vt 0.463830 0.752148
vt 0.463830 0.732617
vt 0.466706 0.833171
vt 0.463830 0.833171
vt 0.475688 0.833171
vt 0.345112 0.370057
vt 0.665152 0.245043
vt 0.662656 0.245043
vt 0.170137 0.602603
vt 0.179119 0.602603
vt 0.167261 0.602604
vt 0.520078 0.858672
vt 0.540472 0.864136
vt 0.535007 0.873601
vt 0.525542 0.879066
vt 0.514613 0.879066
vt 0.540472 0.853207
vt 0.535007 0.843742
vt 0.525542 0.838278
vt 0.514613 0.838278
vt 0.505148 0.843742
vt 0.499684 0.853207
vt 0.499684 0.864136
vt 0.505148 0.873601
vt 0.960652 0.135651
vt 0.945763 0.135665
vt 0.945782 0.127928
vt 0.960671 0.127915
vt 0.678598 0.967105
vt 0.663714 0.967105
vt 0.663788 0.956546
vt 0.678672 0.956546
vt 0.090737 0.821766
vt 0.090737 0.832695
vt 0.088709 0.833243
vt 0.088709 0.821226
vt 0.096202 0.842160
vt 0.094717 0.843649
vt 0.171274 0.892022
vt 0.171295 0.883516
vt 0.175571 0.883512
vt 0.175550 0.892018
vt 0.707932 0.704269
vt 0.707850 0.715878
vt 0.703574 0.715878
vt 0.703656 0.704269
vt 0.862753 0.848894
vt 0.856747 0.859301
vt 0.854401 0.856903
vt 0.859528 0.848020
vt 0.846344 0.865310
vt 0.845522 0.862032
vt 0.235332 0.882306
vt 0.242593 0.882324
vt 0.242601 0.891045
vt 0.235340 0.891028
vt 0.941770 0.615325
vt 0.931862 0.615255
vt 0.931862 0.606537
vt 0.941770 0.606607
vt 0.240883 0.895411
vt 0.234351 0.895395
vt 0.931863 0.602230
vt 0.940776 0.602293
vt 0.240908 0.923671
vt 0.234377 0.923654
vt 0.931863 0.573980
vt 0.940776 0.574043
vt 0.922952 0.602293
vt 0.922952 0.574043
vt 0.441882 0.895301
vt 0.448425 0.895287
vt 0.448404 0.923547
vt 0.441860 0.923560
vt 0.457345 0.895287
vt 0.457323 0.923547
vt 0.447439 0.890921
vt 0.457354 0.890921
vt 0.440165 0.890936
vt 0.447446 0.882200
vt 0.457361 0.882200
vt 0.440172 0.882215
vt 0.921956 0.615325
vt 0.921956 0.606607
vt 0.834331 0.865311
vt 0.823928 0.859303
vt 0.826389 0.856905
vt 0.835268 0.862032
vt 0.179405 0.956915
vt 0.179423 0.965437
vt 0.175146 0.965434
vt 0.175128 0.956912
vt 0.707932 0.727483
vt 0.703656 0.727483
vt 0.179423 0.977054
vt 0.175146 0.977050
vt 0.817921 0.848897
vt 0.821262 0.848023
vt 0.817921 0.836880
vt 0.821262 0.837766
vt 0.179405 0.988651
vt 0.175128 0.988648
vt 0.467260 0.882215
vt 0.467253 0.890936
vt 0.823928 0.826473
vt 0.826389 0.828883
vt 0.088709 0.849686
vt 0.095962 0.849665
vt 0.095962 0.858386
vt 0.088709 0.858407
vt 0.466250 0.895301
vt 0.096957 0.862752
vt 0.090432 0.862771
vt 0.466228 0.923560
vt 0.096957 0.891012
vt 0.090432 0.891030
vt 0.105869 0.862745
vt 0.105869 0.891005
vt 0.114781 0.862752
vt 0.114781 0.891012
vt 0.121305 0.862771
vt 0.121305 0.891030
vt 0.216527 0.895411
vt 0.225436 0.895395
vt 0.225462 0.923654
vt 0.216552 0.923671
vt 0.225430 0.891028
vt 0.215526 0.891046
vt 0.225422 0.882306
vt 0.215518 0.882324
vt 0.115776 0.849665
vt 0.123028 0.849686
vt 0.123028 0.858407
vt 0.115776 0.858386
vt 0.105869 0.849658
vt 0.105869 0.858379
vt 0.834331 0.820464
vt 0.846344 0.820464
vt 0.845522 0.823754
vt 0.835268 0.823754
vt 0.971328 0.949508
vt 0.971337 0.937901
vt 0.975614 0.937901
vt 0.975605 0.949508
vt 0.971337 0.961115
vt 0.975614 0.961115
vt 0.971361 0.969612
vt 0.975638 0.969612
vt 0.131525 0.821766
vt 0.126061 0.812302
vt 0.127547 0.810819
vt 0.133556 0.821226
vt 0.131525 0.832695
vt 0.133556 0.833243
vt 0.126061 0.842160
vt 0.127547 0.843649
vt 0.136518 0.927600
vt 0.121629 0.927600
vt 0.121606 0.919871
vt 0.136496 0.919871
vt 0.907146 0.941972
vt 0.892256 0.941960
vt 0.892273 0.931412
vt 0.907162 0.931424
vt 0.907146 0.952537
vt 0.892256 0.952525
vt 0.116596 0.847625
vt 0.117141 0.849658
vt 0.907162 0.960288
vt 0.892273 0.960277
vt 0.105667 0.847625
vt 0.105124 0.849658
vt 0.663714 0.945991
vt 0.678598 0.945991
vt 0.121598 0.909314
vt 0.136488 0.909314
vt 0.121606 0.898758
vt 0.136496 0.898758
vt 0.116596 0.806837
vt 0.117141 0.804811
vt 0.121629 0.891030
vt 0.136518 0.891030
vt 0.105667 0.806837
vt 0.105124 0.804811
vt 0.971361 0.929404
vt 0.975638 0.929404
vt 0.096202 0.812302
vt 0.094717 0.810819
vt 0.171295 0.915236
vt 0.171274 0.903633
vt 0.175550 0.903629
vt 0.175571 0.915232
vt 0.856747 0.826471
vt 0.854401 0.828881
vt 0.862753 0.836877
vt 0.859528 0.837763
vt 0.960652 0.146211
vt 0.945763 0.146224
vt 0.960671 0.156764
vt 0.945782 0.156778
vt 0.041086 0.964916
vt 0.034583 0.967610
vt 0.034583 0.962222
vt 0.038392 0.958412
vt 0.043780 0.958412
vt 0.038392 0.971419
vt 0.043780 0.971419
vt 0.047590 0.967610
vt 0.047590 0.962222
vt 0.752798 0.971518
vt 0.746369 0.971518
vt 0.746370 0.966597
vt 0.752799 0.966597
vt 0.634881 0.977660
vt 0.628455 0.977661
vt 0.628504 0.972702
vt 0.634930 0.972701
vt 0.755744 0.963891
vt 0.755744 0.971511
vt 0.635936 0.972706
vt 0.637890 0.980002
vt 0.621493 0.678123
vt 0.616143 0.678419
vt 0.615745 0.670806
vt 0.621094 0.670510
vt 0.622311 0.693749
vt 0.616962 0.694045
vt 0.629604 0.693362
vt 0.628785 0.677736
vt 0.615346 0.663193
vt 0.620695 0.662897
vt 0.755744 0.979132
vt 0.752799 0.976548
vt 0.615233 0.661036
vt 0.620583 0.660740
vt 0.627988 0.662510
vt 0.627875 0.660353
vt 0.623158 0.665409
vt 0.628021 0.663090
vt 0.746370 0.976548
vt 0.946854 0.768847
vt 0.953282 0.768847
vt 0.953285 0.773826
vt 0.946857 0.773826
vt 0.946857 0.763871
vt 0.953285 0.763871
vt 0.635269 0.662134
vt 0.633100 0.664889
vt 0.397407 0.576738
vt 0.403835 0.576738
vt 0.403835 0.581709
vt 0.397407 0.581709
vt 0.394460 0.584362
vt 0.394460 0.576738
vt 0.389118 0.576754
vt 0.389118 0.584377
vt 0.394460 0.586522
vt 0.389118 0.586537
vt 0.635156 0.659977
vt 0.389118 0.569130
vt 0.394460 0.569115
vt 0.397407 0.571754
vt 0.636885 0.692986
vt 0.636066 0.677360
vt 0.389118 0.553482
vt 0.394460 0.553467
vt 0.634881 0.967705
vt 0.637890 0.965409
vt 0.403835 0.571754
vt 0.628455 0.967706
vt 0.381821 0.553488
vt 0.381821 0.569136
vt 0.381821 0.576759
vt 0.374525 0.569130
vt 0.374525 0.553482
vt 0.374525 0.576754
vt 0.369184 0.569115
vt 0.369184 0.553467
vt 0.369184 0.576738
vt 0.374525 0.584377
vt 0.369184 0.584362
vt 0.381821 0.584383
vt 0.366237 0.581709
vt 0.366237 0.576738
vt 0.366237 0.571754
vt 0.359809 0.576738
vt 0.359809 0.571754
vt 0.359809 0.581709
vt 0.964218 0.615051
vt 0.964222 0.610075
vt 0.970650 0.610075
vt 0.970647 0.615051
vt 0.328417 0.610276
vt 0.333495 0.608476
vt 0.335670 0.611229
vt 0.328385 0.610856
vt 0.964218 0.605096
vt 0.970647 0.605096
vt 0.323553 0.607957
vt 0.321097 0.610469
vt 0.335558 0.613386
vt 0.328273 0.613013
vt 0.320984 0.612626
vt 0.315645 0.612329
vt 0.315758 0.610172
vt 0.321494 0.602856
vt 0.316155 0.602559
vt 0.535693 0.971397
vt 0.535692 0.966367
vt 0.538640 0.963783
vt 0.538640 0.971404
vt 0.321892 0.595243
vt 0.316552 0.594946
vt 0.535692 0.976319
vt 0.538640 0.979025
vt 0.529265 0.971398
vt 0.529263 0.966367
vt 0.529263 0.976319
vt 0.337877 0.910156
vt 0.337827 0.915115
vt 0.331401 0.915116
vt 0.331450 0.910157
vt 0.329151 0.596216
vt 0.324072 0.598016
vt 0.329180 0.595630
vt 0.334014 0.598535
vt 0.336465 0.596003
vt 0.337877 0.920111
vt 0.331450 0.920112
vt 0.337281 0.580377
vt 0.329996 0.580003
vt 0.322707 0.579616
vt 0.876879 0.896935
vt 0.879697 0.894117
vt 0.886239 0.897894
vt 0.885209 0.901744
vt 0.893793 0.897894
vt 0.894828 0.901744
vt 0.872069 0.888604
vt 0.875920 0.887574
vt 0.735271 0.162887
vt 0.731457 0.162887
vt 0.731476 0.156086
vt 0.735290 0.156086
vt 0.599396 0.950263
vt 0.595582 0.950267
vt 0.595565 0.940978
vt 0.599379 0.940975
vt 0.647955 0.949857
vt 0.649585 0.949375
vt 0.649585 0.958992
vt 0.647955 0.958591
vt 0.601126 0.949407
vt 0.601111 0.940971
vt 0.736994 0.172179
vt 0.735263 0.172179
vt 0.737000 0.163740
vt 0.731449 0.172179
vt 0.735271 0.181470
vt 0.731456 0.181470
vt 0.354873 0.796653
vt 0.346437 0.798916
vt 0.345543 0.797424
vt 0.354832 0.794932
vt 0.872069 0.878985
vt 0.876879 0.870655
vt 0.879697 0.873478
vt 0.875920 0.880020
vt 0.885209 0.865845
vt 0.886239 0.869701
vt 0.735290 0.188272
vt 0.731476 0.188272
vt 0.463432 0.987050
vt 0.463446 0.977766
vt 0.467260 0.977769
vt 0.467246 0.987053
vt 0.894828 0.865845
vt 0.893793 0.869701
vt 0.903159 0.870655
vt 0.900335 0.873478
vt 0.463446 0.968467
vt 0.467260 0.968470
vt 0.338001 0.813533
vt 0.340261 0.821971
vt 0.338744 0.822809
vt 0.336255 0.813518
vt 0.340261 0.805095
vt 0.338744 0.804227
vt 0.463432 0.961645
vt 0.467246 0.961648
vt 0.346437 0.828147
vt 0.345543 0.829609
vt 0.962570 0.665800
vt 0.962583 0.671996
vt 0.947236 0.671984
vt 0.947223 0.665788
vt 0.962570 0.657355
vt 0.947223 0.657343
vt 0.530439 0.909820
vt 0.522198 0.914578
vt 0.521807 0.913123
vt 0.529372 0.908754
vt 0.535196 0.901580
vt 0.533741 0.901189
vt 0.535196 0.892064
vt 0.533741 0.892452
vt 0.962583 0.648923
vt 0.947236 0.648911
vt 0.530439 0.883823
vt 0.529372 0.884887
vt 0.752347 0.180617
vt 0.752365 0.186795
vt 0.737018 0.186795
vt 0.737000 0.180617
vt 0.752340 0.172179
vt 0.522198 0.879066
vt 0.521807 0.880518
vt 0.513070 0.880518
vt 0.512682 0.879066
vt 0.752347 0.163740
vt 0.505504 0.884887
vt 0.504442 0.883823
vt 0.737018 0.157563
vt 0.752365 0.157563
vt 0.501136 0.892452
vt 0.499684 0.892064
vt 0.616473 0.949394
vt 0.616457 0.940957
vt 0.501136 0.901189
vt 0.499684 0.901580
vt 0.601111 0.932530
vt 0.616457 0.932516
vt 0.599379 0.931681
vt 0.601126 0.926346
vt 0.616473 0.926332
vt 0.137723 0.960768
vt 0.136116 0.961191
vt 0.136116 0.951573
vt 0.137723 0.952033
vt 0.595565 0.931684
vt 0.595582 0.924875
vt 0.599396 0.924871
vt 0.900335 0.894117
vt 0.903159 0.896935
vt 0.906084 0.017487
vt 0.906084 0.021300
vt 0.896791 0.021235
vt 0.896791 0.017422
vt 0.904112 0.887574
vt 0.907968 0.888604
vt 0.317368 0.579319
vt 0.874501 0.635126
vt 0.874501 0.650768
vt 0.867203 0.650717
vt 0.867203 0.635074
vt 0.831182 0.970575
vt 0.826985 0.968291
vt 0.826967 0.963364
vt 0.829227 0.963280
vt 0.311940 0.602338
vt 0.312198 0.597360
vt 0.817940 0.968289
vt 0.817921 0.963362
vt 0.302907 0.601867
vt 0.303164 0.596889
vt 0.817940 0.958337
vt 0.826985 0.958339
vt 0.831182 0.955985
vt 0.611783 0.676004
vt 0.602750 0.676477
vt 0.602496 0.671500
vt 0.611529 0.671027
vt 0.602230 0.666536
vt 0.611263 0.666063
vt 0.933418 0.823408
vt 0.924372 0.823408
vt 0.924374 0.818427
vt 0.933419 0.818427
vt 0.937640 0.825821
vt 0.935685 0.818525
vt 0.924372 0.813452
vt 0.933418 0.813452
vt 0.937640 0.811228
vt 0.425316 0.638908
vt 0.432561 0.639768
vt 0.432292 0.641910
vt 0.425047 0.641050
vt 0.439795 0.640730
vt 0.439526 0.642873
vt 0.431912 0.644919
vt 0.423646 0.643937
vt 0.440165 0.646017
vt 0.319798 0.615662
vt 0.313707 0.615323
vt 0.436151 0.677901
vt 0.427897 0.676802
vt 0.318123 0.647764
vt 0.312032 0.647426
vt 0.438065 0.686423
vt 0.426870 0.684933
vt 0.314730 0.655971
vt 0.306468 0.655511
vt 0.435649 0.705607
vt 0.424455 0.704117
vt 0.313722 0.675287
vt 0.305460 0.674828
vt 0.434748 0.707081
vt 0.424258 0.705686
vt 0.297344 0.523019
vt 0.298717 0.523385
vt 0.298717 0.534338
vt 0.297344 0.534708
vt 0.431495 0.726288
vt 0.421667 0.726268
vt 0.314350 0.676861
vt 0.312575 0.692774
vt 0.305208 0.695861
vt 0.306609 0.676431
vt 0.432024 0.728633
vt 0.421366 0.728649
vt 0.438994 0.723906
vt 0.440165 0.725949
vt 0.431808 0.730345
vt 0.421145 0.730405
vt 0.768484 0.576887
vt 0.769945 0.577548
vt 0.769945 0.586205
vt 0.768349 0.585543
vt 0.220948 0.846980
vt 0.222865 0.848910
vt 0.218139 0.857169
vt 0.215518 0.856471
vt 0.230353 0.841479
vt 0.231053 0.844125
vt 0.235784 0.861874
vt 0.222870 0.874918
vt 0.218141 0.866688
vt 0.231059 0.879652
vt 0.240515 0.879623
vt 0.248702 0.874838
vt 0.253429 0.866579
vt 0.253427 0.857060
vt 0.240509 0.844096
vt 0.248698 0.848830
vt 0.256048 0.867279
vt 0.256048 0.856340
vt 0.250618 0.846883
vt 0.964114 0.458328
vt 0.965223 0.458328
vt 0.966681 0.468898
vt 0.965528 0.468898
vt 0.970664 0.476636
vt 0.969391 0.476636
vt 0.768779 0.553225
vt 0.769871 0.553885
vt 0.769918 0.565718
vt 0.768641 0.565057
vt 0.241213 0.841444
vt 0.059031 0.862434
vt 0.058268 0.861036
vt 0.068794 0.858334
vt 0.068806 0.859937
vt 0.079320 0.861294
vt 0.078582 0.862666
vt 0.335481 0.677964
vt 0.332683 0.684273
vt 0.322631 0.688533
vt 0.324918 0.677422
vt 0.888373 0.474890
vt 0.891435 0.474723
vt 0.893271 0.482445
vt 0.886669 0.482445
vt 0.051875 0.869486
vt 0.050562 0.868677
vt 0.049255 0.879203
vt 0.047742 0.879210
vt 0.738236 0.980161
vt 0.741459 0.980164
vt 0.744089 0.989918
vt 0.741071 0.990741
vt 0.381821 0.649497
vt 0.381821 0.651036
vt 0.371241 0.651028
vt 0.370530 0.649488
vt 0.298715 0.546397
vt 0.297344 0.546028
vt 0.297344 0.535075
vt 0.298715 0.534708
vt 0.381821 0.630154
vt 0.370530 0.630145
vt 0.362265 0.649464
vt 0.362265 0.630122
vt 0.393112 0.649488
vt 0.392401 0.651028
vt 0.393112 0.630145
vt 0.381821 0.621783
vt 0.390146 0.621776
vt 0.373497 0.621776
vt 0.381821 0.589636
vt 0.390146 0.589630
vt 0.373497 0.589630
vt 0.367403 0.621759
vt 0.367403 0.589612
vt 0.336425 0.616529
vt 0.334749 0.648632
vt 0.326438 0.648206
vt 0.328114 0.616103
vt 0.337281 0.657148
vt 0.326008 0.656569
vt 0.336273 0.676464
vt 0.325000 0.675886
vt 0.374525 0.586537
vt 0.369184 0.586522
vt 0.381821 0.586543
vt 0.396240 0.589612
vt 0.396240 0.621759
vt 0.627719 0.657263
vt 0.636026 0.656835
vt 0.626038 0.625161
vt 0.634345 0.624732
vt 0.401378 0.630122
vt 0.625618 0.616799
vt 0.636885 0.616218
vt 0.401378 0.649464
vt 0.624606 0.597484
vt 0.635873 0.596902
vt 0.297342 0.523019
vt 0.297343 0.511330
vt 0.298717 0.511701
vt 0.298717 0.522654
vt 0.624521 0.595946
vt 0.635079 0.595402
vt 0.622230 0.584836
vt 0.632277 0.589092
vt 0.764719 0.377914
vt 0.766423 0.385469
vt 0.759821 0.385469
vt 0.761657 0.377747
vt 0.059031 0.896205
vt 0.068806 0.898934
vt 0.068794 0.900602
vt 0.058268 0.897642
vt 0.051875 0.888984
vt 0.050562 0.889812
vt 0.965528 0.447758
vt 0.969391 0.440019
vt 0.970664 0.440019
vt 0.966681 0.447758
vt 0.768769 0.553225
vt 0.768638 0.541397
vt 0.769915 0.540737
vt 0.769862 0.552565
vt 0.241213 0.882271
vt 0.230353 0.882306
vt 0.250618 0.876771
vt 0.220948 0.876867
vt 0.768484 0.529563
vt 0.769945 0.528901
vt 0.768349 0.520891
vt 0.769945 0.520230
vt 0.215518 0.867411
vt 0.411049 0.725992
vt 0.410833 0.727704
vt 0.412144 0.723852
vt 0.405477 0.719687
vt 0.403835 0.721375
vt 0.413754 0.704439
vt 0.613948 0.596508
vt 0.606192 0.596937
vt 0.604786 0.577507
vt 0.612167 0.580595
vt 0.078582 0.896437
vt 0.079320 0.897900
vt 0.298719 0.511330
vt 0.297342 0.510963
vt 0.297343 0.500010
vt 0.613322 0.598083
vt 0.614334 0.617399
vt 0.606056 0.617856
vt 0.605045 0.598540
vt 0.413244 0.702786
vt 0.415660 0.683602
vt 0.419632 0.675821
vt 0.617718 0.625603
vt 0.611615 0.625940
vt 0.619400 0.657705
vt 0.613297 0.658042
vt 0.741071 0.969581
vt 0.744089 0.970414
vt 0.311679 0.607302
vt 0.302645 0.606831
vt 0.841042 0.965481
vt 0.838349 0.971985
vt 0.834540 0.968176
vt 0.834540 0.962789
vt 0.843735 0.971984
vt 0.838349 0.958978
vt 0.843735 0.958977
vt 0.847544 0.962786
vt 0.847544 0.968173
vt 0.859907 0.635126
vt 0.859907 0.650768
vt 0.907968 0.878985
vt 0.904112 0.880020
vt 0.887501 0.017488
vt 0.887501 0.021300
vt 0.905232 0.015802
vt 0.896792 0.015742
vt 0.354873 0.830406
vt 0.354832 0.832096
vt 0.905232 0.000460
vt 0.896792 0.000401
vt 0.888355 0.000460
vt 0.888355 0.015802
vt 0.504442 0.909820
vt 0.505504 0.908755
vt 0.513070 0.913123
vt 0.512682 0.914578
vt 0.635247 0.842057
vt 0.632341 0.842060
vt 0.632358 0.835324
vt 0.635264 0.835321
vt 0.966287 0.159249
vt 0.969192 0.159249
vt 0.969127 0.168441
vt 0.966222 0.168441
vt 0.912827 0.852334
vt 0.914707 0.852845
vt 0.909951 0.861086
vt 0.908586 0.859683
vt 0.901713 0.865844
vt 0.901240 0.863926
vt 0.912827 0.843849
vt 0.914707 0.843330
vt 0.635247 0.851251
vt 0.632341 0.851254
vt 0.635264 0.860440
vt 0.632358 0.860442
vt 0.908586 0.836501
vt 0.909951 0.835089
vt 0.983535 0.404166
vt 0.976634 0.404173
vt 0.976619 0.395979
vt 0.983520 0.395973
vt 0.976619 0.387780
vt 0.983520 0.387774
vt 0.849284 0.870163
vt 0.847622 0.871824
vt 0.840274 0.867581
vt 0.840881 0.865311
vt 0.831788 0.867581
vt 0.831177 0.865311
vt 0.824440 0.871824
vt 0.822773 0.870163
vt 0.976634 0.381774
vt 0.983535 0.381767
vt 0.820197 0.879173
vt 0.817921 0.878566
vt 0.970717 0.546961
vt 0.977616 0.546961
vt 0.977558 0.555159
vt 0.970659 0.555159
vt 0.817921 0.888270
vt 0.820197 0.887658
vt 0.970717 0.563354
vt 0.977616 0.563354
vt 0.892757 0.863927
vt 0.892201 0.865845
vt 0.982375 0.076744
vt 0.982387 0.082762
vt 0.975486 0.082756
vt 0.975473 0.076738
vt 0.885411 0.859685
vt 0.883963 0.861088
vt 0.966287 0.177631
vt 0.969192 0.177631
vt 0.302555 0.861897
vt 0.302569 0.868645
vt 0.299663 0.868643
vt 0.299649 0.861895
vt 0.881170 0.852336
vt 0.879206 0.852847
vt 0.302555 0.852698
vt 0.299649 0.852696
vt 0.881170 0.843851
vt 0.879206 0.843332
vt 0.302569 0.843514
vt 0.299663 0.843512
vt 0.885411 0.836502
vt 0.883963 0.835091
vt 0.172879 0.401235
vt 0.172898 0.407963
vt 0.169992 0.407963
vt 0.169973 0.401235
vt 0.892757 0.832259
vt 0.892201 0.830333
vt 0.172872 0.392043
vt 0.169966 0.392043
vt 0.901713 0.830332
vt 0.901240 0.832259
vt 0.169973 0.382852
vt 0.172879 0.382852
vt 0.169992 0.376124
vt 0.343156 0.779263
vt 0.336255 0.779263
vt 0.336261 0.771067
vt 0.343163 0.771067
vt 0.336278 0.765067
vt 0.343180 0.765067
vt 0.854136 0.888270
vt 0.851865 0.887658
vt 0.851865 0.879173
vt 0.854136 0.878566
vt 0.162322 0.948368
vt 0.162315 0.957741
vt 0.156991 0.957741
vt 0.156999 0.948368
vt 0.162342 0.941507
vt 0.157018 0.941507
vt 0.992546 0.325200
vt 0.992563 0.334570
vt 0.987239 0.334575
vt 0.987222 0.325204
vt 0.405466 0.888536
vt 0.410317 0.870428
vt 0.418718 0.875280
vt 0.423568 0.883683
vt 0.423568 0.893387
vt 0.992546 0.315824
vt 0.987222 0.315829
vt 0.418718 0.901791
vt 0.992563 0.308955
vt 0.987239 0.308960
vt 0.410317 0.906643
vt 0.411372 0.989766
vt 0.411438 0.980392
vt 0.416760 0.980392
vt 0.416694 0.989767
vt 0.400616 0.906644
vt 0.416760 0.999138
vt 0.411438 0.999138
vt 0.392215 0.901792
vt 0.992561 0.308955
vt 0.987237 0.308951
vt 0.987222 0.302069
vt 0.992546 0.302073
vt 0.387365 0.893389
vt 0.987222 0.292688
vt 0.992546 0.292692
vt 0.387365 0.883685
vt 0.987237 0.283323
vt 0.992561 0.283327
vt 0.392215 0.875281
vt 0.162342 0.973976
vt 0.157018 0.973976
vt 0.156999 0.967114
vt 0.162322 0.967114
vt 0.400616 0.870429
vt 0.849284 0.896674
vt 0.847622 0.895007
vt 0.840881 0.901526
vt 0.840274 0.899249
vt 0.343163 0.787459
vt 0.336261 0.787459
vt 0.343180 0.793460
vt 0.336278 0.793460
vt 0.982387 0.060351
vt 0.982375 0.068541
vt 0.975473 0.068536
vt 0.975486 0.060346
vt 0.831177 0.901526
vt 0.831789 0.899249
vt 0.822773 0.896674
vt 0.824440 0.895007
vt 0.621146 0.964210
vt 0.614642 0.961516
vt 0.618452 0.957707
vt 0.623840 0.957707
vt 0.627649 0.961516
vt 0.627649 0.966904
vt 0.623840 0.970714
vt 0.618452 0.970714
vt 0.614642 0.966904
s 1
usemtl M249_Gun
f 2/1/1 6/2/2 4/3/3 1/4/4
f 3/5/5 100/6/6 2/7/1 1/8/4
f 4/9/3 5/10/7 3/11/5 1/12/4
f 7/13/8 5/14/7 4/15/3 6/16/2
f 6/17/2 10/18/9 11/19/9 7/20/8
f 8/21/10 6/2/2 2/1/1 99/22/1
f 6/2/2 8/21/10 38/23/11 9/24/12
f 6/17/2 9/25/12 12/26/9 10/18/9
f 11/19/9 10/18/9 12/26/9 13/27/9 14/28/9 22/29/9 23/30/9 24/31/9 25/32/9
f 9/25/12 15/33/13 13/27/9 12/26/9
f 15/33/13 17/34/14 14/28/9 13/27/9
f 18/35/15 17/36/14 15/37/13 16/38/16
f 16/39/16 15/40/13 9/24/12 38/23/11
f 20/41/17 19/42/18 17/36/14 18/35/15
f 17/34/14 19/43/18 22/29/9 14/28/9
f 31/44/19 21/45/20 19/42/18 20/41/17
f 19/43/18 21/46/20 23/30/9 22/29/9
f 21/46/20 26/47/21 24/31/9 23/30/9
f 26/47/21 27/48/22 25/32/9 24/31/9
f 29/49/23 27/50/22 26/51/21 28/52/24
f 28/53/24 26/54/21 21/45/20 31/44/19
f 29/55/23 28/56/24 30/57/25 40/58/25
f 28/56/24 31/59/19 32/60/25 30/57/25
f 31/59/19 20/61/17 33/62/25 32/60/25
f 37/63/25 39/64/25 40/58/25 30/57/25 32/60/25 33/62/25 34/65/25 35/66/25 36/67/25
f 20/61/17 18/68/15 34/65/25 33/62/25
f 18/68/15 16/69/16 35/66/25 34/65/25
f 16/69/16 38/70/11 36/67/25 35/66/25
f 38/70/11 8/71/10 37/63/25 36/67/25
f 8/71/10 41/72/26 39/64/25 37/63/25
f 41/72/26 29/55/23 40/58/25 39/64/25
f 41/73/26 7/74/8 27/50/22 29/49/23
f 102/75/27 7/13/8 41/76/26 42/77/27
f 42/77/27 41/76/26 43/78/28 44/79/27
f 43/78/28 41/76/26 8/80/10 46/81/2
f 44/79/27 43/78/28 45/82/29 93/83/27
f 45/84/29 43/85/28 48/86/30 49/87/31
f 43/88/28 46/89/2 67/90/9 47/91/9
f 48/92/30 43/88/28 47/91/9 51/93/9
f 49/87/31 48/86/30 50/94/32 79/95/33
f 50/96/32 48/92/30 51/93/9 52/97/9
f 47/91/9 67/90/9 66/98/9 65/99/9 64/100/9 56/101/9 55/102/9 53/103/9 52/97/9 51/93/9
f 54/104/34 50/96/32 52/97/9 53/103/9
f 57/105/18 54/104/34 53/103/9 55/102/9
f 59/106/14 57/105/18 55/102/9 56/101/9
f 80/107/35 54/108/34 57/109/18 58/110/17
f 58/110/17 57/109/18 59/111/14 60/112/15
f 60/112/15 59/111/14 61/113/13 62/114/16
f 61/115/13 59/106/14 56/101/9 64/100/9
f 62/116/16 61/117/13 63/118/12 70/119/11
f 63/120/12 61/115/13 64/100/9 65/99/9
f 68/121/36 63/120/12 65/99/9 66/98/9
f 46/89/2 68/121/36 66/98/9 67/90/9
f 69/122/37 70/119/11 63/118/12 68/123/36
f 46/124/2 71/125/10 69/122/37 68/123/36
f 70/126/11 69/127/37 72/128/25 73/129/25
f 69/127/37 71/130/10 74/131/25 72/128/25
f 74/131/25 75/132/25 76/133/25 77/134/25 78/135/25 81/136/25 82/137/25 83/138/25 73/129/25 72/128/25
f 71/130/10 45/139/29 75/132/25 74/131/25
f 45/139/29 49/140/31 76/133/25 75/132/25
f 49/140/31 79/141/33 77/134/25 76/133/25
f 79/141/33 80/142/35 78/135/25 77/134/25
f 79/143/33 50/144/32 54/108/34 80/107/35
f 80/142/35 58/145/17 81/136/25 78/135/25
f 58/145/17 60/146/15 82/137/25 81/136/25
f 60/146/15 62/147/16 83/138/25 82/137/25
f 62/147/16 70/126/11 73/129/25 83/138/25
f 71/125/10 46/124/2 98/148/1 84/149/1
f 87/150/38 85/151/39 71/125/10 84/149/1
f 86/152/40 45/82/29 71/153/10 85/154/39
f 88/155/41 86/156/40 85/157/39 87/158/38
f 89/159/6 88/160/41 87/161/38 84/162/1
f 90/163/42 88/160/41 89/159/6 92/164/43
f 90/165/42 91/166/44 86/156/40 88/155/41
f 92/167/43 93/168/27 91/169/44 90/170/42
f 44/171/27 93/168/27 92/167/43 94/172/43
f 92/164/43 89/159/6 96/173/6 94/174/43
f 42/175/27 44/171/27 94/172/43 95/176/43
f 94/174/43 96/173/6 97/177/6 95/178/43
f 98/179/1 99/180/1 97/177/6 96/173/6
f 96/173/6 89/159/6 84/162/1 98/179/1
f 46/124/2 8/21/10 99/22/1 98/148/1
f 100/6/6 97/177/6 99/180/1 2/7/1
f 95/178/43 97/177/6 100/6/6 101/181/43
f 101/181/43 100/6/6 3/5/5 103/182/45
f 102/183/27 42/175/27 95/176/43 101/184/43
f 103/185/45 104/186/46 102/183/27 101/184/43
f 104/187/46 103/188/45 3/11/5 5/10/7
f 104/189/46 5/14/7 7/13/8 102/75/27
f 93/83/27 45/82/29 86/152/40 91/190/44
f 27/48/22 7/20/8 11/19/9 25/32/9
f 105/191/9 117/192/47 106/193/48
f 105/191/9 106/193/48 107/194/49
f 105/191/9 107/194/49 108/195/50
f 105/191/9 108/195/50 109/196/51
f 105/191/9 109/196/51 110/197/52
f 105/191/9 110/197/52 111/198/53
f 105/191/9 111/198/53 112/199/54
f 105/191/9 112/199/54 113/200/13
f 105/191/9 113/200/13 114/201/14
f 105/191/9 114/201/14 115/202/55
f 105/191/9 115/202/55 116/203/56
f 105/191/9 116/203/56 117/192/47
f 116/204/56 120/205/57 118/206/58 117/207/47
f 117/207/47 118/206/58 121/208/59 106/209/48
f 119/210/25 121/211/59 118/212/58
f 119/210/25 118/212/58 120/213/57
f 106/209/48 121/208/59 122/214/60 107/215/49
f 119/210/25 122/201/60 121/211/59
f 119/210/25 123/202/61 122/201/60
f 107/215/49 122/214/60 123/216/61 108/217/50
f 119/210/25 124/218/62 123/202/61
f 108/219/50 123/220/61 124/221/62 109/222/51
f 119/210/25 125/223/63 124/218/62
f 109/222/51 124/221/62 125/224/63 110/225/52
f 119/210/25 126/226/64 125/223/63
f 110/227/52 125/228/63 126/229/64 111/230/53
f 119/210/25 127/231/65 126/226/64
f 111/230/53 126/229/64 127/232/65 112/233/54
f 119/210/25 128/234/16 127/231/65
f 112/233/54 127/232/65 128/235/16 113/236/13
f 119/210/25 129/237/15 128/234/16
f 113/238/13 128/239/16 129/240/15 114/241/14
f 119/210/25 130/242/66 129/237/15
f 114/241/14 129/240/15 130/243/66 115/244/55
f 119/210/25 120/213/57 130/242/66
f 115/244/55 130/243/66 120/245/57 116/246/56
f 134/247/67 135/248/67 132/249/6 131/250/6
f 131/250/6 132/249/6 154/251/68 133/252/68
f 136/253/69 137/254/69 135/248/67 134/247/67
f 138/255/9 139/256/9 137/257/69 136/258/69
f 140/259/70 141/260/70 139/256/9 138/255/9
f 142/261/71 143/262/71 141/260/70 140/259/70
f 144/263/72 145/264/72 143/265/71 142/266/71
f 146/267/73 147/268/73 145/264/72 144/263/72
f 148/269/74 149/270/74 147/271/73 146/272/73
f 150/273/25 151/274/25 149/270/74 148/269/74
f 152/275/75 153/276/75 151/274/25 150/273/25
f 133/252/68 154/251/68 153/277/75 152/278/75
f 158/279/76 159/280/77 156/281/78 155/282/79
f 155/282/79 156/281/78 178/283/80 157/284/81
f 155/285/79 157/286/81 176/287/82 174/288/83 172/289/84 170/290/85 168/291/86 166/292/87 164/293/88 162/294/89 160/295/90 158/296/76
f 160/297/90 161/298/91 159/280/77 158/279/76
f 162/299/89 163/300/92 161/301/91 160/302/90
f 164/303/88 165/304/93 163/300/92 162/299/89
f 166/305/87 167/306/94 165/304/93 164/303/88
f 168/307/86 169/308/95 167/309/94 166/310/87
f 170/311/85 171/312/96 169/308/95 168/307/86
f 172/313/84 173/314/97 171/315/96 170/316/85
f 174/317/83 175/318/98 173/314/97 172/313/84
f 176/319/82 177/320/99 175/318/98 174/317/83
f 157/284/81 178/283/80 177/321/99 176/322/82
f 177/323/99 178/324/80 181/325/100 179/326/101
f 175/327/98 177/323/99 179/326/101 180/328/102
f 180/328/102 179/326/101 182/329/103
f 179/326/101 181/325/100 182/329/103
f 183/330/104 188/331/105 182/329/103
f 181/325/100 183/330/104 182/329/103
f 184/332/106 190/333/107 182/329/103
f 185/334/108 184/332/106 182/329/103
f 189/335/109 185/334/108 182/329/103
f 186/336/110 180/328/102 182/329/103
f 187/337/111 186/336/110 182/329/103
f 190/333/107 187/337/111 182/329/103
f 188/331/105 191/338/112 182/329/103
f 191/338/112 189/335/109 182/329/103
f 161/339/91 163/340/92 189/335/109 191/338/112
f 159/341/77 161/339/91 191/338/112 188/331/105
f 169/342/95 171/343/96 187/337/111 190/333/107
f 167/344/94 169/342/95 190/333/107 184/332/106
f 163/340/92 165/345/93 185/334/108 189/335/109
f 156/346/78 159/341/77 188/331/105 183/330/104
f 171/343/96 173/347/97 186/336/110 187/337/111
f 173/347/97 175/327/98 180/328/102 186/336/110
f 165/345/93 167/344/94 184/332/106 185/334/108
f 178/324/80 156/346/78 183/330/104 181/325/100
f 195/348/113 196/349/114 193/350/115 192/351/116
f 192/352/116 193/353/115 203/354/117 194/355/118
f 197/356/119 198/357/120 196/358/114 195/359/113
f 199/360/121 200/361/122 198/357/120 197/356/119
f 201/362/123 202/363/124 200/364/122 199/365/121
f 194/355/118 203/354/117 202/366/124 201/367/123
f 202/368/124 204/369/125 205/370/126 200/371/122
f 203/354/117 206/372/127 204/373/125 202/366/124
f 204/369/125 207/374/128 208/375/129 205/370/126
f 206/372/127 209/376/130 207/377/128 204/373/125
f 207/374/128 210/378/131 211/379/132 208/375/129
f 209/376/130 212/380/133 210/381/131 207/377/128
f 210/378/131 213/382/134 215/383/135 211/379/132
f 216/384/136 213/385/134 210/381/131 212/380/133
f 216/384/136 217/386/137 214/387/138 213/385/134
f 213/382/134 214/388/138 230/389/139 215/383/135
f 218/390/140 219/391/141 217/386/137 216/384/136
f 218/390/140 216/384/136 212/380/133 221/392/142
f 220/393/143 229/394/144 219/395/141 218/396/140
f 223/397/145 220/393/143 218/396/140 221/398/142
f 224/399/146 223/397/145 221/398/142 222/400/147
f 222/401/147 221/392/142 212/380/133 209/376/130
f 226/402/148 225/403/149 223/404/145 224/405/146
f 227/406/150 220/407/143 223/404/145 225/403/149
f 208/408/129 211/409/132 225/403/149 226/402/148
f 215/410/135 227/406/150 225/403/149 211/409/132
f 227/406/150 228/411/151 229/412/144 220/407/143
f 215/410/135 230/413/139 228/411/151 227/406/150
f 228/411/151 231/414/152 232/415/153 229/412/144
f 230/413/139 233/416/154 231/414/152 228/411/151
f 231/414/152 234/417/155 235/418/156 232/415/153
f 233/416/154 236/419/157 234/417/155 231/414/152
f 234/417/155 237/420/158 238/421/159 235/418/156
f 236/419/157 240/422/160 237/420/158 234/417/155
f 239/423/161 247/424/162 238/421/159 237/420/158
f 242/425/163 239/423/161 237/420/158 240/422/160
f 253/426/164 241/427/165 240/428/160 236/429/157
f 243/430/166 242/431/163 240/428/160 241/427/165
f 245/432/167 244/433/168 243/434/166 241/435/165
f 248/436/169 246/437/170 244/433/168 245/432/167
f 238/438/159 247/439/162 246/440/170 248/441/169
f 235/442/156 238/438/159 248/441/169 249/443/171
f 249/444/171 248/436/169 245/432/167 251/445/172
f 232/446/153 235/442/156 249/443/171 250/447/173
f 250/448/173 249/444/171 251/445/172 252/449/174
f 252/449/174 251/445/172 253/450/164 254/451/175
f 251/445/172 245/432/167 241/435/165 253/450/164
f 254/452/175 253/426/164 236/429/157 233/453/154
f 217/386/137 252/449/174 254/451/175 214/387/138
f 214/454/138 254/452/175 233/453/154 230/455/139
f 219/391/141 250/448/173 252/449/174 217/386/137
f 229/456/144 232/446/153 250/447/173 219/457/141
f 205/458/126 208/408/129 226/402/148 255/459/176
f 255/459/176 226/402/148 224/405/146 256/460/177
f 200/361/122 205/458/126 255/459/176 198/357/120
f 198/357/120 255/459/176 256/460/177 196/358/114
f 196/461/114 256/462/177 257/463/178 193/464/115
f 256/462/177 224/399/146 222/400/147 257/463/178
f 193/353/115 257/465/178 206/372/127 203/354/117
f 257/465/178 222/401/147 209/376/130 206/372/127
f 258/466/179 259/467/180 263/468/181 262/469/182
f 260/470/183 349/471/184 259/467/180 258/466/179
f 487/472/185 260/470/183 258/466/179 261/473/186
f 261/473/186 258/466/179 262/469/182 264/474/187
f 262/469/182 263/468/181 267/475/188 265/476/189
f 264/474/187 262/469/182 265/476/189 266/477/190
f 266/477/190 265/476/189 268/478/191 269/479/192
f 265/476/189 267/475/188 270/480/193 268/478/191
f 269/479/192 268/478/191 271/481/194 272/482/195
f 268/478/191 270/480/193 273/483/196 271/481/194
f 272/482/195 271/481/194 274/484/197 276/485/198
f 271/481/194 273/483/196 275/486/199 274/484/197
f 274/484/197 275/486/199 278/487/200 277/488/201
f 276/485/198 274/484/197 277/488/201 279/489/202
f 277/488/201 278/487/200 281/490/203 280/491/204
f 279/489/202 277/488/201 280/491/204 282/492/205
f 280/491/204 281/490/203 284/493/206 283/494/207
f 282/492/205 280/491/204 283/494/207 285/495/208
f 283/494/207 284/493/206 287/496/209 286/497/210
f 285/495/208 283/494/207 286/497/210 288/498/211
f 286/497/210 287/496/209 290/499/212 289/500/213
f 288/498/211 286/497/210 289/500/213 291/501/214
f 289/500/213 290/499/212 293/502/215 292/503/216
f 291/501/214 289/500/213 292/503/216 294/504/217
f 292/503/216 293/502/215 296/505/218 295/506/219
f 294/504/217 292/503/216 295/506/219 297/507/220
f 295/506/219 296/505/218 299/508/221 298/509/222
f 297/507/220 295/506/219 298/509/222 300/510/223
f 298/509/222 299/508/221 302/511/224 301/512/225
f 300/510/223 298/509/222 301/512/225 303/513/226
f 301/512/225 302/511/224 307/514/227 304/515/228
f 303/513/226 301/512/225 304/515/228 305/516/229
f 306/517/230 305/518/229 304/519/228
f 306/517/230 304/519/228 307/520/227
f 302/521/224 310/522/231 308/523/232 307/524/227
f 306/517/230 307/520/227 308/525/232
f 306/517/230 308/525/232 309/526/233
f 310/522/231 311/527/234 309/528/233 308/523/232
f 312/529/235 313/530/236 311/527/234 310/522/231
f 299/531/221 312/529/235 310/522/231 302/521/224
f 314/532/237 315/533/238 313/530/236 312/529/235
f 296/505/218 314/534/237 312/535/235 299/508/221
f 316/536/239 317/537/240 315/533/238 314/532/237
f 293/538/215 316/536/239 314/532/237 296/539/218
f 318/540/241 319/541/242 317/537/240 316/536/239
f 290/542/212 318/540/241 316/536/239 293/538/215
f 320/543/243 321/544/244 319/541/242 318/540/241
f 287/545/209 320/543/243 318/540/241 290/542/212
f 322/546/245 323/547/246 321/544/244 320/543/243
f 284/493/206 322/548/245 320/549/243 287/496/209
f 324/550/247 325/551/248 323/547/246 322/546/245
f 281/552/203 324/550/247 322/546/245 284/553/206
f 326/554/249 328/555/250 325/551/248 324/550/247
f 278/556/200 326/554/249 324/550/247 281/552/203
f 327/557/251 330/558/252 328/555/250 326/554/249
f 275/559/199 327/557/251 326/554/249 278/556/200
f 328/555/250 329/560/253 439/561/254 325/551/248
f 330/558/252 331/562/255 329/560/253 328/555/250
f 332/563/256 333/564/257 331/562/255 330/558/252
f 335/565/258 332/563/256 330/558/252 327/557/251
f 334/566/259 448/567/260 333/564/257 332/563/256
f 336/568/261 334/566/259 332/563/256 335/565/258
f 270/569/193 336/568/261 335/565/258 273/570/196
f 273/483/196 335/571/258 327/572/251 275/486/199
f 337/573/262 339/574/263 334/566/259 336/568/261
f 267/575/188 337/573/262 336/568/261 270/569/193
f 338/576/264 341/577/265 339/574/263 337/573/262
f 263/468/181 338/578/264 337/579/262 267/475/188
f 339/574/263 340/580/266 448/567/260 334/566/259
f 341/577/265 342/581/267 340/580/266 339/574/263
f 343/582/268 344/583/269 342/581/267 341/577/265
f 346/584/270 343/582/268 341/577/265 338/576/264
f 345/585/271 460/586/272 344/583/269 343/582/268
f 347/587/273 345/585/271 343/582/268 346/584/270
f 349/588/184 347/587/273 346/584/270 259/589/180
f 259/467/180 346/590/270 338/578/264 263/468/181
f 348/591/274 463/592/275 345/585/271 347/587/273
f 350/593/276 348/591/274 347/587/273 349/588/184
f 351/594/277 350/595/276 349/471/184 260/470/183
f 353/596/278 348/591/274 350/593/276 352/597/279
f 352/598/279 350/595/276 351/594/277 355/599/280
f 354/600/281 353/601/278 352/602/279
f 354/600/281 352/602/279 355/603/280
f 354/600/281 355/603/280 356/604/282
f 355/599/280 351/594/277 357/605/283 356/606/282
f 354/600/281 356/604/282 358/607/284
f 356/608/282 357/609/283 360/610/285 358/611/284
f 354/600/281 358/607/284 359/612/286
f 358/611/284 360/610/285 362/613/287 359/614/286
f 360/610/285 357/609/283 487/615/185 361/616/288
f 362/613/287 360/610/285 361/616/288 364/617/289
f 359/614/286 362/613/287 363/618/290 469/619/291
f 363/618/290 362/613/287 364/617/289 365/620/292
f 365/620/292 364/617/289 366/621/293 368/622/294
f 364/617/289 361/616/288 367/623/295 366/621/293
f 366/621/293 367/623/295 370/624/296 369/625/297
f 368/622/294 366/621/293 369/625/297 371/626/298
f 369/625/297 370/624/296 374/627/299 372/628/300
f 371/626/298 369/625/297 372/628/300 373/629/301
f 373/629/301 372/628/300 375/630/302 376/631/303
f 372/628/300 374/627/299 377/632/304 375/630/302
f 376/631/303 375/630/302 378/633/305 379/634/306
f 375/630/302 377/632/304 380/635/307 378/633/305
f 379/634/306 378/633/305 381/636/308 382/637/309
f 378/633/305 380/635/307 383/638/310 381/636/308
f 382/637/309 381/636/308 384/639/311 385/640/312
f 381/636/308 383/638/310 386/641/313 384/639/311
f 385/640/312 384/639/311 387/642/314 388/643/315
f 384/639/311 386/641/313 389/644/316 387/642/314
f 388/643/315 387/642/314 390/645/317 391/646/318
f 387/642/314 389/644/316 392/647/319 390/645/317
f 391/646/318 390/645/317 393/648/320 395/649/321
f 390/645/317 392/647/319 394/650/322 393/648/320
f 393/648/320 394/650/322 397/651/323 396/652/324
f 395/649/321 393/648/320 396/652/324 398/653/325
f 396/652/324 397/651/323 400/654/326 399/655/327
f 398/653/325 396/652/324 399/655/327 401/656/328
f 399/655/327 400/654/326 403/657/329 402/658/330
f 401/656/328 399/655/327 402/658/330 404/659/331
f 402/658/330 403/657/329 406/660/332 405/661/333
f 404/659/331 402/658/330 405/661/333 407/662/334
f 405/661/333 406/660/332 409/663/335 408/664/336
f 407/662/334 405/661/333 408/664/336 410/665/337
f 408/664/336 409/663/335 412/666/338 411/667/339
f 410/665/337 408/664/336 411/667/339 413/668/340
f 306/517/230 411/669/339 412/670/338
f 306/517/230 413/671/340 411/669/339
f 415/672/341 410/665/337 413/668/340 414/673/342
f 306/517/230 414/674/342 413/671/340
f 417/675/343 415/676/341 414/677/342 416/678/344
f 306/517/230 416/679/344 414/674/342
f 419/680/345 417/675/343 416/678/344 418/681/346
f 306/517/230 418/682/346 416/679/344
f 421/683/347 419/684/345 418/685/346 420/686/348
f 306/517/230 420/687/348 418/682/346
f 311/527/234 421/683/347 420/686/348 309/528/233
f 306/517/230 309/526/233 420/687/348
f 422/688/349 423/689/350 419/684/345 421/683/347
f 313/530/236 422/688/349 421/683/347 311/527/234
f 424/690/351 425/691/352 423/689/350 422/688/349
f 315/533/238 424/690/351 422/688/349 313/530/236
f 426/692/353 427/693/354 425/691/352 424/690/351
f 317/537/240 426/692/353 424/690/351 315/533/238
f 428/694/355 429/695/356 427/696/354 426/697/353
f 319/541/242 428/698/355 426/692/353 317/537/240
f 430/699/357 432/700/358 429/701/356 428/698/355
f 321/544/244 430/699/357 428/698/355 319/541/242
f 431/702/359 434/703/360 432/700/358 430/699/357
f 323/547/246 431/702/359 430/699/357 321/544/244
f 432/704/358 433/705/361 480/706/362 429/695/356
f 434/707/360 435/708/363 433/705/361 432/704/358
f 436/709/364 437/710/365 435/708/363 434/707/360
f 439/561/254 436/711/364 434/703/360 431/702/359
f 438/712/366 440/713/367 437/710/365 436/709/364
f 329/714/253 438/712/366 436/709/364 439/715/254
f 325/551/248 439/561/254 431/702/359 323/547/246
f 441/716/368 442/717/369 440/713/367 438/712/366
f 331/562/255 441/718/368 438/719/366 329/560/253
f 443/720/370 444/721/371 442/717/369 441/716/368
f 333/564/257 443/722/370 441/718/368 331/562/255
f 445/723/372 446/724/373 444/721/371 443/720/370
f 448/567/260 445/725/372 443/722/370 333/564/257
f 447/726/374 450/727/375 446/724/373 445/723/372
f 340/728/266 447/726/374 445/723/372 448/729/260
f 449/730/376 452/731/377 450/727/375 447/726/374
f 342/581/267 449/732/376 447/733/374 340/580/266
f 450/727/375 451/734/378 472/735/379 446/724/373
f 452/731/377 453/736/380 451/734/378 450/727/375
f 454/737/381 455/738/382 453/736/380 452/731/377
f 457/739/383 454/737/381 452/731/377 449/730/376
f 456/740/384 471/741/385 455/738/382 454/737/381
f 458/742/386 456/740/384 454/737/381 457/739/383
f 460/586/272 458/743/386 457/744/383 344/583/269
f 344/583/269 457/744/383 449/732/376 342/581/267
f 459/745/387 467/746/388 456/740/384 458/742/386
f 461/747/389 459/745/387 458/742/386 460/748/272
f 463/592/275 461/749/389 460/586/272 345/585/271
f 465/750/390 459/751/387 461/749/389 462/752/391
f 462/752/391 461/749/389 463/592/275 464/753/392
f 464/753/392 463/592/275 348/591/274 353/596/278
f 354/600/281 462/754/391 464/755/392
f 354/600/281 464/755/392 353/601/278
f 354/600/281 465/756/390 462/754/391
f 466/757/393 467/746/388 459/745/387 465/758/390
f 354/600/281 466/759/393 465/756/390
f 354/600/281 468/760/394 466/759/393
f 468/761/394 470/762/395 467/746/388 466/757/393
f 469/619/291 363/618/290 470/763/395 468/764/394
f 354/600/281 469/765/291 468/760/394
f 467/746/388 470/762/395 471/741/385 456/740/384
f 470/762/395 363/766/290 365/767/292 471/741/385
f 471/768/385 365/620/292 368/622/294 455/769/382
f 354/600/281 359/612/286 469/765/291
f 455/769/382 368/622/294 371/626/298 453/770/380
f 453/770/380 371/626/298 373/629/301 451/771/378
f 451/734/378 373/772/301 376/773/303 472/735/379
f 446/724/373 472/735/379 473/774/396 444/721/371
f 472/775/379 376/631/303 379/634/306 473/776/396
f 444/721/371 473/774/396 474/777/397 442/717/369
f 473/776/396 379/634/306 382/637/309 474/778/397
f 442/717/369 474/777/397 475/779/398 440/713/367
f 474/778/397 382/637/309 385/640/312 475/780/398
f 475/779/398 385/781/312 388/782/315 476/783/399
f 440/713/367 475/779/398 476/783/399 437/710/365
f 476/784/399 388/643/315 391/646/318 477/785/400
f 437/710/365 476/783/399 477/786/400 435/708/363
f 477/785/400 391/646/318 395/649/321 478/787/401
f 435/708/363 477/786/400 478/788/401 433/705/361
f 478/787/401 395/649/321 398/653/325 479/789/402
f 433/705/361 478/788/401 479/790/402 480/706/362
f 479/790/402 398/791/325 401/792/328 481/793/403
f 480/706/362 479/790/402 481/793/403 482/794/404
f 481/795/403 401/656/328 404/659/331 483/796/405
f 482/794/404 481/793/403 483/797/405 484/798/406
f 483/796/405 404/659/331 407/662/334 485/799/407
f 484/798/406 483/797/405 485/800/407 486/801/408
f 485/799/407 407/662/334 410/665/337 415/672/341
f 486/801/408 485/800/407 415/676/341 417/675/343
f 425/802/352 484/798/406 486/801/408 423/803/350
f 423/803/350 486/801/408 417/675/343 419/680/345
f 427/696/354 482/794/404 484/798/406 425/802/352
f 429/695/356 480/706/362 482/794/404 427/696/354
f 409/663/335 303/804/226 305/805/229 412/666/338
f 306/517/230 412/670/338 305/518/229
f 406/660/332 300/806/223 303/804/226 409/663/335
f 403/807/329 297/507/220 300/510/223 406/808/332
f 400/654/326 294/809/217 297/810/220 403/657/329
f 397/651/323 291/811/214 294/809/217 400/654/326
f 394/650/322 288/812/211 291/811/214 397/651/323
f 392/813/319 285/495/208 288/498/211 394/814/322
f 389/644/316 282/815/205 285/816/208 392/647/319
f 386/641/313 279/817/202 282/815/205 389/644/316
f 383/638/310 276/818/198 279/817/202 386/641/313
f 380/819/307 272/482/195 276/485/198 383/820/310
f 377/632/304 269/821/192 272/822/195 380/635/307
f 374/627/299 266/823/190 269/821/192 377/632/304
f 370/824/296 264/474/187 266/477/190 374/825/299
f 367/826/295 261/473/186 264/474/187 370/824/296
f 361/616/288 487/615/185 261/827/186 367/623/295
f 357/605/283 351/594/277 260/470/183 487/472/185
f 488/828/36 489/829/409 493/830/410 491/831/9
f 502/832/37 489/833/409 488/834/36 490/835/37
f 494/836/46 492/837/410 491/831/9 493/830/410
f 494/838/46 493/839/410 495/840/411 513/841/44
f 495/842/411 493/843/410 497/844/27 500/845/44
f 496/846/412 499/847/27 497/844/27 493/843/410
f 489/848/409 512/849/413 496/850/412 493/851/410
f 497/852/27 498/853/414 501/854/39 500/855/44
f 499/856/27 503/857/414 498/853/414 497/852/27
f 502/858/37 495/859/411 500/860/44 501/861/39
f 502/832/37 501/862/39 498/863/414 489/833/409
f 502/858/37 490/864/37 514/865/25 495/859/411
f 503/857/414 499/856/27 504/866/46 505/867/3
f 496/846/412 506/868/415 504/869/46 499/847/27
f 507/870/416 505/871/3 504/872/46 506/873/415
f 507/870/416 506/873/415 508/874/417 509/875/418
f 496/846/412 510/876/419 508/877/417 506/868/415
f 512/878/413 511/879/420 510/880/419 496/881/412
f 512/882/413 507/883/416 509/884/418 511/885/420
f 505/886/3 507/883/416 512/882/413 503/887/414
f 503/887/414 512/882/413 489/833/409 498/863/414
f 513/888/44 495/859/411 514/865/25 515/889/421
f 513/890/44 515/891/421 492/892/410 494/893/46
f 516/894/5 522/895/41 524/896/422 517/897/423
f 516/898/5 517/899/423 518/900/424
f 516/898/5 518/900/424 519/901/425
f 516/898/5 519/901/425 520/902/426
f 516/898/5 520/902/426 521/903/427
f 521/904/427 523/905/428 522/895/41 516/894/5
f 528/906/429 525/907/25 522/908/41 523/909/428
f 524/910/422 522/908/41 525/907/25 526/911/430
f 527/912/431 526/911/430 525/907/25
f 525/907/25 528/906/429 527/912/431
f 519/913/425 527/914/431 528/915/429 520/916/426
f 520/917/426 528/918/429 523/919/428 521/920/427
f 518/921/424 526/922/430 527/914/431 519/913/425
f 517/923/423 524/924/422 526/925/430 518/926/424
f 529/927/9 541/928/9 530/929/9
f 529/927/9 530/929/9 531/930/432
f 529/927/9 531/930/432 532/931/50
f 529/927/9 532/931/50 533/932/51
f 529/927/9 533/932/51 534/933/52
f 529/927/9 534/933/52 535/934/53
f 529/927/9 535/934/53 536/935/54
f 529/927/9 536/935/54 537/936/13
f 529/927/9 537/936/13 538/937/14
f 529/927/9 538/937/14 539/938/55
f 529/927/9 539/938/55 540/939/433
f 529/927/9 540/939/433 541/928/9
f 541/928/9 540/939/433 543/940/434 542/941/9
f 530/929/9 541/928/9 542/941/9 544/942/9
f 542/941/9 543/940/434 546/943/435 545/944/436
f 544/942/9 542/941/9 545/944/436 547/945/437
f 545/946/436 546/947/435 549/948/438 548/949/439
f 547/950/437 545/946/436 548/949/439 550/951/440
f 551/952/441 548/949/439 549/948/438 553/953/442
f 554/954/443 550/951/440 548/949/439 551/952/441
f 556/955/25 554/956/443 551/957/441 552/958/25
f 552/958/25 551/957/441 553/959/442 586/960/444
f 555/961/445 607/962/446 550/951/440 554/954/443
f 558/963/447 555/964/445 554/956/443 556/955/25
f 560/965/448 558/963/447 556/955/25 557/966/25
f 557/966/25 556/955/25 552/958/25 662/967/25
f 559/968/449 660/969/450 555/970/445 558/971/447
f 563/972/432 559/968/449 558/971/447 560/973/448
f 561/974/25 562/975/61 560/965/448
f 561/974/25 560/965/448 557/966/25
f 560/976/448 562/977/61 566/978/50 563/979/432
f 564/980/9 661/981/9 559/982/449 563/983/432
f 565/984/9 564/980/9 563/983/432
f 565/984/9 563/983/432 566/985/50
f 565/984/9 566/985/50 567/986/51
f 562/987/61 568/988/62 567/989/51 566/990/50
f 565/984/9 567/986/51 569/991/52
f 568/988/62 570/992/63 569/993/52 567/989/51
f 565/984/9 569/991/52 571/994/53
f 570/995/63 572/996/64 571/997/53 569/998/52
f 565/984/9 571/994/53 573/999/54
f 572/996/64 574/1000/65 573/1001/54 571/997/53
f 565/984/9 573/999/54 575/1002/13
f 574/1000/65 576/1003/16 575/1004/13 573/1001/54
f 565/984/9 575/1002/13 577/1005/14
f 576/1006/16 578/1007/15 577/1008/14 575/1009/13
f 565/984/9 577/1005/14 579/1010/55
f 578/1007/15 580/1011/66 579/1012/55 577/1008/14
f 565/984/9 579/1010/55 581/1013/451
f 580/1011/66 582/1014/452 581/1015/451 579/1012/55
f 565/984/9 581/1013/451 583/1016/9
f 582/1014/452 586/1017/444 584/1018/434 581/1015/451
f 581/1013/451 584/1019/434 585/1020/9 583/1016/9
f 584/1019/434 587/1021/453 589/1022/9 585/1020/9
f 586/1017/444 553/1023/442 587/1024/453 584/1018/434
f 587/1021/453 588/1025/454 591/1026/455 589/1022/9
f 553/1023/442 594/1027/456 588/1028/454 587/1024/453
f 585/1020/9 589/1022/9 590/1029/9 661/981/9
f 589/1022/9 591/1026/455 592/1030/457 590/1029/9
f 593/1031/458 595/1032/459 592/1033/457 591/1034/455
f 594/1035/456 593/1031/458 591/1034/455 588/1036/454
f 593/1037/458 594/1038/456 597/1039/460 596/1040/9
f 595/1041/459 593/1037/458 596/1040/9 599/1042/9
f 596/1040/9 597/1039/460 633/1043/461 598/1044/455
f 599/1042/9 596/1040/9 598/1044/455 600/1045/457
f 601/1046/462 599/1042/9 600/1045/457 602/1047/463
f 604/1048/464 595/1041/459 599/1042/9 601/1046/462
f 603/1049/465 601/1050/462 602/1051/463 635/1052/466
f 606/1053/467 604/1054/464 601/1050/462 603/1049/465
f 595/1032/459 604/1055/464 605/1056/468 592/1033/457
f 660/969/450 605/1057/468 604/1054/464 555/970/445
f 604/1054/464 606/1053/467 607/1058/446 555/970/445
f 608/1059/469 611/1060/470 607/1058/446 606/1053/467
f 608/1059/469 606/1053/467 603/1049/465 612/1061/471
f 651/1062/472 611/1060/470 608/1059/469 609/1063/473
f 610/1064/474 652/1065/475 609/1066/473 608/1067/469
f 610/1068/474 608/1069/469 612/1070/471 614/1071/25
f 612/1061/471 603/1049/465 635/1052/466 613/1072/476
f 614/1071/25 612/1070/471 613/1073/476 615/1074/475
f 616/1075/25 614/1071/25 615/1074/475 617/1076/477
f 619/1077/478 610/1068/474 614/1071/25 616/1075/25
f 618/1078/479 616/1075/25 617/1076/477 631/1079/480
f 621/1080/481 619/1077/478 616/1075/25 618/1078/479
f 619/1081/478 620/1082/477 652/1065/475 610/1064/474
f 621/1083/481 622/1084/482 620/1082/477 619/1081/478
f 546/1085/435 637/1086/483 622/1087/482 621/1088/481
f 546/1085/435 621/1088/481 623/1089/484 549/1090/438
f 623/1091/484 621/1092/481 624/1093/485 625/1094/486
f 621/1080/481 618/1078/479 626/1095/487 624/1096/485
f 625/1097/486 624/1098/485 626/1099/487 627/1100/488
f 618/1101/479 629/1102/489 627/1103/488 626/1104/487
f 636/1105/490 625/1097/486 627/1100/488 628/1106/491
f 629/1102/489 597/1107/460 628/1108/491 627/1103/488
f 629/1109/489 618/1110/479 631/1111/480 630/1112/492
f 597/1113/460 629/1109/489 630/1112/492 633/1114/461
f 631/1115/480 617/1116/477 632/1117/493 630/1118/492
f 633/1119/461 630/1118/492 632/1117/493 598/1120/455
f 598/1120/455 632/1117/493 634/1121/494 600/1122/457
f 617/1116/477 615/1123/475 634/1121/494 632/1117/493
f 615/1123/475 613/1124/476 635/1125/466 634/1121/494
f 600/1122/457 634/1121/494 635/1125/466 602/1126/463
f 597/1039/460 594/1038/456 636/1127/490 628/1128/491
f 594/1129/456 623/1091/484 625/1094/486 636/1130/490
f 553/1023/442 549/1090/438 623/1089/484 594/1027/456
f 637/1131/483 638/1132/25 620/1133/477 622/1134/482
f 543/1135/434 639/1136/444 637/1086/483 546/1085/435
f 639/1137/444 640/1138/25 638/1132/25 637/1131/483
f 641/1139/495 644/1140/25 640/1138/25 639/1137/444
f 540/1141/433 641/1142/495 639/1136/444 543/1135/434
f 642/1143/25 644/1140/25 641/1139/495
f 642/1143/25 641/1139/495 643/1144/66
f 539/1145/55 643/1146/66 641/1142/495 540/1141/433
f 642/1143/25 645/1147/25 644/1140/25
f 644/1140/25 645/1147/25 647/1148/25 640/1138/25
f 645/1147/25 646/1149/448 649/1150/447 647/1148/25
f 642/1143/25 646/1149/448 645/1147/25
f 640/1138/25 647/1148/25 648/1151/25 638/1132/25
f 647/1148/25 649/1150/447 651/1152/472 648/1151/25
f 646/1153/448 531/1154/432 650/1155/449 649/1156/447
f 649/1156/447 650/1155/449 611/1060/470 651/1062/472
f 648/1151/25 651/1152/472 609/1157/473 652/1158/475
f 650/1159/449 544/942/9 547/945/437 611/1160/470
f 531/930/432 530/929/9 544/942/9 650/1159/449
f 638/1132/25 648/1151/25 652/1158/475 620/1133/477
f 642/1143/25 653/1161/61 646/1149/448
f 531/1162/432 646/1163/448 653/1164/61 532/1165/50
f 642/1143/25 654/1166/62 653/1161/61
f 532/1167/50 653/1168/61 654/1169/62 533/1170/51
f 642/1143/25 655/1171/63 654/1166/62
f 533/1170/51 654/1169/62 655/1172/63 534/1173/52
f 642/1143/25 656/1174/64 655/1171/63
f 534/1175/52 655/1176/63 656/1177/64 535/1178/53
f 642/1143/25 657/1179/65 656/1174/64
f 535/1178/53 656/1177/64 657/1180/65 536/1181/54
f 642/1143/25 658/1182/16 657/1179/65
f 536/1181/54 657/1180/65 658/1183/16 537/1184/13
f 642/1143/25 659/1185/15 658/1182/16
f 537/1186/13 658/1187/16 659/1188/15 538/1189/14
f 642/1143/25 643/1144/66 659/1185/15
f 538/1189/14 659/1188/15 643/1146/66 539/1145/55
f 611/1190/470 547/950/437 550/951/440 607/962/446
f 590/1029/9 592/1030/457 605/1191/468 660/1192/450
f 661/981/9 590/1029/9 660/1192/450 559/982/449
f 583/1016/9 585/1020/9 661/981/9 564/980/9
f 662/967/25 552/958/25 586/960/444 582/1193/452
f 565/984/9 583/1016/9 564/980/9
f 561/974/25 662/967/25 582/1193/452
f 561/974/25 582/1193/452 580/1194/66
f 561/974/25 557/966/25 662/967/25
f 561/974/25 580/1194/66 578/1195/15
f 561/974/25 578/1195/15 576/1196/16
f 561/974/25 576/1196/16 574/1197/65
f 561/974/25 574/1197/65 572/1198/64
f 561/974/25 572/1198/64 570/1199/63
f 561/974/25 570/1199/63 568/1200/62
f 561/974/25 568/1200/62 562/975/61
f 663/1201/9 675/1202/47 664/1203/48
f 663/1201/9 664/1203/48 665/1204/49
f 663/1201/9 665/1204/49 666/1205/50
f 663/1201/9 666/1205/50 667/1206/51
f 663/1201/9 667/1206/51 668/1207/52
f 663/1201/9 668/1207/52 669/1208/53
f 663/1201/9 669/1208/53 670/1209/54
f 663/1201/9 670/1209/54 671/1210/13
f 663/1201/9 671/1210/13 672/1211/14
f 663/1201/9 672/1211/14 673/1212/55
f 663/1201/9 673/1212/55 674/1213/56
f 663/1201/9 674/1213/56 675/1202/47
f 674/1214/56 678/1215/57 676/1216/58 675/1217/47
f 675/1217/47 676/1216/58 679/1218/59 664/1219/48
f 677/1220/25 679/1221/59 676/1222/58
f 677/1220/25 676/1222/58 678/1223/57
f 664/1219/48 679/1218/59 680/1224/60 665/1225/49
f 677/1220/25 680/1226/60 679/1221/59
f 677/1220/25 681/1227/61 680/1226/60
f 665/1225/49 680/1224/60 681/1228/61 666/1229/50
f 677/1220/25 682/1230/62 681/1227/61
f 666/1231/50 681/1232/61 682/1233/62 667/1234/51
f 677/1220/25 683/1235/63 682/1230/62
f 667/1234/51 682/1233/62 683/1236/63 668/1237/52
f 677/1220/25 684/1213/64 683/1235/63
f 668/1238/52 683/1239/63 684/1240/64 669/1241/53
f 677/1220/25 685/1242/65 684/1213/64
f 669/1241/53 684/1240/64 685/1243/65 670/1244/54
f 677/1220/25 686/1245/16 685/1242/65
f 670/1244/54 685/1243/65 686/1246/16 671/1247/13
f 677/1220/25 687/1248/15 686/1245/16
f 671/1249/13 686/1250/16 687/1251/15 672/1252/14
f 677/1220/25 688/1253/66 687/1248/15
f 672/1252/14 687/1251/15 688/1254/66 673/1255/55
f 677/1220/25 678/1223/57 688/1253/66
f 673/1255/55 688/1254/66 678/1256/57 674/1257/56
f 689/1258/9 701/1259/47 690/1260/48
f 689/1258/9 690/1260/48 691/1261/49
f 689/1258/9 691/1261/49 692/1262/50
f 689/1258/9 692/1262/50 693/1263/51
f 689/1258/9 693/1263/51 694/1264/52
f 689/1258/9 694/1264/52 695/1265/53
f 689/1258/9 695/1265/53 696/1266/54
f 689/1258/9 696/1266/54 697/1267/13
f 689/1258/9 697/1267/13 698/1268/14
f 689/1258/9 698/1268/14 699/1269/55
f 689/1258/9 699/1269/55 700/1270/56
f 689/1258/9 700/1270/56 701/1259/47
f 700/1271/56 704/1272/57 702/1273/58 701/1274/47
f 701/1274/47 702/1273/58 705/1275/59 690/1276/48
f 703/1277/25 705/1278/59 702/1279/58
f 703/1277/25 702/1279/58 704/1280/57
f 705/1275/59 706/1281/60 691/1282/49 690/1276/48
f 703/1277/25 706/1283/60 705/1278/59
f 703/1277/25 707/1284/61 706/1283/60
f 691/1282/49 706/1281/60 707/1285/61 692/1286/50
f 703/1277/25 708/1287/62 707/1284/61
f 692/1288/50 707/1289/61 708/1290/62 693/1291/51
f 703/1277/25 709/1292/63 708/1287/62
f 693/1291/51 708/1290/62 709/1293/63 694/1294/52
f 703/1277/25 710/1295/64 709/1292/63
f 694/1296/52 709/1297/63 710/1298/64 695/1299/53
f 703/1277/25 711/1300/65 710/1295/64
f 695/1299/53 710/1298/64 711/1301/65 696/1302/54
f 703/1277/25 712/1303/16 711/1300/65
f 696/1302/54 711/1301/65 712/1304/16 697/1305/13
f 703/1277/25 713/1306/15 712/1303/16
f 697/1307/13 712/1308/16 713/1309/15 698/1310/14
f 703/1277/25 714/1311/66 713/1306/15
f 698/1310/14 713/1309/15 714/1312/66 699/1313/55
f 703/1277/25 704/1280/57 714/1311/66
f 699/1313/55 714/1312/66 704/1314/57 700/1315/56
f 715/1316/9 727/1317/47 716/1318/48
f 715/1316/9 716/1318/48 717/1319/49
f 715/1316/9 717/1319/49 718/1320/50
f 715/1316/9 718/1320/50 719/1321/51
f 715/1316/9 719/1321/51 720/1322/52
f 715/1316/9 720/1322/52 721/1323/53
f 715/1316/9 721/1323/53 722/1324/54
f 715/1316/9 722/1324/54 723/1325/13
f 715/1316/9 723/1325/13 724/1326/14
f 715/1316/9 724/1326/14 725/1327/55
f 715/1316/9 725/1327/55 726/1328/56
f 715/1316/9 726/1328/56 727/1317/47
f 726/1329/56 730/1330/57 728/1331/58 727/1332/47
f 727/1332/47 728/1331/58 731/1333/59 716/1334/48
f 729/1335/25 731/1336/59 728/1337/58
f 729/1335/25 728/1337/58 730/1338/57
f 716/1334/48 731/1333/59 732/1339/60 717/1340/49
f 729/1335/25 732/1341/60 731/1336/59
f 729/1335/25 733/1342/61 732/1341/60
f 717/1340/49 732/1339/60 733/1343/61 718/1344/50
f 729/1335/25 734/1345/62 733/1342/61
f 718/1346/50 733/1347/61 734/1348/62 719/1349/51
f 729/1335/25 735/1350/63 734/1345/62
f 719/1349/51 734/1348/62 735/1351/63 720/1352/52
f 729/1335/25 736/1353/64 735/1350/63
f 720/1354/52 735/1355/63 736/1356/64 721/1357/53
f 729/1335/25 737/1358/65 736/1353/64
f 721/1357/53 736/1356/64 737/1359/65 722/1360/54
f 729/1335/25 738/1361/16 737/1358/65
f 722/1360/54 737/1359/65 738/1362/16 723/1363/13
f 729/1335/25 739/1364/15 738/1361/16
f 723/1365/13 738/1366/16 739/1367/15 724/1368/14
f 729/1335/25 740/1369/66 739/1364/15
f 724/1368/14 739/1367/15 740/1370/66 725/1371/55
f 729/1335/25 730/1338/57 740/1369/66
f 725/1371/55 740/1370/66 730/1372/57 726/1373/56
f 741/1374/9 753/1375/47 742/1376/48
f 741/1374/9 742/1376/48 743/1377/49
f 741/1374/9 743/1377/49 744/1378/50
f 741/1374/9 744/1378/50 745/1379/51
f 741/1374/9 745/1379/51 746/1380/52
f 741/1374/9 746/1380/52 747/1381/53
f 741/1374/9 747/1381/53 748/1382/54
f 741/1374/9 748/1382/54 749/1383/13
f 741/1374/9 749/1383/13 750/1384/14
f 741/1374/9 750/1384/14 751/1385/55
f 741/1374/9 751/1385/55 752/1386/56
f 741/1374/9 752/1386/56 753/1375/47
f 752/1387/56 756/1388/57 754/1389/58 753/1390/47
f 753/1390/47 754/1389/58 757/1391/59 742/1392/48
f 755/1393/25 757/1394/59 754/1395/58
f 755/1393/25 754/1395/58 756/1396/57
f 742/1392/48 757/1391/59 758/1397/60 743/1398/49
f 755/1393/25 758/1399/60 757/1394/59
f 755/1393/25 759/1400/61 758/1399/60
f 743/1398/49 758/1397/60 759/1401/61 744/1402/50
f 755/1393/25 760/1403/62 759/1400/61
f 744/1404/50 759/1405/61 760/1406/62 745/1407/51
f 755/1393/25 761/1408/63 760/1403/62
f 745/1407/51 760/1406/62 761/1409/63 746/1410/52
f 755/1393/25 762/1411/64 761/1408/63
f 746/1412/52 761/1413/63 762/1414/64 747/1415/53
f 755/1393/25 763/1416/65 762/1411/64
f 747/1415/53 762/1414/64 763/1417/65 748/1418/54
f 755/1393/25 764/1419/16 763/1416/65
f 748/1418/54 763/1417/65 764/1420/16 749/1421/13
f 755/1393/25 765/1422/15 764/1419/16
f 749/1423/13 764/1424/16 765/1425/15 750/1426/14
f 755/1393/25 766/1427/66 765/1422/15
f 750/1426/14 765/1425/15 766/1428/66 751/1429/55
f 755/1393/25 756/1396/57 766/1427/66
f 751/1429/55 766/1428/66 756/1430/57 752/1431/56
f 767/1432/9 779/1433/47 768/1434/48
f 767/1432/9 768/1434/48 769/1435/49
f 767/1432/9 769/1435/49 770/1436/50
f 767/1432/9 770/1436/50 771/1437/51
f 767/1432/9 771/1437/51 772/1438/52
f 767/1432/9 772/1438/52 773/1439/53
f 767/1432/9 773/1439/53 774/1440/54
f 767/1432/9 774/1440/54 775/1441/13
f 767/1432/9 775/1441/13 776/1442/14
f 767/1432/9 776/1442/14 777/1443/55
f 767/1432/9 777/1443/55 778/1444/56
f 767/1432/9 778/1444/56 779/1433/47
f 778/1445/56 782/1446/57 780/1447/58 779/1448/47
f 779/1448/47 780/1447/58 783/1449/59 768/1450/48
f 781/1451/25 783/1452/59 780/1453/58
f 781/1451/25 780/1453/58 782/1454/57
f 783/1449/59 784/1455/60 769/1456/49 768/1450/48
f 781/1451/25 784/1457/60 783/1452/59
f 781/1451/25 785/1458/61 784/1457/60
f 769/1456/49 784/1455/60 785/1459/61 770/1460/50
f 781/1451/25 786/1461/62 785/1458/61
f 770/1462/50 785/1463/61 786/1464/62 771/1465/51
f 781/1451/25 787/1466/63 786/1461/62
f 771/1465/51 786/1464/62 787/1467/63 772/1468/52
f 781/1451/25 788/1469/64 787/1466/63
f 772/1470/52 787/1471/63 788/1472/64 773/1473/53
f 781/1451/25 789/1474/65 788/1469/64
f 773/1473/53 788/1472/64 789/1475/65 774/1476/54
f 781/1451/25 790/1477/16 789/1474/65
f 774/1476/54 789/1475/65 790/1478/16 775/1479/13
f 781/1451/25 791/1480/15 790/1477/16
f 775/1481/13 790/1482/16 791/1483/15 776/1484/14
f 781/1451/25 792/1485/66 791/1480/15
f 776/1484/14 791/1483/15 792/1486/66 777/1487/55
f 781/1451/25 782/1454/57 792/1485/66
f 777/1487/55 792/1486/66 782/1488/57 778/1489/56
f 793/1490/496 794/1491/497 799/1492/498 797/1493/499
f 795/1494/5 817/1495/41 794/1496/497 793/1497/496
f 793/1498/496 796/1499/500 803/1500/501 795/1501/5
f 796/1502/500 793/1490/496 797/1493/499 800/1503/502
f 797/1504/499 798/1505/503 801/1506/504 800/1507/502
f 798/1508/503 797/1509/499 799/1510/498 823/1511/505
f 803/1512/501 796/1513/500 800/1514/502 801/1515/504
f 798/1505/503 810/1516/506 802/1517/507 801/1506/504
f 804/1518/508 803/1512/501 801/1515/504 802/1519/507
f 795/1501/5 803/1500/501 804/1520/508 805/1521/5
f 805/1521/5 804/1520/508 806/1522/509 807/1523/510
f 806/1524/509 804/1518/508 802/1519/507 808/1525/511
f 807/1526/510 806/1527/509 808/1528/511 809/1529/512
f 810/1516/506 809/1530/512 808/1531/511 802/1517/507
f 809/1532/512 810/1533/506 812/1534/513 811/1535/514
f 814/1536/515 807/1526/510 809/1529/512 811/1537/514
f 811/1538/514 812/1539/513 820/1540/516 813/1541/517
f 815/1542/518 814/1536/515 811/1537/514 813/1543/517
f 814/1544/515 815/1545/518 818/1546/519 816/1547/41
f 807/1548/510 814/1549/515 816/1550/41 805/1551/5
f 805/1551/5 816/1550/41 817/1495/41 795/1494/5
f 816/1547/41 818/1546/519 819/1552/520 817/1553/41
f 819/1554/520 818/1555/519 820/1556/516 821/1557/521
f 818/1555/519 815/1558/518 813/1559/517 820/1556/516
f 812/1539/513 823/1560/505 821/1561/521 820/1540/516
f 824/1562/522 819/1554/520 821/1557/521 822/1563/523
f 823/1560/505 799/1564/498 822/1565/523 821/1561/521
f 810/1533/506 798/1508/503 823/1511/505 812/1534/513
f 794/1491/497 824/1566/522 822/1567/523 799/1492/498
f 817/1553/41 819/1552/520 824/1568/522 794/1569/497
f 826/1570/524 830/1571/525 828/1572/526 825/1573/527
f 827/1574/528 832/1575/529 826/1576/524 825/1577/527
f 825/1578/527 828/1579/526 829/1580/530 827/1581/528
f 831/1582/531 829/1583/530 828/1584/526 830/1585/525
f 832/1586/529 831/1587/531 830/1588/525 826/1589/524
f 827/1590/528 829/1591/530 831/1592/531 832/1593/529
f 834/1594/524 838/1595/525 836/1596/526 833/1597/527
f 835/1598/528 840/1599/529 834/1600/524 833/1601/527
f 833/1602/527 836/1603/526 837/1604/530 835/1605/528
f 839/1606/531 837/1607/530 836/1608/526 838/1609/525
f 840/1610/529 839/1611/531 838/1612/525 834/1613/524
f 835/1614/528 837/1615/530 839/1616/531 840/1617/529
f 842/1618/524 846/1619/525 844/1620/526 841/1621/527
f 843/1622/528 848/1623/529 842/1624/524 841/1625/527
f 841/1626/527 844/1627/526 845/1628/530 843/1629/528
f 847/1630/531 845/1631/530 844/1632/526 846/1633/525
f 848/1634/529 847/1635/531 846/1636/525 842/1637/524
f 843/1638/528 845/1639/530 847/1640/531 848/1623/529
f 850/1641/524 854/1642/525 852/1643/526 849/1644/527
f 851/1645/528 856/1646/529 850/1647/524 849/1648/527
f 849/1649/527 852/1650/526 853/1651/530 851/1652/528
f 855/1653/531 853/1600/530 852/1654/526 854/1655/525
f 856/1656/529 855/1657/531 854/1658/525 850/1659/524
f 851/1660/528 853/1661/530 855/1662/531 856/1663/529
f 858/1664/524 862/1665/525 860/1666/526 857/1667/527
f 859/1668/528 864/1669/529 858/1633/524 857/1670/527
f 857/1671/527 860/1672/526 861/1673/530 859/1674/528
f 863/1675/531 861/1676/530 860/1677/526 862/1678/525
f 864/1679/529 863/1680/531 862/1681/525 858/1682/524
f 859/1683/528 861/1684/530 863/1685/531 864/1686/529
f 866/1687/532 870/1688/525 868/1689/526 865/1690/527
f 867/1691/533 872/1692/534 866/1693/532 865/1694/527
f 865/1695/527 868/1696/526 869/1697/530 867/1698/533
f 871/1699/531 869/1700/530 868/1701/526 870/1702/525
f 872/1703/534 871/1704/531 870/1705/525 866/1706/532
f 867/1707/533 869/1708/530 871/1709/531 872/1599/534
f 874/298/524 878/1710/525 876/1711/526 873/1712/527
f 875/1713/528 880/1714/529 874/1715/524 873/1716/527
f 873/1717/527 876/1718/526 877/1719/530 875/1720/528
f 879/1721/531 877/1722/530 876/1723/526 878/1724/525
f 880/1725/529 879/1726/531 878/1727/525 874/1728/524
f 875/1729/528 877/1730/530 879/1731/531 880/1577/529
f 882/1732/524 886/1733/525 884/1734/526 881/1735/527
f 883/1736/533 888/1737/534 882/1738/524 881/1686/527
f 881/1739/527 884/1740/526 885/1741/530 883/1742/533
f 887/1743/531 885/1744/530 884/1745/526 886/1746/525
f 888/1747/534 887/1748/531 886/1749/525 882/1750/524
f 883/1751/533 885/1752/530 887/1753/531 888/1754/534
f 890/1755/524 894/1756/525 892/1757/526 889/1758/527
f 891/1759/528 896/1760/529 890/1761/524 889/1762/527
f 889/1763/527 892/1764/526 893/1765/530 891/1766/528
f 895/1767/531 893/1768/530 892/1769/526 894/1770/525
f 896/1771/529 895/1772/531 894/1773/525 890/1774/524
f 891/1775/528 893/1776/530 895/1777/531 896/1778/529
f 898/1779/532 902/1780/525 900/1781/526 897/1782/535
f 899/1744/533 904/1783/529 898/1784/532 897/1754/535
f 897/1785/535 900/1786/526 901/1787/530 899/1788/533
f 903/1789/531 901/1790/530 900/1791/526 902/1792/525
f 904/1793/529 903/1794/531 902/1795/525 898/1796/532
f 899/1797/533 901/1798/530 903/1799/531 904/1800/529
f 906/1801/524 910/1802/525 908/1803/526 905/1804/527
f 907/1805/533 912/1806/534 906/1807/524 905/1808/527
f 905/1809/527 908/1810/526 909/1811/530 907/1812/533
f 911/1813/531 909/1814/530 908/1815/526 910/1816/525
f 912/1817/534 911/1818/531 910/1819/525 906/1820/524
f 907/1821/533 909/1822/530 911/1823/531 912/1824/534
f 914/1825/524 918/1826/525 916/1827/526 913/1828/527
f 915/1829/533 920/1830/534 914/1831/524 913/1832/527
f 913/1833/527 916/1834/526 917/1835/530 915/1836/533
f 919/1837/531 917/1838/530 916/1839/526 918/1840/525
f 920/1841/534 919/1842/531 918/1843/525 914/1844/524
f 915/1845/533 917/1846/530 919/1847/531 920/1848/534
f 922/1849/524 926/1850/525 924/1851/526 921/1852/527
f 923/1853/533 928/1854/529 922/1855/524 921/1856/527
f 921/1857/527 924/1858/526 925/1859/530 923/1860/533
f 927/1861/531 925/1624/530 924/1862/526 926/1863/525
f 928/1864/529 927/1865/531 926/1866/525 922/1867/524
f 923/1868/533 925/1869/530 927/1870/531 928/1871/529
f 930/1872/532 934/1873/525 932/1874/526 929/1875/535
f 931/1876/533 936/1824/534 930/1877/532 929/1878/535
f 929/1879/535 932/1880/526 933/1881/530 931/1882/533
f 935/1883/531 933/1884/530 932/1885/526 934/1886/525
f 936/1887/534 935/1888/531 934/1889/525 930/1890/532
f 931/1891/533 933/1892/530 935/1893/531 936/1894/534
f 938/1895/532 942/1896/525 940/1897/526 937/1898/527
f 939/1899/533 944/1900/536 938/1901/532 937/1663/527
f 937/1902/527 940/1903/526 941/1904/530 939/1905/533
f 943/1906/531 941/1907/530 940/1908/526 942/1909/525
f 944/1910/536 943/1911/531 942/1912/525 938/1913/532
f 939/1914/533 941/1915/530 943/1916/531 944/1917/536
f 946/1918/524 950/1919/525 948/1920/526 945/1921/527
f 947/1922/528 952/1923/529 946/1924/524 945/1807/527
f 945/1925/527 948/1926/526 949/1927/530 947/1928/528
f 951/1929/531 949/1930/530 948/1931/526 950/1932/525
f 952/1933/529 951/1934/531 950/1935/525 946/1936/524
f 947/1937/528 949/1938/530 951/1939/531 952/1714/529
f 954/1940/537 958/1941/525 956/1942/526 953/1845/535
f 955/1943/528 960/1944/529 954/1945/537 953/1946/535
f 953/1947/535 956/1948/526 957/1949/530 955/1950/528
f 959/1951/531 957/1952/530 956/1953/526 958/1954/525
f 960/1955/529 959/1956/531 958/1957/525 954/1958/537
f 955/1959/528 957/1960/530 959/1961/531 960/1646/529
f 962/1962/524 966/1963/525 964/1964/526 961/1965/527
f 963/1966/533 968/1967/534 962/1968/524 961/1917/527
f 961/1969/527 964/1970/526 965/1971/530 963/1972/533
f 967/1973/531 965/1974/530 964/1975/526 966/1976/525
f 968/1977/534 967/1978/531 966/1979/525 962/1980/524
f 963/1981/533 965/1982/530 967/1983/531 968/1984/534
f 970/1985/524 974/1986/525 972/1987/526 969/1988/527
f 971/1989/528 976/1990/529 970/1991/524 969/1992/527
f 969/1993/527 972/1994/526 973/1995/530 971/1996/528
f 975/1997/531 973/1998/530 972/1999/526 974/2000/525
f 976/2001/529 975/2002/531 974/2003/525 970/2004/524
f 971/2005/528 973/2006/530 975/2007/531 976/2008/529
f 978/1852/524 982/2009/525 980/2010/526 977/1614/527
f 979/2011/538 984/2012/534 978/2013/524 977/2014/527
f 977/2015/527 980/2016/526 981/2017/530 979/2018/538
f 983/2019/531 981/2020/530 980/2021/526 982/2022/525
f 984/2023/534 983/2024/531 982/2025/525 978/2026/524
f 979/2027/538 981/2028/530 983/2029/531 984/1806/534
f 985/2030/48 986/2031/59 991/2032/60 989/2033/49
f 987/2034/47 1010/2035/58 986/2031/59 985/2030/48
f 988/2036/9 987/2037/47 985/2038/48
f 988/2036/9 985/2038/48 989/2039/49
f 988/2036/9 989/2039/49 990/2040/50
f 989/2033/49 991/2032/60 993/2041/61 990/2042/50
f 992/2043/25 993/2044/61 991/2045/60
f 992/2043/25 991/2045/60 986/2046/59
f 992/2043/25 994/2047/62 993/2044/61
f 990/2048/50 993/2049/61 994/2050/62 996/2051/51
f 996/2051/51 994/2050/62 995/2052/63 997/2053/52
f 992/2043/25 995/2054/63 994/2047/62
f 988/2036/9 990/2040/50 996/2055/51
f 988/2036/9 996/2055/51 997/2056/52
f 988/2036/9 997/2056/52 998/2057/53
f 997/2058/52 995/2059/63 1000/2060/64 998/2061/53
f 988/2036/9 998/2057/53 999/2062/54
f 998/2061/53 1000/2060/64 1001/2063/65 999/2064/54
f 992/2043/25 1001/2065/65 1000/2066/64
f 992/2043/25 1000/2066/64 995/2054/63
f 992/2043/25 1002/2067/16 1001/2065/65
f 999/2064/54 1001/2063/65 1002/2068/16 1004/2069/13
f 1004/2070/13 1002/2071/16 1003/2072/15 1005/2073/14
f 992/2043/25 1003/2074/15 1002/2067/16
f 988/2036/9 999/2062/54 1004/2075/13
f 988/2036/9 1004/2075/13 1005/2076/14
f 988/2036/9 1005/2076/14 1006/2077/55
f 1005/2073/14 1003/2072/15 1008/2078/66 1006/2079/55
f 988/2036/9 1006/2077/55 1007/2080/56
f 1006/2079/55 1008/2078/66 1009/2081/57 1007/2082/56
f 992/2043/25 1009/2083/57 1008/2084/66
f 992/2043/25 1008/2084/66 1003/2074/15
f 992/2043/25 1010/2085/58 1009/2083/57
f 1007/2086/56 1009/2087/57 1010/2035/58 987/2034/47
f 992/2043/25 986/2046/59 1010/2085/58
f 988/2036/9 1007/2080/56 987/2037/47
f 1011/2088/9 1017/2089/539 1012/2090/540
f 1011/2088/9 1012/2090/540 1013/2091/541
f 1011/2088/9 1013/2091/541 1014/2092/542
f 1011/2088/9 1014/2092/542 1015/2093/543
f 1011/2088/9 1015/2093/543 1016/2094/544
f 1011/2088/9 1016/2094/544 1017/2089/539
f 1016/2095/544 1020/2096/545 1018/2097/546 1017/2098/539
f 1017/2098/539 1018/2097/546 1021/2099/547 1012/2100/540
f 1019/2101/25 1021/2102/547 1018/2103/546
f 1019/2101/25 1018/2103/546 1020/2104/545
f 1012/2105/540 1021/2106/547 1022/2107/548 1013/2108/541
f 1019/2101/25 1022/2109/548 1021/2102/547
f 1019/2101/25 1023/2110/549 1022/2109/548
f 1013/2111/541 1022/2112/548 1023/2113/549 1014/2114/542
f 1019/2101/25 1024/2115/550 1023/2110/549
f 1014/2114/542 1023/2113/549 1024/2116/550 1015/2117/543
f 1019/2101/25 1020/2104/545 1024/2115/550
f 1015/2118/543 1024/2119/550 1020/2120/545 1016/2121/544
f 1025/2122/9 1031/2123/551 1026/2124/552
f 1025/2122/9 1026/2124/552 1027/2125/553
f 1025/2122/9 1027/2125/553 1028/2126/554
f 1025/2122/9 1028/2126/554 1029/2127/555
f 1025/2122/9 1029/2127/555 1030/2128/556
f 1025/2122/9 1030/2128/556 1031/2123/551
f 1031/2123/551 1030/2128/556 1039/2129/557 1032/2130/558
f 1031/2131/551 1033/2132/559 1036/2133/560 1026/2134/552
f 1032/2135/558 1037/2136/561 1033/2132/559 1031/2131/551
f 1034/2137/25 1036/2138/560 1033/2139/559
f 1034/2137/25 1033/2139/559 1035/2140/562
f 1035/2140/562 1033/2139/559 1037/2141/561 1038/2142/563
f 1039/2143/557 1038/2144/563 1037/2145/561 1032/2146/558
f 1038/2147/563 1039/2148/557 1030/2149/556 1035/2150/562
f 1026/2134/552 1036/2133/560 1040/2151/564 1027/2152/553
f 1034/2137/25 1040/2153/564 1036/2138/560
f 1034/2137/25 1041/2154/565 1040/2153/564
f 1027/2155/553 1040/2156/564 1041/2157/565 1028/2158/554
f 1034/2137/25 1042/2159/566 1041/2154/565
f 1028/2160/554 1041/2161/565 1042/2162/566 1029/2163/555
f 1034/2137/25 1035/2140/562 1042/2159/566
f 1029/2163/555 1042/2162/566 1035/2150/562 1030/2149/556
f 1043/2164/567 1044/2165/25 1050/2166/25 1047/2167/568
f 1044/2165/25 1043/2164/567 1045/2168/569 1084/2169/570
f 1045/2170/569 1043/2171/567 1046/2172/571 1083/2173/572
f 1043/2171/567 1047/2174/568 1049/2175/573 1046/2172/571
f 1047/2167/568 1050/2166/25 1052/2176/25 1048/2177/574
f 1047/2174/568 1048/2178/574 1061/2179/575 1049/2175/573
f 1050/2166/25 1051/2180/576 1053/2181/577 1052/2176/25
f 1044/2165/25 1079/2182/578 1051/2180/576 1050/2166/25
f 1052/2176/25 1053/2181/577 1055/2183/579 1054/2184/25
f 1048/2177/574 1052/2176/25 1054/2184/25 1057/2185/580
f 1054/2184/25 1055/2183/579 1072/2186/581 1056/2187/25
f 1057/2185/580 1054/2184/25 1056/2187/25 1058/2188/582
f 1057/2189/580 1058/2190/582 1060/2191/583 1059/2192/584
f 1048/2178/574 1057/2189/580 1059/2192/584 1061/2179/575
f 1058/2190/582 1063/2193/585 1062/2194/586 1060/2191/583
f 1063/2193/585 1065/2195/587 1064/2196/588 1062/2194/586
f 1065/2197/587 1068/2198/589 1066/2199/590 1064/2200/588
f 1068/2198/589 1069/2201/591 1067/2202/592 1066/2199/590
f 1070/2203/25 1071/2204/593 1069/2205/591 1068/2206/589
f 1063/2207/585 1070/2203/25 1068/2206/589 1065/2208/587
f 1056/2187/25 1072/2186/581 1071/2204/593 1070/2203/25
f 1058/2188/582 1056/2187/25 1070/2203/25 1063/2207/585
f 1071/2209/593 1072/2210/581 1074/2211/594 1073/2212/595
f 1069/2213/591 1071/2209/593 1073/2212/595 1067/2214/592
f 1072/2210/581 1055/2215/579 1075/2216/596 1074/2211/594
f 1055/2215/579 1053/2217/577 1076/2218/597 1075/2216/596
f 1053/2217/577 1051/2219/576 1077/2220/598 1076/2218/597
f 1051/2219/576 1079/2221/578 1078/2222/599 1077/2220/598
f 1079/2221/578 1081/2223/600 1080/2224/601 1078/2222/599
f 1081/2225/600 1084/2226/570 1082/2227/602 1080/2228/601
f 1084/2226/570 1045/2229/569 1083/2230/572 1082/2227/602
f 1079/2182/578 1044/2165/25 1084/2169/570 1081/2231/600
f 1086/2232/1 1097/2233/603 1088/2234/604 1085/2235/1
f 1087/2236/43 1098/2237/43 1086/2238/1 1085/2239/1
f 1087/2236/43 1085/2239/1 1089/2240/605 1091/2241/45
f 1085/2235/1 1088/2234/604 1090/2242/606 1089/2243/605
f 1089/2244/605 1090/2245/606 1092/2246/607 1091/2247/45
f 1093/2248/608 1087/2249/43 1091/2250/45 1092/2251/607
f 1088/2252/604 1093/2253/608 1092/2254/607 1090/2255/606
f 1093/2248/608 1094/2256/46 1096/2257/44 1095/2258/609
f 1088/2259/604 1104/2260/3 1094/2261/46 1093/1190/608
f 1087/2249/43 1093/2248/608 1095/2258/609 1098/2262/43
f 1095/2263/609 1096/2264/44 1103/2265/39 1097/2266/603
f 1095/2267/609 1097/2268/603 1101/2269/610 1099/2270/611
f 1098/2262/43 1095/2258/609 1099/2271/611 1100/2272/42
f 1100/2273/42 1099/2274/611 1101/2275/610 1102/2276/612
f 1097/2233/603 1086/2232/1 1102/2277/612 1101/2278/610
f 1086/2238/1 1098/2237/43 1100/2279/42 1102/2280/612
f 1097/2233/603 1103/2281/39 1104/2282/3 1088/2234/604
f 1096/2283/44 1094/2284/46 1104/2285/3 1103/2286/39
f 1106/2287/1 1111/2288/409 1109/2289/613 1105/2290/1
f 1107/2291/6 1188/2292/6 1106/2293/1 1105/2294/1
f 1107/2291/6 1105/2294/1 1108/2295/4 1241/2296/614
f 1105/2290/1 1109/2289/613 1110/2297/615 1108/2298/4
f 1110/2299/615 1109/2300/613 1112/2301/616 1119/2302/617
f 1111/2288/409 1115/2303/36 1113/2304/37 1109/2289/613
f 1109/2305/613 1113/2306/37 1116/2307/618 1112/2308/616
f 1113/2306/37 1114/2309/619 1117/2310/620 1116/2307/618
f 1115/2303/36 1184/2311/621 1114/2312/619 1113/2304/37
f 1116/2313/618 1117/2314/620 1121/2315/622 1118/2316/623
f 1112/2317/616 1116/2313/618 1118/2316/623 1119/2318/617
f 1120/2319/9 1110/2320/615 1119/2321/617 1118/2322/623
f 1122/2323/7 1120/2319/9 1118/2322/623 1121/2324/622
f 1114/2325/619 1122/2326/7 1121/2327/622 1117/2328/620
f 1120/2319/9 1122/2323/7 1123/2329/621 1124/2330/36
f 1114/2325/619 1125/2331/72 1123/2332/621 1122/2326/7
f 1124/2333/36 1123/2334/621 1127/2335/414 1128/2336/624
f 1125/2331/72 1251/2337/414 1126/2338/414 1123/2332/621
f 1123/2332/621 1126/2338/414 1130/2339/621 1127/2340/414
f 1128/2336/624 1127/2335/414 1129/2341/3 1227/2342/36
f 1127/2340/414 1130/2339/621 1131/2343/7 1129/2344/3
f 1130/2339/621 1132/2345/625 1223/2346/7 1131/2343/7
f 1132/2347/625 1130/2348/621 1133/2349/3 1135/2350/46
f 1130/2351/621 1126/2352/414 1134/2353/414 1133/2354/3
f 1134/2355/414 1136/2356/27 1135/2357/46 1133/2358/3
f 1138/2359/27 1132/2360/625 1135/2361/46 1136/2362/27
f 1140/2363/27 1138/2359/27 1136/2362/27 1137/2364/27
f 1252/2365/414 1137/2366/27 1136/2356/27 1134/2355/414
f 1138/2367/27 1139/2368/27 1221/2369/27 1132/2345/625
f 1140/2370/27 1141/2371/625 1139/2368/27 1138/2367/27
f 1143/2372/626 1141/2371/625 1140/2370/27 1142/2373/27
f 1142/2374/27 1140/2363/27 1137/2364/27 1145/2375/27
f 1143/2372/626 1142/2373/27 1144/2376/27 1204/2377/27
f 1144/2378/27 1142/2374/27 1145/2375/27 1147/2379/27
f 1145/2380/27 1137/2366/27 1252/2365/414 1146/2381/414
f 1145/2380/27 1146/2381/414 1149/2382/414 1147/2383/27
f 1157/2384/626 1144/2378/27 1147/2379/27 1148/2385/44
f 1147/2383/27 1149/2382/414 1150/2386/39 1148/2387/44
f 1151/2388/414 1154/2389/619 1150/2390/39 1149/2391/414
f 1153/2392/414 1151/2388/414 1149/2391/414 1146/2393/414
f 1151/2394/414 1152/2395/619 1155/2396/414 1154/2397/619
f 1153/2398/414 1185/2399/72 1152/2395/619 1151/2394/414
f 1154/2397/619 1155/2396/414 1250/2400/39 1156/2401/40
f 1157/2402/626 1154/2397/619 1156/2401/40 1159/2403/40
f 1154/2404/619 1157/2405/626 1148/2406/44 1150/2407/39
f 1204/2377/27 1144/2376/27 1157/2402/626 1158/2408/27
f 1158/2408/27 1157/2402/626 1159/2403/40 1160/2409/44
f 1162/2410/421 1160/2411/44 1159/2412/40 1161/2413/25
f 1161/2413/25 1159/2412/40 1156/2414/40 1164/2415/25
f 1197/2416/421 1162/2410/421 1161/2413/25 1163/2417/25
f 1163/2417/25 1161/2413/25 1164/2415/25 1166/2418/25
f 1164/2415/25 1156/2414/40 1250/2419/39 1165/2420/37
f 1166/2418/25 1164/2415/25 1165/2420/37 1168/2421/37
f 1195/2422/41 1163/2417/25 1166/2418/25 1167/2423/41
f 1167/2423/41 1166/2418/25 1168/2421/37 1169/2424/38
f 1170/2425/624 1171/2426/1 1169/2427/38 1168/2428/37
f 1172/2429/624 1170/2425/624 1168/2428/37 1165/2430/37
f 1173/2431/37 1174/2432/627 1171/2426/1 1170/2425/624
f 1176/2433/37 1173/2431/37 1170/2425/624 1172/2429/624
f 1174/2434/627 1173/2435/37 1175/2436/628 1187/2437/38
f 1173/2435/37 1176/2438/37 1177/2439/25 1175/2436/628
f 1152/2440/619 1176/2433/37 1172/2429/624 1155/2441/414
f 1176/2438/37 1152/2442/619 1178/2443/40 1177/2439/25
f 1177/2439/25 1178/2443/40 1182/2444/620 1179/2445/618
f 1175/2436/628 1177/2439/25 1179/2445/618 1180/2446/616
f 1181/2447/623 1186/2448/617 1180/2449/616 1179/2450/618
f 1183/2451/622 1181/2447/623 1179/2450/618 1182/2452/620
f 1178/2453/40 1184/2454/621 1183/2455/622 1182/2456/620
f 1184/2457/621 1115/2458/36 1181/2459/623 1183/2460/622
f 1185/2399/72 1125/2331/72 1114/2325/619 1184/2454/621
f 1185/2399/72 1184/2454/621 1178/2453/40 1152/2395/619
f 1153/2398/414 1251/2337/414 1125/2331/72 1185/2399/72
f 1115/2458/36 1111/2461/409 1186/2462/617 1181/2459/623
f 1111/2463/409 1175/2464/628 1180/2465/616 1186/2466/617
f 1111/2288/409 1106/2287/1 1187/2467/38 1175/2468/628
f 1106/2293/1 1188/2292/6 1174/2469/627 1187/2470/38
f 1188/2292/6 1190/2471/6 1189/2472/6 1174/2469/627
f 1174/2469/627 1189/2472/6 1192/2473/6 1171/2474/1
f 1190/2471/6 1246/2475/6 1191/2476/6 1189/2472/6
f 1189/2472/6 1191/2476/6 1193/2477/6 1192/2473/6
f 1171/2474/1 1192/2473/6 1167/2478/41 1169/2479/38
f 1192/2473/6 1193/2477/6 1195/2480/41 1167/2478/41
f 1191/2476/6 1202/2481/43 1194/2482/43 1193/2477/6
f 1193/2477/6 1194/2482/43 1196/2483/42 1195/2480/41
f 1196/2484/42 1197/2416/421 1163/2417/25 1195/2422/41
f 1194/2485/43 1198/2486/103 1197/2487/421 1196/2488/42
f 1198/2486/103 1199/2489/103 1162/2490/421 1197/2487/421
f 1202/2491/43 1200/2492/103 1198/2486/103 1194/2485/43
f 1200/2492/103 1203/2493/103 1199/2489/103 1198/2486/103
f 1201/2494/421 1205/2495/421 1203/2493/103 1200/2492/103
f 1247/2496/629 1201/2494/421 1200/2492/103 1202/2491/43
f 1203/2493/103 1204/2497/27 1158/2498/27 1199/2489/103
f 1205/2495/421 1143/2499/626 1204/2497/27 1203/2493/103
f 1206/2500/421 1207/2501/44 1143/2502/626 1205/2503/421
f 1209/2504/421 1206/2500/421 1205/2503/421 1201/2505/421
f 1208/2506/410 1249/2507/46 1207/2508/44 1206/2509/421
f 1211/2510/410 1208/2506/410 1206/2509/421 1209/2511/421
f 1212/2512/45 1211/2510/410 1209/2511/421 1210/2513/42
f 1210/2514/42 1209/2504/421 1201/2505/421 1247/2515/629
f 1214/2516/630 1213/2517/410 1211/2518/410 1212/2519/45
f 1213/2517/410 1216/2520/410 1208/2521/410 1211/2518/410
f 1213/2522/410 1214/2523/630 1239/2524/43 1215/2525/103
f 1216/2526/410 1213/2522/410 1215/2525/103 1217/2527/103
f 1141/2528/625 1216/2526/410 1217/2527/103 1139/2529/27
f 1216/2520/410 1141/2530/625 1249/2531/46 1208/2521/410
f 1217/2527/103 1215/2525/103 1219/2532/103 1218/2533/103
f 1139/2529/27 1217/2527/103 1218/2533/103 1221/2534/27
f 1218/2533/103 1219/2532/103 1248/2535/410 1220/2536/410
f 1221/2534/27 1218/2533/103 1220/2536/410 1222/2537/46
f 1132/2345/625 1221/2369/27 1222/2538/46 1223/2346/7
f 1224/2539/9 1223/2540/7 1222/2541/46 1220/2542/410
f 1226/2543/9 1131/2544/7 1223/2540/7 1224/2539/9
f 1225/2545/9 1224/2539/9 1220/2542/410 1248/2546/410
f 1228/2547/9 1226/2543/9 1224/2539/9 1225/2545/9
f 1227/2548/36 1129/2549/3 1131/2544/7 1226/2543/9
f 1229/2550/36 1227/2548/36 1226/2543/9 1228/2547/9
f 1231/2551/4 1229/2550/36 1228/2547/9 1230/2552/5
f 1230/2552/5 1228/2547/9 1225/2545/9 1233/2553/5
f 1232/2554/6 1244/2555/1 1231/2556/4 1230/2557/5
f 1235/2558/6 1232/2554/6 1230/2557/5 1233/2559/5
f 1233/2553/5 1225/2545/9 1248/2546/410 1234/2560/45
f 1236/2561/43 1235/2558/6 1233/2559/5 1234/2562/45
f 1239/2563/43 1237/2564/6 1235/2558/6 1236/2561/43
f 1237/2564/6 1240/2565/6 1232/2554/6 1235/2558/6
f 1238/2566/6 1242/2567/6 1240/2565/6 1237/2564/6
f 1214/2568/630 1238/2566/6 1237/2564/6 1239/2563/43
f 1240/2565/6 1241/2296/614 1244/2555/1 1232/2554/6
f 1242/2567/6 1107/2291/6 1241/2296/614 1240/2565/6
f 1238/2566/6 1246/2475/6 1190/2471/6 1242/2567/6
f 1242/2567/6 1190/2471/6 1188/2292/6 1107/2291/6
f 1108/2569/4 1110/2320/615 1243/2570/36 1241/2571/614
f 1241/2572/614 1243/2573/36 1245/2574/624 1244/2575/1
f 1244/2575/1 1245/2574/624 1229/2576/36 1231/2577/4
f 1245/2574/624 1128/2336/624 1227/2342/36 1229/2576/36
f 1243/2573/36 1124/2333/36 1128/2336/624 1245/2574/624
f 1110/2320/615 1120/2319/9 1124/2330/36 1243/2570/36
f 1215/2525/103 1239/2524/43 1236/2578/43 1219/2532/103
f 1214/2568/630 1247/2579/629 1246/2475/6 1238/2566/6
f 1246/2475/6 1247/2579/629 1202/2481/43 1191/2476/6
f 1212/2580/45 1210/2581/42 1247/2579/629 1214/2568/630
f 1219/2532/103 1236/2578/43 1234/2582/45 1248/2535/410
f 1207/2583/44 1249/2584/46 1141/2371/625 1143/2372/626
f 1199/2489/103 1158/2498/27 1160/2585/44 1162/2490/421
f 1155/2441/414 1172/2429/624 1165/2430/37 1250/9/39
f 1251/2586/414 1153/2392/414 1146/2393/414 1252/2587/414
f 1126/2352/414 1251/2586/414 1252/2587/414 1134/2353/414
f 1253/2588/631 1254/2589/632 1270/2590/633 1256/2591/634
f 1255/2592/635 1273/2593/636 1254/2594/632 1253/2595/631
f 1255/2596/635 1253/2597/631 1257/2598/637 1258/2599/638
f 1253/2597/631 1256/2600/634 1260/2601/639 1257/2598/637
f 1258/2602/638 1257/2603/637 1259/2604/640 1271/2605/641
f 1257/2606/637 1260/2607/639 1261/2608/642 1259/2609/640
f 1260/2607/639 1262/2610/643 1263/2611/644 1261/2608/642
f 1256/2600/634 1265/2612/645 1262/2613/643 1260/2601/639
f 1262/2610/643 1264/2614/646 1269/2615/647 1263/2611/644
f 1265/2612/645 1267/2616/648 1264/2617/646 1262/2613/643
f 1265/2618/645 1266/2619/649 1268/2620/650 1267/2621/648
f 1256/2591/634 1270/2590/633 1266/2619/649 1265/2618/645
f 1267/2622/648 1268/2623/650 1269/2624/647 1264/2625/646
f 1268/2626/650 1266/2627/649 1263/2628/644 1269/2629/647
f 1266/2627/649 1270/2630/633 1261/2631/642 1263/2628/644
f 1270/2630/633 1254/2632/632 1259/2633/640 1261/2631/642
f 1254/2632/632 1273/2634/636 1271/2635/641 1259/2633/640
f 1272/2636/1 1296/2637/43 1258/2602/638 1271/2605/641
f 1273/2634/636 1274/2638/414 1272/2639/1 1271/2635/641
f 1274/2640/414 1273/2593/636 1255/2592/635 1275/2641/27
f 1274/2640/414 1275/2641/27 1277/2642/651 1276/2643/652
f 1274/2638/414 1276/2644/652 1279/2645/653 1272/2639/1
f 1277/2642/651 1295/2646/654 1278/2647/655 1276/2643/652
f 1276/2644/652 1278/2648/655 1281/2649/656 1279/2645/653
f 1272/2636/1 1279/2650/653 1280/2651/657 1296/2637/43
f 1280/2651/657 1279/2650/653 1281/2652/656 1282/2653/658
f 1282/2654/658 1281/2614/656 1283/2655/659 1284/2656/660
f 1278/2648/655 1286/2657/661 1283/2658/659 1281/2649/656
f 1284/2656/660 1283/2655/659 1285/2659/662 1294/2660/663
f 1286/2657/661 1288/2661/664 1285/2662/662 1283/2658/659
f 1287/2663/665 1289/2664/666 1288/2665/664 1286/2666/661
f 1295/2620/654 1287/2663/665 1286/2666/661 1278/2667/655
f 1289/2664/666 1291/2668/667 1290/2669/668 1288/2665/664
f 1288/2661/664 1290/2670/668 1292/2671/669 1285/2662/662
f 1290/2672/668 1291/2673/667 1293/2674/670 1292/2675/669
f 1294/2660/663 1285/2659/662 1292/2676/669 1293/2677/670
f 1291/2678/667 1289/2679/666 1294/2680/663 1293/2681/670
f 1289/2679/666 1287/2682/665 1284/2683/660 1294/2680/663
f 1287/2682/665 1295/2684/654 1282/2685/658 1284/2683/660
f 1295/2684/654 1277/2686/651 1280/2687/657 1282/2685/658
f 1277/2686/651 1275/2688/27 1296/2689/43 1280/2687/657
f 1275/2688/27 1255/2596/635 1258/2599/638 1296/2689/43
f 1300/2690/671 1308/2691/87 1298/2692/86 1297/2693/672
f 1297/2693/672 1298/2692/86 1367/2694/85 1299/2695/673
f 1297/2696/672 1299/2697/673 1302/2698/674 1301/2699/675
f 1300/2700/671 1297/2696/672 1301/2699/675 1304/2701/676
f 1301/2702/675 1302/2703/674 1368/2704/677 1303/2705/678
f 1304/2706/676 1301/2702/675 1303/2705/678 1306/2707/679
f 1311/2708/680 1300/2700/671 1304/2701/676 1305/2709/681
f 1305/2710/681 1304/2706/676 1306/2707/679 1307/2711/682
f 1308/2712/87 1309/2713/88 1307/2714/682 1306/2715/679
f 1298/2716/86 1308/2712/87 1306/2715/679 1303/2717/678
f 1311/2718/680 1309/2719/88 1308/2720/87 1300/2721/671
f 1309/2713/88 1310/2722/89 1316/2723/683 1307/2714/682
f 1312/2724/684 1310/2725/89 1309/2719/88 1311/2718/680
f 1312/2726/684 1311/2708/680 1305/2709/681 1314/2727/685
f 1313/2728/686 1319/2729/90 1310/2725/89 1312/2724/684
f 1313/2730/686 1312/2726/684 1314/2727/685 1315/2731/687
f 1315/2732/687 1314/2733/685 1316/2734/683 1317/2735/688
f 1314/2733/685 1305/2736/681 1307/2737/682 1316/2734/683
f 1310/2722/89 1319/2738/90 1317/2739/688 1316/2723/683
f 1355/2740/689 1315/2732/687 1317/2735/688 1318/2741/690
f 1319/2738/90 1320/2742/691 1318/2743/690 1317/2739/688
f 1321/2744/692 1320/2745/691 1319/2746/90 1313/2747/686
f 1323/2748/693 1320/2749/691 1321/2750/692 1324/2751/694
f 1325/2752/695 1322/2753/696 1320/2742/691 1323/2754/693
f 1320/2742/691 1322/2753/696 1353/2755/697 1318/2743/690
f 1326/2756/698 1323/2748/693 1324/2751/694 1328/2757/699
f 1327/2758/700 1325/2752/695 1323/2754/693 1326/2759/698
f 1330/2760/700 1327/2758/700 1326/2759/698 1329/2761/701
f 1329/2762/701 1326/2756/698 1328/2757/699 1332/2763/702
f 1346/2764/703 1330/2760/700 1329/2761/701 1331/2765/704
f 1331/2766/704 1329/2762/701 1332/2763/702 1333/2767/705
f 1333/2768/705 1332/2769/702 1334/2770/706 1335/2771/707
f 1332/2769/702 1328/2772/699 1337/2773/708 1334/2770/706
f 1335/2771/707 1334/2770/706 1336/2774/709 1345/2775/710
f 1334/2770/706 1337/2773/708 1339/2776/711 1336/2774/709
f 1328/2772/699 1324/2777/694 1338/2778/712 1337/2773/708
f 1337/2773/708 1338/2778/712 1340/2779/713 1339/2776/711
f 1339/2780/711 1340/2781/713 1342/2782/714 1341/2783/715
f 1336/2784/709 1339/2780/711 1341/2783/715 1343/2785/716
f 1341/2786/715 1342/2787/714 1325/2752/695 1327/2758/700
f 1343/2788/716 1341/2786/715 1327/2758/700 1330/2760/700
f 1345/2789/710 1336/2784/709 1343/2785/716 1344/2790/717
f 1344/2791/717 1343/2788/716 1330/2760/700 1346/2764/703
f 1335/2792/707 1345/2793/710 1344/2794/717 1346/2795/703
f 1333/2796/705 1335/2792/707 1346/2795/703 1331/2797/704
f 1342/2787/714 1347/2798/718 1322/2753/696 1325/2752/695
f 1340/2781/713 1349/2799/719 1347/2800/718 1342/2782/714
f 1347/2798/718 1348/2801/82 1352/2802/720 1350/2803/721
f 1365/2804/722 1348/2805/82 1347/2806/718 1349/2807/719
f 1322/2753/696 1347/2798/718 1350/2803/721 1353/2755/697
f 1351/2808/723 1354/2809/724 1353/2810/697 1350/2811/721
f 1357/2812/725 1351/2813/723 1350/2814/721 1352/2815/720
f 1354/2809/724 1355/2816/689 1318/2817/690 1353/2810/697
f 1349/2818/719 1356/2819/726 1354/2820/724 1351/2821/723
f 1356/2819/726 1321/2822/692 1355/2823/689 1354/2820/724
f 1338/2778/712 1356/2819/726 1349/2818/719 1340/2779/713
f 1324/2777/694 1321/2822/692 1356/2819/726 1338/2778/712
f 1321/2822/692 1313/2730/686 1315/2731/687 1355/2823/689
f 1359/2824/727 1357/2812/725 1352/2815/720 1358/2825/728
f 1348/2801/82 1361/2826/83 1358/2827/728 1352/2802/720
f 1366/2828/729 1359/2824/727 1358/2825/728 1360/2829/730
f 1361/2826/83 1362/2830/84 1360/2831/730 1358/2827/728
f 1364/2832/731 1362/2833/84 1361/2834/83 1363/2835/732
f 1363/2835/732 1361/2834/83 1348/2836/82 1365/2837/722
f 1364/2838/731 1363/2839/732 1359/2840/727 1366/2841/729
f 1363/2839/732 1365/2842/722 1357/2843/725 1359/2840/727
f 1365/2842/722 1349/2818/719 1351/2821/723 1357/2843/725
f 1299/2844/673 1367/2845/85 1362/2833/84 1364/2832/731
f 1299/2697/673 1364/2838/731 1366/2841/729 1302/2698/674
f 1302/2703/674 1366/2846/729 1360/2299/730 1368/2704/677
f 1362/2830/84 1367/2847/85 1368/2848/677 1360/2831/730
f 1367/2847/85 1298/2716/86 1303/2717/678 1368/2848/677
f 1369/2849/36 1370/2850/733 1374/2851/7 1373/2852/9
f 1371/2853/613 1515/2854/414 1370/2855/733 1369/2856/36
f 1371/2853/613 1369/2856/36 1372/2857/605 1379/2858/734
f 1369/2849/36 1373/2852/9 1376/2859/5 1372/2860/605
f 1373/2852/9 1374/2851/7 1520/2861/46 1375/2862/410
f 1373/2852/9 1375/2862/410 1377/2863/45 1376/2859/5
f 1377/2864/45 1381/2865/42 1378/2866/41 1376/2867/5
f 1376/2867/5 1378/2866/41 1379/2868/734 1372/2869/605
f 1380/2870/41 1371/2871/613 1379/2872/734 1378/2873/41
f 1382/2874/735 1380/2870/41 1378/2873/41 1381/2875/42
f 1375/2876/410 1382/2877/735 1381/2878/42 1377/2879/45
f 1382/2877/735 1383/2880/27 1385/2881/410 1384/2882/43
f 1375/2876/410 1520/2883/46 1383/2880/27 1382/2877/735
f 1382/2884/735 1384/2885/43 1387/2886/6 1380/2887/41
f 1384/2882/43 1385/2881/410 1464/2888/43 1386/2889/43
f 1384/2885/43 1386/2890/43 1389/2891/6 1387/2886/6
f 1380/2887/41 1387/2886/6 1388/2892/1 1371/2893/613
f 1387/2886/6 1389/2891/6 1390/2894/1 1388/2892/1
f 1389/2891/6 1391/2895/6 1393/2896/1 1390/2894/1
f 1386/2890/43 1394/2897/43 1391/2895/6 1389/2891/6
f 1394/2897/43 1396/2898/43 1392/2899/6 1391/2895/6
f 1391/2895/6 1392/2899/6 1412/2900/1 1393/2896/1
f 1386/2889/43 1464/2888/43 1395/2901/43 1394/2902/43
f 1394/2902/43 1395/2901/43 1397/2903/421 1396/2904/43
f 1396/2904/43 1397/2903/421 1399/2905/27 1398/2906/736
f 1396/2898/43 1398/2907/736 1401/2908/5 1392/2899/6
f 1398/2906/736 1399/2905/27 1519/2909/44 1400/2910/421
f 1398/2906/736 1400/2910/421 1404/2911/42 1402/2912/45
f 1401/2913/5 1398/2914/736 1402/2915/45 1403/2916/5
f 1402/2917/45 1404/2918/42 1405/2919/41 1403/2920/5
f 1400/2921/421 1407/2922/25 1405/2923/41 1404/2924/42
f 1403/2920/5 1405/2919/41 1406/2925/612 1414/2926/737
f 1407/2922/25 1409/2927/37 1406/2928/612 1405/2923/41
f 1400/2921/421 1519/2929/44 1408/2930/40 1407/2922/25
f 1407/2922/25 1408/2930/40 1410/2931/738 1409/2927/37
f 1409/2932/37 1410/2933/738 1413/2934/414 1411/2935/409
f 1409/2932/37 1411/2935/409 1414/2936/737 1406/2937/612
f 1411/2938/409 1401/2913/5 1403/2916/5 1414/2939/737
f 1392/2899/6 1401/2908/5 1411/2940/409 1412/2900/1
f 1411/2935/409 1413/2934/414 1416/2941/10 1412/2942/1
f 1415/2943/72 1417/2944/40 1416/2945/10 1413/2946/414
f 1408/2947/40 1415/2943/72 1413/2946/414 1410/2948/738
f 1412/2942/1 1416/2941/10 1418/2949/624 1393/2950/1
f 1416/2951/10 1417/2952/40 1421/2953/739 1419/2954/740
f 1418/2949/624 1416/2941/10 1419/2955/740 1420/2956/741
f 1421/2957/739 1423/2958/742 1420/2959/741 1419/2960/740
f 1421/2953/739 1422/2961/743 1427/2962/744 1424/2963/745
f 1417/2952/40 1397/2964/421 1422/2961/743 1421/2953/739
f 1423/2965/742 1421/2966/739 1424/2967/745 1425/2968/746
f 1425/2968/746 1424/2967/745 1426/2969/747 1508/2970/748
f 1424/2963/745 1427/2962/744 1429/2971/749 1426/2972/747
f 1422/2961/743 1459/2973/750 1428/2974/751 1427/2962/744
f 1427/2962/744 1428/2974/751 1430/2975/752 1429/2971/749
f 1429/2976/749 1430/2977/752 1433/2978/753 1431/2979/754
f 1426/2980/747 1429/2976/749 1431/2979/754 1432/2981/755
f 1432/2982/755 1431/2983/754 1434/2984/756 1437/2985/757
f 1431/2983/754 1433/2986/753 1436/2987/758 1434/2984/756
f 1435/2988/759 1439/2989/760 1437/2990/757 1434/2991/756
f 1446/2992/761 1435/2988/759 1434/2991/756 1436/2993/758
f 1510/2994/762 1432/2982/755 1437/2985/757 1438/2995/763
f 1439/2989/760 1440/2996/764 1438/2997/763 1437/2990/757
f 1440/2998/764 1439/2999/760 1441/3000/765 1442/3001/766
f 1439/3002/760 1435/3003/759 1443/3004/25 1441/3005/765
f 1435/3003/759 1446/3006/761 1444/3007/767 1443/3004/25
f 1446/3008/761 1447/3009/768 1445/3010/769 1444/3011/767
f 1447/3012/768 1446/2992/761 1436/2993/758 1449/3013/770
f 1447/3009/768 1448/3014/768 1517/3015/769 1445/3010/769
f 1448/3016/768 1447/3012/768 1449/3013/770 1450/3017/771
f 1451/3018/772 1452/3019/773 1450/3020/771 1449/3021/770
f 1433/3022/753 1451/3018/772 1449/3021/770 1436/3023/758
f 1453/3024/774 1454/3025/774 1452/3026/773 1451/3027/772
f 1430/2977/752 1453/3024/774 1451/3027/772 1433/2978/753
f 1455/3028/775 1456/3029/775 1454/3030/774 1453/3031/774
f 1428/3032/751 1455/3028/775 1453/3031/774 1430/3033/752
f 1457/3034/776 1460/3035/776 1456/3029/775 1455/3028/775
f 1459/3036/750 1457/3034/776 1455/3028/775 1428/3032/751
f 1458/3037/43 1462/3038/43 1460/3035/776 1457/3034/776
f 1518/3039/42 1458/3037/43 1457/3034/776 1459/3036/750
f 1460/3035/776 1461/3040/777 1466/3041/778 1456/3029/775
f 1462/3038/43 1463/3042/45 1461/3040/777 1460/3035/776
f 1464/3043/43 1385/3044/410 1463/3045/45 1462/3046/43
f 1395/3047/43 1464/3043/43 1462/3046/43 1458/3048/43
f 1385/3049/410 1465/3050/779 1461/3051/777 1463/3052/45
f 1461/3051/777 1465/3050/779 1467/3053/780 1466/3054/778
f 1466/3054/778 1467/3053/780 1469/3055/781 1468/3056/782
f 1456/3029/775 1466/3041/778 1468/3057/782 1454/3030/774
f 1468/3058/782 1469/3059/781 1471/3060/783 1470/3061/784
f 1454/3025/774 1468/3058/782 1470/3061/784 1452/3026/773
f 1470/3062/784 1471/3063/783 1473/3064/785 1472/3065/786
f 1452/3019/773 1470/3066/784 1472/3067/786 1450/3020/771
f 1476/3068/787 1474/3069/788 1472/3070/786 1473/3071/785
f 1474/3069/788 1448/3016/768 1450/3017/771 1472/3070/786
f 1448/3014/768 1474/3072/788 1475/3073/789 1517/3015/769
f 1474/3074/788 1476/3075/787 1478/3076/9 1475/3077/789
f 1477/3078/790 1476/3068/787 1473/3071/785 1486/3079/791
f 1476/3075/787 1477/3080/790 1479/3081/792 1478/3076/9
f 1477/3082/790 1482/3083/793 1480/3084/794 1479/3085/792
f 1482/3086/793 1483/3087/795 1481/3088/796 1480/3089/794
f 1483/3090/795 1482/3091/793 1484/3092/797 1485/3093/798
f 1482/3091/793 1477/3078/790 1486/3079/791 1484/3092/797
f 1487/3094/799 1488/3095/800 1485/3096/798 1484/3097/797
f 1490/3098/801 1487/3094/799 1484/3097/797 1486/3099/791
f 1489/3100/802 1507/3101/803 1488/3102/800 1487/3103/799
f 1491/3104/804 1489/3100/802 1487/3103/799 1490/3105/801
f 1469/3059/781 1491/3104/804 1490/3105/801 1471/3060/783
f 1471/3063/783 1490/3098/801 1486/3099/791 1473/3064/785
f 1492/3106/805 1493/3107/806 1489/3108/802 1491/3109/804
f 1467/3053/780 1492/3110/805 1491/3111/804 1469/3055/781
f 1465/3050/779 1494/3112/807 1492/3110/805 1467/3053/780
f 1494/3113/807 1497/3114/808 1493/3107/806 1492/3106/805
f 1497/3115/808 1494/2146/807 1495/3116/809 1498/3117/810
f 1496/3118/7 1514/3119/2 1495/3120/809 1494/3112/807
f 1385/3049/410 1496/3118/7 1494/3112/807 1465/3050/779
f 1497/3121/808 1498/3122/810 1500/3123/811 1493/3124/806
f 1514/3125/2 1499/3126/624 1498/3127/810 1495/3128/809
f 1499/3126/624 1418/2949/624 1420/2956/741 1498/3127/810
f 1498/3129/810 1420/3130/741 1503/3131/812 1501/3132/813
f 1500/3123/811 1498/3122/810 1501/3133/813 1502/3134/808
f 1501/3135/813 1503/3136/812 1504/3137/814 1502/3138/808
f 1420/3139/741 1505/3140/815 1504/3141/814 1503/3142/812
f 1505/3143/815 1500/3144/811 1502/3145/808 1504/3146/814
f 1500/3144/811 1505/3143/815 1506/3147/816 1507/3148/803
f 1505/3140/815 1425/3149/746 1508/3150/748 1506/3151/816
f 1420/3139/741 1423/3152/742 1425/3149/746 1505/3140/815
f 1507/3101/803 1506/3153/816 1509/3154/817 1488/3102/800
f 1506/3153/816 1508/3155/748 1510/3156/762 1509/3154/817
f 1509/3157/817 1510/2994/762 1438/2995/763 1511/3158/818
f 1488/3159/800 1509/3160/817 1511/3161/818 1485/3162/798
f 1512/3163/819 1483/3090/795 1485/3093/798 1511/3164/818
f 1440/2996/764 1512/3163/819 1511/3164/818 1438/2997/763
f 1512/3165/819 1440/3166/764 1442/3167/766 1513/3168/820
f 1483/3169/795 1512/3170/819 1513/3171/820 1481/3172/796
f 1508/3155/748 1426/2980/747 1432/2981/755 1510/3156/762
f 1493/3124/806 1500/3123/811 1507/3173/803 1489/3174/802
f 1393/2950/1 1418/2949/624 1499/3126/624 1390/3175/1
f 1390/3175/1 1499/3126/624 1514/3125/2 1388/3176/1
f 1388/3176/1 1514/3125/2 1515/2854/414 1371/2853/613
f 1496/3177/7 1516/3178/72 1515/3179/414 1514/3180/2
f 1516/3178/72 1374/3181/7 1370/3182/733 1515/3179/414
f 1383/3183/27 1520/3184/46 1374/3181/7 1516/3178/72
f 1385/3185/410 1383/3183/27 1516/3178/72 1496/3177/7
f 1422/2961/743 1397/2964/421 1518/3186/42 1459/2973/750
f 1397/3187/421 1395/3047/43 1458/3048/43 1518/3188/42
f 1399/3189/27 1397/3190/421 1417/2944/40 1415/2943/72
f 1519/3191/44 1399/3189/27 1415/2943/72 1408/2947/40
f 1521/3192/624 1524/3193/84 1522/3194/85
f 1521/3192/624 1522/3194/85 1523/3195/86
f 1521/3192/624 1523/3195/86 1533/3196/87
f 1521/3192/624 1525/3197/83 1524/3193/84
f 1521/3192/624 1526/3198/82 1525/3197/83
f 1521/3192/624 1527/3199/81 1526/3198/82
f 1521/3192/624 1528/3200/79 1527/3199/81
f 1521/3192/624 1529/3201/76 1528/3200/79
f 1521/3192/624 1530/3202/90 1529/3201/76
f 1521/3192/624 1531/3203/89 1530/3202/90
f 1521/3192/624 1532/3204/88 1531/3203/89
f 1521/3192/624 1533/3196/87 1532/3204/88
f 1535/3205/821 1532/3206/88 1533/3207/87 1534/3208/822
f 1534/3209/822 1533/3210/87 1523/3211/86 1536/3212/823
f 1535/3213/821 1534/3214/822 1537/3215/824 1538/3216/825
f 1534/3214/822 1536/3217/823 1539/3218/826 1537/3215/824
f 1538/3219/825 1537/3220/824 1540/3221/827 1541/3222/828
f 1537/3223/824 1539/3224/826 1542/3225/829 1540/3226/827
f 1541/3227/828 1540/3228/827 1543/3229/830 1544/3230/831
f 1540/3228/827 1542/3231/829 1545/3232/832 1543/3229/830
f 1544/3233/831 1543/3234/830 1546/3235/833 1547/3236/834
f 1543/3237/830 1545/3238/832 1548/3239/835 1546/3240/833
f 1547/3236/834 1546/3235/833 1549/3241/836 1550/3242/837
f 1546/3240/833 1548/3239/835 1551/3243/838 1549/3244/836
f 1550/3242/837 1549/3241/836 1552/3245/71 1553/3246/70
f 1549/3244/836 1551/3243/838 1554/3247/72 1552/3248/71
f 1551/3243/838 1556/3249/839 1555/3250/73 1554/3247/72
f 1556/3251/839 1559/3252/840 1557/3253/74 1555/3254/73
f 1559/3252/840 1560/3255/841 1558/3256/25 1557/3253/74
f 1561/3257/842 1562/3258/843 1560/3255/841 1559/3252/840
f 1564/3259/844 1561/3257/842 1559/3252/840 1556/3251/839
f 1563/3260/845 1573/3261/846 1562/3258/843 1561/3257/842
f 1565/3262/847 1563/3260/845 1561/3257/842 1564/3259/844
f 1545/3238/832 1565/3263/847 1564/3264/844 1548/3239/835
f 1548/3239/835 1564/3264/844 1556/3249/839 1551/3243/838
f 1566/3265/848 1568/3266/849 1563/3267/845 1565/3268/847
f 1542/3231/829 1566/3265/848 1565/3268/847 1545/3232/832
f 1567/3269/850 1569/3270/851 1568/3271/849 1566/3272/848
f 1539/3224/826 1567/3273/850 1566/3274/848 1542/3225/829
f 1569/3270/851 1572/3275/852 1570/3276/853 1568/3271/849
f 1568/3266/849 1570/3277/853 1573/3278/846 1563/3267/845
f 1570/3277/853 1571/3279/854 1574/3280/855 1573/3278/846
f 1572/3275/852 1604/3281/856 1571/3282/854 1570/3276/853
f 1573/3261/846 1574/3283/855 1576/3284/857 1562/3258/843
f 1571/3279/854 1601/3285/858 1575/3286/859 1574/3280/855
f 1574/3287/855 1575/3288/859 1577/3289/860 1576/3290/857
f 1562/3258/843 1576/3284/857 1578/3291/861 1560/3255/841
f 1576/3290/857 1577/3289/860 1579/3292/862 1578/3293/861
f 1560/3255/841 1578/3291/861 1580/3294/75 1558/3256/25
f 1578/3293/861 1579/3292/862 1581/3295/68 1580/3296/75
f 1579/3292/862 1583/3297/863 1582/3298/6 1581/3295/68
f 1583/3297/863 1585/3299/864 1584/3300/67 1582/3298/6
f 1585/3299/864 1587/3301/865 1586/3302/69 1584/3300/67
f 1587/3303/865 1589/3304/866 1588/3305/9 1586/3306/69
f 1589/3304/866 1550/3242/837 1553/3246/70 1588/3305/9
f 1590/3307/867 1547/3236/834 1550/3242/837 1589/3304/866
f 1592/3308/868 1590/3307/867 1589/3304/866 1587/3303/865
f 1591/3309/869 1544/3233/831 1547/3236/834 1590/3307/867
f 1593/3310/870 1591/3309/869 1590/3307/867 1592/3308/868
f 1595/3311/871 1593/3312/870 1592/3313/868 1594/3314/872
f 1594/3314/872 1592/3313/868 1587/3301/865 1585/3299/864
f 1597/3315/873 1595/3311/871 1594/3314/872 1596/3316/874
f 1596/3316/874 1594/3314/872 1585/3299/864 1583/3297/863
f 1575/3288/859 1597/3315/873 1596/3316/874 1577/3289/860
f 1577/3289/860 1596/3316/874 1583/3297/863 1579/3292/862
f 1598/3317/875 1599/3318/876 1595/3319/871 1597/3320/873
f 1601/3285/858 1598/3317/875 1597/3320/873 1575/3286/859
f 1600/3321/877 1612/3322/878 1599/3323/876 1598/3324/875
f 1602/3325/879 1600/3321/877 1598/3324/875 1601/3326/858
f 1604/3327/856 1602/3325/879 1601/3326/858 1571/3328/854
f 1603/3329/880 1609/3330/881 1600/3331/877 1602/3332/879
f 1605/3333/882 1603/3329/880 1602/3332/879 1604/3334/856
f 1606/3335/883 1605/3333/882 1604/3334/856 1572/3336/852
f 1605/3337/882 1526/3338/82 1527/3339/81 1603/3340/880
f 1606/3341/883 1525/3342/83 1526/3343/82 1605/3344/882
f 1607/3345/884 1524/3346/84 1525/3342/83 1606/3341/883
f 1607/3347/884 1606/3335/883 1572/3336/852 1569/3348/851
f 1608/3349/885 1522/3350/85 1524/3346/84 1607/3345/884
f 1608/3351/885 1607/3347/884 1569/3348/851 1567/3352/850
f 1536/3212/823 1523/3211/86 1522/3353/85 1608/3354/885
f 1536/3217/823 1608/3351/885 1567/3352/850 1539/3218/826
f 1603/3340/880 1527/3339/81 1528/3355/79 1609/3356/881
f 1609/3356/881 1528/3355/79 1529/3357/76 1610/3358/886
f 1609/3330/881 1610/3359/886 1612/3360/878 1600/3331/877
f 1610/3358/886 1529/3357/76 1530/3361/90 1611/3362/887
f 1610/3359/886 1611/3363/887 1613/3364/888 1612/3360/878
f 1612/3322/878 1613/3365/888 1615/3366/889 1599/3323/876
f 1611/3363/887 1617/3367/890 1614/3368/891 1613/3364/888
f 1613/3369/888 1614/3370/891 1616/3371/892 1615/3372/889
f 1599/3318/876 1615/3373/889 1593/3374/870 1595/3319/871
f 1615/3373/889 1616/3375/892 1591/3376/869 1593/3374/870
f 1614/3370/891 1538/3219/825 1541/3222/828 1616/3371/892
f 1616/3375/892 1541/3227/828 1544/3230/831 1591/3376/869
f 1617/3367/890 1535/3213/821 1538/3216/825 1614/3368/891
f 1617/3377/890 1531/3378/89 1532/3206/88 1535/3205/821
f 1611/3379/887 1530/3380/90 1531/3378/89 1617/3377/890
f 1618/3381/25 1621/3382/893 1619/3383/894
f 1618/3381/25 1619/3383/894 1620/3384/895
f 1618/3381/25 1620/3384/895 1626/3385/429
f 1618/3381/25 1622/3386/896 1621/3382/893
f 1618/3381/25 1623/3387/897 1622/3386/896
f 1618/3381/25 1624/3388/430 1623/3387/897
f 1618/3381/25 1625/3389/431 1624/3388/430
f 1618/3381/25 1626/3385/429 1625/3389/431
f 1628/3390/898 1625/3391/431 1626/3392/429 1627/3393/899
f 1627/3394/899 1626/3395/429 1620/3396/895 1629/3397/900
f 1627/3393/899 1630/3398/901 1634/3399/902 1628/3390/898
f 1629/3397/900 1633/3400/903 1630/3401/901 1627/3394/899
f 1630/3402/901 1631/3403/904 1635/3404/905 1634/3405/902
f 1632/3406/906 1882/3407/907 1631/3403/904 1630/3402/901
f 1708/3408/908 1632/3406/906 1630/3402/901 1633/3409/903
f 1634/3405/902 1635/3404/905 1637/3410/909 1636/3411/910
f 1628/3390/898 1634/3399/902 1636/3412/910 1640/3413/911
f 1636/3411/910 1637/3410/909 1762/3414/912 1638/3415/913
f 1639/3416/914 1636/3411/910 1638/3415/913 1878/3417/915
f 1640/3418/911 1636/3411/910 1639/3416/914 1641/3419/916
f 1640/3413/911 1624/3420/430 1625/3391/431 1628/3390/898
f 1641/3421/916 1623/3422/897 1624/3423/430 1640/3424/911
f 1642/3425/917 1622/3426/896 1623/3422/897 1641/3421/916
f 1641/3419/916 1639/3416/914 1644/3427/918 1642/3428/917
f 1643/3429/919 1621/3430/893 1622/3431/896 1642/3432/917
f 1642/3432/917 1644/3433/918 1647/3434/920 1643/3429/919
f 1648/3435/68 1647/3434/920 1644/3433/918 1645/3436/68
f 1645/3436/68 1644/3433/918 1646/3437/921 1838/3438/922
f 1644/3427/918 1639/3416/914 1878/3417/915 1646/3439/921
f 1651/3440/68 1649/3441/923 1647/3434/920 1648/3435/68
f 1643/3429/919 1647/3434/920 1649/3441/923 1652/3442/924
f 1650/3443/925 1708/3408/908 1633/3409/903 1649/3444/923
f 1653/3445/926 1650/3446/925 1649/3441/923 1651/3440/68
f 1652/3447/924 1649/3448/923 1633/3400/903 1629/3397/900
f 1652/3442/924 1619/3449/894 1621/3430/893 1643/3429/919
f 1629/3397/900 1620/3396/895 1619/3450/894 1652/3447/924
f 1655/3451/927 1653/3445/926 1651/3440/68 1654/3452/6
f 1654/3452/6 1651/3440/68 1648/3435/68 1656/3453/6
f 1655/3451/927 1654/3452/6 1657/3454/67 1658/3455/928
f 1654/3452/6 1656/3453/6 1660/3456/67 1657/3454/67
f 1658/3455/928 1657/3454/67 1659/3457/929 1690/3458/930
f 1657/3454/67 1660/3456/67 1662/3459/931 1659/3457/929
f 1660/3456/67 1661/3460/67 1663/3461/932 1662/3459/931
f 1656/3453/6 1839/3462/6 1661/3460/67 1660/3456/67
f 1667/3463/933 1664/3464/934 1662/3459/931 1663/3461/932
f 1664/3464/934 1665/3465/935 1659/3457/929 1662/3459/931
f 1665/3465/935 1664/3464/934 1666/3466/936 1954/3467/937
f 1664/3464/934 1667/3463/933 1668/3468/938 1666/3466/936
f 1667/3469/933 1669/3470/939 1670/3471/940 1668/3472/938
f 1669/3473/939 1667/3474/933 1663/3475/932 1672/3476/941
f 1669/3470/939 1671/3477/942 1955/3478/424 1670/3471/940
f 1671/3479/942 1669/3473/939 1672/3476/941 1674/3480/943
f 1663/3475/932 1835/3481/944 1673/3482/945 1672/3476/941
f 1672/3476/941 1673/3482/945 1675/3483/946 1674/3480/943
f 1674/3480/943 1675/3483/946 1764/3484/947 1676/3485/948
f 1677/3486/949 1674/3480/943 1676/3485/948 1678/3487/950
f 1680/3488/951 1671/3489/942 1674/3490/943 1677/3491/949
f 1679/3492/952 1677/3486/949 1678/3487/950 1744/3493/953
f 1682/3494/954 1680/3488/951 1677/3491/949 1679/3495/952
f 1671/3489/942 1680/3488/951 1681/3496/425 1955/3497/424
f 1680/3488/951 1682/3494/954 1683/3498/426 1681/3496/425
f 1682/3499/954 1684/3500/955 1685/3501/956 1683/3502/426
f 1684/3503/955 1682/3504/954 1679/3492/952 1686/3505/957
f 1665/3506/935 1684/3503/955 1686/3505/957 1659/3507/929
f 1684/3500/955 1665/3508/935 1954/3509/937 1685/3501/956
f 1690/3510/930 1659/3507/929 1686/3505/957 1687/3511/958
f 1687/3511/958 1686/3505/957 1679/3492/952 1689/3512/959
f 1691/3513/960 1690/3514/930 1687/3515/958 1688/3516/961
f 1688/3516/961 1687/3515/958 1689/3517/959 1739/3518/962
f 1692/3519/963 1658/3520/928 1690/3514/930 1691/3513/960
f 1696/3521/964 1692/3522/963 1691/3523/960 1693/3524/965
f 1693/3525/965 1691/3526/960 1688/3527/961 1695/3528/966
f 1697/3529/967 1696/3530/964 1693/3531/965 1694/3532/968
f 1694/3533/968 1693/3525/965 1695/3528/966 1734/3534/969
f 1700/3535/970 1698/3536/971 1696/3521/964 1697/3537/967
f 1698/3536/971 1701/3538/972 1692/3522/963 1696/3521/964
f 1698/3536/971 1699/3539/973 1702/3540/974 1701/3538/972
f 1700/3541/970 1723/3542/975 1699/3543/973 1698/3544/971
f 1701/3545/972 1702/3546/974 1653/3547/926 1655/3548/927
f 1701/3545/972 1655/3548/927 1658/3520/928 1692/3519/963
f 1702/3546/974 1703/3549/976 1650/3550/925 1653/3547/926
f 1699/3539/973 1704/3551/977 1703/3552/976 1702/3540/974
f 1704/3553/977 1707/3554/978 1705/3555/979 1703/3556/976
f 1703/3549/976 1705/3557/979 1708/3558/908 1650/3550/925
f 1705/3557/979 1706/3559/980 1632/3560/906 1708/3558/908
f 1707/3554/978 1710/3561/981 1706/3562/980 1705/3555/979
f 1709/3563/982 1712/3564/983 1710/3565/981 1707/3566/978
f 1722/3567/984 1709/3563/982 1707/3566/978 1704/3568/977
f 1710/3561/981 1711/3569/985 1883/3570/986 1706/3562/980
f 1712/3564/983 1713/3571/987 1711/3572/985 1710/3565/981
f 1714/3573/988 1715/3574/989 1713/3575/987 1712/3576/983
f 1717/3577/990 1714/3573/988 1712/3576/983 1709/3578/982
f 1716/3579/991 1915/3580/992 1715/3581/989 1714/3582/988
f 1718/3583/993 1716/3579/991 1714/3582/988 1717/3584/990
f 1720/3585/994 1718/3583/993 1717/3584/990 1719/3586/995
f 1719/3587/995 1717/3577/990 1709/3578/982 1722/3588/984
f 1724/3589/996 1720/3585/994 1719/3586/995 1721/3590/997
f 1721/3591/997 1719/3592/995 1722/3593/984 1723/3594/975
f 1723/3542/975 1722/3567/984 1704/3568/977 1699/3543/973
f 1725/3595/998 1721/3591/997 1723/3594/975 1700/3535/970
f 1726/3596/999 1724/3589/996 1721/3590/997 1725/3597/998
f 1726/3596/999 1725/3597/998 1727/3598/1000 1728/3599/1001
f 1725/3595/998 1700/3535/970 1697/3537/967 1727/3600/1000
f 1728/3599/1001 1727/3598/1000 1729/3601/1002 1730/3602/1003
f 1727/3600/1000 1697/3537/967 1694/3603/968 1729/3604/1002
f 1730/3602/1003 1729/3601/1002 1731/3605/1004 1732/3606/1005
f 1729/3607/1002 1694/3533/968 1734/3534/969 1731/3608/1004
f 1732/3606/1005 1731/3605/1004 1733/3609/1006 1890/3610/1007
f 1731/3608/1004 1734/3534/969 1735/3611/1008 1733/3612/1006
f 1734/3534/969 1695/3528/966 1737/3613/1009 1735/3611/1008
f 1733/3612/1006 1735/3611/1008 1736/3614/1010 1888/3615/1011
f 1735/3616/1008 1737/3617/1009 1738/3618/1012 1736/3619/1010
f 1737/3613/1009 1739/3620/962 1740/3621/1013 1738/3622/1012
f 1695/3528/966 1688/3527/961 1739/3620/962 1737/3613/1009
f 1739/3518/962 1689/3517/959 1742/3623/1014 1740/3624/1013
f 1738/3625/1012 1740/3626/1013 1741/3627/1015 1884/3628/1016
f 1740/3624/1013 1742/3623/1014 1743/3629/1017 1741/3630/1015
f 1689/3512/959 1679/3492/952 1744/3493/953 1742/3631/1014
f 1742/3632/1014 1744/3633/953 1745/3634/1018 1743/3635/1017
f 1744/3636/953 1746/3637/1019 1749/3638/1020 1745/3639/1018
f 1678/3487/950 1748/3640/1021 1746/3641/1019 1744/3493/953
f 1746/3637/1019 1747/3642/1022 1750/3643/1023 1749/3638/1020
f 1748/3640/1021 1881/3644/1024 1747/3645/1022 1746/3641/1019
f 1749/3638/1020 1750/3643/1023 1752/3646/1025 1751/3647/1026
f 1745/3639/1018 1749/3638/1020 1751/3647/1026 1631/3648/904
f 1751/3649/1026 1752/3650/1025 1754/3651/1027 1753/3652/1028
f 1631/3403/904 1751/3649/1026 1753/3652/1028 1635/3404/905
f 1753/3652/1028 1754/3651/1027 1756/3653/1029 1755/3654/1030
f 1635/3404/905 1753/3652/1028 1755/3654/1030 1637/3410/909
f 1755/3655/1030 1756/3656/1029 1758/3657/1031 1757/3658/1032
f 1637/3659/909 1755/3655/1030 1757/3658/1032 1760/3660/1033
f 1757/3658/1032 1758/3657/1031 1879/3661/1034 1759/3662/1035
f 1760/3660/1033 1757/3658/1032 1759/3662/1035 1676/3663/948
f 1637/3664/909 1760/3665/1033 1761/3666/1036 1762/3667/912
f 1676/3668/948 1764/3669/947 1761/3666/1036 1760/3665/1033
f 1762/3667/912 1761/3666/1036 1763/3670/1037 1874/3671/1038
f 1764/3669/947 1765/3672/1039 1763/3670/1037 1761/3666/1036
f 1675/3483/946 1766/3673/1040 1765/3674/1039 1764/3484/947
f 1765/3672/1039 1767/3675/1041 1768/3676/1042 1763/3670/1037
f 1766/3673/1040 1769/3677/1043 1767/3678/1041 1765/3674/1039
f 1767/3675/1041 1770/3679/1044 1771/3680/1045 1768/3676/1042
f 1769/3677/1043 1772/3681/1046 1770/3682/1044 1767/3678/1041
f 1770/3679/1044 1773/3683/1047 1774/3684/1048 1771/3680/1045
f 1772/3681/1046 1775/3685/1049 1773/3686/1047 1770/3682/1044
f 1773/3683/1047 1776/3687/1050 1777/3688/1051 1774/3684/1048
f 1775/3689/1049 1778/3690/1052 1776/3691/1050 1773/3692/1047
f 1776/3687/1050 1779/3693/1053 1780/3694/1054 1777/3688/1051
f 1778/3695/1052 1781/3696/1055 1779/3697/1053 1776/3698/1050
f 1779/3693/1053 1782/3699/1056 1783/3700/1057 1780/3694/1054
f 1781/3701/1055 1784/3702/1058 1782/3699/1056 1779/3693/1053
f 1782/3699/1056 1785/3703/1059 1786/3704/1060 1783/3700/1057
f 1784/3705/1058 1787/3706/1061 1785/3707/1059 1782/3708/1056
f 1785/3709/1059 1788/3710/1062 1789/3711/1063 1786/3712/1060
f 1787/3713/1061 1790/3714/1064 1788/3710/1062 1785/3709/1059
f 1791/3715/1065 1789/3711/1063 1788/3710/1062
f 1791/3715/1065 1788/3710/1062 1790/3714/1064
f 1791/3715/1065 1793/3716/1066 1792/3717/1067
f 1791/3715/1065 1792/3717/1067 1789/3711/1063
f 1791/3715/1065 1794/3718/1068 1793/3716/1066
f 1791/3715/1065 1795/3719/1069 1794/3718/1068
f 1791/3715/1065 1796/3720/1070 1795/3719/1069
f 1791/3715/1065 1797/3721/1071 1796/3720/1070
f 1791/3715/1065 1800/3722/1072 1797/3721/1071
f 1791/3715/1065 1790/3714/1064 1798/3723/1073
f 1791/3715/1065 1798/3723/1073 1799/3724/1074
f 1791/3715/1065 1799/3724/1074 1800/3722/1072
f 1802/3725/1075 1797/3721/1071 1800/3722/1072 1801/3726/1076
f 1801/3726/1076 1800/3722/1072 1799/3724/1074 1804/3727/1077
f 1877/3728/1078 1802/3729/1075 1801/3730/1076 1803/3731/1079
f 1803/3731/1079 1801/3730/1076 1804/3732/1077 1805/3733/1080
f 1805/3734/1080 1804/3735/1077 1806/3736/1081 1807/3737/1082
f 1804/3727/1077 1799/3724/1074 1798/3723/1073 1806/3738/1081
f 1807/3737/1082 1806/3736/1081 1787/3706/1061 1784/3705/1058
f 1806/3738/1081 1798/3723/1073 1790/3714/1064 1787/3713/1061
f 1810/3739/1083 1805/3740/1080 1807/3741/1082 1808/3742/1084
f 1808/3742/1084 1807/3741/1082 1784/3743/1058 1781/3744/1055
f 1811/3745/1085 1810/3746/1083 1808/3747/1084 1809/3748/1086
f 1809/3748/1086 1808/3747/1084 1781/3696/1055 1778/3695/1052
f 1814/3749/1087 1812/3750/1088 1810/3751/1083 1811/3752/1085
f 1812/3753/1088 1803/3754/1079 1805/3740/1080 1810/3739/1083
f 1813/3755/1089 1877/3756/1078 1803/3754/1079 1812/3753/1088
f 1815/3757/1090 1813/3758/1089 1812/3759/1088 1814/3760/1087
f 1819/3761/1091 1815/3762/1090 1814/3763/1087 1816/3764/1092
f 1816/3765/1092 1814/3766/1087 1811/3767/1085 1818/3768/1093
f 1821/3769/1094 1819/3761/1091 1816/3764/1092 1817/3770/1095
f 1817/3770/1095 1816/3764/1092 1818/3771/1093 1831/3772/1096
f 1819/3761/1091 1820/3773/1097 1851/3774/1098 1815/3762/1090
f 1821/3769/1094 1822/3775/1099 1820/3773/1097 1819/3761/1091
f 1823/3776/1100 1824/3777/1101 1822/3775/1099 1821/3769/1094
f 1823/3776/1100 1821/3769/1094 1817/3770/1095 1826/3778/1102
f 1825/3779/1103 1840/3780/1104 1824/3777/1101 1823/3776/1100
f 1825/3779/1103 1823/3776/1100 1826/3778/1102 1827/3781/1105
f 1827/3781/1105 1826/3778/1102 1828/3782/1106 1829/3783/1107
f 1826/3778/1102 1817/3770/1095 1831/3772/1096 1828/3782/1106
f 1829/3784/1107 1828/3785/1106 1830/3786/1108 1834/3787/1109
f 1828/3785/1106 1831/3788/1096 1832/3789/1110 1830/3786/1108
f 1831/3788/1096 1818/3790/1093 1833/3791/1111 1832/3789/1110
f 1830/3786/1108 1832/3789/1110 1772/3681/1046 1769/3677/1043
f 1832/3789/1110 1833/3791/1111 1775/3685/1049 1772/3681/1046
f 1833/3791/1111 1809/3748/1086 1778/3695/1052 1775/3685/1049
f 1818/3790/1093 1811/3745/1085 1809/3748/1086 1833/3791/1111
f 1834/3787/1109 1830/3786/1108 1769/3677/1043 1766/3673/1040
f 1835/3481/944 1829/3784/1107 1834/3787/1109 1673/3482/945
f 1673/3482/945 1834/3787/1109 1766/3673/1040 1675/3483/946
f 1836/3792/1112 1827/3781/1105 1829/3783/1107 1835/3793/944
f 1661/3460/67 1836/3792/1112 1835/3793/944 1663/3461/932
f 1839/3462/6 1837/3794/1113 1836/3792/1112 1661/3460/67
f 1837/3794/1113 1825/3779/1103 1827/3781/1105 1836/3792/1112
f 1837/3794/1113 1838/3438/922 1840/3780/1104 1825/3779/1103
f 1839/3462/6 1645/3436/68 1838/3438/922 1837/3794/1113
f 1656/3453/6 1648/3435/68 1645/3436/68 1839/3462/6
f 1838/3438/922 1646/3437/921 1841/3795/1114 1840/3780/1104
f 1840/3780/1104 1841/3795/1114 1843/3796/1115 1824/3777/1101
f 1646/3439/921 1878/3417/915 1842/3797/1116 1841/3798/1114
f 1841/3798/1114 1842/3797/1116 1844/3799/1117 1843/3800/1115
f 1824/3777/1101 1843/3796/1115 1845/3801/1118 1822/3775/1099
f 1843/3800/1115 1844/3799/1117 1846/3802/1119 1845/3803/1118
f 1822/3775/1099 1845/3801/1118 1847/3804/1120 1820/3773/1097
f 1845/3803/1118 1846/3802/1119 1848/3805/1121 1847/3806/1120
f 1820/3807/1097 1847/3808/1120 1849/3809/1122 1851/3810/1098
f 1847/3806/1120 1848/3805/1121 1850/3811/1123 1849/3812/1122
f 1849/3812/1122 1850/3811/1123 1853/3813/1124 1852/3814/1125
f 1851/3815/1098 1849/3816/1122 1852/3817/1125 1854/3818/1126
f 1852/3819/1125 1853/3820/1124 1857/3821/1127 1855/3822/1128
f 1854/3823/1126 1852/3819/1125 1855/3822/1128 1856/3824/1129
f 1856/3825/1129 1855/3826/1128 1858/3827/1130 1860/3828/1131
f 1855/3829/1128 1857/3830/1127 1859/3831/1132 1858/3832/1130
f 1858/3833/1130 1859/3834/1132 1794/3718/1068 1795/3719/1069
f 1860/3835/1131 1858/3833/1130 1795/3719/1069 1796/3720/1070
f 1877/3728/1078 1856/3825/1129 1860/3828/1131 1802/3729/1075
f 1802/3725/1075 1860/3835/1131 1796/3720/1070 1797/3721/1071
f 1859/3834/1132 1861/3836/1133 1793/3716/1066 1794/3718/1068
f 1857/3830/1127 1862/3837/1134 1861/3838/1133 1859/3831/1132
f 1862/3837/1134 1864/3839/1135 1863/3840/1136 1861/3838/1133
f 1861/3836/1133 1863/3841/1136 1792/3717/1067 1793/3716/1066
f 1863/3841/1136 1786/3712/1060 1789/3711/1063 1792/3717/1067
f 1864/3842/1135 1783/3700/1057 1786/3704/1060 1863/3843/1136
f 1865/3844/1137 1780/3694/1054 1783/3700/1057 1864/3842/1135
f 1867/3845/1138 1865/3844/1137 1864/3842/1135 1862/3846/1134
f 1866/3847/1139 1777/3688/1051 1780/3694/1054 1865/3844/1137
f 1868/3848/1140 1866/3849/1139 1865/3850/1137 1867/3851/1138
f 1850/3811/1123 1868/3848/1140 1867/3851/1138 1853/3813/1124
f 1853/3820/1124 1867/3852/1138 1862/3853/1134 1857/3821/1127
f 1869/2244/1141 1871/3854/1142 1866/3855/1139 1868/3856/1140
f 1848/3805/1121 1869/3857/1141 1868/3848/1140 1850/3811/1123
f 1870/3858/1143 1872/3859/1144 1871/3860/1142 1869/3857/1141
f 1846/3802/1119 1870/3858/1143 1869/3857/1141 1848/3805/1121
f 1871/3861/1142 1774/3684/1048 1777/3688/1051 1866/3847/1139
f 1872/3862/1144 1771/3680/1045 1774/3684/1048 1871/3861/1142
f 1873/3863/1145 1768/3676/1042 1771/3680/1045 1872/3862/1144
f 1875/3864/1146 1873/3865/1145 1872/3859/1144 1870/3858/1143
f 1874/3671/1038 1763/3670/1037 1768/3676/1042 1873/3863/1145
f 1876/3866/1147 1874/3867/1038 1873/3865/1145 1875/3864/1146
f 1842/3797/1116 1876/3866/1147 1875/3864/1146 1844/3799/1117
f 1844/3799/1117 1875/3864/1146 1870/3858/1143 1846/3802/1119
f 1638/3415/913 1762/3414/912 1874/3867/1038 1876/3866/1147
f 1878/3417/915 1638/3415/913 1876/3866/1147 1842/3797/1116
f 1813/3755/1089 1854/3823/1126 1856/3824/1129 1877/3756/1078
f 1815/3757/1090 1851/3868/1098 1854/3869/1126 1813/3758/1089
f 1759/3870/1035 1879/3871/1034 1881/3644/1024 1748/3640/1021
f 1676/3485/948 1759/3870/1035 1748/3640/1021 1678/3487/950
f 1880/3872/72 1881/3873/1024 1879/3874/1034
f 1880/3872/72 1879/3874/1034 1758/3875/1031
f 1880/3872/72 1747/3876/1022 1881/3873/1024
f 1880/3872/72 1756/3877/1029 1754/3878/1027
f 1880/3872/72 1754/3878/1027 1752/3879/1025
f 1880/3872/72 1752/3879/1025 1750/3880/1023
f 1880/3872/72 1750/3880/1023 1747/3876/1022
f 1880/3872/72 1758/3875/1031 1756/3877/1029
f 1882/3881/907 1743/3635/1017 1745/3634/1018 1631/3882/904
f 1883/3883/986 1741/3630/1015 1743/3629/1017 1882/3884/907
f 1706/3559/980 1883/3883/986 1882/3884/907 1632/3560/906
f 1711/3885/985 1884/3628/1016 1741/3627/1015 1883/3886/986
f 1736/3887/1010 1738/3625/1012 1884/3628/1016 1885/3888/1148
f 1713/3571/987 1885/3889/1148 1884/3890/1016 1711/3572/985
f 1888/3891/1011 1736/3887/1010 1885/3888/1148 1886/3892/1149
f 1715/3893/989 1886/3892/1149 1885/3888/1148 1713/3894/987
f 1889/3895/1150 1888/3896/1011 1886/3897/1149 1887/3898/1151
f 1915/3580/992 1887/3898/1151 1886/3897/1149 1715/3581/989
f 1890/3610/1007 1733/3609/1006 1888/3896/1011 1889/3895/1150
f 1894/3899/1152 1890/3900/1007 1889/3901/1150 1891/3902/1153
f 1891/3903/1153 1889/3904/1150 1887/3905/1151 1893/3906/1154
f 1895/3907/1155 1894/3908/1152 1891/3909/1153 1892/3910/1156
f 1892/3910/1156 1891/3909/1153 1893/3911/1154 1910/3912/1157
f 1898/3913/1158 1896/3914/1159 1894/3908/1152 1895/3907/1155
f 1896/3915/1159 1732/3916/1005 1890/3900/1007 1894/3899/1152
f 1897/3917/1160 1730/3918/1003 1732/3916/1005 1896/3915/1159
f 1899/3919/1161 1897/3920/1160 1896/3914/1159 1898/3913/1158
f 1901/3921/1162 1899/3922/1161 1898/3923/1158 1900/3924/1163
f 1900/3924/1163 1898/3923/1158 1895/3925/1155 1903/3926/1164
f 1931/3927/1165 1901/3928/1162 1900/3929/1163 1902/3930/1166
f 1902/3930/1166 1900/3929/1163 1903/3931/1164 1904/3932/1167
f 1904/3932/1167 1903/3931/1164 1905/3933/1168 1906/3934/1169
f 1903/3926/1164 1895/3925/1155 1892/3935/1156 1905/3936/1168
f 1906/3934/1169 1905/3933/1168 1907/3937/1170 1908/3938/1171
f 1905/3939/1168 1892/3940/1156 1910/3941/1157 1907/3942/1170
f 1939/3943/1172 1908/3938/1171 1907/3937/1170 1909/3944/1173
f 1909/3945/1173 1907/3942/1170 1910/3941/1157 1911/3946/1174
f 1911/3947/1174 1910/3912/1157 1893/3911/1154 1913/3948/1175
f 1952/3949/1176 1909/3950/1173 1911/3951/1174 1912/3952/1177
f 1912/3953/1177 1911/3947/1174 1913/3948/1175 1914/3954/1178
f 1913/3955/1175 1893/3906/1154 1887/3905/1151 1915/3956/992
f 1914/3957/1178 1913/3958/1175 1915/3959/992 1716/3960/991
f 1917/3961/1179 1912/3953/1177 1914/3954/1178 1916/3962/1180
f 1916/3963/1180 1914/3957/1178 1716/3960/991 1718/3964/993
f 1919/3965/1181 1917/3961/1179 1916/3962/1180 1918/3966/1182
f 1918/3967/1182 1916/3963/1180 1718/3964/993 1720/3968/994
f 1921/3969/1183 1919/3965/1181 1918/3966/1182 1920/3970/1184
f 1920/3971/1184 1918/3972/1182 1720/3973/994 1724/3974/996
f 1923/3975/1185 1921/3969/1183 1920/3970/1184 1922/3976/1186
f 1922/3977/1186 1920/3971/1184 1724/3974/996 1726/3978/999
f 1923/3975/1185 1922/3976/1186 1924/3979/1187 1925/3980/1188
f 1922/3977/1186 1726/3978/999 1728/3981/1001 1924/3982/1187
f 1925/3980/1188 1924/3979/1187 1897/3920/1160 1899/3919/1161
f 1924/3982/1187 1728/3981/1001 1730/3983/1003 1897/2864/1160
f 1927/3984/1189 1923/3985/1185 1925/3986/1188 1926/3987/1190
f 1926/3987/1190 1925/3986/1188 1899/3988/1161 1901/3989/1162
f 1929/3990/1191 1927/3991/1189 1926/3992/1190 1928/3993/1192
f 1928/3993/1192 1926/3992/1190 1901/3928/1162 1931/3927/1165
f 1930/3994/1193 1948/3995/1194 1929/3996/1191 1928/3997/1192
f 1932/3998/686 1930/3994/1193 1928/3997/1192 1931/3999/1165
f 1934/4000/684 1932/4001/686 1931/4002/1165 1902/4003/1166
f 1933/4004/103 1930/4005/1193 1932/4006/686
f 1933/4004/103 1932/4006/686 1934/4007/684
f 1933/4004/103 1934/4007/684 1935/4008/680
f 1935/4009/680 1934/4000/684 1902/4003/1166 1904/4010/1167
f 1933/4004/103 1935/4008/680 1936/4011/671
f 1936/4012/671 1935/4009/680 1904/4010/1167 1906/4013/1169
f 1933/4004/103 1936/4011/671 1937/4014/672
f 1937/4015/672 1936/4016/671 1906/4017/1169 1908/4018/1171
f 1933/4004/103 1937/4014/672 1938/4019/673
f 1937/4015/672 1908/4018/1171 1939/4020/1172 1938/4021/673
f 1933/4004/103 1938/4019/673 1940/4022/731
f 1938/4023/673 1939/4024/1172 1941/4025/1195 1940/4026/731
f 1933/4004/103 1940/4022/731 1942/4027/732
f 1940/4026/731 1941/4025/1195 1943/4028/1196 1942/4029/732
f 1933/4004/103 1942/4027/732 1944/4030/722
f 1942/4029/732 1943/4028/1196 1945/4031/1197 1944/4032/722
f 1933/4004/103 1944/4030/722 1946/4033/1198
f 1944/4034/722 1945/4035/1197 1947/4036/1199 1946/4037/1198
f 1933/4004/103 1946/4033/1198 1948/4038/1194
f 1946/4037/1198 1947/4036/1199 1929/3996/1191 1948/3995/1194
f 1933/4004/103 1948/4038/1194 1930/4005/1193
f 1929/3990/1191 1947/4039/1199 1949/4040/1200 1927/3991/1189
f 1947/4039/1199 1945/4041/1197 1950/4042/1201 1949/4040/1200
f 1927/3984/1189 1949/4043/1200 1921/4044/1183 1923/3985/1185
f 1949/4043/1200 1950/4045/1201 1919/4046/1181 1921/4044/1183
f 1950/4047/1201 1951/4048/1202 1917/4049/1179 1919/4050/1181
f 1945/4041/1197 1943/4051/1196 1951/4052/1202 1950/4042/1201
f 1943/4051/1196 1941/4053/1195 1952/4054/1176 1951/4052/1202
f 1951/4048/1202 1952/3949/1176 1912/3952/1177 1917/4049/1179
f 1941/4053/1195 1939/3943/1172 1909/3944/1173 1952/4054/1176
f 1953/4055/9 1683/4056/426 1685/4057/956
f 1953/4055/9 1685/4057/956 1954/4058/937
f 1953/4055/9 1954/4058/937 1666/4059/936
f 1953/4055/9 1666/4059/936 1668/4060/938
f 1953/4055/9 1668/4060/938 1670/4061/940
f 1953/4055/9 1670/4061/940 1955/4062/424
f 1953/4055/9 1955/4062/424 1681/4063/425
f 1953/4055/9 1681/4063/425 1683/4056/426
